Copyright 1986-2022 Xilinx, Inc. All Rights Reserved. Copyright 2022-2025 Advanced Micro Devices, Inc. All Rights Reserved.
--------------------------------------------------------------------------------------------------------------------------------------------------------------------
| Tool Version : Vivado v.2025.2 (win64) Build 6299465 Fri Nov 14 19:35:11 GMT 2025
| Date         : Sat Aug  8 17:30:22 2026
| Host         : DESKTOP-608D0QK running 64-bit major release  (build 9200)
| Command      : report_utilization -hierarchical -file R:/source/vivado/output/FPGAtten_2025_2_235MHz_core_300MHz_remote_validation/reports/report_utilization.rpt
| Design       : gqav7_z19p_system_wrapper
| Device       : xczu19eg-ffvc1760-2-i
| Speed File   : -2
| Design State : Routed
--------------------------------------------------------------------------------------------------------------------------------------------------------------------

Utilization Design Information

Table of Contents
-----------------
1. Utilization by Hierarchy

1. Utilization by Hierarchy
---------------------------

+---------------------------------------------------------------------------+--------------------------------------------------------------------------------------------------+------------+------------+---------+------+--------+--------+--------+------+------------+
|                                  Instance                                 |                                              Module                                              | Total LUTs | Logic LUTs | LUTRAMs | SRLs |   FFs  | RAMB36 | RAMB18 | URAM | DSP Blocks |
+---------------------------------------------------------------------------+--------------------------------------------------------------------------------------------------+------------+------------+---------+------+--------+--------+--------+------+------------+
| gqav7_z19p_system_wrapper                                                 |                                                                                            (top) |     173859 |     158462 |   14450 |  947 | 172624 |    140 |     87 |    0 |        249 |
|   dbg_hub                                                                 |                                                                                          dbg_hub |        428 |        408 |      20 |    0 |    741 |      0 |      0 |    0 |          0 |
|     inst                                                                  |                                                                       dbg_hub_xsdbm_v3_0_5_xsdbm |        428 |        408 |      20 |    0 |    741 |      0 |      0 |    0 |          0 |
|       BSCANID.u_xsdbm_id                                                  |                                                                    dbg_hub_xsdbm_v3_0_5_xsdbm_id |        428 |        408 |      20 |    0 |    741 |      0 |      0 |    0 |          0 |
|         SWITCH_N_EXT_BSCAN.bscan_switch                                   |                                                                dbg_hub_xsdbm_v3_0_5_bscan_switch |        121 |        121 |       0 |    0 |    125 |      0 |      0 |    0 |          0 |
|         CORE_XSDB.UUT_MASTER                                              |                                                                   dbg_hub_xsdbm_v3_0_5_icon2xsdb |        258 |        238 |      20 |    0 |    554 |      0 |      0 |    0 |          0 |
|           U_ICON_INTERFACE                                                |                                                                          dbg_hub_xsdbm_v3_0_5_if |        154 |        134 |      20 |    0 |    450 |      0 |      0 |    0 |          0 |
|             U_CMD6_WR                                                     |                                                                       dbg_hub_xsdbm_v3_0_5_wrreg |         41 |         31 |      10 |    0 |    110 |      0 |      0 |    0 |          0 |
|               U_WR_FIFO                                                   |                                                                      dbg_hub_xsdbm_v3_0_5_wrfifo |         39 |         29 |      10 |    0 |     90 |      0 |      0 |    0 |          0 |
|                 SUBCORE_FIFO.xsdbm_v3_0_5_wrfifo_inst                     |                                                                   dbg_hub_fifo_generator_v13_1_5 |         38 |         28 |      10 |    0 |     90 |      0 |      0 |    0 |          0 |
|                   inst_fifo_gen                                           |                                                             dbg_hub_fifo_generator_v13_1_5_synth |         38 |         28 |      10 |    0 |     90 |      0 |      0 |    0 |          0 |
|                     gconvfifo.rf                                          |                                                                       dbg_hub_fifo_generator_top |         38 |         28 |      10 |    0 |     90 |      0 |      0 |    0 |          0 |
|                       grf.rf                                              |                                                                   dbg_hub_fifo_generator_ramfifo |         38 |         28 |      10 |    0 |     90 |      0 |      0 |    0 |          0 |
|             U_CMD4                                                        |                                                     dbg_hub_xsdbm_v3_0_5_ctl_reg__parameterized0 |         11 |         11 |       0 |    0 |     62 |      0 |      0 |    0 |          0 |
|             U_CMD6_RD                                                     |                                                                       dbg_hub_xsdbm_v3_0_5_rdreg |         60 |         50 |      10 |    0 |    134 |      0 |      0 |    0 |          0 |
|               U_RD_FIFO                                                   |                                                                      dbg_hub_xsdbm_v3_0_5_rdfifo |         58 |         48 |      10 |    0 |    114 |      0 |      0 |    0 |          0 |
|                 SUBCORE_FIFO.xsdbm_v3_0_5_rdfifo_inst                     |                                                   dbg_hub_fifo_generator_v13_1_5__parameterized0 |         40 |         30 |      10 |    0 |    114 |      0 |      0 |    0 |          0 |
|                   inst_fifo_gen                                           |                                             dbg_hub_fifo_generator_v13_1_5_synth__parameterized0 |         40 |         30 |      10 |    0 |    114 |      0 |      0 |    0 |          0 |
|                     gconvfifo.rf                                          |                                                       dbg_hub_fifo_generator_top__parameterized0 |         40 |         30 |      10 |    0 |    114 |      0 |      0 |    0 |          0 |
|                       grf.rf                                              |                                                   dbg_hub_fifo_generator_ramfifo__parameterized0 |         40 |         30 |      10 |    0 |    114 |      0 |      0 |    0 |          0 |
|           U_XSDB_BUS_CONTROLLER                                           |                                                                     dbg_hub_xsdbm_v3_0_5_bus_ctl |         66 |         66 |       0 |    0 |     48 |      0 |      0 |    0 |          0 |
|   gqav7_z19p_system_i                                                     |                                                                                gqav7_z19p_system |     173431 |     158054 |   14430 |  947 | 171883 |    140 |     87 |    0 |        249 |
|     pl_ddr4_0                                                             |                                                                    gqav7_z19p_system_pl_ddr4_0_0 |      14768 |      12667 |    1528 |  573 |  20789 |     25 |      1 |    0 |          3 |
|       inst                                                                |                                          gqav7_z19p_system_pl_ddr4_0_0_gqav5_pl_ddr4_axi_wrapper |      14768 |      12667 |    1528 |  573 |  20789 |     25 |      1 |    0 |          3 |
|         u_ddr_clock_converter                                             |                                                                              ddr_clock_converter |        914 |        202 |     712 |    0 |   2872 |      0 |      0 |    0 |          0 |
|           inst                                                            |                              ddr_clock_converter_axi_clock_converter_v2_1_35_axi_clock_converter |        914 |        202 |     712 |    0 |   2872 |      0 |      0 |    0 |          0 |
|             gen_clock_conv.gen_async_conv.asyncfifo_axi                   |                                                      ddr_clock_converter_fifo_generator_v13_2_14 |        913 |        201 |     712 |    0 |   2872 |      0 |      0 |    0 |          0 |
|               inst_fifo_gen                                               |                                                ddr_clock_converter_fifo_generator_v13_2_14_synth |        913 |        201 |     712 |    0 |   2872 |      0 |      0 |    0 |          0 |
|                 gaxi_full_lite.gread_ch.grach2.axi_rach                   |                                                           ddr_clock_converter_fifo_generator_top |         81 |         41 |      40 |    0 |    210 |      0 |      0 |    0 |          0 |
|                   grf.rf                                                  |                                                    ddr_clock_converter_fifo_generator_ramfifo_28 |         81 |         41 |      40 |    0 |    210 |      0 |      0 |    0 |          0 |
|                     gntv_or_sync_fifo.mem                                 |                                                                    ddr_clock_converter_memory_32 |         40 |          0 |      40 |    0 |    122 |      0 |      0 |    0 |          0 |
|                       (gntv_or_sync_fifo.mem)                             |                                                                    ddr_clock_converter_memory_32 |          0 |          0 |       0 |    0 |     61 |      0 |      0 |    0 |          0 |
|                       gdm.dm_gen.dm                                       |                                                                      ddr_clock_converter_dmem_34 |         40 |          0 |      40 |    0 |     61 |      0 |      0 |    0 |          0 |
|                 gaxi_full_lite.gread_ch.grdch2.axi_rdch                   |                                           ddr_clock_converter_fifo_generator_top__parameterized2 |        337 |         41 |     296 |    0 |   1118 |      0 |      0 |    0 |          0 |
|                   grf.rf                                                  |                                       ddr_clock_converter_fifo_generator_ramfifo__parameterized2 |        337 |         41 |     296 |    0 |   1118 |      0 |      0 |    0 |          0 |
|                     gntv_or_sync_fifo.mem                                 |                                                       ddr_clock_converter_memory__parameterized2 |        296 |          0 |     296 |    0 |   1030 |      0 |      0 |    0 |          0 |
|                       (gntv_or_sync_fifo.mem)                             |                                                       ddr_clock_converter_memory__parameterized2 |          0 |          0 |       0 |    0 |    515 |      0 |      0 |    0 |          0 |
|                       gdm.dm_gen.dm                                       |                                                         ddr_clock_converter_dmem__parameterized2 |        296 |          0 |     296 |    0 |    515 |      0 |      0 |    0 |          0 |
|                 gaxi_full_lite.gwrite_ch.gwach2.axi_wach                  |                                                         ddr_clock_converter_fifo_generator_top_0 |         80 |         40 |      40 |    0 |    210 |      0 |      0 |    0 |          0 |
|                   grf.rf                                                  |                                                       ddr_clock_converter_fifo_generator_ramfifo |         80 |         40 |      40 |    0 |    210 |      0 |      0 |    0 |          0 |
|                     gntv_or_sync_fifo.mem                                 |                                                                       ddr_clock_converter_memory |         40 |          0 |      40 |    0 |    122 |      0 |      0 |    0 |          0 |
|                       (gntv_or_sync_fifo.mem)                             |                                                                       ddr_clock_converter_memory |          0 |          0 |       0 |    0 |     61 |      0 |      0 |    0 |          0 |
|                       gdm.dm_gen.dm                                       |                                                                         ddr_clock_converter_dmem |         40 |          0 |      40 |    0 |     61 |      0 |      0 |    0 |          0 |
|                 gaxi_full_lite.gwrite_ch.gwdch2.axi_wdch                  |                                           ddr_clock_converter_fifo_generator_top__parameterized0 |        372 |         40 |     332 |    0 |   1242 |      0 |      0 |    0 |          0 |
|                   grf.rf                                                  |                                       ddr_clock_converter_fifo_generator_ramfifo__parameterized0 |        372 |         40 |     332 |    0 |   1242 |      0 |      0 |    0 |          0 |
|                     gntv_or_sync_fifo.mem                                 |                                                       ddr_clock_converter_memory__parameterized0 |        332 |          0 |     332 |    0 |   1154 |      0 |      0 |    0 |          0 |
|                       (gntv_or_sync_fifo.mem)                             |                                                       ddr_clock_converter_memory__parameterized0 |          0 |          0 |       0 |    0 |    577 |      0 |      0 |    0 |          0 |
|                       gdm.dm_gen.dm                                       |                                                         ddr_clock_converter_dmem__parameterized0 |        332 |          0 |     332 |    0 |    577 |      0 |      0 |    0 |          0 |
|                 gaxi_full_lite.gwrite_ch.gwrch2.axi_wrch                  |                                           ddr_clock_converter_fifo_generator_top__parameterized1 |         43 |         39 |       4 |    0 |     92 |      0 |      0 |    0 |          0 |
|                   grf.rf                                                  |                                       ddr_clock_converter_fifo_generator_ramfifo__parameterized1 |         43 |         39 |       4 |    0 |     92 |      0 |      0 |    0 |          0 |
|         u_ddr4_controller                                                 |                                                                                  ddr4_controller |      13851 |      12462 |     816 |  573 |  17914 |     25 |      1 |    0 |          3 |
|           inst                                                            |                                                                             ddr4_controller_ddr4 |      13851 |      12462 |     816 |  573 |  17914 |     25 |      1 |    0 |          3 |
|             u_ddr_axi                                                     |                                                                 ddr4_controller_ddr4_v2_2_28_axi |       1445 |        924 |       0 |  521 |   1410 |      0 |      0 |    0 |          0 |
|               axi_w_channel_0                                             |                                                       ddr4_controller_ddr4_v2_2_28_axi_w_channel |        581 |        581 |       0 |    0 |   1164 |      0 |      0 |    0 |          0 |
|               axi_ar_channel_0                                            |                                                      ddr4_controller_ddr4_v2_2_28_axi_ar_channel |        134 |        134 |       0 |    0 |     91 |      0 |      0 |    0 |          0 |
|                 ar_cmd_fsm_0                                              |                                                         ddr4_controller_ddr4_v2_2_28_axi_cmd_fsm |         85 |         85 |       0 |    0 |      1 |      0 |      0 |    0 |          0 |
|               axi_aw_channel_0                                            |                                                      ddr4_controller_ddr4_v2_2_28_axi_aw_channel |        139 |        139 |       0 |    0 |     89 |      0 |      0 |    0 |          0 |
|                 axi_mc_cmd_translator_0                                   |                                                  ddr4_controller_ddr4_v2_2_28_axi_cmd_translator |         50 |         50 |       0 |    0 |     43 |      0 |      0 |    0 |          0 |
|                 aw_cmd_fsm_0                                              |                                                      ddr4_controller_ddr4_v2_2_28_axi_wr_cmd_fsm |         90 |         90 |       0 |    0 |      1 |      0 |      0 |    0 |          0 |
|               axi_r_channel_0                                             |                                                       ddr4_controller_ddr4_v2_2_28_axi_r_channel |        547 |         30 |       0 |  517 |     29 |      0 |      0 |    0 |          0 |
|                 rd_data_fifo_0                                            |                                            ddr4_controller_ddr4_v2_2_28_axi_fifo__parameterized0 |        529 |         17 |       0 |  512 |     11 |      0 |      0 |    0 |          0 |
|             u_ddr4_infrastructure                                         |                                                      ddr4_controller_ddr4_v2_2_28_infrastructure |         40 |         40 |       0 |    0 |     65 |      0 |      0 |    0 |          0 |
|             u_ddr4_mem_intfc                                              |                                                                   ddr4_controller_ddr4_mem_intfc |      12367 |      11499 |     816 |   52 |  16438 |     25 |      1 |    0 |          3 |
|               u_mig_ddr4_phy                                              |                                                                              ddr4_controller_phy |        294 |        294 |       0 |    0 |    304 |      0 |      0 |    0 |          0 |
|                 inst                                                      |                                                                         ddr4_controller_phy_ddr4 |        290 |        290 |       0 |    0 |    304 |      0 |      0 |    0 |          0 |
|                   (inst)                                                  |                                                                         ddr4_controller_phy_ddr4 |        276 |        276 |       0 |    0 |    303 |      0 |      0 |    0 |          0 |
|               u_ddr_cal_riu                                               |                                                                     ddr4_controller_ddr4_cal_riu |       1334 |       1223 |      64 |   47 |   1053 |     24 |      0 |    0 |          3 |
|                 (u_ddr_cal_riu)                                           |                                                                     ddr4_controller_ddr4_cal_riu |         76 |         75 |       0 |    1 |    144 |      0 |      0 |    0 |          0 |
|                 mcs0                                                      |                                                                   ddr4_controller_microblaze_mcs |       1258 |       1148 |      64 |   46 |    909 |     24 |      0 |    0 |          3 |
|                   inst                                                    |                                                                          ddr4_controller_bd_a471 |       1258 |       1148 |      64 |   46 |    909 |     24 |      0 |    0 |          3 |
|                     iomodule_0                                            |                                                             ddr4_controller_bd_a471_iomodule_0_0 |          7 |          7 |       0 |    0 |    100 |      0 |      0 |    0 |          0 |
|                       U0                                                  |                                                                         ddr4_controller_iomodule |          7 |          7 |       0 |    0 |    100 |      0 |      0 |    0 |          0 |
|                     microblaze_I                                          |                                                           ddr4_controller_bd_a471_microblaze_I_0 |       1151 |       1046 |      64 |   41 |    743 |      0 |      0 |    0 |          3 |
|                       U0                                                  |                                                                       ddr4_controller_MicroBlaze |       1151 |       1046 |      64 |   41 |    743 |      0 |      0 |    0 |          3 |
|                         MicroBlaze_Core_I                                 |                                                                  ddr4_controller_MicroBlaze_Core |       1151 |       1046 |      64 |   41 |    743 |      0 |      0 |    0 |          3 |
|                           Performance.Core                                |                                                                   ddr4_controller_MicroBlaze_GTi |       1151 |       1046 |      64 |   41 |    736 |      0 |      0 |    0 |          3 |
|                             Decode_I                                      |                                                                       ddr4_controller_Decode_gti |        665 |        625 |       0 |   40 |    223 |      0 |      0 |    0 |          0 |
|                               (Decode_I)                                  |                                                                       ddr4_controller_Decode_gti |        145 |        145 |       0 |    0 |     93 |      0 |      0 |    0 |          0 |
|                               PC_Module_I                                 |                                                                    ddr4_controller_PC_Module_gti |         85 |         69 |       0 |   16 |     64 |      0 |      0 |    0 |          0 |
|                               PreFetch_Buffer_I1                          |                                                              ddr4_controller_PreFetch_Buffer_gti |        376 |        352 |       0 |   24 |     49 |      0 |      0 |    0 |          0 |
|                                 Instruction_Prefetch_Mux[4].Gen_Instr_DFF |                                                   ddr4_controller_microblaze_v11_0_16_MB_FDR_254 |         74 |         74 |       0 |    0 |      1 |      0 |      0 |    0 |          0 |
|                             Data_Flow_I                                   |                                                                    ddr4_controller_Data_Flow_gti |        481 |        416 |      64 |    1 |    480 |      0 |      0 |    0 |          3 |
|                               Barrel_Shifter_I                            |                                                               ddr4_controller_Barrel_Shifter_gti |         71 |         71 |       0 |    0 |    131 |      0 |      0 |    0 |          0 |
|                                 (Barrel_Shifter_I)                        |                                                               ddr4_controller_Barrel_Shifter_gti |         24 |         24 |       0 |    0 |    131 |      0 |      0 |    0 |          0 |
|                               Data_Flow_Logic_I                           |                                                                  ddr4_controller_Data_Flow_Logic |          1 |          1 |       0 |    0 |     65 |      0 |      0 |    0 |          0 |
|                               Operand_Select_I                            |                                                               ddr4_controller_Operand_Select_gti |        159 |        159 |       0 |    0 |    144 |      0 |      0 |    0 |          0 |
|                                 (Operand_Select_I)                        |                                                               ddr4_controller_Operand_Select_gti |        130 |        130 |       0 |    0 |    144 |      0 |      0 |    0 |          0 |
|                               Register_File_I                             |                                                                ddr4_controller_Register_File_gti |         64 |          0 |      64 |    0 |      0 |      0 |      0 |    0 |          0 |
|                               Using_Div_Unit.Div_unit_I1                  |                                                                     ddr4_controller_Div_unit_gti |         99 |         98 |       0 |    1 |    111 |      0 |      0 |    0 |          0 |
|                                 (Using_Div_Unit.Div_unit_I1)              |                                                                     ddr4_controller_Div_unit_gti |         65 |         64 |       0 |    1 |    111 |      0 |      0 |    0 |          0 |
|               u_ddr_cal_top                                               |                                                             ddr4_controller_ddr4_v2_2_28_cal_top |       5971 |       5968 |       0 |    3 |   9731 |      1 |      1 |    0 |          0 |
|                 (u_ddr_cal_top)                                           |                                                             ddr4_controller_ddr4_v2_2_28_cal_top |          7 |          5 |       0 |    2 |    954 |      0 |      0 |    0 |          0 |
|                 u_ddr_cal                                                 |                                                                 ddr4_controller_ddr4_v2_2_28_cal |       3846 |       3845 |       0 |    1 |   5367 |      1 |      1 |    0 |          0 |
|                   (u_ddr_cal)                                             |                                                                 ddr4_controller_ddr4_v2_2_28_cal |        794 |        794 |       0 |    0 |    326 |      0 |      0 |    0 |          0 |
|                   U_XSDB_SLAVE                                            |                                                ddr4_controller_ddr4_v2_2_28_chipscope_xsdb_slave |         74 |         74 |       0 |    0 |    213 |      0 |      0 |    0 |          0 |
|                   u_ddr_cal_addr_decode                                   |                                                     ddr4_controller_ddr4_v2_2_28_cal_addr_decode |       2971 |       2970 |       0 |    1 |   4668 |      0 |      1 |    0 |          0 |
|                     (u_ddr_cal_addr_decode)                               |                                                     ddr4_controller_ddr4_v2_2_28_cal_addr_decode |       1902 |       1901 |       0 |    1 |   3774 |      0 |      0 |    0 |          0 |
|                     u_ddr_cal_cplx                                        |                                                            ddr4_controller_ddr4_v2_2_28_cal_cplx |       1064 |       1064 |       0 |    0 |    892 |      0 |      1 |    0 |          0 |
|                       (u_ddr_cal_cplx)                                    |                                                            ddr4_controller_ddr4_v2_2_28_cal_cplx |        709 |        709 |       0 |    0 |    812 |      0 |      0 |    0 |          0 |
|                       u_ddr_cal_cplx_data                                 |                                                       ddr4_controller_ddr4_v2_2_28_cal_cplx_data |        356 |        356 |       0 |    0 |     80 |      0 |      1 |    0 |          0 |
|                   u_xsdb_arbiter                                          |                                                    ddr4_controller_ddr4_v2_2_28_cal_xsdb_arbiter |          7 |          7 |       0 |    0 |    149 |      0 |      0 |    0 |          0 |
|                     (u_xsdb_arbiter)                                      |                                                    ddr4_controller_ddr4_v2_2_28_cal_xsdb_arbiter |          6 |          6 |       0 |    0 |     73 |      0 |      0 |    0 |          0 |
|                 u_ddr_mc_pi                                               |                                                              ddr4_controller_ddr4_v2_2_28_cal_pi |       2120 |       2120 |       0 |    0 |   3410 |      0 |      0 |    0 |          0 |
|                   u_ddr_mc_write                                          |                                                           ddr4_controller_ddr4_v2_2_28_cal_write |        598 |        598 |       0 |    0 |   1215 |      0 |      0 |    0 |          0 |
|                     genByte[7].u_ddr_mc_wr_byte                           |                                                      ddr4_controller_ddr4_v2_2_28_cal_wr_byte_45 |         14 |         14 |       0 |    0 |    144 |      0 |      0 |    0 |          0 |
|                     genByte[0].u_ddr_mc_wr_byte                           |                                                         ddr4_controller_ddr4_v2_2_28_cal_wr_byte |        171 |        171 |       0 |    0 |    154 |      0 |      0 |    0 |          0 |
|                       genBit[0].u_ddr_mc_wr_bit                           |                                                      ddr4_controller_ddr4_v2_2_28_cal_wr_bit_108 |        155 |        155 |       0 |    0 |     26 |      0 |      0 |    0 |          0 |
|                     genByte[1].u_ddr_mc_wr_byte                           |                                                      ddr4_controller_ddr4_v2_2_28_cal_wr_byte_39 |         14 |         14 |       0 |    0 |    144 |      0 |      0 |    0 |          0 |
|                     genByte[2].u_ddr_mc_wr_byte                           |                                                      ddr4_controller_ddr4_v2_2_28_cal_wr_byte_40 |         14 |         14 |       0 |    0 |    144 |      0 |      0 |    0 |          0 |
|                     genByte[3].u_ddr_mc_wr_byte                           |                                                      ddr4_controller_ddr4_v2_2_28_cal_wr_byte_41 |         14 |         14 |       0 |    0 |    144 |      0 |      0 |    0 |          0 |
|                     genByte[4].u_ddr_mc_wr_byte                           |                                                      ddr4_controller_ddr4_v2_2_28_cal_wr_byte_42 |         14 |         14 |       0 |    0 |    144 |      0 |      0 |    0 |          0 |
|                     genByte[5].u_ddr_mc_wr_byte                           |                                                      ddr4_controller_ddr4_v2_2_28_cal_wr_byte_43 |         14 |         14 |       0 |    0 |    144 |      0 |      0 |    0 |          0 |
|                     genByte[6].u_ddr_mc_wr_byte                           |                                                      ddr4_controller_ddr4_v2_2_28_cal_wr_byte_44 |        330 |        330 |       0 |    0 |    152 |      0 |      0 |    0 |          0 |
|                       genBit[0].u_ddr_mc_wr_bit                           |                                                       ddr4_controller_ddr4_v2_2_28_cal_wr_bit_54 |        318 |        318 |       0 |    0 |     24 |      0 |      0 |    0 |          0 |
|                   rdEn[0].u_ddr_mc_rd_en_low                              |                                                           ddr4_controller_ddr4_v2_2_28_cal_rd_en |         51 |         51 |       0 |    0 |    119 |      0 |      0 |    0 |          0 |
|                   rdEn[0].u_ddr_mc_rd_en_upp                              |                                                        ddr4_controller_ddr4_v2_2_28_cal_rd_en_24 |         52 |         52 |       0 |    0 |    119 |      0 |      0 |    0 |          0 |
|                   rdEn[1].u_ddr_mc_rd_en_low                              |                                                        ddr4_controller_ddr4_v2_2_28_cal_rd_en_25 |         51 |         51 |       0 |    0 |    119 |      0 |      0 |    0 |          0 |
|                   rdEn[1].u_ddr_mc_rd_en_upp                              |                                                        ddr4_controller_ddr4_v2_2_28_cal_rd_en_26 |         67 |         67 |       0 |    0 |    119 |      0 |      0 |    0 |          0 |
|                   rdEn[2].u_ddr_mc_rd_en_low                              |                                                        ddr4_controller_ddr4_v2_2_28_cal_rd_en_27 |         51 |         51 |       0 |    0 |    119 |      0 |      0 |    0 |          0 |
|                   rdEn[2].u_ddr_mc_rd_en_upp                              |                                                        ddr4_controller_ddr4_v2_2_28_cal_rd_en_28 |         51 |         51 |       0 |    0 |    119 |      0 |      0 |    0 |          0 |
|                   rdEn[3].u_ddr_mc_rd_en_low                              |                                                        ddr4_controller_ddr4_v2_2_28_cal_rd_en_29 |         51 |         51 |       0 |    0 |    119 |      0 |      0 |    0 |          0 |
|                   rdEn[3].u_ddr_mc_rd_en_upp                              |                                                        ddr4_controller_ddr4_v2_2_28_cal_rd_en_30 |         51 |         51 |       0 |    0 |    119 |      0 |      0 |    0 |          0 |
|                   rdEn[4].u_ddr_mc_rd_en_low                              |                                                        ddr4_controller_ddr4_v2_2_28_cal_rd_en_31 |         51 |         51 |       0 |    0 |    119 |      0 |      0 |    0 |          0 |
|                   rdEn[4].u_ddr_mc_rd_en_upp                              |                                                        ddr4_controller_ddr4_v2_2_28_cal_rd_en_32 |         51 |         51 |       0 |    0 |    119 |      0 |      0 |    0 |          0 |
|                   rdEn[5].u_ddr_mc_rd_en_low                              |                                                        ddr4_controller_ddr4_v2_2_28_cal_rd_en_33 |         51 |         51 |       0 |    0 |    119 |      0 |      0 |    0 |          0 |
|                   rdEn[5].u_ddr_mc_rd_en_upp                              |                                                        ddr4_controller_ddr4_v2_2_28_cal_rd_en_34 |         51 |         51 |       0 |    0 |    119 |      0 |      0 |    0 |          0 |
|                   rdEn[6].u_ddr_mc_rd_en_low                              |                                                        ddr4_controller_ddr4_v2_2_28_cal_rd_en_35 |         51 |         51 |       0 |    0 |    119 |      0 |      0 |    0 |          0 |
|                   rdEn[6].u_ddr_mc_rd_en_upp                              |                                                        ddr4_controller_ddr4_v2_2_28_cal_rd_en_36 |         51 |         51 |       0 |    0 |    119 |      0 |      0 |    0 |          0 |
|                   rdEn[7].u_ddr_mc_rd_en_low                              |                                                        ddr4_controller_ddr4_v2_2_28_cal_rd_en_37 |         51 |         51 |       0 |    0 |    119 |      0 |      0 |    0 |          0 |
|                   rdEn[7].u_ddr_mc_rd_en_upp                              |                                                        ddr4_controller_ddr4_v2_2_28_cal_rd_en_38 |         67 |         67 |       0 |    0 |    119 |      0 |      0 |    0 |          0 |
|                   u_ddr_mc_read                                           |                                                            ddr4_controller_ddr4_v2_2_28_cal_read |        673 |        673 |       0 |    0 |    290 |      0 |      0 |    0 |          0 |
|               u_ddr_mc                                                    |                                                                  ddr4_controller_ddr4_v2_2_28_mc |       2403 |       2401 |       0 |    2 |   2480 |      0 |      0 |    0 |          0 |
|                 u_ddr_mc_ref                                              |                                                              ddr4_controller_ddr4_v2_2_28_mc_ref |        135 |        135 |       0 |    0 |     85 |      0 |      0 |    0 |          0 |
|                 bgr[0].u_ddr_mc_group                                     |                                                            ddr4_controller_ddr4_v2_2_28_mc_group |        542 |        541 |       0 |    1 |    564 |      0 |      0 |    0 |          0 |
|                 bgr[1].u_ddr_mc_group                                     |                                                         ddr4_controller_ddr4_v2_2_28_mc_group_15 |        434 |        434 |       0 |    0 |    517 |      0 |      0 |    0 |          0 |
|                 bgr[2].u_ddr_mc_group                                     |                                                         ddr4_controller_ddr4_v2_2_28_mc_group_16 |        434 |        434 |       0 |    0 |    517 |      0 |      0 |    0 |          0 |
|                 bgr[3].u_ddr_mc_group                                     |                                                         ddr4_controller_ddr4_v2_2_28_mc_group_17 |        432 |        432 |       0 |    0 |    518 |      0 |      0 |    0 |          0 |
|                 u_ddr_mc_arb_a                                            |                                                            ddr4_controller_ddr4_v2_2_28_mc_arb_a |         64 |         64 |       0 |    0 |      8 |      0 |      0 |    0 |          0 |
|                 u_ddr_mc_arb_c                                            |                                                            ddr4_controller_ddr4_v2_2_28_mc_arb_c |        110 |        110 |       0 |    0 |     12 |      0 |      0 |    0 |          0 |
|                 u_ddr_mc_arb_mux_p                                        |                                                        ddr4_controller_ddr4_v2_2_28_mc_arb_mux_p |         96 |         96 |       0 |    0 |     79 |      0 |      0 |    0 |          0 |
|                   (u_ddr_mc_arb_mux_p)                                    |                                                        ddr4_controller_ddr4_v2_2_28_mc_arb_mux_p |         64 |         64 |       0 |    0 |     72 |      0 |      0 |    0 |          0 |
|                 u_ddr_mc_periodic                                         |                                                         ddr4_controller_ddr4_v2_2_28_mc_periodic |         36 |         36 |       0 |    0 |     54 |      0 |      0 |    0 |          0 |
|                 u_ddr_mc_rd_wr                                            |                                                            ddr4_controller_ddr4_v2_2_28_mc_rd_wr |        127 |        127 |       0 |    0 |    105 |      0 |      0 |    0 |          0 |
|                   (u_ddr_mc_rd_wr)                                        |                                                            ddr4_controller_ddr4_v2_2_28_mc_rd_wr |         94 |         94 |       0 |    0 |     94 |      0 |      0 |    0 |          0 |
|               u_ddr_ui                                                    |                                                                  ddr4_controller_ddr4_v2_2_28_ui |       1696 |        944 |     752 |    0 |   2462 |      0 |      0 |    0 |          0 |
|                 u_ddr_ui_wr_data                                          |                                                          ddr4_controller_ddr4_v2_2_28_ui_wr_data |        720 |        328 |     392 |    0 |   1202 |      0 |      0 |    0 |          0 |
|                 u_ddr_ui_cmd                                              |                                                              ddr4_controller_ddr4_v2_2_28_ui_cmd |         19 |         19 |       0 |    0 |     57 |      0 |      0 |    0 |          0 |
|                 u_ddr_ui_rd_data                                          |                                                          ddr4_controller_ddr4_v2_2_28_ui_rd_data |        957 |        597 |     360 |    0 |   1202 |      0 |      0 |    0 |          0 |
|               u_io_addr_sync                                              |                                            ddr4_controller_ddr4_v2_2_28_cal_sync__parameterized5 |        616 |        616 |       0 |    0 |     64 |      0 |      0 |    0 |          0 |
|               u_io_read_data_sync                                         |                                          ddr4_controller_ddr4_v2_2_28_cal_sync__parameterized5_5 |          0 |          0 |       0 |    0 |     64 |      0 |      0 |    0 |          0 |
|               u_io_write_data_sync                                        |                                          ddr4_controller_ddr4_v2_2_28_cal_sync__parameterized5_7 |         75 |         75 |       0 |    0 |     64 |      0 |      0 |    0 |          0 |
|     control_smartconnect                                                  |                                                         gqav7_z19p_system_control_smartconnect_0 |        754 |        753 |       0 |    1 |    820 |      0 |      0 |    0 |          0 |
|       inst                                                                |                                                 gqav7_z19p_system_control_smartconnect_0_bd_d78f |        754 |        753 |       0 |    1 |    820 |      0 |      0 |    0 |          0 |
|         s00_entry_pipeline                                                |                           gqav7_z19p_system_control_smartconnect_0_s00_entry_pipeline_imp_WRQB1X |        694 |        694 |       0 |    0 |    637 |      0 |      0 |    0 |          0 |
|           s00_mmu                                                         |                                        gqav7_z19p_system_control_smartconnect_0_bd_d78f_s00mmu_0 |        225 |        225 |       0 |    0 |    241 |      0 |      0 |    0 |          0 |
|             inst                                                          |                                      gqav7_z19p_system_control_smartconnect_0_sc_mmu_v1_0_16_top |        225 |        225 |       0 |    0 |    241 |      0 |      0 |    0 |          0 |
|               (inst)                                                      |                                      gqav7_z19p_system_control_smartconnect_0_sc_mmu_v1_0_16_top |         74 |         74 |       0 |    0 |     17 |      0 |      0 |    0 |          0 |
|               ar_reg_stall                                                |            gqav7_z19p_system_control_smartconnect_0_sc_util_v1_0_4_axi_reg_stall__parameterized0 |         46 |         46 |       0 |    0 |     86 |      0 |      0 |    0 |          0 |
|               aw_reg_stall                                                |          gqav7_z19p_system_control_smartconnect_0_sc_util_v1_0_4_axi_reg_stall__parameterized0_7 |         47 |         47 |       0 |    0 |     86 |      0 |      0 |    0 |          0 |
|               gen_endpoint.decerr_slave_inst                              |                             gqav7_z19p_system_control_smartconnect_0_sc_mmu_v1_0_16_decerr_slave |         58 |         58 |       0 |    0 |     49 |      0 |      0 |    0 |          0 |
|           s00_si_converter                                                |                                        gqav7_z19p_system_control_smartconnect_0_bd_d78f_s00sic_0 |        464 |        464 |       0 |    0 |    356 |      0 |      0 |    0 |          0 |
|             inst                                                          |                             gqav7_z19p_system_control_smartconnect_0_sc_si_converter_v1_0_16_top |        464 |        464 |       0 |    0 |    356 |      0 |      0 |    0 |          0 |
|               gen_axilite_conv.axilite_conv_inst                          |                    gqav7_z19p_system_control_smartconnect_0_sc_si_converter_v1_0_16_axilite_conv |        463 |        463 |       0 |    0 |    352 |      0 |      0 |    0 |          0 |
|         s00_nodes                                                         |                                    gqav7_z19p_system_control_smartconnect_0_s00_nodes_imp_RN80OF |         40 |         40 |       0 |    0 |    144 |      0 |      0 |    0 |          0 |
|     data_smartconnect                                                     |                                                            gqav7_z19p_system_data_smartconnect_0 |      10559 |       7333 |    3122 |  104 |  16785 |      0 |      0 |    0 |          0 |
|       inst                                                                |                                                    gqav7_z19p_system_data_smartconnect_0_bd_5f4f |      10559 |       7333 |    3122 |  104 |  16785 |      0 |      0 |    0 |          0 |
|         m00_exit_pipeline                                                 |                               gqav7_z19p_system_data_smartconnect_0_m00_exit_pipeline_imp_JS1B22 |        703 |        692 |       0 |   11 |   2460 |      0 |      0 |    0 |          0 |
|           m00_exit                                                        |                                             gqav7_z19p_system_data_smartconnect_0_bd_5f4f_m00e_0 |        703 |        692 |       0 |   11 |   2460 |      0 |      0 |    0 |          0 |
|             inst                                                          |                                        gqav7_z19p_system_data_smartconnect_0_sc_exit_v1_0_18_top |        703 |        692 |       0 |   11 |   2460 |      0 |      0 |    0 |          0 |
|               w_reg                                                       |                           gqav7_z19p_system_data_smartconnect_0_sc_util_v1_0_4_axi_reg_stall_426 |        294 |        294 |       0 |    0 |   1158 |      0 |      0 |    0 |          0 |
|               ar_reg                                                      |                           gqav7_z19p_system_data_smartconnect_0_sc_util_v1_0_4_axi_reg_stall_422 |         40 |         40 |       0 |    0 |    112 |      0 |      0 |    0 |          0 |
|               aw_reg                                                      |                           gqav7_z19p_system_data_smartconnect_0_sc_util_v1_0_4_axi_reg_stall_423 |         39 |         39 |       0 |    0 |    112 |      0 |      0 |    0 |          0 |
|               r_reg                                                       |                           gqav7_z19p_system_data_smartconnect_0_sc_util_v1_0_4_axi_reg_stall_425 |        267 |        267 |       0 |    0 |   1037 |      0 |      0 |    0 |          0 |
|         m00_nodes                                                         |                                       gqav7_z19p_system_data_smartconnect_0_m00_nodes_imp_6INEHI |       1227 |        446 |     778 |    3 |   1647 |      0 |      0 |    0 |          0 |
|           m00_ar_node                                                     |                                           gqav7_z19p_system_data_smartconnect_0_bd_5f4f_m00arn_0 |        136 |         76 |      60 |    0 |    134 |      0 |      0 |    0 |          0 |
|             inst                                                          |                                        gqav7_z19p_system_data_smartconnect_0_sc_node_v1_0_19_top |        136 |         76 |      60 |    0 |    134 |      0 |      0 |    0 |          0 |
|               inst_mi_handler                                             |                                 gqav7_z19p_system_data_smartconnect_0_sc_node_v1_0_19_mi_handler |        119 |         59 |      60 |    0 |    114 |      0 |      0 |    0 |          0 |
|                 gen_normal_area.inst_fifo_node_payld                      |                   gqav7_z19p_system_data_smartconnect_0_sc_node_v1_0_19_fifo__parameterized0_411 |         86 |         26 |      60 |    0 |     88 |      0 |      0 |    0 |          0 |
|                   gen_xpm_memory_fifo.inst_fifo                           |         gqav7_z19p_system_data_smartconnect_0_sc_util_v1_0_4_xpm_memory_fifo__parameterized0_414 |         86 |         26 |      60 |    0 |     88 |      0 |      0 |    0 |          0 |
|                     gen_mem_rep[0].inst_xpm_memory                        |                          gqav7_z19p_system_data_smartconnect_0_xpm_memory_sdpram__parameterized0 |         60 |          0 |      60 |    0 |     67 |      0 |      0 |    0 |          0 |
|                       xpm_memory_base_inst                                |                            gqav7_z19p_system_data_smartconnect_0_xpm_memory_base__parameterized0 |         60 |          0 |      60 |    0 |     67 |      0 |      0 |    0 |          0 |
|           m00_aw_node                                                     |                                           gqav7_z19p_system_data_smartconnect_0_bd_5f4f_m00awn_0 |        150 |         91 |      56 |    3 |    142 |      0 |      0 |    0 |          0 |
|             inst                                                          |                        gqav7_z19p_system_data_smartconnect_0_sc_node_v1_0_19_top__parameterized0 |        150 |         91 |      56 |    3 |    142 |      0 |      0 |    0 |          0 |
|               inst_mi_handler                                             |                 gqav7_z19p_system_data_smartconnect_0_sc_node_v1_0_19_mi_handler__parameterized0 |        114 |         58 |      56 |    0 |    111 |      0 |      0 |    0 |          0 |
|                 gen_normal_area.inst_fifo_node_payld                      |                       gqav7_z19p_system_data_smartconnect_0_sc_node_v1_0_19_fifo__parameterized0 |         80 |         24 |      56 |    0 |     85 |      0 |      0 |    0 |          0 |
|                   gen_xpm_memory_fifo.inst_fifo                           |             gqav7_z19p_system_data_smartconnect_0_sc_util_v1_0_4_xpm_memory_fifo__parameterized0 |         80 |         24 |      56 |    0 |     85 |      0 |      0 |    0 |          0 |
|                     gen_mem_rep[0].inst_xpm_memory                        |                       gqav7_z19p_system_data_smartconnect_0_xpm_memory_sdpram__parameterized0__1 |         56 |          0 |      56 |    0 |     64 |      0 |      0 |    0 |          0 |
|                       xpm_memory_base_inst                                |                         gqav7_z19p_system_data_smartconnect_0_xpm_memory_base__parameterized0__1 |         56 |          0 |      56 |    0 |     64 |      0 |      0 |    0 |          0 |
|           m00_b_node                                                      |                                            gqav7_z19p_system_data_smartconnect_0_bd_5f4f_m00bn_0 |         87 |         75 |      12 |    0 |     69 |      0 |      0 |    0 |          0 |
|             inst                                                          |                        gqav7_z19p_system_data_smartconnect_0_sc_node_v1_0_19_top__parameterized1 |         87 |         75 |      12 |    0 |     69 |      0 |      0 |    0 |          0 |
|               inst_mi_handler                                             |                 gqav7_z19p_system_data_smartconnect_0_sc_node_v1_0_19_mi_handler__parameterized1 |         84 |         72 |      12 |    0 |     64 |      0 |      0 |    0 |          0 |
|           m00_r_node                                                      |                                            gqav7_z19p_system_data_smartconnect_0_bd_5f4f_m00rn_0 |        395 |         87 |     308 |    0 |    609 |      0 |      0 |    0 |          0 |
|             inst                                                          |                        gqav7_z19p_system_data_smartconnect_0_sc_node_v1_0_19_top__parameterized2 |        395 |         87 |     308 |    0 |    609 |      0 |      0 |    0 |          0 |
|               inst_mi_handler                                             |                 gqav7_z19p_system_data_smartconnect_0_sc_node_v1_0_19_mi_handler__parameterized2 |        391 |         83 |     308 |    0 |    604 |      0 |      0 |    0 |          0 |
|                 gen_normal_area.inst_fifo_node_payld                      |                       gqav7_z19p_system_data_smartconnect_0_sc_node_v1_0_19_fifo__parameterized3 |        352 |         48 |     304 |    0 |    562 |      0 |      0 |    0 |          0 |
|                   gen_xpm_memory_fifo.inst_fifo                           |             gqav7_z19p_system_data_smartconnect_0_sc_util_v1_0_4_xpm_memory_fifo__parameterized3 |        352 |         48 |     304 |    0 |    562 |      0 |      0 |    0 |          0 |
|                     gen_mem_rep[2].inst_xpm_memory                        |                          gqav7_z19p_system_data_smartconnect_0_xpm_memory_sdpram__parameterized3 |        104 |          0 |     104 |    0 |    178 |      0 |      0 |    0 |          0 |
|                       xpm_memory_base_inst                                |                            gqav7_z19p_system_data_smartconnect_0_xpm_memory_base__parameterized3 |        104 |          0 |     104 |    0 |    178 |      0 |      0 |    0 |          0 |
|                     gen_mem_rep[0].inst_xpm_memory                        |                       gqav7_z19p_system_data_smartconnect_0_xpm_memory_sdpram__parameterized3__1 |         96 |          0 |      96 |    0 |    164 |      0 |      0 |    0 |          0 |
|                       xpm_memory_base_inst                                |                         gqav7_z19p_system_data_smartconnect_0_xpm_memory_base__parameterized3__1 |         96 |          0 |      96 |    0 |    164 |      0 |      0 |    0 |          0 |
|                     gen_mem_rep[1].inst_xpm_memory                        |                       gqav7_z19p_system_data_smartconnect_0_xpm_memory_sdpram__parameterized3__2 |        104 |          0 |     104 |    0 |    178 |      0 |      0 |    0 |          0 |
|                       xpm_memory_base_inst                                |                         gqav7_z19p_system_data_smartconnect_0_xpm_memory_base__parameterized3__2 |        104 |          0 |     104 |    0 |    178 |      0 |      0 |    0 |          0 |
|           m00_w_node                                                      |                                            gqav7_z19p_system_data_smartconnect_0_bd_5f4f_m00wn_0 |        459 |        117 |     342 |    0 |    693 |      0 |      0 |    0 |          0 |
|             inst                                                          |                        gqav7_z19p_system_data_smartconnect_0_sc_node_v1_0_19_top__parameterized3 |        459 |        117 |     342 |    0 |    693 |      0 |      0 |    0 |          0 |
|               inst_mi_handler                                             |                 gqav7_z19p_system_data_smartconnect_0_sc_node_v1_0_19_mi_handler__parameterized3 |        413 |         77 |     336 |    0 |    654 |      0 |      0 |    0 |          0 |
|                 gen_normal_area.inst_fifo_node_payld                      |                       gqav7_z19p_system_data_smartconnect_0_sc_node_v1_0_19_fifo__parameterized5 |        380 |         44 |     336 |    0 |    628 |      0 |      0 |    0 |          0 |
|                   gen_xpm_memory_fifo.inst_fifo                           |             gqav7_z19p_system_data_smartconnect_0_sc_util_v1_0_4_xpm_memory_fifo__parameterized5 |        380 |         44 |     336 |    0 |    628 |      0 |      0 |    0 |          0 |
|                     gen_mem_rep[3].inst_xpm_memory                        |                          gqav7_z19p_system_data_smartconnect_0_xpm_memory_sdpram__parameterized6 |         80 |          0 |      80 |    0 |    133 |      0 |      0 |    0 |          0 |
|                       xpm_memory_base_inst                                |                            gqav7_z19p_system_data_smartconnect_0_xpm_memory_base__parameterized6 |         80 |          0 |      80 |    0 |    133 |      0 |      0 |    0 |          0 |
|                     gen_mem_rep[0].inst_xpm_memory                        |                       gqav7_z19p_system_data_smartconnect_0_xpm_memory_sdpram__parameterized5__1 |         80 |          0 |      80 |    0 |    138 |      0 |      0 |    0 |          0 |
|                       xpm_memory_base_inst                                |                         gqav7_z19p_system_data_smartconnect_0_xpm_memory_base__parameterized5__1 |         80 |          0 |      80 |    0 |    138 |      0 |      0 |    0 |          0 |
|                     gen_mem_rep[1].inst_xpm_memory                        |                       gqav7_z19p_system_data_smartconnect_0_xpm_memory_sdpram__parameterized5__2 |         88 |          0 |      88 |    0 |    153 |      0 |      0 |    0 |          0 |
|                       xpm_memory_base_inst                                |                         gqav7_z19p_system_data_smartconnect_0_xpm_memory_base__parameterized5__2 |         88 |          0 |      88 |    0 |    153 |      0 |      0 |    0 |          0 |
|                     gen_mem_rep[2].inst_xpm_memory                        |                          gqav7_z19p_system_data_smartconnect_0_xpm_memory_sdpram__parameterized5 |         88 |          0 |      88 |    0 |    153 |      0 |      0 |    0 |          0 |
|                       xpm_memory_base_inst                                |                            gqav7_z19p_system_data_smartconnect_0_xpm_memory_base__parameterized5 |         88 |          0 |      88 |    0 |    153 |      0 |      0 |    0 |          0 |
|         s00_entry_pipeline                                                |                             gqav7_z19p_system_data_smartconnect_0_s00_entry_pipeline_imp_1IHL54P |       1279 |       1256 |       0 |   23 |   1890 |      0 |      0 |    0 |          0 |
|           s00_mmu                                                         |                                           gqav7_z19p_system_data_smartconnect_0_bd_5f4f_s00mmu_0 |        605 |        605 |       0 |    0 |   1464 |      0 |      0 |    0 |          0 |
|             inst                                                          |                                      gqav7_z19p_system_data_smartconnect_0_sc_mmu_v1_0_16_top__1 |        605 |        605 |       0 |    0 |   1464 |      0 |      0 |    0 |          0 |
|               w_sreg                                                      |                           gqav7_z19p_system_data_smartconnect_0_sc_util_v1_0_4_axi_reg_stall_341 |        145 |        145 |       0 |    0 |    541 |      0 |      0 |    0 |          0 |
|               ar_reg_stall                                                |                           gqav7_z19p_system_data_smartconnect_0_sc_util_v1_0_4_axi_reg_stall_334 |         36 |         36 |       0 |    0 |     90 |      0 |      0 |    0 |          0 |
|               ar_sreg                                                     |                           gqav7_z19p_system_data_smartconnect_0_sc_util_v1_0_4_axi_reg_stall_335 |         37 |         37 |       0 |    0 |     92 |      0 |      0 |    0 |          0 |
|               aw_reg_stall                                                |                           gqav7_z19p_system_data_smartconnect_0_sc_util_v1_0_4_axi_reg_stall_336 |         32 |         32 |       0 |    0 |     78 |      0 |      0 |    0 |          0 |
|               aw_sreg                                                     |                           gqav7_z19p_system_data_smartconnect_0_sc_util_v1_0_4_axi_reg_stall_337 |         45 |         45 |       0 |    0 |     80 |      0 |      0 |    0 |          0 |
|               r_sreg                                                      |                           gqav7_z19p_system_data_smartconnect_0_sc_util_v1_0_4_axi_reg_stall_340 |        266 |        266 |       0 |    0 |    522 |      0 |      0 |    0 |          0 |
|           s00_si_converter                                                |                                           gqav7_z19p_system_data_smartconnect_0_bd_5f4f_s00sic_0 |        646 |        623 |       0 |   23 |    406 |      0 |      0 |    0 |          0 |
|             inst                                                          |                             gqav7_z19p_system_data_smartconnect_0_sc_si_converter_v1_0_16_top__1 |        646 |        623 |       0 |   23 |    406 |      0 |      0 |    0 |          0 |
|               converter.low_area_converter.low_area_wrap_inst             |                   gqav7_z19p_system_data_smartconnect_0_sc_si_converter_v1_0_16_reduced_area_307 |        611 |        602 |       0 |    9 |    379 |      0 |      0 |    0 |          0 |
|                 (converter.low_area_converter.low_area_wrap_inst)         |                   gqav7_z19p_system_data_smartconnect_0_sc_si_converter_v1_0_16_reduced_area_307 |        562 |        562 |       0 |    0 |    361 |      0 |      0 |    0 |          0 |
|                 w_resp_fifo                                               |       gqav7_z19p_system_data_smartconnect_0_sc_util_v1_0_4_axic_reg_srl_fifo__parameterized3_324 |         51 |         42 |       0 |    9 |     18 |      0 |      0 |    0 |          0 |
|         s00_nodes                                                         |                                      gqav7_z19p_system_data_smartconnect_0_s00_nodes_imp_1M82P0J |       1473 |        667 |     806 |    0 |   2250 |      0 |      0 |    0 |          0 |
|           s00_ar_node                                                     |                                             gqav7_z19p_system_data_smartconnect_0_bd_5f4f_sarn_0 |        150 |         70 |      80 |    0 |    174 |      0 |      0 |    0 |          0 |
|             inst                                                          |                     gqav7_z19p_system_data_smartconnect_0_sc_node_v1_0_19_top__parameterized4__1 |        150 |         70 |      80 |    0 |    174 |      0 |      0 |    0 |          0 |
|               inst_mi_handler                                             |             gqav7_z19p_system_data_smartconnect_0_sc_node_v1_0_19_mi_handler__parameterized4_282 |        147 |         67 |      80 |    0 |    169 |      0 |      0 |    0 |          0 |
|                 gen_normal_area.inst_fifo_node_payld                      |                   gqav7_z19p_system_data_smartconnect_0_sc_node_v1_0_19_fifo__parameterized7_285 |        116 |         36 |      80 |    0 |    143 |      0 |      0 |    0 |          0 |
|                   gen_xpm_memory_fifo.inst_fifo                           |         gqav7_z19p_system_data_smartconnect_0_sc_util_v1_0_4_xpm_memory_fifo__parameterized7_287 |        116 |         36 |      80 |    0 |    143 |      0 |      0 |    0 |          0 |
|                     gen_mem_rep[0].inst_xpm_memory                        |                       gqav7_z19p_system_data_smartconnect_0_xpm_memory_sdpram__parameterized8__2 |         80 |          0 |      80 |    0 |    121 |      0 |      0 |    0 |          0 |
|                       xpm_memory_base_inst                                |                         gqav7_z19p_system_data_smartconnect_0_xpm_memory_base__parameterized8__2 |         80 |          0 |      80 |    0 |    121 |      0 |      0 |    0 |          0 |
|           s00_aw_node                                                     |                                             gqav7_z19p_system_data_smartconnect_0_bd_5f4f_sawn_0 |        150 |         70 |      80 |    0 |    168 |      0 |      0 |    0 |          0 |
|             inst                                                          |                     gqav7_z19p_system_data_smartconnect_0_sc_node_v1_0_19_top__parameterized5__1 |        150 |         70 |      80 |    0 |    168 |      0 |      0 |    0 |          0 |
|               inst_mi_handler                                             |             gqav7_z19p_system_data_smartconnect_0_sc_node_v1_0_19_mi_handler__parameterized5_269 |        147 |         67 |      80 |    0 |    163 |      0 |      0 |    0 |          0 |
|                 gen_normal_area.inst_fifo_node_payld                      |                   gqav7_z19p_system_data_smartconnect_0_sc_node_v1_0_19_fifo__parameterized7_272 |        117 |         37 |      80 |    0 |    137 |      0 |      0 |    0 |          0 |
|                   gen_xpm_memory_fifo.inst_fifo                           |         gqav7_z19p_system_data_smartconnect_0_sc_util_v1_0_4_xpm_memory_fifo__parameterized7_274 |        117 |         37 |      80 |    0 |    137 |      0 |      0 |    0 |          0 |
|                     gen_mem_rep[0].inst_xpm_memory                        |                       gqav7_z19p_system_data_smartconnect_0_xpm_memory_sdpram__parameterized8__1 |         80 |          0 |      80 |    0 |    115 |      0 |      0 |    0 |          0 |
|                       xpm_memory_base_inst                                |                         gqav7_z19p_system_data_smartconnect_0_xpm_memory_base__parameterized8__1 |         80 |          0 |      80 |    0 |    115 |      0 |      0 |    0 |          0 |
|           s00_b_node                                                      |                                              gqav7_z19p_system_data_smartconnect_0_bd_5f4f_sbn_0 |         66 |         64 |       2 |    0 |     52 |      0 |      0 |    0 |          0 |
|             inst                                                          |                     gqav7_z19p_system_data_smartconnect_0_sc_node_v1_0_19_top__parameterized6__1 |         66 |         64 |       2 |    0 |     52 |      0 |      0 |    0 |          0 |
|           s00_r_node                                                      |                                              gqav7_z19p_system_data_smartconnect_0_bd_5f4f_srn_0 |        640 |        338 |     302 |    0 |    592 |      0 |      0 |    0 |          0 |
|             inst                                                          |                     gqav7_z19p_system_data_smartconnect_0_sc_node_v1_0_19_top__parameterized7__1 |        640 |        338 |     302 |    0 |    592 |      0 |      0 |    0 |          0 |
|               inst_mi_handler                                             |             gqav7_z19p_system_data_smartconnect_0_sc_node_v1_0_19_mi_handler__parameterized7_236 |        637 |        335 |     302 |    0 |    587 |      0 |      0 |    0 |          0 |
|                 gen_normal_area.inst_fifo_node_payld                      |                   gqav7_z19p_system_data_smartconnect_0_sc_node_v1_0_19_fifo__parameterized9_240 |        602 |        300 |     302 |    0 |    560 |      0 |      0 |    0 |          0 |
|                   gen_xpm_memory_fifo.inst_fifo                           |         gqav7_z19p_system_data_smartconnect_0_sc_util_v1_0_4_xpm_memory_fifo__parameterized9_243 |        602 |        300 |     302 |    0 |    560 |      0 |      0 |    0 |          0 |
|                     (gen_xpm_memory_fifo.inst_fifo)                       |         gqav7_z19p_system_data_smartconnect_0_sc_util_v1_0_4_xpm_memory_fifo__parameterized9_243 |        266 |        266 |       0 |    0 |      5 |      0 |      0 |    0 |          0 |
|                     gen_mem_rep[0].inst_xpm_memory                        |                      gqav7_z19p_system_data_smartconnect_0_xpm_memory_sdpram__parameterized10__1 |         96 |          0 |      96 |    0 |    165 |      0 |      0 |    0 |          0 |
|                       xpm_memory_base_inst                                |                        gqav7_z19p_system_data_smartconnect_0_xpm_memory_base__parameterized10__1 |         96 |          0 |      96 |    0 |    165 |      0 |      0 |    0 |          0 |
|                     gen_mem_rep[1].inst_xpm_memory                        |                      gqav7_z19p_system_data_smartconnect_0_xpm_memory_sdpram__parameterized10__2 |        106 |          0 |     106 |    0 |    184 |      0 |      0 |    0 |          0 |
|                       xpm_memory_base_inst                                |                        gqav7_z19p_system_data_smartconnect_0_xpm_memory_base__parameterized10__2 |        106 |          0 |     106 |    0 |    184 |      0 |      0 |    0 |          0 |
|                     gen_mem_rep[2].inst_xpm_memory                        |                      gqav7_z19p_system_data_smartconnect_0_xpm_memory_sdpram__parameterized10__3 |        100 |          0 |     100 |    0 |    168 |      0 |      0 |    0 |          0 |
|                       xpm_memory_base_inst                                |                        gqav7_z19p_system_data_smartconnect_0_xpm_memory_base__parameterized10__3 |        100 |          0 |     100 |    0 |    168 |      0 |      0 |    0 |          0 |
|           s00_w_node                                                      |                                              gqav7_z19p_system_data_smartconnect_0_bd_5f4f_swn_0 |        467 |        125 |     342 |    0 |   1264 |      0 |      0 |    0 |          0 |
|             inst                                                          |                        gqav7_z19p_system_data_smartconnect_0_sc_node_v1_0_19_top__parameterized8 |        467 |        125 |     342 |    0 |   1264 |      0 |      0 |    0 |          0 |
|               inst_mi_handler                                             |             gqav7_z19p_system_data_smartconnect_0_sc_node_v1_0_19_mi_handler__parameterized8_217 |        465 |        123 |     342 |    0 |   1259 |      0 |      0 |    0 |          0 |
|                 gen_normal_area.inst_fifo_node_payld                      |                  gqav7_z19p_system_data_smartconnect_0_sc_node_v1_0_19_fifo__parameterized11_222 |        390 |         50 |     340 |    0 |    634 |      0 |      0 |    0 |          0 |
|                   gen_xpm_memory_fifo.inst_fifo                           |        gqav7_z19p_system_data_smartconnect_0_sc_util_v1_0_4_xpm_memory_fifo__parameterized11_224 |        390 |         50 |     340 |    0 |    634 |      0 |      0 |    0 |          0 |
|                     gen_mem_rep[2].inst_xpm_memory                        |                      gqav7_z19p_system_data_smartconnect_0_xpm_memory_sdpram__parameterized12__1 |        112 |          0 |     112 |    0 |    196 |      0 |      0 |    0 |          0 |
|                       xpm_memory_base_inst                                |                        gqav7_z19p_system_data_smartconnect_0_xpm_memory_base__parameterized12__1 |        112 |          0 |     112 |    0 |    196 |      0 |      0 |    0 |          0 |
|                     gen_mem_rep[0].inst_xpm_memory                        |                      gqav7_z19p_system_data_smartconnect_0_xpm_memory_sdpram__parameterized11__1 |        114 |          0 |     114 |    0 |    198 |      0 |      0 |    0 |          0 |
|                       xpm_memory_base_inst                                |                        gqav7_z19p_system_data_smartconnect_0_xpm_memory_base__parameterized11__1 |        114 |          0 |     114 |    0 |    198 |      0 |      0 |    0 |          0 |
|                     gen_mem_rep[1].inst_xpm_memory                        |                      gqav7_z19p_system_data_smartconnect_0_xpm_memory_sdpram__parameterized11__2 |        114 |          0 |     114 |    0 |    198 |      0 |      0 |    0 |          0 |
|                       xpm_memory_base_inst                                |                        gqav7_z19p_system_data_smartconnect_0_xpm_memory_base__parameterized11__2 |        114 |          0 |     114 |    0 |    198 |      0 |      0 |    0 |          0 |
|                 gen_normal_area.gen_upsizer.inst_upsizer                  |                                gqav7_z19p_system_data_smartconnect_0_sc_node_v1_0_19_upsizer_221 |         40 |         40 |       0 |    0 |    594 |      0 |      0 |    0 |          0 |
|         s01_entry_pipeline                                                |                              gqav7_z19p_system_data_smartconnect_0_s01_entry_pipeline_imp_QDNQWD |        968 |        951 |       0 |   17 |   1216 |      0 |      0 |    0 |          0 |
|           s01_mmu                                                         |                                           gqav7_z19p_system_data_smartconnect_0_bd_5f4f_s01mmu_0 |        444 |        444 |       0 |    0 |    827 |      0 |      0 |    0 |          0 |
|             inst                                                          |                                         gqav7_z19p_system_data_smartconnect_0_sc_mmu_v1_0_16_top |        444 |        444 |       0 |    0 |    827 |      0 |      0 |    0 |          0 |
|               r_sreg                                                      |                           gqav7_z19p_system_data_smartconnect_0_sc_util_v1_0_4_axi_reg_stall_215 |        267 |        267 |       0 |    0 |    524 |      0 |      0 |    0 |          0 |
|               ar_reg_stall                                                |                           gqav7_z19p_system_data_smartconnect_0_sc_util_v1_0_4_axi_reg_stall_210 |         36 |         36 |       0 |    0 |     92 |      0 |      0 |    0 |          0 |
|               ar_sreg                                                     |                           gqav7_z19p_system_data_smartconnect_0_sc_util_v1_0_4_axi_reg_stall_211 |         36 |         36 |       0 |    0 |     94 |      0 |      0 |    0 |          0 |
|           s01_si_converter                                                |                                           gqav7_z19p_system_data_smartconnect_0_bd_5f4f_s01sic_0 |        489 |        474 |       0 |   15 |    367 |      0 |      0 |    0 |          0 |
|             inst                                                          |                                gqav7_z19p_system_data_smartconnect_0_sc_si_converter_v1_0_16_top |        489 |        474 |       0 |   15 |    367 |      0 |      0 |    0 |          0 |
|               converter.low_area_converter.low_area_wrap_inst             |                       gqav7_z19p_system_data_smartconnect_0_sc_si_converter_v1_0_16_reduced_area |        466 |        457 |       0 |    9 |    348 |      0 |      0 |    0 |          0 |
|                 (converter.low_area_converter.low_area_wrap_inst)         |                       gqav7_z19p_system_data_smartconnect_0_sc_si_converter_v1_0_16_reduced_area |        417 |        417 |       0 |    0 |    330 |      0 |      0 |    0 |          0 |
|                 w_resp_fifo                                               |       gqav7_z19p_system_data_smartconnect_0_sc_util_v1_0_4_axic_reg_srl_fifo__parameterized3_200 |         51 |         42 |       0 |    9 |     18 |      0 |      0 |    0 |          0 |
|         s01_nodes                                                         |                                       gqav7_z19p_system_data_smartconnect_0_s01_nodes_imp_LBKIMT |       1435 |        667 |     768 |    0 |   1676 |      0 |      0 |    0 |          0 |
|           s01_ar_node                                                     |                                             gqav7_z19p_system_data_smartconnect_0_bd_5f4f_sarn_1 |        135 |         71 |      64 |    0 |    151 |      0 |      0 |    0 |          0 |
|             inst                                                          |                        gqav7_z19p_system_data_smartconnect_0_sc_node_v1_0_19_top__parameterized4 |        135 |         71 |      64 |    0 |    151 |      0 |      0 |    0 |          0 |
|               inst_mi_handler                                             |                 gqav7_z19p_system_data_smartconnect_0_sc_node_v1_0_19_mi_handler__parameterized4 |        132 |         68 |      64 |    0 |    146 |      0 |      0 |    0 |          0 |
|                 gen_normal_area.inst_fifo_node_payld                      |                   gqav7_z19p_system_data_smartconnect_0_sc_node_v1_0_19_fifo__parameterized7_165 |        101 |         37 |      64 |    0 |    120 |      0 |      0 |    0 |          0 |
|                   gen_xpm_memory_fifo.inst_fifo                           |         gqav7_z19p_system_data_smartconnect_0_sc_util_v1_0_4_xpm_memory_fifo__parameterized7_167 |        101 |         37 |      64 |    0 |    120 |      0 |      0 |    0 |          0 |
|                     gen_mem_rep[0].inst_xpm_memory                        |                       gqav7_z19p_system_data_smartconnect_0_xpm_memory_sdpram__parameterized8__4 |         64 |          0 |      64 |    0 |     98 |      0 |      0 |    0 |          0 |
|                       xpm_memory_base_inst                                |                         gqav7_z19p_system_data_smartconnect_0_xpm_memory_base__parameterized8__4 |         64 |          0 |      64 |    0 |     98 |      0 |      0 |    0 |          0 |
|           s01_aw_node                                                     |                                             gqav7_z19p_system_data_smartconnect_0_bd_5f4f_sawn_1 |        134 |         70 |      64 |    0 |    145 |      0 |      0 |    0 |          0 |
|             inst                                                          |                        gqav7_z19p_system_data_smartconnect_0_sc_node_v1_0_19_top__parameterized5 |        134 |         70 |      64 |    0 |    145 |      0 |      0 |    0 |          0 |
|               inst_mi_handler                                             |                 gqav7_z19p_system_data_smartconnect_0_sc_node_v1_0_19_mi_handler__parameterized5 |        130 |         66 |      64 |    0 |    140 |      0 |      0 |    0 |          0 |
|                 gen_normal_area.inst_fifo_node_payld                      |                   gqav7_z19p_system_data_smartconnect_0_sc_node_v1_0_19_fifo__parameterized7_153 |        101 |         37 |      64 |    0 |    114 |      0 |      0 |    0 |          0 |
|                   gen_xpm_memory_fifo.inst_fifo                           |         gqav7_z19p_system_data_smartconnect_0_sc_util_v1_0_4_xpm_memory_fifo__parameterized7_155 |        101 |         37 |      64 |    0 |    114 |      0 |      0 |    0 |          0 |
|                     gen_mem_rep[0].inst_xpm_memory                        |                       gqav7_z19p_system_data_smartconnect_0_xpm_memory_sdpram__parameterized8__3 |         64 |          0 |      64 |    0 |     92 |      0 |      0 |    0 |          0 |
|                       xpm_memory_base_inst                                |                         gqav7_z19p_system_data_smartconnect_0_xpm_memory_base__parameterized8__3 |         64 |          0 |      64 |    0 |     92 |      0 |      0 |    0 |          0 |
|           s01_b_node                                                      |                                              gqav7_z19p_system_data_smartconnect_0_bd_5f4f_sbn_1 |         66 |         64 |       2 |    0 |     52 |      0 |      0 |    0 |          0 |
|             inst                                                          |                        gqav7_z19p_system_data_smartconnect_0_sc_node_v1_0_19_top__parameterized6 |         66 |         64 |       2 |    0 |     52 |      0 |      0 |    0 |          0 |
|           s01_r_node                                                      |                                              gqav7_z19p_system_data_smartconnect_0_bd_5f4f_srn_1 |        640 |        338 |     302 |    0 |    595 |      0 |      0 |    0 |          0 |
|             inst                                                          |                        gqav7_z19p_system_data_smartconnect_0_sc_node_v1_0_19_top__parameterized7 |        640 |        338 |     302 |    0 |    595 |      0 |      0 |    0 |          0 |
|               inst_mi_handler                                             |                 gqav7_z19p_system_data_smartconnect_0_sc_node_v1_0_19_mi_handler__parameterized7 |        637 |        335 |     302 |    0 |    590 |      0 |      0 |    0 |          0 |
|                 gen_normal_area.inst_fifo_node_payld                      |                       gqav7_z19p_system_data_smartconnect_0_sc_node_v1_0_19_fifo__parameterized9 |        602 |        300 |     302 |    0 |    560 |      0 |      0 |    0 |          0 |
|                   gen_xpm_memory_fifo.inst_fifo                           |             gqav7_z19p_system_data_smartconnect_0_sc_util_v1_0_4_xpm_memory_fifo__parameterized9 |        602 |        300 |     302 |    0 |    560 |      0 |      0 |    0 |          0 |
|                     (gen_xpm_memory_fifo.inst_fifo)                       |             gqav7_z19p_system_data_smartconnect_0_sc_util_v1_0_4_xpm_memory_fifo__parameterized9 |        266 |        266 |       0 |    0 |      5 |      0 |      0 |    0 |          0 |
|                     gen_mem_rep[0].inst_xpm_memory                        |                      gqav7_z19p_system_data_smartconnect_0_xpm_memory_sdpram__parameterized10__4 |         96 |          0 |      96 |    0 |    165 |      0 |      0 |    0 |          0 |
|                       xpm_memory_base_inst                                |                        gqav7_z19p_system_data_smartconnect_0_xpm_memory_base__parameterized10__4 |         96 |          0 |      96 |    0 |    165 |      0 |      0 |    0 |          0 |
|                     gen_mem_rep[1].inst_xpm_memory                        |                      gqav7_z19p_system_data_smartconnect_0_xpm_memory_sdpram__parameterized10__5 |        106 |          0 |     106 |    0 |    184 |      0 |      0 |    0 |          0 |
|                       xpm_memory_base_inst                                |                        gqav7_z19p_system_data_smartconnect_0_xpm_memory_base__parameterized10__5 |        106 |          0 |     106 |    0 |    184 |      0 |      0 |    0 |          0 |
|                     gen_mem_rep[2].inst_xpm_memory                        |                         gqav7_z19p_system_data_smartconnect_0_xpm_memory_sdpram__parameterized10 |        100 |          0 |     100 |    0 |    168 |      0 |      0 |    0 |          0 |
|                       xpm_memory_base_inst                                |                           gqav7_z19p_system_data_smartconnect_0_xpm_memory_base__parameterized10 |        100 |          0 |     100 |    0 |    168 |      0 |      0 |    0 |          0 |
|           s01_w_node                                                      |                                              gqav7_z19p_system_data_smartconnect_0_bd_5f4f_swn_1 |        460 |        124 |     336 |    0 |    733 |      0 |      0 |    0 |          0 |
|             inst                                                          |                     gqav7_z19p_system_data_smartconnect_0_sc_node_v1_0_19_top__parameterized8__1 |        460 |        124 |     336 |    0 |    733 |      0 |      0 |    0 |          0 |
|               inst_mi_handler                                             |                 gqav7_z19p_system_data_smartconnect_0_sc_node_v1_0_19_mi_handler__parameterized8 |        457 |        121 |     336 |    0 |    728 |      0 |      0 |    0 |          0 |
|                 gen_normal_area.inst_fifo_node_payld                      |                  gqav7_z19p_system_data_smartconnect_0_sc_node_v1_0_19_fifo__parameterized11_111 |        384 |         50 |     334 |    0 |    622 |      0 |      0 |    0 |          0 |
|                   gen_xpm_memory_fifo.inst_fifo                           |        gqav7_z19p_system_data_smartconnect_0_sc_util_v1_0_4_xpm_memory_fifo__parameterized11_113 |        384 |         50 |     334 |    0 |    622 |      0 |      0 |    0 |          0 |
|                     gen_mem_rep[2].inst_xpm_memory                        |                      gqav7_z19p_system_data_smartconnect_0_xpm_memory_sdpram__parameterized12__2 |        112 |          0 |     112 |    0 |    196 |      0 |      0 |    0 |          0 |
|                       xpm_memory_base_inst                                |                        gqav7_z19p_system_data_smartconnect_0_xpm_memory_base__parameterized12__2 |        112 |          0 |     112 |    0 |    196 |      0 |      0 |    0 |          0 |
|                     gen_mem_rep[0].inst_xpm_memory                        |                      gqav7_z19p_system_data_smartconnect_0_xpm_memory_sdpram__parameterized11__5 |        108 |          0 |     108 |    0 |    186 |      0 |      0 |    0 |          0 |
|                       xpm_memory_base_inst                                |                        gqav7_z19p_system_data_smartconnect_0_xpm_memory_base__parameterized11__5 |        108 |          0 |     108 |    0 |    186 |      0 |      0 |    0 |          0 |
|                     gen_mem_rep[1].inst_xpm_memory                        |                      gqav7_z19p_system_data_smartconnect_0_xpm_memory_sdpram__parameterized11__4 |        114 |          0 |     114 |    0 |    198 |      0 |      0 |    0 |          0 |
|                       xpm_memory_base_inst                                |                        gqav7_z19p_system_data_smartconnect_0_xpm_memory_base__parameterized11__4 |        114 |          0 |     114 |    0 |    198 |      0 |      0 |    0 |          0 |
|                 gen_normal_area.gen_upsizer.inst_upsizer                  |                                    gqav7_z19p_system_data_smartconnect_0_sc_node_v1_0_19_upsizer |         38 |         38 |       0 |    0 |     74 |      0 |      0 |    0 |          0 |
|         s02_entry_pipeline                                                |                              gqav7_z19p_system_data_smartconnect_0_s02_entry_pipeline_imp_BN71E8 |       1381 |       1332 |       0 |   49 |   2134 |      0 |      0 |    0 |          0 |
|           s02_mmu                                                         |                                           gqav7_z19p_system_data_smartconnect_0_bd_5f4f_s02mmu_0 |        583 |        583 |       0 |    0 |   1507 |      0 |      0 |    0 |          0 |
|             inst                                                          |                         gqav7_z19p_system_data_smartconnect_0_sc_mmu_v1_0_16_top__parameterized0 |        583 |        583 |       0 |    0 |   1507 |      0 |      0 |    0 |          0 |
|               w_sreg                                                      |                           gqav7_z19p_system_data_smartconnect_0_sc_util_v1_0_4_axi_reg_stall_107 |         85 |         85 |       0 |    0 |    294 |      0 |      0 |    0 |          0 |
|               ar_reg_stall                                                |                               gqav7_z19p_system_data_smartconnect_0_sc_util_v1_0_4_axi_reg_stall |         61 |         61 |       0 |    0 |    198 |      0 |      0 |    0 |          0 |
|               ar_sreg                                                     |                           gqav7_z19p_system_data_smartconnect_0_sc_util_v1_0_4_axi_reg_stall_102 |         65 |         65 |       0 |    0 |    198 |      0 |      0 |    0 |          0 |
|               aw_reg_stall                                                |                           gqav7_z19p_system_data_smartconnect_0_sc_util_v1_0_4_axi_reg_stall_103 |         61 |         61 |       0 |    0 |    198 |      0 |      0 |    0 |          0 |
|               aw_sreg                                                     |                           gqav7_z19p_system_data_smartconnect_0_sc_util_v1_0_4_axi_reg_stall_104 |         71 |         71 |       0 |    0 |    198 |      0 |      0 |    0 |          0 |
|               gen_endpoint.decerr_slave_inst                              |                gqav7_z19p_system_data_smartconnect_0_sc_mmu_v1_0_16_decerr_slave__parameterized0 |         53 |         53 |       0 |    0 |     49 |      0 |      0 |    0 |          0 |
|               r_sreg                                                      |                           gqav7_z19p_system_data_smartconnect_0_sc_util_v1_0_4_axi_reg_stall_106 |        155 |        155 |       0 |    0 |    298 |      0 |      0 |    0 |          0 |
|           s02_si_converter                                                |                                           gqav7_z19p_system_data_smartconnect_0_bd_5f4f_s02sic_0 |        701 |        684 |       0 |   17 |    575 |      0 |      0 |    0 |          0 |
|             inst                                                          |                gqav7_z19p_system_data_smartconnect_0_sc_si_converter_v1_0_16_top__parameterized0 |        701 |        684 |       0 |   17 |    575 |      0 |      0 |    0 |          0 |
|               converter.low_area_converter.low_area_wrap_inst             |       gqav7_z19p_system_data_smartconnect_0_sc_si_converter_v1_0_16_reduced_area__parameterized0 |        671 |        662 |       0 |    9 |    553 |      0 |      0 |    0 |          0 |
|                 (converter.low_area_converter.low_area_wrap_inst)         |       gqav7_z19p_system_data_smartconnect_0_sc_si_converter_v1_0_16_reduced_area__parameterized0 |        623 |        623 |       0 |    0 |    535 |      0 |      0 |    0 |          0 |
|                 w_resp_fifo                                               |           gqav7_z19p_system_data_smartconnect_0_sc_util_v1_0_4_axic_reg_srl_fifo__parameterized3 |         50 |         41 |       0 |    9 |     18 |      0 |      0 |    0 |          0 |
|           s02_transaction_regulator                                       |                                            gqav7_z19p_system_data_smartconnect_0_bd_5f4f_s02tr_0 |         97 |         65 |       0 |   32 |     52 |      0 |      0 |    0 |          0 |
|             inst                                                          |       gqav7_z19p_system_data_smartconnect_0_sc_transaction_regulator_v1_0_12_top__parameterized1 |         97 |         65 |       0 |   32 |     52 |      0 |      0 |    0 |          0 |
|         s02_nodes                                                         |                                       gqav7_z19p_system_data_smartconnect_0_s02_nodes_imp_DILDVY |       1320 |        550 |     770 |    0 |   2190 |      0 |      0 |    0 |          0 |
|           s02_ar_node                                                     |                                             gqav7_z19p_system_data_smartconnect_0_bd_5f4f_sarn_2 |        133 |         69 |      64 |    0 |    151 |      0 |      0 |    0 |          0 |
|             inst                                                          |                        gqav7_z19p_system_data_smartconnect_0_sc_node_v1_0_19_top__parameterized9 |        133 |         69 |      64 |    0 |    151 |      0 |      0 |    0 |          0 |
|               inst_mi_handler                                             |                 gqav7_z19p_system_data_smartconnect_0_sc_node_v1_0_19_mi_handler__parameterized9 |        130 |         66 |      64 |    0 |    146 |      0 |      0 |    0 |          0 |
|                 gen_normal_area.inst_fifo_node_payld                      |                    gqav7_z19p_system_data_smartconnect_0_sc_node_v1_0_19_fifo__parameterized7_37 |        100 |         36 |      64 |    0 |    120 |      0 |      0 |    0 |          0 |
|                   gen_xpm_memory_fifo.inst_fifo                           |          gqav7_z19p_system_data_smartconnect_0_sc_util_v1_0_4_xpm_memory_fifo__parameterized7_39 |        100 |         36 |      64 |    0 |    120 |      0 |      0 |    0 |          0 |
|                     gen_mem_rep[0].inst_xpm_memory                        |                       gqav7_z19p_system_data_smartconnect_0_xpm_memory_sdpram__parameterized8__5 |         64 |          0 |      64 |    0 |     98 |      0 |      0 |    0 |          0 |
|                       xpm_memory_base_inst                                |                         gqav7_z19p_system_data_smartconnect_0_xpm_memory_base__parameterized8__5 |         64 |          0 |      64 |    0 |     98 |      0 |      0 |    0 |          0 |
|           s02_aw_node                                                     |                                             gqav7_z19p_system_data_smartconnect_0_bd_5f4f_sawn_2 |        136 |         72 |      64 |    0 |    145 |      0 |      0 |    0 |          0 |
|             inst                                                          |                       gqav7_z19p_system_data_smartconnect_0_sc_node_v1_0_19_top__parameterized10 |        136 |         72 |      64 |    0 |    145 |      0 |      0 |    0 |          0 |
|               inst_mi_handler                                             |                gqav7_z19p_system_data_smartconnect_0_sc_node_v1_0_19_mi_handler__parameterized10 |        132 |         68 |      64 |    0 |    140 |      0 |      0 |    0 |          0 |
|                 gen_normal_area.inst_fifo_node_payld                      |                       gqav7_z19p_system_data_smartconnect_0_sc_node_v1_0_19_fifo__parameterized7 |        101 |         37 |      64 |    0 |    114 |      0 |      0 |    0 |          0 |
|                   gen_xpm_memory_fifo.inst_fifo                           |             gqav7_z19p_system_data_smartconnect_0_sc_util_v1_0_4_xpm_memory_fifo__parameterized7 |        101 |         37 |      64 |    0 |    114 |      0 |      0 |    0 |          0 |
|                     gen_mem_rep[0].inst_xpm_memory                        |                          gqav7_z19p_system_data_smartconnect_0_xpm_memory_sdpram__parameterized8 |         64 |          0 |      64 |    0 |     92 |      0 |      0 |    0 |          0 |
|                       xpm_memory_base_inst                                |                            gqav7_z19p_system_data_smartconnect_0_xpm_memory_base__parameterized8 |         64 |          0 |      64 |    0 |     92 |      0 |      0 |    0 |          0 |
|           s02_b_node                                                      |                                              gqav7_z19p_system_data_smartconnect_0_bd_5f4f_sbn_2 |         66 |         64 |       2 |    0 |     52 |      0 |      0 |    0 |          0 |
|             inst                                                          |                       gqav7_z19p_system_data_smartconnect_0_sc_node_v1_0_19_top__parameterized11 |         66 |         64 |       2 |    0 |     52 |      0 |      0 |    0 |          0 |
|           s02_r_node                                                      |                                              gqav7_z19p_system_data_smartconnect_0_bd_5f4f_srn_2 |        521 |        217 |     304 |    0 |    594 |      0 |      0 |    0 |          0 |
|             inst                                                          |                       gqav7_z19p_system_data_smartconnect_0_sc_node_v1_0_19_top__parameterized12 |        521 |        217 |     304 |    0 |    594 |      0 |      0 |    0 |          0 |
|               inst_mi_handler                                             |                gqav7_z19p_system_data_smartconnect_0_sc_node_v1_0_19_mi_handler__parameterized12 |        518 |        214 |     304 |    0 |    589 |      0 |      0 |    0 |          0 |
|                 gen_normal_area.inst_fifo_node_payld                      |                      gqav7_z19p_system_data_smartconnect_0_sc_node_v1_0_19_fifo__parameterized12 |        477 |        173 |     304 |    0 |    560 |      0 |      0 |    0 |          0 |
|                   gen_xpm_memory_fifo.inst_fifo                           |            gqav7_z19p_system_data_smartconnect_0_sc_util_v1_0_4_xpm_memory_fifo__parameterized12 |        477 |        173 |     304 |    0 |    560 |      0 |      0 |    0 |          0 |
|                     (gen_xpm_memory_fifo.inst_fifo)                       |            gqav7_z19p_system_data_smartconnect_0_sc_util_v1_0_4_xpm_memory_fifo__parameterized12 |        138 |        138 |       0 |    0 |      3 |      0 |      0 |    0 |          0 |
|                     gen_mem_rep[0].inst_xpm_memory                        |                      gqav7_z19p_system_data_smartconnect_0_xpm_memory_sdpram__parameterized13__1 |         96 |          0 |      96 |    0 |    166 |      0 |      0 |    0 |          0 |
|                       xpm_memory_base_inst                                |                        gqav7_z19p_system_data_smartconnect_0_xpm_memory_base__parameterized13__1 |         96 |          0 |      96 |    0 |    166 |      0 |      0 |    0 |          0 |
|                     gen_mem_rep[1].inst_xpm_memory                        |                         gqav7_z19p_system_data_smartconnect_0_xpm_memory_sdpram__parameterized13 |        108 |          0 |     108 |    0 |    185 |      0 |      0 |    0 |          0 |
|                       xpm_memory_base_inst                                |                           gqav7_z19p_system_data_smartconnect_0_xpm_memory_base__parameterized13 |        108 |          0 |     108 |    0 |    185 |      0 |      0 |    0 |          0 |
|                     gen_mem_rep[2].inst_xpm_memory                        |                         gqav7_z19p_system_data_smartconnect_0_xpm_memory_sdpram__parameterized14 |        100 |          0 |     100 |    0 |    168 |      0 |      0 |    0 |          0 |
|                       xpm_memory_base_inst                                |                           gqav7_z19p_system_data_smartconnect_0_xpm_memory_base__parameterized14 |        100 |          0 |     100 |    0 |    168 |      0 |      0 |    0 |          0 |
|           s02_w_node                                                      |                                              gqav7_z19p_system_data_smartconnect_0_bd_5f4f_swn_2 |        464 |        128 |     336 |    0 |   1248 |      0 |      0 |    0 |          0 |
|             inst                                                          |                       gqav7_z19p_system_data_smartconnect_0_sc_node_v1_0_19_top__parameterized13 |        464 |        128 |     336 |    0 |   1248 |      0 |      0 |    0 |          0 |
|               inst_mi_handler                                             |                gqav7_z19p_system_data_smartconnect_0_sc_node_v1_0_19_mi_handler__parameterized13 |        460 |        124 |     336 |    0 |   1243 |      0 |      0 |    0 |          0 |
|                 gen_normal_area.inst_fifo_node_payld                      |                      gqav7_z19p_system_data_smartconnect_0_sc_node_v1_0_19_fifo__parameterized11 |        383 |         49 |     334 |    0 |    622 |      0 |      0 |    0 |          0 |
|                   gen_xpm_memory_fifo.inst_fifo                           |            gqav7_z19p_system_data_smartconnect_0_sc_util_v1_0_4_xpm_memory_fifo__parameterized11 |        383 |         49 |     334 |    0 |    622 |      0 |      0 |    0 |          0 |
|                     gen_mem_rep[2].inst_xpm_memory                        |                         gqav7_z19p_system_data_smartconnect_0_xpm_memory_sdpram__parameterized12 |        112 |          0 |     112 |    0 |    196 |      0 |      0 |    0 |          0 |
|                       xpm_memory_base_inst                                |                           gqav7_z19p_system_data_smartconnect_0_xpm_memory_base__parameterized12 |        112 |          0 |     112 |    0 |    196 |      0 |      0 |    0 |          0 |
|                     gen_mem_rep[0].inst_xpm_memory                        |                      gqav7_z19p_system_data_smartconnect_0_xpm_memory_sdpram__parameterized11__3 |        108 |          0 |     108 |    0 |    186 |      0 |      0 |    0 |          0 |
|                       xpm_memory_base_inst                                |                        gqav7_z19p_system_data_smartconnect_0_xpm_memory_base__parameterized11__3 |        108 |          0 |     108 |    0 |    186 |      0 |      0 |    0 |          0 |
|                     gen_mem_rep[1].inst_xpm_memory                        |                         gqav7_z19p_system_data_smartconnect_0_xpm_memory_sdpram__parameterized11 |        114 |          0 |     114 |    0 |    198 |      0 |      0 |    0 |          0 |
|                       xpm_memory_base_inst                                |                           gqav7_z19p_system_data_smartconnect_0_xpm_memory_base__parameterized11 |        114 |          0 |     114 |    0 |    198 |      0 |      0 |    0 |          0 |
|                 gen_normal_area.gen_upsizer.inst_upsizer                  |                    gqav7_z19p_system_data_smartconnect_0_sc_node_v1_0_19_upsizer__parameterized0 |         43 |         43 |       0 |    0 |    589 |      0 |      0 |    0 |          0 |
|         switchboards                                                      |                                   gqav7_z19p_system_data_smartconnect_0_switchboards_imp_1FNRBJR |        770 |        770 |       0 |    0 |   1292 |      0 |      0 |    0 |          0 |
|           ar_switchboard                                                  |                                             gqav7_z19p_system_data_smartconnect_0_bd_5f4f_arsw_0 |         98 |         98 |       0 |    0 |     98 |      0 |      0 |    0 |          0 |
|             inst                                                          |                                  gqav7_z19p_system_data_smartconnect_0_sc_switchboard_v1_0_9_top |         98 |         98 |       0 |    0 |     98 |      0 |      0 |    0 |          0 |
|               gen_mi[0].inst_mux_payld                                    |                                       gqav7_z19p_system_data_smartconnect_0_sc_util_v1_0_4_mux_0 |         98 |         98 |       0 |    0 |      0 |      0 |      0 |    0 |          0 |
|               gen_mi[0].inst_opipe_payld                                  |                 gqav7_z19p_system_data_smartconnect_0_sc_util_v1_0_4_pipeline__parameterized12_1 |          0 |          0 |       0 |    0 |     98 |      0 |      0 |    0 |          0 |
|           aw_switchboard                                                  |                                             gqav7_z19p_system_data_smartconnect_0_bd_5f4f_awsw_0 |         92 |         92 |       0 |    0 |     92 |      0 |      0 |    0 |          0 |
|             inst                                                          |                               gqav7_z19p_system_data_smartconnect_0_sc_switchboard_v1_0_9_top__1 |         92 |         92 |       0 |    0 |     92 |      0 |      0 |    0 |          0 |
|               gen_mi[0].inst_mux_payld                                    |                                         gqav7_z19p_system_data_smartconnect_0_sc_util_v1_0_4_mux |         92 |         92 |       0 |    0 |      0 |      0 |      0 |    0 |          0 |
|               gen_mi[0].inst_opipe_payld                                  |                   gqav7_z19p_system_data_smartconnect_0_sc_util_v1_0_4_pipeline__parameterized12 |          0 |          0 |       0 |    0 |     92 |      0 |      0 |    0 |          0 |
|           r_switchboard                                                   |                                              gqav7_z19p_system_data_smartconnect_0_bd_5f4f_rsw_0 |          0 |          0 |       0 |    0 |    520 |      0 |      0 |    0 |          0 |
|             inst                                                          |                  gqav7_z19p_system_data_smartconnect_0_sc_switchboard_v1_0_9_top__parameterized1 |          0 |          0 |       0 |    0 |    520 |      0 |      0 |    0 |          0 |
|               gen_mi[0].inst_opipe_payld                                  |                   gqav7_z19p_system_data_smartconnect_0_sc_util_v1_0_4_pipeline__parameterized14 |          0 |          0 |       0 |    0 |    520 |      0 |      0 |    0 |          0 |
|           w_switchboard                                                   |                                              gqav7_z19p_system_data_smartconnect_0_bd_5f4f_wsw_0 |        580 |        580 |       0 |    0 |    580 |      0 |      0 |    0 |          0 |
|             inst                                                          |                  gqav7_z19p_system_data_smartconnect_0_sc_switchboard_v1_0_9_top__parameterized2 |        580 |        580 |       0 |    0 |    580 |      0 |      0 |    0 |          0 |
|               gen_mi[0].inst_mux_payld                                    |                         gqav7_z19p_system_data_smartconnect_0_sc_util_v1_0_4_mux__parameterized2 |        580 |        580 |       0 |    0 |      0 |      0 |      0 |    0 |          0 |
|               gen_mi[0].inst_opipe_payld                                  |                   gqav7_z19p_system_data_smartconnect_0_sc_util_v1_0_4_pipeline__parameterized15 |          0 |          0 |       0 |    0 |    580 |      0 |      0 |    0 |          0 |
|     gqav7_accelerator_0                                                   |                                                          gqav7_z19p_system_gqav7_accelerator_0_0 |     147306 |     137259 |    9780 |  267 | 133423 |    115 |     86 |    0 |        246 |
|       (gqav7_accelerator_0)                                               |                                                          gqav7_z19p_system_gqav7_accelerator_0_0 |          0 |          0 |       0 |    0 |      0 |      0 |      0 |    0 |          0 |
|       inst                                                                |                                      gqav7_z19p_system_gqav7_accelerator_0_0_gqav5_vivado_ip_top |     147306 |     137259 |    9780 |  267 | 133423 |    115 |     86 |    0 |        246 |
|         u_accelerator                                                     |                                gqav7_z19p_system_gqav7_accelerator_0_0_gqav5_axi_accelerator_top |     147306 |     137259 |    9780 |  267 | 133423 |    115 |     86 |    0 |        246 |
|           i_regs                                                          |                                      gqav7_z19p_system_gqav7_accelerator_0_0_gqav5_axi_lite_regs |        650 |        650 |       0 |    0 |    556 |      0 |      0 |    0 |          0 |
|           i_core                                                          |                                 gqav7_z19p_system_gqav7_accelerator_0_0_gqav5_attention_axi_core |     146677 |     136630 |    9780 |  267 | 132861 |    115 |     86 |    0 |        246 |
|             (i_core)                                                      |                                 gqav7_z19p_system_gqav7_accelerator_0_0_gqav5_attention_axi_core |        251 |        251 |       0 |    0 |    359 |      0 |      0 |    0 |          0 |
|             gen_v_load_dispatch.i_v_load_dispatch                         |                             gqav7_z19p_system_gqav7_accelerator_0_0_gqav5_dma_load_dispatch_v5_2 |         30 |         30 |       0 |    0 |     69 |      0 |      0 |    0 |          0 |
|             gen_v_row_mover.i_v_row_mover                                 |                              gqav7_z19p_system_gqav7_accelerator_0_0_gqav5_axi_row_mover_256_cdc |       1767 |       1575 |     192 |    0 |   1899 |     21 |      2 |    0 |          0 |
|               (gen_v_row_mover.i_v_row_mover)                             |                              gqav7_z19p_system_gqav7_accelerator_0_0_gqav5_axi_row_mover_256_cdc |        358 |        206 |     152 |    0 |    735 |      0 |      0 |    0 |          0 |
|               i_dma_row_mover                                             |                                  gqav7_z19p_system_gqav7_accelerator_0_0_gqav5_axi_row_mover_256 |        812 |        772 |      40 |    0 |    877 |      7 |      1 |    0 |          0 |
|                 (i_dma_row_mover)                                         |                                  gqav7_z19p_system_gqav7_accelerator_0_0_gqav5_axi_row_mover_256 |         64 |         64 |       0 |    0 |      0 |      0 |      0 |    0 |          0 |
|                 gen_v5_4.i_load                                           |                        gqav7_z19p_system_gqav7_accelerator_0_0_gqav5_axi_burst_load_pingpong_256 |        718 |        678 |      40 |    0 |    719 |      7 |      1 |    0 |          0 |
|                 gen_v5_4.i_store                                          |                           gqav7_z19p_system_gqav7_accelerator_0_0_gqav5_axi_row_mover_256_legacy |         30 |         30 |       0 |    0 |    158 |      0 |      0 |    0 |          0 |
|               i_load_command_cdc                                          |                                     gqav7_z19p_system_gqav7_accelerator_0_0_gqav5_async_fifo_371 |         96 |         96 |       0 |    0 |     35 |      1 |      1 |    0 |          0 |
|               i_load_command_dma_slice                                    |                                       gqav7_z19p_system_gqav7_accelerator_0_0_gqav5_rv_slice_372 |         10 |         10 |       0 |    0 |     78 |      0 |      0 |    0 |          0 |
|               i_load_event_cdc                                            |                     gqav7_z19p_system_gqav7_accelerator_0_0_gqav5_async_fifo__parameterized2_373 |        179 |        179 |       0 |    0 |     76 |      4 |      0 |    0 |          0 |
|               i_stats_cdc                                                 |                     gqav7_z19p_system_gqav7_accelerator_0_0_gqav5_async_fifo__parameterized4_374 |        279 |        279 |       0 |    0 |     29 |      9 |      0 |    0 |          0 |
|             i_address                                                     |                              gqav7_z19p_system_gqav7_accelerator_0_0_gqav5_dma_address_generator |        266 |        266 |       0 |    0 |    176 |      0 |      0 |    0 |          4 |
|             i_group_scheduler                                             |                           gqav7_z19p_system_gqav7_accelerator_0_0_gqav5_resident_group_scheduler |       1210 |       1210 |       0 |    0 |    407 |      0 |      0 |    0 |          0 |
|             i_job_scheduler                                               |                                      gqav7_z19p_system_gqav7_accelerator_0_0_gqav5_job_scheduler |        212 |        212 |       0 |    0 |     79 |      0 |      0 |    0 |          0 |
|             i_load_dispatch                                               |                           gqav7_z19p_system_gqav7_accelerator_0_0_gqav5_dma_load_dispatch_v5_2_0 |        127 |        127 |       0 |    0 |     73 |      0 |      0 |    0 |          0 |
|             i_pipeline                                                    |            gqav7_z19p_system_gqav7_accelerator_0_0_gqav5_partitioned_buffered_attention_pipeline |     134047 |     124384 |    9396 |  267 | 117275 |     33 |     64 |    0 |        242 |
|               i_v_buffer                                                  |                         gqav7_z19p_system_gqav7_accelerator_0_0_gqav5_partitioned_v_row_pingpong |       1397 |       1397 |       0 |    0 |    344 |      0 |     64 |    0 |          0 |
|                 gen_buffer[3].i_buffer                                    |                              gqav7_z19p_system_gqav7_accelerator_0_0_gqav5_linear_row_pingpong_6 |        331 |        331 |       0 |    0 |     75 |      0 |     16 |    0 |          0 |
|                   (gen_buffer[3].i_buffer)                                |                              gqav7_z19p_system_gqav7_accelerator_0_0_gqav5_linear_row_pingpong_6 |        279 |        279 |       0 |    0 |     38 |      0 |     16 |    0 |          0 |
|                   i_owner                                                 |                                     gqav7_z19p_system_gqav7_accelerator_0_0_gqav5_pingpong_owner |         52 |         52 |       0 |    0 |     37 |      0 |      0 |    0 |          0 |
|                 gen_buffer[0].i_buffer                                    |                                gqav7_z19p_system_gqav7_accelerator_0_0_gqav5_linear_row_pingpong |        394 |        394 |       0 |    0 |     75 |      0 |     16 |    0 |          0 |
|                   (gen_buffer[0].i_buffer)                                |                                gqav7_z19p_system_gqav7_accelerator_0_0_gqav5_linear_row_pingpong |        342 |        342 |       0 |    0 |     38 |      0 |     16 |    0 |          0 |
|                   i_owner                                                 |                                   gqav7_z19p_system_gqav7_accelerator_0_0_gqav5_pingpong_owner_9 |         52 |         52 |       0 |    0 |     37 |      0 |      0 |    0 |          0 |
|                 gen_buffer[1].i_buffer                                    |                              gqav7_z19p_system_gqav7_accelerator_0_0_gqav5_linear_row_pingpong_4 |        331 |        331 |       0 |    0 |     75 |      0 |     16 |    0 |          0 |
|                   (gen_buffer[1].i_buffer)                                |                              gqav7_z19p_system_gqav7_accelerator_0_0_gqav5_linear_row_pingpong_4 |        278 |        278 |       0 |    0 |     38 |      0 |     16 |    0 |          0 |
|                   i_owner                                                 |                                   gqav7_z19p_system_gqav7_accelerator_0_0_gqav5_pingpong_owner_8 |         53 |         53 |       0 |    0 |     37 |      0 |      0 |    0 |          0 |
|                 gen_buffer[2].i_buffer                                    |                              gqav7_z19p_system_gqav7_accelerator_0_0_gqav5_linear_row_pingpong_5 |        332 |        332 |       0 |    0 |     75 |      0 |     16 |    0 |          0 |
|                   (gen_buffer[2].i_buffer)                                |                              gqav7_z19p_system_gqav7_accelerator_0_0_gqav5_linear_row_pingpong_5 |        278 |        278 |       0 |    0 |     38 |      0 |     16 |    0 |          0 |
|                   i_owner                                                 |                                   gqav7_z19p_system_gqav7_accelerator_0_0_gqav5_pingpong_owner_7 |         54 |         54 |       0 |    0 |     37 |      0 |      0 |    0 |          0 |
|               i_downstream                                                |                          gqav7_z19p_system_gqav7_accelerator_0_0_gqav72_attention_downstream_8x8 |      85744 |      80059 |    5440 |  245 |  82642 |     33 |      0 |    0 |        178 |
|                 (i_downstream)                                            |                          gqav7_z19p_system_gqav7_accelerator_0_0_gqav72_attention_downstream_8x8 |        521 |        393 |     128 |    0 |   2305 |      0 |      0 |    0 |          0 |
|                 i_final_buffer                                            |                           gqav7_z19p_system_gqav7_accelerator_0_0_gqav72_output_row_buffer_8lane |        323 |        323 |       0 |    0 |     11 |      4 |      0 |    0 |          0 |
|                 i_normalize                                               |                            gqav7_z19p_system_gqav7_accelerator_0_0_gqav72_output_normalize_8lane |       2187 |       2187 |       0 |    0 |   2471 |      0 |      0 |    0 |         28 |
|                   (i_normalize)                                           |                            gqav7_z19p_system_gqav7_accelerator_0_0_gqav72_output_normalize_8lane |        555 |        555 |       0 |    0 |   1356 |      0 |      0 |    0 |          0 |
|                   gen_normalize_lane[0].i_normalize                       |                              gqav7_z19p_system_gqav7_accelerator_0_0_gqav7_fp32_mul_rne_pipe_363 |        363 |        363 |       0 |    0 |    124 |      0 |      0 |    0 |          2 |
|                   gen_normalize_lane[1].i_normalize                       |                              gqav7_z19p_system_gqav7_accelerator_0_0_gqav7_fp32_mul_rne_pipe_364 |        106 |        106 |       0 |    0 |    121 |      0 |      0 |    0 |          2 |
|                   gen_normalize_lane[2].i_normalize                       |                              gqav7_z19p_system_gqav7_accelerator_0_0_gqav7_fp32_mul_rne_pipe_365 |        106 |        106 |       0 |    0 |    121 |      0 |      0 |    0 |          2 |
|                   gen_normalize_lane[3].i_normalize                       |                              gqav7_z19p_system_gqav7_accelerator_0_0_gqav7_fp32_mul_rne_pipe_366 |        108 |        108 |       0 |    0 |    121 |      0 |      0 |    0 |          2 |
|                   gen_normalize_lane[4].i_normalize                       |                              gqav7_z19p_system_gqav7_accelerator_0_0_gqav7_fp32_mul_rne_pipe_367 |        108 |        108 |       0 |    0 |    121 |      0 |      0 |    0 |          2 |
|                   gen_normalize_lane[5].i_normalize                       |                              gqav7_z19p_system_gqav7_accelerator_0_0_gqav7_fp32_mul_rne_pipe_368 |        106 |        106 |       0 |    0 |    121 |      0 |      0 |    0 |          2 |
|                   gen_normalize_lane[6].i_normalize                       |                              gqav7_z19p_system_gqav7_accelerator_0_0_gqav7_fp32_mul_rne_pipe_369 |        106 |        106 |       0 |    0 |    121 |      0 |      0 |    0 |          2 |
|                   gen_normalize_lane[7].i_normalize                       |                              gqav7_z19p_system_gqav7_accelerator_0_0_gqav7_fp32_mul_rne_pipe_370 |        107 |        107 |       0 |    0 |    121 |      0 |      0 |    0 |          2 |
|                   i_reciprocal                                            |                                  gqav7_z19p_system_gqav7_accelerator_0_0_gqav5_fp32_recip_lut_nr |        522 |        522 |       0 |    0 |    144 |      0 |      0 |    0 |         12 |
|                 i_output_update                                           |                               gqav7_z19p_system_gqav7_accelerator_0_0_gqav72_output_update_8lane |       7794 |       7759 |       0 |   35 |   9169 |      8 |      0 |    0 |         32 |
|                   (i_output_update)                                       |                               gqav7_z19p_system_gqav7_accelerator_0_0_gqav72_output_update_8lane |       1827 |       1792 |       0 |   35 |   3857 |      8 |      0 |    0 |          0 |
|                   gen_update_lane[0].i_add_partial                        |                              gqav7_z19p_system_gqav7_accelerator_0_0_gqav7_fp32_add_rne_pipe_331 |        396 |        396 |       0 |    0 |    392 |      0 |      0 |    0 |          0 |
|                   gen_update_lane[0].i_scale_alternate                    |                              gqav7_z19p_system_gqav7_accelerator_0_0_gqav7_fp32_mul_rne_pipe_332 |        109 |        109 |       0 |    0 |    121 |      0 |      0 |    0 |          2 |
|                   gen_update_lane[0].i_scale_state                        |                              gqav7_z19p_system_gqav7_accelerator_0_0_gqav7_fp32_mul_rne_pipe_333 |        164 |        164 |       0 |    0 |    121 |      0 |      0 |    0 |          2 |
|                   gen_update_lane[0].i_scale_zero                         |                              gqav7_z19p_system_gqav7_accelerator_0_0_gqav7_fp32_mul_rne_pipe_334 |         72 |         72 |       0 |    0 |     30 |      0 |      0 |    0 |          0 |
|                   gen_update_lane[1].i_add_partial                        |                              gqav7_z19p_system_gqav7_accelerator_0_0_gqav7_fp32_add_rne_pipe_335 |        397 |        397 |       0 |    0 |    392 |      0 |      0 |    0 |          0 |
|                   gen_update_lane[1].i_scale_alternate                    |                              gqav7_z19p_system_gqav7_accelerator_0_0_gqav7_fp32_mul_rne_pipe_336 |        109 |        109 |       0 |    0 |    121 |      0 |      0 |    0 |          2 |
|                   gen_update_lane[1].i_scale_state                        |                              gqav7_z19p_system_gqav7_accelerator_0_0_gqav7_fp32_mul_rne_pipe_337 |        164 |        164 |       0 |    0 |    121 |      0 |      0 |    0 |          2 |
|                   gen_update_lane[1].i_scale_zero                         |                              gqav7_z19p_system_gqav7_accelerator_0_0_gqav7_fp32_mul_rne_pipe_338 |         73 |         73 |       0 |    0 |     30 |      0 |      0 |    0 |          0 |
|                   gen_update_lane[2].i_add_partial                        |                              gqav7_z19p_system_gqav7_accelerator_0_0_gqav7_fp32_add_rne_pipe_339 |        397 |        397 |       0 |    0 |    392 |      0 |      0 |    0 |          0 |
|                   gen_update_lane[2].i_scale_alternate                    |                              gqav7_z19p_system_gqav7_accelerator_0_0_gqav7_fp32_mul_rne_pipe_340 |        109 |        109 |       0 |    0 |    121 |      0 |      0 |    0 |          2 |
|                   gen_update_lane[2].i_scale_state                        |                              gqav7_z19p_system_gqav7_accelerator_0_0_gqav7_fp32_mul_rne_pipe_341 |        164 |        164 |       0 |    0 |    121 |      0 |      0 |    0 |          2 |
|                   gen_update_lane[2].i_scale_zero                         |                              gqav7_z19p_system_gqav7_accelerator_0_0_gqav7_fp32_mul_rne_pipe_342 |         72 |         72 |       0 |    0 |     30 |      0 |      0 |    0 |          0 |
|                   gen_update_lane[3].i_add_partial                        |                              gqav7_z19p_system_gqav7_accelerator_0_0_gqav7_fp32_add_rne_pipe_343 |        396 |        396 |       0 |    0 |    392 |      0 |      0 |    0 |          0 |
|                   gen_update_lane[3].i_scale_alternate                    |                              gqav7_z19p_system_gqav7_accelerator_0_0_gqav7_fp32_mul_rne_pipe_344 |        109 |        109 |       0 |    0 |    121 |      0 |      0 |    0 |          2 |
|                   gen_update_lane[3].i_scale_state                        |                              gqav7_z19p_system_gqav7_accelerator_0_0_gqav7_fp32_mul_rne_pipe_345 |        164 |        164 |       0 |    0 |    121 |      0 |      0 |    0 |          2 |
|                   gen_update_lane[3].i_scale_zero                         |                              gqav7_z19p_system_gqav7_accelerator_0_0_gqav7_fp32_mul_rne_pipe_346 |         71 |         71 |       0 |    0 |     30 |      0 |      0 |    0 |          0 |
|                   gen_update_lane[4].i_add_partial                        |                              gqav7_z19p_system_gqav7_accelerator_0_0_gqav7_fp32_add_rne_pipe_347 |        398 |        398 |       0 |    0 |    392 |      0 |      0 |    0 |          0 |
|                   gen_update_lane[4].i_scale_alternate                    |                              gqav7_z19p_system_gqav7_accelerator_0_0_gqav7_fp32_mul_rne_pipe_348 |        109 |        109 |       0 |    0 |    121 |      0 |      0 |    0 |          2 |
|                   gen_update_lane[4].i_scale_state                        |                              gqav7_z19p_system_gqav7_accelerator_0_0_gqav7_fp32_mul_rne_pipe_349 |        164 |        164 |       0 |    0 |    121 |      0 |      0 |    0 |          2 |
|                   gen_update_lane[4].i_scale_zero                         |                              gqav7_z19p_system_gqav7_accelerator_0_0_gqav7_fp32_mul_rne_pipe_350 |         72 |         72 |       0 |    0 |     30 |      0 |      0 |    0 |          0 |
|                   gen_update_lane[5].i_add_partial                        |                              gqav7_z19p_system_gqav7_accelerator_0_0_gqav7_fp32_add_rne_pipe_351 |        397 |        397 |       0 |    0 |    392 |      0 |      0 |    0 |          0 |
|                   gen_update_lane[5].i_scale_alternate                    |                              gqav7_z19p_system_gqav7_accelerator_0_0_gqav7_fp32_mul_rne_pipe_352 |        109 |        109 |       0 |    0 |    121 |      0 |      0 |    0 |          2 |
|                   gen_update_lane[5].i_scale_state                        |                              gqav7_z19p_system_gqav7_accelerator_0_0_gqav7_fp32_mul_rne_pipe_353 |        164 |        164 |       0 |    0 |    121 |      0 |      0 |    0 |          2 |
|                   gen_update_lane[5].i_scale_zero                         |                              gqav7_z19p_system_gqav7_accelerator_0_0_gqav7_fp32_mul_rne_pipe_354 |         73 |         73 |       0 |    0 |     30 |      0 |      0 |    0 |          0 |
|                   gen_update_lane[6].i_add_partial                        |                              gqav7_z19p_system_gqav7_accelerator_0_0_gqav7_fp32_add_rne_pipe_355 |        399 |        399 |       0 |    0 |    392 |      0 |      0 |    0 |          0 |
|                   gen_update_lane[6].i_scale_alternate                    |                              gqav7_z19p_system_gqav7_accelerator_0_0_gqav7_fp32_mul_rne_pipe_356 |        109 |        109 |       0 |    0 |    121 |      0 |      0 |    0 |          2 |
|                   gen_update_lane[6].i_scale_state                        |                              gqav7_z19p_system_gqav7_accelerator_0_0_gqav7_fp32_mul_rne_pipe_357 |        164 |        164 |       0 |    0 |    121 |      0 |      0 |    0 |          2 |
|                   gen_update_lane[6].i_scale_zero                         |                              gqav7_z19p_system_gqav7_accelerator_0_0_gqav7_fp32_mul_rne_pipe_358 |         72 |         72 |       0 |    0 |     30 |      0 |      0 |    0 |          0 |
|                   gen_update_lane[7].i_add_partial                        |                              gqav7_z19p_system_gqav7_accelerator_0_0_gqav7_fp32_add_rne_pipe_359 |        397 |        397 |       0 |    0 |    392 |      0 |      0 |    0 |          0 |
|                   gen_update_lane[7].i_scale_alternate                    |                              gqav7_z19p_system_gqav7_accelerator_0_0_gqav7_fp32_mul_rne_pipe_360 |        109 |        109 |       0 |    0 |    121 |      0 |      0 |    0 |          2 |
|                   gen_update_lane[7].i_scale_state                        |                              gqav7_z19p_system_gqav7_accelerator_0_0_gqav7_fp32_mul_rne_pipe_361 |        164 |        164 |       0 |    0 |    121 |      0 |      0 |    0 |          2 |
|                   gen_update_lane[7].i_scale_zero                         |                              gqav7_z19p_system_gqav7_accelerator_0_0_gqav7_fp32_mul_rne_pipe_362 |         71 |         71 |       0 |    0 |     30 |      0 |      0 |    0 |          0 |
|                 i_pair_fifo                                               |                             gqav7_z19p_system_gqav7_accelerator_0_0_gqav73_probability_pair_fifo |       2694 |       2694 |       0 |    0 |   1417 |      0 |      0 |    0 |          0 |
|                 i_pair_rescale                                            |                    gqav7_z19p_system_gqav7_accelerator_0_0_gqav72_probability_pair_rescale_8lane |       2900 |       2900 |       0 |    0 |   6821 |      0 |      0 |    0 |         18 |
|                   (i_pair_rescale)                                        |                    gqav7_z19p_system_gqav7_accelerator_0_0_gqav72_probability_pair_rescale_8lane |         18 |         18 |       0 |    0 |   5705 |      0 |      0 |    0 |          0 |
|                   gen_rescale_lane[0].i_rescale                           |                              gqav7_z19p_system_gqav7_accelerator_0_0_gqav7_fp32_mul_rne_pipe_322 |        313 |        313 |       0 |    0 |    124 |      0 |      0 |    0 |          2 |
|                   gen_rescale_lane[1].i_rescale                           |                              gqav7_z19p_system_gqav7_accelerator_0_0_gqav7_fp32_mul_rne_pipe_323 |        310 |        310 |       0 |    0 |    124 |      0 |      0 |    0 |          2 |
|                   gen_rescale_lane[2].i_rescale                           |                              gqav7_z19p_system_gqav7_accelerator_0_0_gqav7_fp32_mul_rne_pipe_324 |        310 |        310 |       0 |    0 |    124 |      0 |      0 |    0 |          2 |
|                   gen_rescale_lane[3].i_rescale                           |                              gqav7_z19p_system_gqav7_accelerator_0_0_gqav7_fp32_mul_rne_pipe_325 |        310 |        310 |       0 |    0 |    124 |      0 |      0 |    0 |          2 |
|                   gen_rescale_lane[4].i_rescale                           |                              gqav7_z19p_system_gqav7_accelerator_0_0_gqav7_fp32_mul_rne_pipe_326 |        321 |        321 |       0 |    0 |    124 |      0 |      0 |    0 |          2 |
|                   gen_rescale_lane[5].i_rescale                           |                              gqav7_z19p_system_gqav7_accelerator_0_0_gqav7_fp32_mul_rne_pipe_327 |        311 |        311 |       0 |    0 |    124 |      0 |      0 |    0 |          2 |
|                   gen_rescale_lane[6].i_rescale                           |                              gqav7_z19p_system_gqav7_accelerator_0_0_gqav7_fp32_mul_rne_pipe_328 |        312 |        312 |       0 |    0 |    124 |      0 |      0 |    0 |          2 |
|                   gen_rescale_lane[7].i_rescale                           |                              gqav7_z19p_system_gqav7_accelerator_0_0_gqav7_fp32_mul_rne_pipe_329 |        310 |        310 |       0 |    0 |    124 |      0 |      0 |    0 |          2 |
|                   i_combine_alpha                                         |                              gqav7_z19p_system_gqav7_accelerator_0_0_gqav7_fp32_mul_rne_pipe_330 |        387 |        387 |       0 |    0 |    124 |      0 |      0 |    0 |          2 |
|                 i_pv                                                      |              gqav7_z19p_system_gqav7_accelerator_0_0_gqav72_pv_partitioned_adapter_8x8_decoupled |      56324 |      50988 |    5312 |   24 |  45362 |      0 |      0 |    0 |         64 |
|                   (i_pv)                                                  |              gqav7_z19p_system_gqav7_accelerator_0_0_gqav72_pv_partitioned_adapter_8x8_decoupled |       6018 |       5698 |     320 |    0 |  11612 |      0 |      0 |    0 |          0 |
|                   gen_merge_lane[0].i_merge_add                           |                              gqav7_z19p_system_gqav7_accelerator_0_0_gqav7_fp32_add_rne_pipe_186 |        562 |        562 |       0 |    0 |    397 |      0 |      0 |    0 |          0 |
|                   gen_merge_lane[1].i_merge_add                           |                              gqav7_z19p_system_gqav7_accelerator_0_0_gqav7_fp32_add_rne_pipe_187 |        499 |        499 |       0 |    0 |    397 |      0 |      0 |    0 |          0 |
|                   gen_merge_lane[2].i_merge_add                           |                              gqav7_z19p_system_gqav7_accelerator_0_0_gqav7_fp32_add_rne_pipe_188 |        498 |        498 |       0 |    0 |    397 |      0 |      0 |    0 |          0 |
|                   gen_merge_lane[3].i_merge_add                           |                              gqav7_z19p_system_gqav7_accelerator_0_0_gqav7_fp32_add_rne_pipe_189 |        503 |        503 |       0 |    0 |    397 |      0 |      0 |    0 |          0 |
|                   gen_merge_lane[4].i_merge_add                           |                              gqav7_z19p_system_gqav7_accelerator_0_0_gqav7_fp32_add_rne_pipe_190 |        500 |        500 |       0 |    0 |    397 |      0 |      0 |    0 |          0 |
|                   gen_merge_lane[5].i_merge_add                           |                              gqav7_z19p_system_gqav7_accelerator_0_0_gqav7_fp32_add_rne_pipe_191 |        499 |        499 |       0 |    0 |    397 |      0 |      0 |    0 |          0 |
|                   gen_merge_lane[6].i_merge_add                           |                              gqav7_z19p_system_gqav7_accelerator_0_0_gqav7_fp32_add_rne_pipe_192 |        502 |        502 |       0 |    0 |    397 |      0 |      0 |    0 |          0 |
|                   gen_merge_lane[7].i_merge_add                           |                              gqav7_z19p_system_gqav7_accelerator_0_0_gqav7_fp32_add_rne_pipe_193 |        499 |        499 |       0 |    0 |    397 |      0 |      0 |    0 |          0 |
|                   i_compute_capture                                       |                          gqav7_z19p_system_gqav7_accelerator_0_0_gqav7_pv_compute_capture_engine |      46248 |      41232 |    4992 |   24 |  30574 |      0 |      0 |    0 |         64 |
|                     (i_compute_capture)                                   |                          gqav7_z19p_system_gqav7_accelerator_0_0_gqav7_pv_compute_capture_engine |       2483 |         51 |    2432 |    0 |     48 |      0 |      0 |    0 |          0 |
|                     i_qk                                                  |        gqav7_z19p_system_gqav7_accelerator_0_0_gqav7_qk_logical_16x16_dual_group__parameterized0 |      43766 |      41182 |    2560 |   24 |  30526 |      0 |      0 |    0 |         64 |
|                       i_engine                                            |       gqav7_z19p_system_gqav7_accelerator_0_0_gqav7_dual_group_outer_product_8x8__parameterized0 |      41112 |      38528 |    2560 |   24 |  29182 |      0 |      0 |    0 |         64 |
|                         (i_engine)                                        |       gqav7_z19p_system_gqav7_accelerator_0_0_gqav7_dual_group_outer_product_8x8__parameterized0 |       5218 |       2635 |    2560 |   23 |    761 |      0 |      0 |    0 |          0 |
|                         gen_row[0].gen_col[0].i_accumulate                |                              gqav7_z19p_system_gqav7_accelerator_0_0_gqav7_fp32_add_rne_pipe_194 |        425 |        424 |       0 |    1 |    394 |      0 |      0 |    0 |          0 |
|                         gen_row[0].gen_col[0].i_multiply                  |                             gqav7_z19p_system_gqav7_accelerator_0_0_gqav7_bf16_mul_fp32_pipe_195 |        159 |        159 |       0 |    0 |     53 |      0 |      0 |    0 |          1 |
|                         gen_row[0].gen_col[1].i_accumulate                |                              gqav7_z19p_system_gqav7_accelerator_0_0_gqav7_fp32_add_rne_pipe_196 |        422 |        422 |       0 |    0 |    392 |      0 |      0 |    0 |          0 |
|                         gen_row[0].gen_col[1].i_multiply                  |                             gqav7_z19p_system_gqav7_accelerator_0_0_gqav7_bf16_mul_fp32_pipe_197 |        140 |        140 |       0 |    0 |     52 |      0 |      0 |    0 |          1 |
|                         gen_row[0].gen_col[2].i_accumulate                |                              gqav7_z19p_system_gqav7_accelerator_0_0_gqav7_fp32_add_rne_pipe_198 |        423 |        423 |       0 |    0 |    392 |      0 |      0 |    0 |          0 |
|                         gen_row[0].gen_col[2].i_multiply                  |                             gqav7_z19p_system_gqav7_accelerator_0_0_gqav7_bf16_mul_fp32_pipe_199 |        140 |        140 |       0 |    0 |     52 |      0 |      0 |    0 |          1 |
|                         gen_row[0].gen_col[3].i_accumulate                |                              gqav7_z19p_system_gqav7_accelerator_0_0_gqav7_fp32_add_rne_pipe_200 |        425 |        425 |       0 |    0 |    392 |      0 |      0 |    0 |          0 |
|                         gen_row[0].gen_col[3].i_multiply                  |                             gqav7_z19p_system_gqav7_accelerator_0_0_gqav7_bf16_mul_fp32_pipe_201 |        140 |        140 |       0 |    0 |     52 |      0 |      0 |    0 |          1 |
|                         gen_row[0].gen_col[4].i_accumulate                |                              gqav7_z19p_system_gqav7_accelerator_0_0_gqav7_fp32_add_rne_pipe_202 |        424 |        424 |       0 |    0 |    392 |      0 |      0 |    0 |          0 |
|                         gen_row[0].gen_col[4].i_multiply                  |                             gqav7_z19p_system_gqav7_accelerator_0_0_gqav7_bf16_mul_fp32_pipe_203 |        141 |        141 |       0 |    0 |     52 |      0 |      0 |    0 |          1 |
|                         gen_row[0].gen_col[5].i_accumulate                |                              gqav7_z19p_system_gqav7_accelerator_0_0_gqav7_fp32_add_rne_pipe_204 |        421 |        421 |       0 |    0 |    392 |      0 |      0 |    0 |          0 |
|                         gen_row[0].gen_col[5].i_multiply                  |                             gqav7_z19p_system_gqav7_accelerator_0_0_gqav7_bf16_mul_fp32_pipe_205 |        140 |        140 |       0 |    0 |     53 |      0 |      0 |    0 |          1 |
|                         gen_row[0].gen_col[6].i_accumulate                |                              gqav7_z19p_system_gqav7_accelerator_0_0_gqav7_fp32_add_rne_pipe_206 |        425 |        425 |       0 |    0 |    392 |      0 |      0 |    0 |          0 |
|                         gen_row[0].gen_col[6].i_multiply                  |                             gqav7_z19p_system_gqav7_accelerator_0_0_gqav7_bf16_mul_fp32_pipe_207 |        140 |        140 |       0 |    0 |     52 |      0 |      0 |    0 |          1 |
|                         gen_row[0].gen_col[7].i_accumulate                |                              gqav7_z19p_system_gqav7_accelerator_0_0_gqav7_fp32_add_rne_pipe_208 |        424 |        424 |       0 |    0 |    392 |      0 |      0 |    0 |          0 |
|                         gen_row[0].gen_col[7].i_multiply                  |                             gqav7_z19p_system_gqav7_accelerator_0_0_gqav7_bf16_mul_fp32_pipe_209 |        139 |        139 |       0 |    0 |     52 |      0 |      0 |    0 |          1 |
|                         gen_row[1].gen_col[0].i_accumulate                |                              gqav7_z19p_system_gqav7_accelerator_0_0_gqav7_fp32_add_rne_pipe_210 |        421 |        421 |       0 |    0 |    392 |      0 |      0 |    0 |          0 |
|                         gen_row[1].gen_col[0].i_multiply                  |                             gqav7_z19p_system_gqav7_accelerator_0_0_gqav7_bf16_mul_fp32_pipe_211 |        140 |        140 |       0 |    0 |     52 |      0 |      0 |    0 |          1 |
|                         gen_row[1].gen_col[1].i_accumulate                |                              gqav7_z19p_system_gqav7_accelerator_0_0_gqav7_fp32_add_rne_pipe_212 |        425 |        425 |       0 |    0 |    392 |      0 |      0 |    0 |          0 |
|                         gen_row[1].gen_col[1].i_multiply                  |                             gqav7_z19p_system_gqav7_accelerator_0_0_gqav7_bf16_mul_fp32_pipe_213 |        141 |        141 |       0 |    0 |     52 |      0 |      0 |    0 |          1 |
|                         gen_row[1].gen_col[2].i_accumulate                |                              gqav7_z19p_system_gqav7_accelerator_0_0_gqav7_fp32_add_rne_pipe_214 |        421 |        421 |       0 |    0 |    392 |      0 |      0 |    0 |          0 |
|                         gen_row[1].gen_col[2].i_multiply                  |                             gqav7_z19p_system_gqav7_accelerator_0_0_gqav7_bf16_mul_fp32_pipe_215 |        140 |        140 |       0 |    0 |     52 |      0 |      0 |    0 |          1 |
|                         gen_row[1].gen_col[3].i_accumulate                |                              gqav7_z19p_system_gqav7_accelerator_0_0_gqav7_fp32_add_rne_pipe_216 |        421 |        421 |       0 |    0 |    392 |      0 |      0 |    0 |          0 |
|                         gen_row[1].gen_col[3].i_multiply                  |                             gqav7_z19p_system_gqav7_accelerator_0_0_gqav7_bf16_mul_fp32_pipe_217 |        139 |        139 |       0 |    0 |     52 |      0 |      0 |    0 |          1 |
|                         gen_row[1].gen_col[4].i_accumulate                |                              gqav7_z19p_system_gqav7_accelerator_0_0_gqav7_fp32_add_rne_pipe_218 |        423 |        423 |       0 |    0 |    392 |      0 |      0 |    0 |          0 |
|                         gen_row[1].gen_col[4].i_multiply                  |                             gqav7_z19p_system_gqav7_accelerator_0_0_gqav7_bf16_mul_fp32_pipe_219 |        141 |        141 |       0 |    0 |     52 |      0 |      0 |    0 |          1 |
|                         gen_row[1].gen_col[5].i_accumulate                |                              gqav7_z19p_system_gqav7_accelerator_0_0_gqav7_fp32_add_rne_pipe_220 |        422 |        422 |       0 |    0 |    392 |      0 |      0 |    0 |          0 |
|                         gen_row[1].gen_col[5].i_multiply                  |                             gqav7_z19p_system_gqav7_accelerator_0_0_gqav7_bf16_mul_fp32_pipe_221 |        141 |        141 |       0 |    0 |     52 |      0 |      0 |    0 |          1 |
|                         gen_row[1].gen_col[6].i_accumulate                |                              gqav7_z19p_system_gqav7_accelerator_0_0_gqav7_fp32_add_rne_pipe_222 |        422 |        422 |       0 |    0 |    392 |      0 |      0 |    0 |          0 |
|                         gen_row[1].gen_col[6].i_multiply                  |                             gqav7_z19p_system_gqav7_accelerator_0_0_gqav7_bf16_mul_fp32_pipe_223 |        139 |        139 |       0 |    0 |     52 |      0 |      0 |    0 |          1 |
|                         gen_row[1].gen_col[7].i_accumulate                |                              gqav7_z19p_system_gqav7_accelerator_0_0_gqav7_fp32_add_rne_pipe_224 |        426 |        426 |       0 |    0 |    392 |      0 |      0 |    0 |          0 |
|                         gen_row[1].gen_col[7].i_multiply                  |                             gqav7_z19p_system_gqav7_accelerator_0_0_gqav7_bf16_mul_fp32_pipe_225 |        142 |        142 |       0 |    0 |     52 |      0 |      0 |    0 |          1 |
|                         gen_row[2].gen_col[0].i_accumulate                |                              gqav7_z19p_system_gqav7_accelerator_0_0_gqav7_fp32_add_rne_pipe_226 |        423 |        423 |       0 |    0 |    392 |      0 |      0 |    0 |          0 |
|                         gen_row[2].gen_col[0].i_multiply                  |                             gqav7_z19p_system_gqav7_accelerator_0_0_gqav7_bf16_mul_fp32_pipe_227 |        141 |        141 |       0 |    0 |     52 |      0 |      0 |    0 |          1 |
|                         gen_row[2].gen_col[1].i_accumulate                |                              gqav7_z19p_system_gqav7_accelerator_0_0_gqav7_fp32_add_rne_pipe_228 |        422 |        422 |       0 |    0 |    392 |      0 |      0 |    0 |          0 |
|                         gen_row[2].gen_col[1].i_multiply                  |                             gqav7_z19p_system_gqav7_accelerator_0_0_gqav7_bf16_mul_fp32_pipe_229 |        142 |        142 |       0 |    0 |     52 |      0 |      0 |    0 |          1 |
|                         gen_row[2].gen_col[2].i_accumulate                |                              gqav7_z19p_system_gqav7_accelerator_0_0_gqav7_fp32_add_rne_pipe_230 |        423 |        423 |       0 |    0 |    392 |      0 |      0 |    0 |          0 |
|                         gen_row[2].gen_col[2].i_multiply                  |                             gqav7_z19p_system_gqav7_accelerator_0_0_gqav7_bf16_mul_fp32_pipe_231 |        140 |        140 |       0 |    0 |     52 |      0 |      0 |    0 |          1 |
|                         gen_row[2].gen_col[3].i_accumulate                |                              gqav7_z19p_system_gqav7_accelerator_0_0_gqav7_fp32_add_rne_pipe_232 |        423 |        423 |       0 |    0 |    392 |      0 |      0 |    0 |          0 |
|                         gen_row[2].gen_col[3].i_multiply                  |                             gqav7_z19p_system_gqav7_accelerator_0_0_gqav7_bf16_mul_fp32_pipe_233 |        140 |        140 |       0 |    0 |     52 |      0 |      0 |    0 |          1 |
|                         gen_row[2].gen_col[4].i_accumulate                |                              gqav7_z19p_system_gqav7_accelerator_0_0_gqav7_fp32_add_rne_pipe_234 |        426 |        426 |       0 |    0 |    392 |      0 |      0 |    0 |          0 |
|                         gen_row[2].gen_col[4].i_multiply                  |                             gqav7_z19p_system_gqav7_accelerator_0_0_gqav7_bf16_mul_fp32_pipe_235 |        140 |        140 |       0 |    0 |     52 |      0 |      0 |    0 |          1 |
|                         gen_row[2].gen_col[5].i_accumulate                |                              gqav7_z19p_system_gqav7_accelerator_0_0_gqav7_fp32_add_rne_pipe_236 |        422 |        422 |       0 |    0 |    392 |      0 |      0 |    0 |          0 |
|                         gen_row[2].gen_col[5].i_multiply                  |                             gqav7_z19p_system_gqav7_accelerator_0_0_gqav7_bf16_mul_fp32_pipe_237 |        140 |        140 |       0 |    0 |     52 |      0 |      0 |    0 |          1 |
|                         gen_row[2].gen_col[6].i_accumulate                |                              gqav7_z19p_system_gqav7_accelerator_0_0_gqav7_fp32_add_rne_pipe_238 |        426 |        426 |       0 |    0 |    392 |      0 |      0 |    0 |          0 |
|                         gen_row[2].gen_col[6].i_multiply                  |                             gqav7_z19p_system_gqav7_accelerator_0_0_gqav7_bf16_mul_fp32_pipe_239 |        142 |        142 |       0 |    0 |     52 |      0 |      0 |    0 |          1 |
|                         gen_row[2].gen_col[7].i_accumulate                |                              gqav7_z19p_system_gqav7_accelerator_0_0_gqav7_fp32_add_rne_pipe_240 |        424 |        424 |       0 |    0 |    392 |      0 |      0 |    0 |          0 |
|                         gen_row[2].gen_col[7].i_multiply                  |                             gqav7_z19p_system_gqav7_accelerator_0_0_gqav7_bf16_mul_fp32_pipe_241 |        139 |        139 |       0 |    0 |     52 |      0 |      0 |    0 |          1 |
|                         gen_row[3].gen_col[0].i_accumulate                |                              gqav7_z19p_system_gqav7_accelerator_0_0_gqav7_fp32_add_rne_pipe_242 |        423 |        423 |       0 |    0 |    392 |      0 |      0 |    0 |          0 |
|                         gen_row[3].gen_col[0].i_multiply                  |                             gqav7_z19p_system_gqav7_accelerator_0_0_gqav7_bf16_mul_fp32_pipe_243 |        140 |        140 |       0 |    0 |     52 |      0 |      0 |    0 |          1 |
|                         gen_row[3].gen_col[1].i_accumulate                |                              gqav7_z19p_system_gqav7_accelerator_0_0_gqav7_fp32_add_rne_pipe_244 |        422 |        422 |       0 |    0 |    392 |      0 |      0 |    0 |          0 |
|                         gen_row[3].gen_col[1].i_multiply                  |                             gqav7_z19p_system_gqav7_accelerator_0_0_gqav7_bf16_mul_fp32_pipe_245 |        141 |        141 |       0 |    0 |     52 |      0 |      0 |    0 |          1 |
|                         gen_row[3].gen_col[2].i_accumulate                |                              gqav7_z19p_system_gqav7_accelerator_0_0_gqav7_fp32_add_rne_pipe_246 |        424 |        424 |       0 |    0 |    392 |      0 |      0 |    0 |          0 |
|                         gen_row[3].gen_col[2].i_multiply                  |                             gqav7_z19p_system_gqav7_accelerator_0_0_gqav7_bf16_mul_fp32_pipe_247 |        140 |        140 |       0 |    0 |     52 |      0 |      0 |    0 |          1 |
|                         gen_row[3].gen_col[3].i_accumulate                |                              gqav7_z19p_system_gqav7_accelerator_0_0_gqav7_fp32_add_rne_pipe_248 |        427 |        427 |       0 |    0 |    392 |      0 |      0 |    0 |          0 |
|                         gen_row[3].gen_col[3].i_multiply                  |                             gqav7_z19p_system_gqav7_accelerator_0_0_gqav7_bf16_mul_fp32_pipe_249 |        141 |        141 |       0 |    0 |     52 |      0 |      0 |    0 |          1 |
|                         gen_row[3].gen_col[4].i_accumulate                |                              gqav7_z19p_system_gqav7_accelerator_0_0_gqav7_fp32_add_rne_pipe_250 |        424 |        424 |       0 |    0 |    392 |      0 |      0 |    0 |          0 |
|                         gen_row[3].gen_col[4].i_multiply                  |                             gqav7_z19p_system_gqav7_accelerator_0_0_gqav7_bf16_mul_fp32_pipe_251 |        141 |        141 |       0 |    0 |     52 |      0 |      0 |    0 |          1 |
|                         gen_row[3].gen_col[5].i_accumulate                |                              gqav7_z19p_system_gqav7_accelerator_0_0_gqav7_fp32_add_rne_pipe_252 |        425 |        425 |       0 |    0 |    392 |      0 |      0 |    0 |          0 |
|                         gen_row[3].gen_col[5].i_multiply                  |                             gqav7_z19p_system_gqav7_accelerator_0_0_gqav7_bf16_mul_fp32_pipe_253 |        139 |        139 |       0 |    0 |     52 |      0 |      0 |    0 |          1 |
|                         gen_row[3].gen_col[6].i_accumulate                |                              gqav7_z19p_system_gqav7_accelerator_0_0_gqav7_fp32_add_rne_pipe_254 |        426 |        426 |       0 |    0 |    392 |      0 |      0 |    0 |          0 |
|                         gen_row[3].gen_col[6].i_multiply                  |                             gqav7_z19p_system_gqav7_accelerator_0_0_gqav7_bf16_mul_fp32_pipe_255 |        141 |        141 |       0 |    0 |     52 |      0 |      0 |    0 |          1 |
|                         gen_row[3].gen_col[7].i_accumulate                |                              gqav7_z19p_system_gqav7_accelerator_0_0_gqav7_fp32_add_rne_pipe_256 |        425 |        425 |       0 |    0 |    392 |      0 |      0 |    0 |          0 |
|                         gen_row[3].gen_col[7].i_multiply                  |                             gqav7_z19p_system_gqav7_accelerator_0_0_gqav7_bf16_mul_fp32_pipe_257 |        141 |        141 |       0 |    0 |     52 |      0 |      0 |    0 |          1 |
|                         gen_row[4].gen_col[0].i_accumulate                |                              gqav7_z19p_system_gqav7_accelerator_0_0_gqav7_fp32_add_rne_pipe_258 |        423 |        423 |       0 |    0 |    392 |      0 |      0 |    0 |          0 |
|                         gen_row[4].gen_col[0].i_multiply                  |                             gqav7_z19p_system_gqav7_accelerator_0_0_gqav7_bf16_mul_fp32_pipe_259 |        141 |        141 |       0 |    0 |     52 |      0 |      0 |    0 |          1 |
|                         gen_row[4].gen_col[1].i_accumulate                |                              gqav7_z19p_system_gqav7_accelerator_0_0_gqav7_fp32_add_rne_pipe_260 |        422 |        422 |       0 |    0 |    392 |      0 |      0 |    0 |          0 |
|                         gen_row[4].gen_col[1].i_multiply                  |                             gqav7_z19p_system_gqav7_accelerator_0_0_gqav7_bf16_mul_fp32_pipe_261 |        140 |        140 |       0 |    0 |     52 |      0 |      0 |    0 |          1 |
|                         gen_row[4].gen_col[2].i_accumulate                |                              gqav7_z19p_system_gqav7_accelerator_0_0_gqav7_fp32_add_rne_pipe_262 |        424 |        424 |       0 |    0 |    392 |      0 |      0 |    0 |          0 |
|                         gen_row[4].gen_col[2].i_multiply                  |                             gqav7_z19p_system_gqav7_accelerator_0_0_gqav7_bf16_mul_fp32_pipe_263 |        141 |        141 |       0 |    0 |     53 |      0 |      0 |    0 |          1 |
|                         gen_row[4].gen_col[3].i_accumulate                |                              gqav7_z19p_system_gqav7_accelerator_0_0_gqav7_fp32_add_rne_pipe_264 |        423 |        423 |       0 |    0 |    392 |      0 |      0 |    0 |          0 |
|                         gen_row[4].gen_col[3].i_multiply                  |                             gqav7_z19p_system_gqav7_accelerator_0_0_gqav7_bf16_mul_fp32_pipe_265 |        142 |        142 |       0 |    0 |     52 |      0 |      0 |    0 |          1 |
|                         gen_row[4].gen_col[4].i_accumulate                |                              gqav7_z19p_system_gqav7_accelerator_0_0_gqav7_fp32_add_rne_pipe_266 |        422 |        422 |       0 |    0 |    392 |      0 |      0 |    0 |          0 |
|                         gen_row[4].gen_col[4].i_multiply                  |                             gqav7_z19p_system_gqav7_accelerator_0_0_gqav7_bf16_mul_fp32_pipe_267 |        140 |        140 |       0 |    0 |     52 |      0 |      0 |    0 |          1 |
|                         gen_row[4].gen_col[5].i_accumulate                |                              gqav7_z19p_system_gqav7_accelerator_0_0_gqav7_fp32_add_rne_pipe_268 |        426 |        426 |       0 |    0 |    392 |      0 |      0 |    0 |          0 |
|                         gen_row[4].gen_col[5].i_multiply                  |                             gqav7_z19p_system_gqav7_accelerator_0_0_gqav7_bf16_mul_fp32_pipe_269 |        141 |        141 |       0 |    0 |     52 |      0 |      0 |    0 |          1 |
|                         gen_row[4].gen_col[6].i_accumulate                |                              gqav7_z19p_system_gqav7_accelerator_0_0_gqav7_fp32_add_rne_pipe_270 |        430 |        430 |       0 |    0 |    392 |      0 |      0 |    0 |          0 |
|                         gen_row[4].gen_col[6].i_multiply                  |                             gqav7_z19p_system_gqav7_accelerator_0_0_gqav7_bf16_mul_fp32_pipe_271 |        140 |        140 |       0 |    0 |     52 |      0 |      0 |    0 |          1 |
|                         gen_row[4].gen_col[7].i_accumulate                |                              gqav7_z19p_system_gqav7_accelerator_0_0_gqav7_fp32_add_rne_pipe_272 |        421 |        421 |       0 |    0 |    392 |      0 |      0 |    0 |          0 |
|                         gen_row[4].gen_col[7].i_multiply                  |                             gqav7_z19p_system_gqav7_accelerator_0_0_gqav7_bf16_mul_fp32_pipe_273 |        140 |        140 |       0 |    0 |     52 |      0 |      0 |    0 |          1 |
|                         gen_row[5].gen_col[0].i_accumulate                |                              gqav7_z19p_system_gqav7_accelerator_0_0_gqav7_fp32_add_rne_pipe_274 |        423 |        423 |       0 |    0 |    392 |      0 |      0 |    0 |          0 |
|                         gen_row[5].gen_col[0].i_multiply                  |                             gqav7_z19p_system_gqav7_accelerator_0_0_gqav7_bf16_mul_fp32_pipe_275 |        141 |        141 |       0 |    0 |     52 |      0 |      0 |    0 |          1 |
|                         gen_row[5].gen_col[1].i_accumulate                |                              gqav7_z19p_system_gqav7_accelerator_0_0_gqav7_fp32_add_rne_pipe_276 |        422 |        422 |       0 |    0 |    392 |      0 |      0 |    0 |          0 |
|                         gen_row[5].gen_col[1].i_multiply                  |                             gqav7_z19p_system_gqav7_accelerator_0_0_gqav7_bf16_mul_fp32_pipe_277 |        141 |        141 |       0 |    0 |     52 |      0 |      0 |    0 |          1 |
|                         gen_row[5].gen_col[2].i_accumulate                |                              gqav7_z19p_system_gqav7_accelerator_0_0_gqav7_fp32_add_rne_pipe_278 |        426 |        426 |       0 |    0 |    392 |      0 |      0 |    0 |          0 |
|                         gen_row[5].gen_col[2].i_multiply                  |                             gqav7_z19p_system_gqav7_accelerator_0_0_gqav7_bf16_mul_fp32_pipe_279 |        139 |        139 |       0 |    0 |     52 |      0 |      0 |    0 |          1 |
|                         gen_row[5].gen_col[3].i_accumulate                |                              gqav7_z19p_system_gqav7_accelerator_0_0_gqav7_fp32_add_rne_pipe_280 |        423 |        423 |       0 |    0 |    392 |      0 |      0 |    0 |          0 |
|                         gen_row[5].gen_col[3].i_multiply                  |                             gqav7_z19p_system_gqav7_accelerator_0_0_gqav7_bf16_mul_fp32_pipe_281 |        141 |        141 |       0 |    0 |     52 |      0 |      0 |    0 |          1 |
|                         gen_row[5].gen_col[4].i_accumulate                |                              gqav7_z19p_system_gqav7_accelerator_0_0_gqav7_fp32_add_rne_pipe_282 |        420 |        420 |       0 |    0 |    392 |      0 |      0 |    0 |          0 |
|                         gen_row[5].gen_col[4].i_multiply                  |                             gqav7_z19p_system_gqav7_accelerator_0_0_gqav7_bf16_mul_fp32_pipe_283 |        140 |        140 |       0 |    0 |     52 |      0 |      0 |    0 |          1 |
|                         gen_row[5].gen_col[5].i_accumulate                |                              gqav7_z19p_system_gqav7_accelerator_0_0_gqav7_fp32_add_rne_pipe_284 |        424 |        424 |       0 |    0 |    392 |      0 |      0 |    0 |          0 |
|                         gen_row[5].gen_col[5].i_multiply                  |                             gqav7_z19p_system_gqav7_accelerator_0_0_gqav7_bf16_mul_fp32_pipe_285 |        140 |        140 |       0 |    0 |     52 |      0 |      0 |    0 |          1 |
|                         gen_row[5].gen_col[6].i_accumulate                |                              gqav7_z19p_system_gqav7_accelerator_0_0_gqav7_fp32_add_rne_pipe_286 |        428 |        428 |       0 |    0 |    392 |      0 |      0 |    0 |          0 |
|                         gen_row[5].gen_col[6].i_multiply                  |                             gqav7_z19p_system_gqav7_accelerator_0_0_gqav7_bf16_mul_fp32_pipe_287 |        141 |        141 |       0 |    0 |     52 |      0 |      0 |    0 |          1 |
|                         gen_row[5].gen_col[7].i_accumulate                |                              gqav7_z19p_system_gqav7_accelerator_0_0_gqav7_fp32_add_rne_pipe_288 |        422 |        422 |       0 |    0 |    392 |      0 |      0 |    0 |          0 |
|                         gen_row[5].gen_col[7].i_multiply                  |                             gqav7_z19p_system_gqav7_accelerator_0_0_gqav7_bf16_mul_fp32_pipe_289 |        140 |        140 |       0 |    0 |     52 |      0 |      0 |    0 |          1 |
|                         gen_row[6].gen_col[0].i_accumulate                |                              gqav7_z19p_system_gqav7_accelerator_0_0_gqav7_fp32_add_rne_pipe_290 |        424 |        424 |       0 |    0 |    392 |      0 |      0 |    0 |          0 |
|                         gen_row[6].gen_col[0].i_multiply                  |                             gqav7_z19p_system_gqav7_accelerator_0_0_gqav7_bf16_mul_fp32_pipe_291 |        139 |        139 |       0 |    0 |     52 |      0 |      0 |    0 |          1 |
|                         gen_row[6].gen_col[1].i_accumulate                |                              gqav7_z19p_system_gqav7_accelerator_0_0_gqav7_fp32_add_rne_pipe_292 |        421 |        421 |       0 |    0 |    392 |      0 |      0 |    0 |          0 |
|                         gen_row[6].gen_col[1].i_multiply                  |                             gqav7_z19p_system_gqav7_accelerator_0_0_gqav7_bf16_mul_fp32_pipe_293 |        140 |        140 |       0 |    0 |     52 |      0 |      0 |    0 |          1 |
|                         gen_row[6].gen_col[2].i_accumulate                |                              gqav7_z19p_system_gqav7_accelerator_0_0_gqav7_fp32_add_rne_pipe_294 |        425 |        425 |       0 |    0 |    392 |      0 |      0 |    0 |          0 |
|                         gen_row[6].gen_col[2].i_multiply                  |                             gqav7_z19p_system_gqav7_accelerator_0_0_gqav7_bf16_mul_fp32_pipe_295 |        141 |        141 |       0 |    0 |     52 |      0 |      0 |    0 |          1 |
|                         gen_row[6].gen_col[3].i_accumulate                |                              gqav7_z19p_system_gqav7_accelerator_0_0_gqav7_fp32_add_rne_pipe_296 |        421 |        421 |       0 |    0 |    392 |      0 |      0 |    0 |          0 |
|                         gen_row[6].gen_col[3].i_multiply                  |                             gqav7_z19p_system_gqav7_accelerator_0_0_gqav7_bf16_mul_fp32_pipe_297 |        140 |        140 |       0 |    0 |     52 |      0 |      0 |    0 |          1 |
|                         gen_row[6].gen_col[4].i_accumulate                |                              gqav7_z19p_system_gqav7_accelerator_0_0_gqav7_fp32_add_rne_pipe_298 |        422 |        422 |       0 |    0 |    392 |      0 |      0 |    0 |          0 |
|                         gen_row[6].gen_col[4].i_multiply                  |                             gqav7_z19p_system_gqav7_accelerator_0_0_gqav7_bf16_mul_fp32_pipe_299 |        139 |        139 |       0 |    0 |     52 |      0 |      0 |    0 |          1 |
|                         gen_row[6].gen_col[5].i_accumulate                |                              gqav7_z19p_system_gqav7_accelerator_0_0_gqav7_fp32_add_rne_pipe_300 |        426 |        426 |       0 |    0 |    392 |      0 |      0 |    0 |          0 |
|                         gen_row[6].gen_col[5].i_multiply                  |                             gqav7_z19p_system_gqav7_accelerator_0_0_gqav7_bf16_mul_fp32_pipe_301 |        141 |        141 |       0 |    0 |     52 |      0 |      0 |    0 |          1 |
|                         gen_row[6].gen_col[6].i_accumulate                |                              gqav7_z19p_system_gqav7_accelerator_0_0_gqav7_fp32_add_rne_pipe_302 |        422 |        422 |       0 |    0 |    392 |      0 |      0 |    0 |          0 |
|                         gen_row[6].gen_col[6].i_multiply                  |                             gqav7_z19p_system_gqav7_accelerator_0_0_gqav7_bf16_mul_fp32_pipe_303 |        140 |        140 |       0 |    0 |     52 |      0 |      0 |    0 |          1 |
|                         gen_row[6].gen_col[7].i_accumulate                |                              gqav7_z19p_system_gqav7_accelerator_0_0_gqav7_fp32_add_rne_pipe_304 |        423 |        423 |       0 |    0 |    392 |      0 |      0 |    0 |          0 |
|                         gen_row[6].gen_col[7].i_multiply                  |                             gqav7_z19p_system_gqav7_accelerator_0_0_gqav7_bf16_mul_fp32_pipe_305 |        139 |        139 |       0 |    0 |     52 |      0 |      0 |    0 |          1 |
|                         gen_row[7].gen_col[0].i_accumulate                |                              gqav7_z19p_system_gqav7_accelerator_0_0_gqav7_fp32_add_rne_pipe_306 |        429 |        429 |       0 |    0 |    392 |      0 |      0 |    0 |          0 |
|                         gen_row[7].gen_col[0].i_multiply                  |                             gqav7_z19p_system_gqav7_accelerator_0_0_gqav7_bf16_mul_fp32_pipe_307 |        139 |        139 |       0 |    0 |     52 |      0 |      0 |    0 |          1 |
|                         gen_row[7].gen_col[1].i_accumulate                |                              gqav7_z19p_system_gqav7_accelerator_0_0_gqav7_fp32_add_rne_pipe_308 |        421 |        421 |       0 |    0 |    392 |      0 |      0 |    0 |          0 |
|                         gen_row[7].gen_col[1].i_multiply                  |                             gqav7_z19p_system_gqav7_accelerator_0_0_gqav7_bf16_mul_fp32_pipe_309 |        139 |        139 |       0 |    0 |     52 |      0 |      0 |    0 |          1 |
|                         gen_row[7].gen_col[2].i_accumulate                |                              gqav7_z19p_system_gqav7_accelerator_0_0_gqav7_fp32_add_rne_pipe_310 |        425 |        425 |       0 |    0 |    392 |      0 |      0 |    0 |          0 |
|                         gen_row[7].gen_col[2].i_multiply                  |                             gqav7_z19p_system_gqav7_accelerator_0_0_gqav7_bf16_mul_fp32_pipe_311 |        141 |        141 |       0 |    0 |     52 |      0 |      0 |    0 |          1 |
|                         gen_row[7].gen_col[3].i_accumulate                |                              gqav7_z19p_system_gqav7_accelerator_0_0_gqav7_fp32_add_rne_pipe_312 |        425 |        425 |       0 |    0 |    392 |      0 |      0 |    0 |          0 |
|                         gen_row[7].gen_col[3].i_multiply                  |                             gqav7_z19p_system_gqav7_accelerator_0_0_gqav7_bf16_mul_fp32_pipe_313 |        139 |        139 |       0 |    0 |     52 |      0 |      0 |    0 |          1 |
|                         gen_row[7].gen_col[4].i_accumulate                |                              gqav7_z19p_system_gqav7_accelerator_0_0_gqav7_fp32_add_rne_pipe_314 |        427 |        427 |       0 |    0 |    392 |      0 |      0 |    0 |          0 |
|                         gen_row[7].gen_col[4].i_multiply                  |                             gqav7_z19p_system_gqav7_accelerator_0_0_gqav7_bf16_mul_fp32_pipe_315 |        139 |        139 |       0 |    0 |     52 |      0 |      0 |    0 |          1 |
|                         gen_row[7].gen_col[5].i_accumulate                |                              gqav7_z19p_system_gqav7_accelerator_0_0_gqav7_fp32_add_rne_pipe_316 |        425 |        425 |       0 |    0 |    392 |      0 |      0 |    0 |          0 |
|                         gen_row[7].gen_col[5].i_multiply                  |                             gqav7_z19p_system_gqav7_accelerator_0_0_gqav7_bf16_mul_fp32_pipe_317 |        141 |        141 |       0 |    0 |     52 |      0 |      0 |    0 |          1 |
|                         gen_row[7].gen_col[6].i_accumulate                |                              gqav7_z19p_system_gqav7_accelerator_0_0_gqav7_fp32_add_rne_pipe_318 |        428 |        428 |       0 |    0 |    392 |      0 |      0 |    0 |          0 |
|                         gen_row[7].gen_col[6].i_multiply                  |                             gqav7_z19p_system_gqav7_accelerator_0_0_gqav7_bf16_mul_fp32_pipe_319 |        141 |        141 |       0 |    0 |     52 |      0 |      0 |    0 |          1 |
|                         gen_row[7].gen_col[7].i_accumulate                |                              gqav7_z19p_system_gqav7_accelerator_0_0_gqav7_fp32_add_rne_pipe_320 |        423 |        423 |       0 |    0 |    392 |      0 |      0 |    0 |          0 |
|                         gen_row[7].gen_col[7].i_multiply                  |                             gqav7_z19p_system_gqav7_accelerator_0_0_gqav7_bf16_mul_fp32_pipe_321 |        141 |        141 |       0 |    0 |     52 |      0 |      0 |    0 |          1 |
|                       i_scheduler                                         | gqav7_z19p_system_gqav7_accelerator_0_0_gqav7_logical_16x16_dual_group_scheduler__parameterized0 |       2655 |       2655 |       0 |    0 |   1344 |      0 |      0 |    0 |          0 |
|                         (i_scheduler)                                     | gqav7_z19p_system_gqav7_accelerator_0_0_gqav7_logical_16x16_dual_group_scheduler__parameterized0 |       2569 |       2569 |       0 |    0 |   1344 |      0 |      0 |    0 |          0 |
|                 i_sidecar                                                 |                               gqav7_z19p_system_gqav7_accelerator_0_0_gqav72_score_sidecar_8lane |       1449 |       1449 |       0 |    0 |   3049 |      0 |      0 |    0 |         16 |
|                   (i_sidecar)                                             |                               gqav7_z19p_system_gqav7_accelerator_0_0_gqav72_score_sidecar_8lane |        656 |        656 |       0 |    0 |   2081 |      0 |      0 |    0 |          0 |
|                   gen_scale[0].i_scale                                    |                              gqav7_z19p_system_gqav7_accelerator_0_0_gqav7_fp32_mul_rne_pipe_178 |         98 |         98 |       0 |    0 |    121 |      0 |      0 |    0 |          2 |
|                   gen_scale[1].i_scale                                    |                              gqav7_z19p_system_gqav7_accelerator_0_0_gqav7_fp32_mul_rne_pipe_179 |         98 |         98 |       0 |    0 |    121 |      0 |      0 |    0 |          2 |
|                   gen_scale[2].i_scale                                    |                              gqav7_z19p_system_gqav7_accelerator_0_0_gqav7_fp32_mul_rne_pipe_180 |         97 |         97 |       0 |    0 |    121 |      0 |      0 |    0 |          2 |
|                   gen_scale[3].i_scale                                    |                              gqav7_z19p_system_gqav7_accelerator_0_0_gqav7_fp32_mul_rne_pipe_181 |         97 |         97 |       0 |    0 |    121 |      0 |      0 |    0 |          2 |
|                   gen_scale[4].i_scale                                    |                              gqav7_z19p_system_gqav7_accelerator_0_0_gqav7_fp32_mul_rne_pipe_182 |         98 |         98 |       0 |    0 |    121 |      0 |      0 |    0 |          2 |
|                   gen_scale[5].i_scale                                    |                              gqav7_z19p_system_gqav7_accelerator_0_0_gqav7_fp32_mul_rne_pipe_183 |         97 |         97 |       0 |    0 |    121 |      0 |      0 |    0 |          2 |
|                   gen_scale[6].i_scale                                    |                              gqav7_z19p_system_gqav7_accelerator_0_0_gqav7_fp32_mul_rne_pipe_184 |         97 |         97 |       0 |    0 |    121 |      0 |      0 |    0 |          2 |
|                   gen_scale[7].i_scale                                    |                              gqav7_z19p_system_gqav7_accelerator_0_0_gqav7_fp32_mul_rne_pipe_185 |        101 |        101 |       0 |    0 |    121 |      0 |      0 |    0 |          2 |
|                 i_softmax                                                 |                              gqav7_z19p_system_gqav7_accelerator_0_0_gqav72_online_softmax_8lane |      11591 |      11405 |       0 |  186 |  12037 |     21 |      0 |    0 |         20 |
|                   (i_softmax)                                             |                              gqav7_z19p_system_gqav7_accelerator_0_0_gqav72_online_softmax_8lane |        421 |        243 |       0 |  178 |   3964 |      0 |      0 |    0 |          0 |
|                   gen_difference[0].i_difference                          |                              gqav7_z19p_system_gqav7_accelerator_0_0_gqav7_fp32_add_rne_pipe_144 |        516 |        516 |       0 |    0 |    392 |      0 |      0 |    0 |          0 |
|                   gen_difference[1].i_difference                          |                              gqav7_z19p_system_gqav7_accelerator_0_0_gqav7_fp32_add_rne_pipe_145 |        508 |        508 |       0 |    0 |    392 |      0 |      0 |    0 |          0 |
|                   gen_difference[2].i_difference                          |                              gqav7_z19p_system_gqav7_accelerator_0_0_gqav7_fp32_add_rne_pipe_146 |        504 |        504 |       0 |    0 |    392 |      0 |      0 |    0 |          0 |
|                   gen_difference[3].i_difference                          |                              gqav7_z19p_system_gqav7_accelerator_0_0_gqav7_fp32_add_rne_pipe_147 |        506 |        506 |       0 |    0 |    392 |      0 |      0 |    0 |          0 |
|                   gen_difference[4].i_difference                          |                              gqav7_z19p_system_gqav7_accelerator_0_0_gqav7_fp32_add_rne_pipe_148 |        508 |        508 |       0 |    0 |    392 |      0 |      0 |    0 |          0 |
|                   gen_difference[5].i_difference                          |                              gqav7_z19p_system_gqav7_accelerator_0_0_gqav7_fp32_add_rne_pipe_149 |        505 |        505 |       0 |    0 |    392 |      0 |      0 |    0 |          0 |
|                   gen_difference[6].i_difference                          |                              gqav7_z19p_system_gqav7_accelerator_0_0_gqav7_fp32_add_rne_pipe_150 |        506 |        506 |       0 |    0 |    392 |      0 |      0 |    0 |          0 |
|                   gen_difference[7].i_difference                          |                              gqav7_z19p_system_gqav7_accelerator_0_0_gqav7_fp32_add_rne_pipe_151 |        507 |        507 |       0 |    0 |    392 |      0 |      0 |    0 |          0 |
|                   gen_exp2_scale[0].i_scale                               |                                  gqav7_z19p_system_gqav7_accelerator_0_0_gqav7_fp32_mul_rne_pipe |        168 |        168 |       0 |    0 |    121 |      0 |      0 |    0 |          2 |
|                   gen_exp2_scale[1].i_scale                               |                              gqav7_z19p_system_gqav7_accelerator_0_0_gqav7_fp32_mul_rne_pipe_152 |        169 |        169 |       0 |    0 |    121 |      0 |      0 |    0 |          2 |
|                   gen_exp2_scale[2].i_scale                               |                              gqav7_z19p_system_gqav7_accelerator_0_0_gqav7_fp32_mul_rne_pipe_153 |        170 |        170 |       0 |    0 |    121 |      0 |      0 |    0 |          2 |
|                   gen_exp2_scale[3].i_scale                               |                              gqav7_z19p_system_gqav7_accelerator_0_0_gqav7_fp32_mul_rne_pipe_154 |        169 |        169 |       0 |    0 |    121 |      0 |      0 |    0 |          2 |
|                   gen_exp2_scale[4].i_scale                               |                              gqav7_z19p_system_gqav7_accelerator_0_0_gqav7_fp32_mul_rne_pipe_155 |        169 |        169 |       0 |    0 |    121 |      0 |      0 |    0 |          2 |
|                   gen_exp2_scale[5].i_scale                               |                              gqav7_z19p_system_gqav7_accelerator_0_0_gqav7_fp32_mul_rne_pipe_156 |        169 |        169 |       0 |    0 |    121 |      0 |      0 |    0 |          2 |
|                   gen_exp2_scale[6].i_scale                               |                              gqav7_z19p_system_gqav7_accelerator_0_0_gqav7_fp32_mul_rne_pipe_157 |        169 |        169 |       0 |    0 |    121 |      0 |      0 |    0 |          2 |
|                   gen_exp2_scale[7].i_scale                               |                              gqav7_z19p_system_gqav7_accelerator_0_0_gqav7_fp32_mul_rne_pipe_158 |        169 |        169 |       0 |    0 |    121 |      0 |      0 |    0 |          2 |
|                   gen_exp2_scale[8].i_scale                               |                              gqav7_z19p_system_gqav7_accelerator_0_0_gqav7_fp32_mul_rne_pipe_159 |        169 |        169 |       0 |    0 |    121 |      0 |      0 |    0 |          2 |
|                   gen_oct_sum[0].i_oct_sum                                |                              gqav7_z19p_system_gqav7_accelerator_0_0_gqav7_fp32_add_rne_pipe_160 |        386 |        386 |       0 |    0 |    397 |      0 |      0 |    0 |          0 |
|                   gen_pair_sum[0].i_pair_sum                              |                              gqav7_z19p_system_gqav7_accelerator_0_0_gqav7_fp32_add_rne_pipe_161 |        593 |        593 |       0 |    0 |    397 |      0 |      0 |    0 |          0 |
|                   gen_pair_sum[1].i_pair_sum                              |                              gqav7_z19p_system_gqav7_accelerator_0_0_gqav7_fp32_add_rne_pipe_162 |        515 |        515 |       0 |    0 |    392 |      0 |      0 |    0 |          0 |
|                   gen_pair_sum[2].i_pair_sum                              |                              gqav7_z19p_system_gqav7_accelerator_0_0_gqav7_fp32_add_rne_pipe_163 |        567 |        567 |       0 |    0 |    392 |      0 |      0 |    0 |          0 |
|                   gen_pair_sum[3].i_pair_sum                              |                              gqav7_z19p_system_gqav7_accelerator_0_0_gqav7_fp32_add_rne_pipe_164 |        512 |        512 |       0 |    0 |    392 |      0 |      0 |    0 |          0 |
|                   gen_quad_sum[0].i_quad_sum                              |                              gqav7_z19p_system_gqav7_accelerator_0_0_gqav7_fp32_add_rne_pipe_165 |        482 |        482 |       0 |    0 |    397 |      0 |      0 |    0 |          0 |
|                   gen_quad_sum[1].i_quad_sum                              |                              gqav7_z19p_system_gqav7_accelerator_0_0_gqav7_fp32_add_rne_pipe_166 |        401 |        401 |       0 |    0 |    392 |      0 |      0 |    0 |          0 |
|                   i_alpha_difference                                      |                              gqav7_z19p_system_gqav7_accelerator_0_0_gqav7_fp32_add_rne_pipe_167 |        504 |        504 |       0 |    0 |    392 |      0 |      0 |    0 |          0 |
|                   i_block_sum                                             |                              gqav7_z19p_system_gqav7_accelerator_0_0_gqav7_fp32_add_rne_pipe_168 |        121 |        113 |       0 |    8 |    125 |      0 |      0 |    0 |          0 |
|                   i_exp2_bank                                             |                                  gqav7_z19p_system_gqav7_accelerator_0_0_gqav5_exp2_neg_lut_bank |        636 |        636 |       0 |    0 |     54 |     20 |      0 |    0 |          0 |
|                     gen_lane[0].i_lane                                    |                                  gqav7_z19p_system_gqav7_accelerator_0_0_gqav5_exp2_neg_lut_lane |         57 |         57 |       0 |    0 |      6 |      4 |      0 |    0 |          0 |
|                     gen_lane[1].i_lane                                    |                  gqav7_z19p_system_gqav7_accelerator_0_0_gqav5_exp2_neg_lut_lane__parameterized0 |        112 |        112 |       0 |    0 |      6 |      4 |      0 |    0 |          0 |
|                     gen_lane[3].i_lane                                    |              gqav7_z19p_system_gqav7_accelerator_0_0_gqav5_exp2_neg_lut_lane__parameterized0_172 |        111 |        111 |       0 |    0 |      6 |      4 |      0 |    0 |          0 |
|                     gen_lane[5].i_lane                                    |              gqav7_z19p_system_gqav7_accelerator_0_0_gqav5_exp2_neg_lut_lane__parameterized0_174 |        111 |        111 |       0 |    0 |      6 |      4 |      0 |    0 |          0 |
|                     gen_lane[7].i_lane                                    |              gqav7_z19p_system_gqav7_accelerator_0_0_gqav5_exp2_neg_lut_lane__parameterized0_176 |         79 |         79 |       0 |    0 |      6 |      4 |      0 |    0 |          0 |
|                   i_running_sum                                           |                              gqav7_z19p_system_gqav7_accelerator_0_0_gqav7_fp32_add_rne_pipe_169 |        580 |        580 |       0 |    0 |    397 |      0 |      0 |    0 |          0 |
|                   i_state_store                                           |                                gqav7_z19p_system_gqav7_accelerator_0_0_gqav5_softmax_state_store |        138 |        138 |       0 |    0 |      0 |      1 |      0 |    0 |          0 |
|                   i_weight_old_sum                                        |                              gqav7_z19p_system_gqav7_accelerator_0_0_gqav7_fp32_mul_rne_pipe_170 |        109 |        109 |       0 |    0 |    121 |      0 |      0 |    0 |          2 |
|               i_qk                                                        |                gqav7_z19p_system_gqav7_accelerator_0_0_gqav5_partitioned_buffered_qk_score_stage |      46718 |      42888 |    3808 |   22 |  34170 |      0 |      0 |    0 |         64 |
|                 (i_qk)                                                    |                gqav7_z19p_system_gqav7_accelerator_0_0_gqav5_partitioned_buffered_qk_score_stage |        336 |        336 |       0 |    0 |    152 |      0 |      0 |    0 |          0 |
|                 i_qk                                                      |                       gqav7_z19p_system_gqav7_accelerator_0_0_gqav7_qk_partitioned_adapter_16x16 |      46360 |      42530 |    3808 |   22 |  34012 |      0 |      0 |    0 |         64 |
|                   (i_qk)                                                  |                       gqav7_z19p_system_gqav7_accelerator_0_0_gqav7_qk_partitioned_adapter_16x16 |       1683 |        435 |    1248 |    0 |    861 |      0 |      0 |    0 |          0 |
|                   gen_merge_lane[0].i_merge_add                           |                                  gqav7_z19p_system_gqav7_accelerator_0_0_gqav7_fp32_add_rne_pipe |        546 |        546 |       0 |    0 |    397 |      0 |      0 |    0 |          0 |
|                   gen_merge_lane[1].i_merge_add                           |                               gqav7_z19p_system_gqav7_accelerator_0_0_gqav7_fp32_add_rne_pipe_10 |        500 |        500 |       0 |    0 |    397 |      0 |      0 |    0 |          0 |
|                   gen_merge_lane[2].i_merge_add                           |                               gqav7_z19p_system_gqav7_accelerator_0_0_gqav7_fp32_add_rne_pipe_11 |        500 |        500 |       0 |    0 |    397 |      0 |      0 |    0 |          0 |
|                   gen_merge_lane[3].i_merge_add                           |                               gqav7_z19p_system_gqav7_accelerator_0_0_gqav7_fp32_add_rne_pipe_12 |        501 |        501 |       0 |    0 |    397 |      0 |      0 |    0 |          0 |
|                   gen_merge_lane[4].i_merge_add                           |                               gqav7_z19p_system_gqav7_accelerator_0_0_gqav7_fp32_add_rne_pipe_13 |        498 |        498 |       0 |    0 |    397 |      0 |      0 |    0 |          0 |
|                   gen_merge_lane[5].i_merge_add                           |                               gqav7_z19p_system_gqav7_accelerator_0_0_gqav7_fp32_add_rne_pipe_14 |        498 |        498 |       0 |    0 |    397 |      0 |      0 |    0 |          0 |
|                   gen_merge_lane[6].i_merge_add                           |                               gqav7_z19p_system_gqav7_accelerator_0_0_gqav7_fp32_add_rne_pipe_15 |        500 |        500 |       0 |    0 |    397 |      0 |      0 |    0 |          0 |
|                   gen_merge_lane[7].i_merge_add                           |                               gqav7_z19p_system_gqav7_accelerator_0_0_gqav7_fp32_add_rne_pipe_16 |        498 |        498 |       0 |    0 |    397 |      0 |      0 |    0 |          0 |
|                   i_qk                                                    |                        gqav7_z19p_system_gqav7_accelerator_0_0_gqav7_qk_logical_16x16_dual_group |      40637 |      38055 |    2560 |   22 |  29975 |      0 |      0 |    0 |         64 |
|                     i_engine                                              |                       gqav7_z19p_system_gqav7_accelerator_0_0_gqav7_dual_group_outer_product_8x8 |      40026 |      37444 |    2560 |   22 |  28904 |      0 |      0 |    0 |         64 |
|                       (i_engine)                                          |                       gqav7_z19p_system_gqav7_accelerator_0_0_gqav7_dual_group_outer_product_8x8 |       4189 |       1608 |    2560 |   21 |    485 |      0 |      0 |    0 |          0 |
|                       gen_row[0].gen_col[0].i_accumulate                  |                               gqav7_z19p_system_gqav7_accelerator_0_0_gqav7_fp32_add_rne_pipe_17 |        425 |        424 |       0 |    1 |    394 |      0 |      0 |    0 |          0 |
|                       gen_row[0].gen_col[0].i_multiply                    |                                 gqav7_z19p_system_gqav7_accelerator_0_0_gqav7_bf16_mul_fp32_pipe |        146 |        146 |       0 |    0 |     53 |      0 |      0 |    0 |          1 |
|                       gen_row[0].gen_col[1].i_accumulate                  |                               gqav7_z19p_system_gqav7_accelerator_0_0_gqav7_fp32_add_rne_pipe_18 |        423 |        423 |       0 |    0 |    392 |      0 |      0 |    0 |          0 |
|                       gen_row[0].gen_col[1].i_multiply                    |                              gqav7_z19p_system_gqav7_accelerator_0_0_gqav7_bf16_mul_fp32_pipe_19 |        139 |        139 |       0 |    0 |     52 |      0 |      0 |    0 |          1 |
|                       gen_row[0].gen_col[2].i_accumulate                  |                               gqav7_z19p_system_gqav7_accelerator_0_0_gqav7_fp32_add_rne_pipe_20 |        425 |        425 |       0 |    0 |    392 |      0 |      0 |    0 |          0 |
|                       gen_row[0].gen_col[2].i_multiply                    |                              gqav7_z19p_system_gqav7_accelerator_0_0_gqav7_bf16_mul_fp32_pipe_21 |        139 |        139 |       0 |    0 |     52 |      0 |      0 |    0 |          1 |
|                       gen_row[0].gen_col[3].i_accumulate                  |                               gqav7_z19p_system_gqav7_accelerator_0_0_gqav7_fp32_add_rne_pipe_22 |        423 |        423 |       0 |    0 |    392 |      0 |      0 |    0 |          0 |
|                       gen_row[0].gen_col[3].i_multiply                    |                              gqav7_z19p_system_gqav7_accelerator_0_0_gqav7_bf16_mul_fp32_pipe_23 |        140 |        140 |       0 |    0 |     52 |      0 |      0 |    0 |          1 |
|                       gen_row[0].gen_col[4].i_accumulate                  |                               gqav7_z19p_system_gqav7_accelerator_0_0_gqav7_fp32_add_rne_pipe_24 |        424 |        424 |       0 |    0 |    392 |      0 |      0 |    0 |          0 |
|                       gen_row[0].gen_col[4].i_multiply                    |                              gqav7_z19p_system_gqav7_accelerator_0_0_gqav7_bf16_mul_fp32_pipe_25 |        142 |        142 |       0 |    0 |     52 |      0 |      0 |    0 |          1 |
|                       gen_row[0].gen_col[5].i_accumulate                  |                               gqav7_z19p_system_gqav7_accelerator_0_0_gqav7_fp32_add_rne_pipe_26 |        424 |        424 |       0 |    0 |    392 |      0 |      0 |    0 |          0 |
|                       gen_row[0].gen_col[5].i_multiply                    |                              gqav7_z19p_system_gqav7_accelerator_0_0_gqav7_bf16_mul_fp32_pipe_27 |        140 |        140 |       0 |    0 |     52 |      0 |      0 |    0 |          1 |
|                       gen_row[0].gen_col[6].i_accumulate                  |                               gqav7_z19p_system_gqav7_accelerator_0_0_gqav7_fp32_add_rne_pipe_28 |        423 |        423 |       0 |    0 |    392 |      0 |      0 |    0 |          0 |
|                       gen_row[0].gen_col[6].i_multiply                    |                              gqav7_z19p_system_gqav7_accelerator_0_0_gqav7_bf16_mul_fp32_pipe_29 |        139 |        139 |       0 |    0 |     52 |      0 |      0 |    0 |          1 |
|                       gen_row[0].gen_col[7].i_accumulate                  |                               gqav7_z19p_system_gqav7_accelerator_0_0_gqav7_fp32_add_rne_pipe_30 |        422 |        422 |       0 |    0 |    392 |      0 |      0 |    0 |          0 |
|                       gen_row[0].gen_col[7].i_multiply                    |                              gqav7_z19p_system_gqav7_accelerator_0_0_gqav7_bf16_mul_fp32_pipe_31 |        139 |        139 |       0 |    0 |     52 |      0 |      0 |    0 |          1 |
|                       gen_row[1].gen_col[0].i_accumulate                  |                               gqav7_z19p_system_gqav7_accelerator_0_0_gqav7_fp32_add_rne_pipe_32 |        423 |        423 |       0 |    0 |    392 |      0 |      0 |    0 |          0 |
|                       gen_row[1].gen_col[0].i_multiply                    |                              gqav7_z19p_system_gqav7_accelerator_0_0_gqav7_bf16_mul_fp32_pipe_33 |        140 |        140 |       0 |    0 |     52 |      0 |      0 |    0 |          1 |
|                       gen_row[1].gen_col[1].i_accumulate                  |                               gqav7_z19p_system_gqav7_accelerator_0_0_gqav7_fp32_add_rne_pipe_34 |        422 |        422 |       0 |    0 |    392 |      0 |      0 |    0 |          0 |
|                       gen_row[1].gen_col[1].i_multiply                    |                              gqav7_z19p_system_gqav7_accelerator_0_0_gqav7_bf16_mul_fp32_pipe_35 |        139 |        139 |       0 |    0 |     52 |      0 |      0 |    0 |          1 |
|                       gen_row[1].gen_col[2].i_accumulate                  |                               gqav7_z19p_system_gqav7_accelerator_0_0_gqav7_fp32_add_rne_pipe_36 |        423 |        423 |       0 |    0 |    392 |      0 |      0 |    0 |          0 |
|                       gen_row[1].gen_col[2].i_multiply                    |                              gqav7_z19p_system_gqav7_accelerator_0_0_gqav7_bf16_mul_fp32_pipe_37 |        140 |        140 |       0 |    0 |     52 |      0 |      0 |    0 |          1 |
|                       gen_row[1].gen_col[3].i_accumulate                  |                               gqav7_z19p_system_gqav7_accelerator_0_0_gqav7_fp32_add_rne_pipe_38 |        422 |        422 |       0 |    0 |    392 |      0 |      0 |    0 |          0 |
|                       gen_row[1].gen_col[3].i_multiply                    |                              gqav7_z19p_system_gqav7_accelerator_0_0_gqav7_bf16_mul_fp32_pipe_39 |        140 |        140 |       0 |    0 |     52 |      0 |      0 |    0 |          1 |
|                       gen_row[1].gen_col[4].i_accumulate                  |                               gqav7_z19p_system_gqav7_accelerator_0_0_gqav7_fp32_add_rne_pipe_40 |        424 |        424 |       0 |    0 |    392 |      0 |      0 |    0 |          0 |
|                       gen_row[1].gen_col[4].i_multiply                    |                              gqav7_z19p_system_gqav7_accelerator_0_0_gqav7_bf16_mul_fp32_pipe_41 |        140 |        140 |       0 |    0 |     52 |      0 |      0 |    0 |          1 |
|                       gen_row[1].gen_col[5].i_accumulate                  |                               gqav7_z19p_system_gqav7_accelerator_0_0_gqav7_fp32_add_rne_pipe_42 |        423 |        423 |       0 |    0 |    392 |      0 |      0 |    0 |          0 |
|                       gen_row[1].gen_col[5].i_multiply                    |                              gqav7_z19p_system_gqav7_accelerator_0_0_gqav7_bf16_mul_fp32_pipe_43 |        141 |        141 |       0 |    0 |     52 |      0 |      0 |    0 |          1 |
|                       gen_row[1].gen_col[6].i_accumulate                  |                               gqav7_z19p_system_gqav7_accelerator_0_0_gqav7_fp32_add_rne_pipe_44 |        421 |        421 |       0 |    0 |    392 |      0 |      0 |    0 |          0 |
|                       gen_row[1].gen_col[6].i_multiply                    |                              gqav7_z19p_system_gqav7_accelerator_0_0_gqav7_bf16_mul_fp32_pipe_45 |        141 |        141 |       0 |    0 |     52 |      0 |      0 |    0 |          1 |
|                       gen_row[1].gen_col[7].i_accumulate                  |                               gqav7_z19p_system_gqav7_accelerator_0_0_gqav7_fp32_add_rne_pipe_46 |        422 |        422 |       0 |    0 |    392 |      0 |      0 |    0 |          0 |
|                       gen_row[1].gen_col[7].i_multiply                    |                              gqav7_z19p_system_gqav7_accelerator_0_0_gqav7_bf16_mul_fp32_pipe_47 |        140 |        140 |       0 |    0 |     52 |      0 |      0 |    0 |          1 |
|                       gen_row[2].gen_col[0].i_accumulate                  |                               gqav7_z19p_system_gqav7_accelerator_0_0_gqav7_fp32_add_rne_pipe_48 |        422 |        422 |       0 |    0 |    392 |      0 |      0 |    0 |          0 |
|                       gen_row[2].gen_col[0].i_multiply                    |                              gqav7_z19p_system_gqav7_accelerator_0_0_gqav7_bf16_mul_fp32_pipe_49 |        140 |        140 |       0 |    0 |     52 |      0 |      0 |    0 |          1 |
|                       gen_row[2].gen_col[1].i_accumulate                  |                               gqav7_z19p_system_gqav7_accelerator_0_0_gqav7_fp32_add_rne_pipe_50 |        421 |        421 |       0 |    0 |    392 |      0 |      0 |    0 |          0 |
|                       gen_row[2].gen_col[1].i_multiply                    |                              gqav7_z19p_system_gqav7_accelerator_0_0_gqav7_bf16_mul_fp32_pipe_51 |        140 |        140 |       0 |    0 |     52 |      0 |      0 |    0 |          1 |
|                       gen_row[2].gen_col[2].i_accumulate                  |                               gqav7_z19p_system_gqav7_accelerator_0_0_gqav7_fp32_add_rne_pipe_52 |        422 |        422 |       0 |    0 |    392 |      0 |      0 |    0 |          0 |
|                       gen_row[2].gen_col[2].i_multiply                    |                              gqav7_z19p_system_gqav7_accelerator_0_0_gqav7_bf16_mul_fp32_pipe_53 |        141 |        141 |       0 |    0 |     52 |      0 |      0 |    0 |          1 |
|                       gen_row[2].gen_col[3].i_accumulate                  |                               gqav7_z19p_system_gqav7_accelerator_0_0_gqav7_fp32_add_rne_pipe_54 |        424 |        424 |       0 |    0 |    392 |      0 |      0 |    0 |          0 |
|                       gen_row[2].gen_col[3].i_multiply                    |                              gqav7_z19p_system_gqav7_accelerator_0_0_gqav7_bf16_mul_fp32_pipe_55 |        141 |        141 |       0 |    0 |     52 |      0 |      0 |    0 |          1 |
|                       gen_row[2].gen_col[4].i_accumulate                  |                               gqav7_z19p_system_gqav7_accelerator_0_0_gqav7_fp32_add_rne_pipe_56 |        424 |        424 |       0 |    0 |    392 |      0 |      0 |    0 |          0 |
|                       gen_row[2].gen_col[4].i_multiply                    |                              gqav7_z19p_system_gqav7_accelerator_0_0_gqav7_bf16_mul_fp32_pipe_57 |        140 |        140 |       0 |    0 |     52 |      0 |      0 |    0 |          1 |
|                       gen_row[2].gen_col[5].i_accumulate                  |                               gqav7_z19p_system_gqav7_accelerator_0_0_gqav7_fp32_add_rne_pipe_58 |        424 |        424 |       0 |    0 |    392 |      0 |      0 |    0 |          0 |
|                       gen_row[2].gen_col[5].i_multiply                    |                              gqav7_z19p_system_gqav7_accelerator_0_0_gqav7_bf16_mul_fp32_pipe_59 |        140 |        140 |       0 |    0 |     52 |      0 |      0 |    0 |          1 |
|                       gen_row[2].gen_col[6].i_accumulate                  |                               gqav7_z19p_system_gqav7_accelerator_0_0_gqav7_fp32_add_rne_pipe_60 |        424 |        424 |       0 |    0 |    392 |      0 |      0 |    0 |          0 |
|                       gen_row[2].gen_col[6].i_multiply                    |                              gqav7_z19p_system_gqav7_accelerator_0_0_gqav7_bf16_mul_fp32_pipe_61 |        141 |        141 |       0 |    0 |     52 |      0 |      0 |    0 |          1 |
|                       gen_row[2].gen_col[7].i_accumulate                  |                               gqav7_z19p_system_gqav7_accelerator_0_0_gqav7_fp32_add_rne_pipe_62 |        423 |        423 |       0 |    0 |    392 |      0 |      0 |    0 |          0 |
|                       gen_row[2].gen_col[7].i_multiply                    |                              gqav7_z19p_system_gqav7_accelerator_0_0_gqav7_bf16_mul_fp32_pipe_63 |        141 |        141 |       0 |    0 |     52 |      0 |      0 |    0 |          1 |
|                       gen_row[3].gen_col[0].i_accumulate                  |                               gqav7_z19p_system_gqav7_accelerator_0_0_gqav7_fp32_add_rne_pipe_64 |        423 |        423 |       0 |    0 |    392 |      0 |      0 |    0 |          0 |
|                       gen_row[3].gen_col[0].i_multiply                    |                              gqav7_z19p_system_gqav7_accelerator_0_0_gqav7_bf16_mul_fp32_pipe_65 |        140 |        140 |       0 |    0 |     52 |      0 |      0 |    0 |          1 |
|                       gen_row[3].gen_col[1].i_accumulate                  |                               gqav7_z19p_system_gqav7_accelerator_0_0_gqav7_fp32_add_rne_pipe_66 |        423 |        423 |       0 |    0 |    392 |      0 |      0 |    0 |          0 |
|                       gen_row[3].gen_col[1].i_multiply                    |                              gqav7_z19p_system_gqav7_accelerator_0_0_gqav7_bf16_mul_fp32_pipe_67 |        139 |        139 |       0 |    0 |     52 |      0 |      0 |    0 |          1 |
|                       gen_row[3].gen_col[2].i_accumulate                  |                               gqav7_z19p_system_gqav7_accelerator_0_0_gqav7_fp32_add_rne_pipe_68 |        424 |        424 |       0 |    0 |    392 |      0 |      0 |    0 |          0 |
|                       gen_row[3].gen_col[2].i_multiply                    |                              gqav7_z19p_system_gqav7_accelerator_0_0_gqav7_bf16_mul_fp32_pipe_69 |        138 |        138 |       0 |    0 |     52 |      0 |      0 |    0 |          1 |
|                       gen_row[3].gen_col[3].i_accumulate                  |                               gqav7_z19p_system_gqav7_accelerator_0_0_gqav7_fp32_add_rne_pipe_70 |        423 |        423 |       0 |    0 |    392 |      0 |      0 |    0 |          0 |
|                       gen_row[3].gen_col[3].i_multiply                    |                              gqav7_z19p_system_gqav7_accelerator_0_0_gqav7_bf16_mul_fp32_pipe_71 |        140 |        140 |       0 |    0 |     52 |      0 |      0 |    0 |          1 |
|                       gen_row[3].gen_col[4].i_accumulate                  |                               gqav7_z19p_system_gqav7_accelerator_0_0_gqav7_fp32_add_rne_pipe_72 |        421 |        421 |       0 |    0 |    392 |      0 |      0 |    0 |          0 |
|                       gen_row[3].gen_col[4].i_multiply                    |                              gqav7_z19p_system_gqav7_accelerator_0_0_gqav7_bf16_mul_fp32_pipe_73 |        139 |        139 |       0 |    0 |     52 |      0 |      0 |    0 |          1 |
|                       gen_row[3].gen_col[5].i_accumulate                  |                               gqav7_z19p_system_gqav7_accelerator_0_0_gqav7_fp32_add_rne_pipe_74 |        423 |        423 |       0 |    0 |    392 |      0 |      0 |    0 |          0 |
|                       gen_row[3].gen_col[5].i_multiply                    |                              gqav7_z19p_system_gqav7_accelerator_0_0_gqav7_bf16_mul_fp32_pipe_75 |        140 |        140 |       0 |    0 |     52 |      0 |      0 |    0 |          1 |
|                       gen_row[3].gen_col[6].i_accumulate                  |                               gqav7_z19p_system_gqav7_accelerator_0_0_gqav7_fp32_add_rne_pipe_76 |        423 |        423 |       0 |    0 |    392 |      0 |      0 |    0 |          0 |
|                       gen_row[3].gen_col[6].i_multiply                    |                              gqav7_z19p_system_gqav7_accelerator_0_0_gqav7_bf16_mul_fp32_pipe_77 |        141 |        141 |       0 |    0 |     52 |      0 |      0 |    0 |          1 |
|                       gen_row[3].gen_col[7].i_accumulate                  |                               gqav7_z19p_system_gqav7_accelerator_0_0_gqav7_fp32_add_rne_pipe_78 |        421 |        421 |       0 |    0 |    392 |      0 |      0 |    0 |          0 |
|                       gen_row[3].gen_col[7].i_multiply                    |                              gqav7_z19p_system_gqav7_accelerator_0_0_gqav7_bf16_mul_fp32_pipe_79 |        140 |        140 |       0 |    0 |     52 |      0 |      0 |    0 |          1 |
|                       gen_row[4].gen_col[0].i_accumulate                  |                               gqav7_z19p_system_gqav7_accelerator_0_0_gqav7_fp32_add_rne_pipe_80 |        423 |        423 |       0 |    0 |    392 |      0 |      0 |    0 |          0 |
|                       gen_row[4].gen_col[0].i_multiply                    |                              gqav7_z19p_system_gqav7_accelerator_0_0_gqav7_bf16_mul_fp32_pipe_81 |        141 |        141 |       0 |    0 |     52 |      0 |      0 |    0 |          1 |
|                       gen_row[4].gen_col[1].i_accumulate                  |                               gqav7_z19p_system_gqav7_accelerator_0_0_gqav7_fp32_add_rne_pipe_82 |        422 |        422 |       0 |    0 |    392 |      0 |      0 |    0 |          0 |
|                       gen_row[4].gen_col[1].i_multiply                    |                              gqav7_z19p_system_gqav7_accelerator_0_0_gqav7_bf16_mul_fp32_pipe_83 |        139 |        139 |       0 |    0 |     52 |      0 |      0 |    0 |          1 |
|                       gen_row[4].gen_col[2].i_accumulate                  |                               gqav7_z19p_system_gqav7_accelerator_0_0_gqav7_fp32_add_rne_pipe_84 |        421 |        421 |       0 |    0 |    392 |      0 |      0 |    0 |          0 |
|                       gen_row[4].gen_col[2].i_multiply                    |                              gqav7_z19p_system_gqav7_accelerator_0_0_gqav7_bf16_mul_fp32_pipe_85 |        140 |        140 |       0 |    0 |     52 |      0 |      0 |    0 |          1 |
|                       gen_row[4].gen_col[3].i_accumulate                  |                               gqav7_z19p_system_gqav7_accelerator_0_0_gqav7_fp32_add_rne_pipe_86 |        424 |        424 |       0 |    0 |    392 |      0 |      0 |    0 |          0 |
|                       gen_row[4].gen_col[3].i_multiply                    |                              gqav7_z19p_system_gqav7_accelerator_0_0_gqav7_bf16_mul_fp32_pipe_87 |        140 |        140 |       0 |    0 |     52 |      0 |      0 |    0 |          1 |
|                       gen_row[4].gen_col[4].i_accumulate                  |                               gqav7_z19p_system_gqav7_accelerator_0_0_gqav7_fp32_add_rne_pipe_88 |        423 |        423 |       0 |    0 |    392 |      0 |      0 |    0 |          0 |
|                       gen_row[4].gen_col[4].i_multiply                    |                              gqav7_z19p_system_gqav7_accelerator_0_0_gqav7_bf16_mul_fp32_pipe_89 |        141 |        141 |       0 |    0 |     52 |      0 |      0 |    0 |          1 |
|                       gen_row[4].gen_col[5].i_accumulate                  |                               gqav7_z19p_system_gqav7_accelerator_0_0_gqav7_fp32_add_rne_pipe_90 |        422 |        422 |       0 |    0 |    392 |      0 |      0 |    0 |          0 |
|                       gen_row[4].gen_col[5].i_multiply                    |                              gqav7_z19p_system_gqav7_accelerator_0_0_gqav7_bf16_mul_fp32_pipe_91 |        141 |        141 |       0 |    0 |     52 |      0 |      0 |    0 |          1 |
|                       gen_row[4].gen_col[6].i_accumulate                  |                               gqav7_z19p_system_gqav7_accelerator_0_0_gqav7_fp32_add_rne_pipe_92 |        423 |        423 |       0 |    0 |    392 |      0 |      0 |    0 |          0 |
|                       gen_row[4].gen_col[6].i_multiply                    |                              gqav7_z19p_system_gqav7_accelerator_0_0_gqav7_bf16_mul_fp32_pipe_93 |        140 |        140 |       0 |    0 |     52 |      0 |      0 |    0 |          1 |
|                       gen_row[4].gen_col[7].i_accumulate                  |                               gqav7_z19p_system_gqav7_accelerator_0_0_gqav7_fp32_add_rne_pipe_94 |        422 |        422 |       0 |    0 |    392 |      0 |      0 |    0 |          0 |
|                       gen_row[4].gen_col[7].i_multiply                    |                              gqav7_z19p_system_gqav7_accelerator_0_0_gqav7_bf16_mul_fp32_pipe_95 |        140 |        140 |       0 |    0 |     52 |      0 |      0 |    0 |          1 |
|                       gen_row[5].gen_col[0].i_accumulate                  |                               gqav7_z19p_system_gqav7_accelerator_0_0_gqav7_fp32_add_rne_pipe_96 |        425 |        425 |       0 |    0 |    392 |      0 |      0 |    0 |          0 |
|                       gen_row[5].gen_col[0].i_multiply                    |                              gqav7_z19p_system_gqav7_accelerator_0_0_gqav7_bf16_mul_fp32_pipe_97 |        140 |        140 |       0 |    0 |     52 |      0 |      0 |    0 |          1 |
|                       gen_row[5].gen_col[1].i_accumulate                  |                               gqav7_z19p_system_gqav7_accelerator_0_0_gqav7_fp32_add_rne_pipe_98 |        422 |        422 |       0 |    0 |    392 |      0 |      0 |    0 |          0 |
|                       gen_row[5].gen_col[1].i_multiply                    |                              gqav7_z19p_system_gqav7_accelerator_0_0_gqav7_bf16_mul_fp32_pipe_99 |        140 |        140 |       0 |    0 |     52 |      0 |      0 |    0 |          1 |
|                       gen_row[5].gen_col[2].i_accumulate                  |                              gqav7_z19p_system_gqav7_accelerator_0_0_gqav7_fp32_add_rne_pipe_100 |        425 |        425 |       0 |    0 |    392 |      0 |      0 |    0 |          0 |
|                       gen_row[5].gen_col[2].i_multiply                    |                             gqav7_z19p_system_gqav7_accelerator_0_0_gqav7_bf16_mul_fp32_pipe_101 |        141 |        141 |       0 |    0 |     52 |      0 |      0 |    0 |          1 |
|                       gen_row[5].gen_col[3].i_accumulate                  |                              gqav7_z19p_system_gqav7_accelerator_0_0_gqav7_fp32_add_rne_pipe_102 |        425 |        425 |       0 |    0 |    392 |      0 |      0 |    0 |          0 |
|                       gen_row[5].gen_col[3].i_multiply                    |                             gqav7_z19p_system_gqav7_accelerator_0_0_gqav7_bf16_mul_fp32_pipe_103 |        140 |        140 |       0 |    0 |     52 |      0 |      0 |    0 |          1 |
|                       gen_row[5].gen_col[4].i_accumulate                  |                              gqav7_z19p_system_gqav7_accelerator_0_0_gqav7_fp32_add_rne_pipe_104 |        423 |        423 |       0 |    0 |    392 |      0 |      0 |    0 |          0 |
|                       gen_row[5].gen_col[4].i_multiply                    |                             gqav7_z19p_system_gqav7_accelerator_0_0_gqav7_bf16_mul_fp32_pipe_105 |        140 |        140 |       0 |    0 |     52 |      0 |      0 |    0 |          1 |
|                       gen_row[5].gen_col[5].i_accumulate                  |                              gqav7_z19p_system_gqav7_accelerator_0_0_gqav7_fp32_add_rne_pipe_106 |        423 |        423 |       0 |    0 |    392 |      0 |      0 |    0 |          0 |
|                       gen_row[5].gen_col[5].i_multiply                    |                             gqav7_z19p_system_gqav7_accelerator_0_0_gqav7_bf16_mul_fp32_pipe_107 |        141 |        141 |       0 |    0 |     52 |      0 |      0 |    0 |          1 |
|                       gen_row[5].gen_col[6].i_accumulate                  |                              gqav7_z19p_system_gqav7_accelerator_0_0_gqav7_fp32_add_rne_pipe_108 |        423 |        423 |       0 |    0 |    392 |      0 |      0 |    0 |          0 |
|                       gen_row[5].gen_col[6].i_multiply                    |                             gqav7_z19p_system_gqav7_accelerator_0_0_gqav7_bf16_mul_fp32_pipe_109 |        139 |        139 |       0 |    0 |     52 |      0 |      0 |    0 |          1 |
|                       gen_row[5].gen_col[7].i_accumulate                  |                              gqav7_z19p_system_gqav7_accelerator_0_0_gqav7_fp32_add_rne_pipe_110 |        424 |        424 |       0 |    0 |    392 |      0 |      0 |    0 |          0 |
|                       gen_row[5].gen_col[7].i_multiply                    |                             gqav7_z19p_system_gqav7_accelerator_0_0_gqav7_bf16_mul_fp32_pipe_111 |        140 |        140 |       0 |    0 |     52 |      0 |      0 |    0 |          1 |
|                       gen_row[6].gen_col[0].i_accumulate                  |                              gqav7_z19p_system_gqav7_accelerator_0_0_gqav7_fp32_add_rne_pipe_112 |        424 |        424 |       0 |    0 |    392 |      0 |      0 |    0 |          0 |
|                       gen_row[6].gen_col[0].i_multiply                    |                             gqav7_z19p_system_gqav7_accelerator_0_0_gqav7_bf16_mul_fp32_pipe_113 |        141 |        141 |       0 |    0 |     52 |      0 |      0 |    0 |          1 |
|                       gen_row[6].gen_col[1].i_accumulate                  |                              gqav7_z19p_system_gqav7_accelerator_0_0_gqav7_fp32_add_rne_pipe_114 |        423 |        423 |       0 |    0 |    392 |      0 |      0 |    0 |          0 |
|                       gen_row[6].gen_col[1].i_multiply                    |                             gqav7_z19p_system_gqav7_accelerator_0_0_gqav7_bf16_mul_fp32_pipe_115 |        140 |        140 |       0 |    0 |     52 |      0 |      0 |    0 |          1 |
|                       gen_row[6].gen_col[2].i_accumulate                  |                              gqav7_z19p_system_gqav7_accelerator_0_0_gqav7_fp32_add_rne_pipe_116 |        423 |        423 |       0 |    0 |    392 |      0 |      0 |    0 |          0 |
|                       gen_row[6].gen_col[2].i_multiply                    |                             gqav7_z19p_system_gqav7_accelerator_0_0_gqav7_bf16_mul_fp32_pipe_117 |        140 |        140 |       0 |    0 |     52 |      0 |      0 |    0 |          1 |
|                       gen_row[6].gen_col[3].i_accumulate                  |                              gqav7_z19p_system_gqav7_accelerator_0_0_gqav7_fp32_add_rne_pipe_118 |        424 |        424 |       0 |    0 |    392 |      0 |      0 |    0 |          0 |
|                       gen_row[6].gen_col[3].i_multiply                    |                             gqav7_z19p_system_gqav7_accelerator_0_0_gqav7_bf16_mul_fp32_pipe_119 |        141 |        141 |       0 |    0 |     52 |      0 |      0 |    0 |          1 |
|                       gen_row[6].gen_col[4].i_accumulate                  |                              gqav7_z19p_system_gqav7_accelerator_0_0_gqav7_fp32_add_rne_pipe_120 |        423 |        423 |       0 |    0 |    392 |      0 |      0 |    0 |          0 |
|                       gen_row[6].gen_col[4].i_multiply                    |                             gqav7_z19p_system_gqav7_accelerator_0_0_gqav7_bf16_mul_fp32_pipe_121 |        140 |        140 |       0 |    0 |     52 |      0 |      0 |    0 |          1 |
|                       gen_row[6].gen_col[5].i_accumulate                  |                              gqav7_z19p_system_gqav7_accelerator_0_0_gqav7_fp32_add_rne_pipe_122 |        421 |        421 |       0 |    0 |    392 |      0 |      0 |    0 |          0 |
|                       gen_row[6].gen_col[5].i_multiply                    |                             gqav7_z19p_system_gqav7_accelerator_0_0_gqav7_bf16_mul_fp32_pipe_123 |        141 |        141 |       0 |    0 |     52 |      0 |      0 |    0 |          1 |
|                       gen_row[6].gen_col[6].i_accumulate                  |                              gqav7_z19p_system_gqav7_accelerator_0_0_gqav7_fp32_add_rne_pipe_124 |        423 |        423 |       0 |    0 |    392 |      0 |      0 |    0 |          0 |
|                       gen_row[6].gen_col[6].i_multiply                    |                             gqav7_z19p_system_gqav7_accelerator_0_0_gqav7_bf16_mul_fp32_pipe_125 |        141 |        141 |       0 |    0 |     52 |      0 |      0 |    0 |          1 |
|                       gen_row[6].gen_col[7].i_accumulate                  |                              gqav7_z19p_system_gqav7_accelerator_0_0_gqav7_fp32_add_rne_pipe_126 |        424 |        424 |       0 |    0 |    392 |      0 |      0 |    0 |          0 |
|                       gen_row[6].gen_col[7].i_multiply                    |                             gqav7_z19p_system_gqav7_accelerator_0_0_gqav7_bf16_mul_fp32_pipe_127 |        139 |        139 |       0 |    0 |     52 |      0 |      0 |    0 |          1 |
|                       gen_row[7].gen_col[0].i_accumulate                  |                              gqav7_z19p_system_gqav7_accelerator_0_0_gqav7_fp32_add_rne_pipe_128 |        422 |        422 |       0 |    0 |    392 |      0 |      0 |    0 |          0 |
|                       gen_row[7].gen_col[0].i_multiply                    |                             gqav7_z19p_system_gqav7_accelerator_0_0_gqav7_bf16_mul_fp32_pipe_129 |        140 |        140 |       0 |    0 |     52 |      0 |      0 |    0 |          1 |
|                       gen_row[7].gen_col[1].i_accumulate                  |                              gqav7_z19p_system_gqav7_accelerator_0_0_gqav7_fp32_add_rne_pipe_130 |        423 |        423 |       0 |    0 |    392 |      0 |      0 |    0 |          0 |
|                       gen_row[7].gen_col[1].i_multiply                    |                             gqav7_z19p_system_gqav7_accelerator_0_0_gqav7_bf16_mul_fp32_pipe_131 |        140 |        140 |       0 |    0 |     52 |      0 |      0 |    0 |          1 |
|                       gen_row[7].gen_col[2].i_accumulate                  |                              gqav7_z19p_system_gqav7_accelerator_0_0_gqav7_fp32_add_rne_pipe_132 |        424 |        424 |       0 |    0 |    392 |      0 |      0 |    0 |          0 |
|                       gen_row[7].gen_col[2].i_multiply                    |                             gqav7_z19p_system_gqav7_accelerator_0_0_gqav7_bf16_mul_fp32_pipe_133 |        141 |        141 |       0 |    0 |     52 |      0 |      0 |    0 |          1 |
|                       gen_row[7].gen_col[3].i_accumulate                  |                              gqav7_z19p_system_gqav7_accelerator_0_0_gqav7_fp32_add_rne_pipe_134 |        423 |        423 |       0 |    0 |    392 |      0 |      0 |    0 |          0 |
|                       gen_row[7].gen_col[3].i_multiply                    |                             gqav7_z19p_system_gqav7_accelerator_0_0_gqav7_bf16_mul_fp32_pipe_135 |        140 |        140 |       0 |    0 |     52 |      0 |      0 |    0 |          1 |
|                       gen_row[7].gen_col[4].i_accumulate                  |                              gqav7_z19p_system_gqav7_accelerator_0_0_gqav7_fp32_add_rne_pipe_136 |        427 |        427 |       0 |    0 |    392 |      0 |      0 |    0 |          0 |
|                       gen_row[7].gen_col[4].i_multiply                    |                             gqav7_z19p_system_gqav7_accelerator_0_0_gqav7_bf16_mul_fp32_pipe_137 |        142 |        142 |       0 |    0 |     52 |      0 |      0 |    0 |          1 |
|                       gen_row[7].gen_col[5].i_accumulate                  |                              gqav7_z19p_system_gqav7_accelerator_0_0_gqav7_fp32_add_rne_pipe_138 |        421 |        421 |       0 |    0 |    392 |      0 |      0 |    0 |          0 |
|                       gen_row[7].gen_col[5].i_multiply                    |                             gqav7_z19p_system_gqav7_accelerator_0_0_gqav7_bf16_mul_fp32_pipe_139 |        140 |        140 |       0 |    0 |     52 |      0 |      0 |    0 |          1 |
|                       gen_row[7].gen_col[6].i_accumulate                  |                              gqav7_z19p_system_gqav7_accelerator_0_0_gqav7_fp32_add_rne_pipe_140 |        426 |        426 |       0 |    0 |    392 |      0 |      0 |    0 |          0 |
|                       gen_row[7].gen_col[6].i_multiply                    |                             gqav7_z19p_system_gqav7_accelerator_0_0_gqav7_bf16_mul_fp32_pipe_141 |        140 |        140 |       0 |    0 |     52 |      0 |      0 |    0 |          1 |
|                       gen_row[7].gen_col[7].i_accumulate                  |                              gqav7_z19p_system_gqav7_accelerator_0_0_gqav7_fp32_add_rne_pipe_142 |        424 |        424 |       0 |    0 |    392 |      0 |      0 |    0 |          0 |
|                       gen_row[7].gen_col[7].i_multiply                    |                             gqav7_z19p_system_gqav7_accelerator_0_0_gqav7_bf16_mul_fp32_pipe_143 |        140 |        140 |       0 |    0 |     52 |      0 |      0 |    0 |          1 |
|                     i_scheduler                                           |                 gqav7_z19p_system_gqav7_accelerator_0_0_gqav7_logical_16x16_dual_group_scheduler |        611 |        611 |       0 |    0 |   1071 |      0 |      0 |    0 |          0 |
|                       (i_scheduler)                                       |                 gqav7_z19p_system_gqav7_accelerator_0_0_gqav7_logical_16x16_dual_group_scheduler |        535 |        535 |       0 |    0 |   1071 |      0 |      0 |    0 |          0 |
|               i_v72_score_splitter                                        |                         gqav7_z19p_system_gqav7_accelerator_0_0_gqav72_score_tile_splitter_8lane |        184 |         36 |     148 |    0 |     81 |      0 |      0 |    0 |          0 |
|             i_resident_operands                                           |                          gqav7_z19p_system_gqav7_accelerator_0_0_gqav5_resident_operand_frontend |       5663 |       5663 |       0 |    0 |  10131 |     32 |     16 |    0 |          0 |
|               i_v_cache                                                   |                    gqav7_z19p_system_gqav7_accelerator_0_0_gqav5_partitioned_resident_tile_cache |        772 |        772 |       0 |    0 |    337 |     16 |      0 |    0 |          0 |
|                 gen_partition[3].i_cache                                  |                              gqav7_z19p_system_gqav7_accelerator_0_0_gqav5_resident_tile_cache_3 |        189 |        189 |       0 |    0 |     81 |      4 |      0 |    0 |          0 |
|                 gen_partition[0].i_cache                                  |                                gqav7_z19p_system_gqav7_accelerator_0_0_gqav5_resident_tile_cache |        162 |        162 |       0 |    0 |     82 |      4 |      0 |    0 |          0 |
|                 gen_partition[1].i_cache                                  |                              gqav7_z19p_system_gqav7_accelerator_0_0_gqav5_resident_tile_cache_1 |        112 |        112 |       0 |    0 |     82 |      4 |      0 |    0 |          0 |
|                 gen_partition[2].i_cache                                  |                              gqav7_z19p_system_gqav7_accelerator_0_0_gqav5_resident_tile_cache_2 |        309 |        309 |       0 |    0 |     82 |      4 |      0 |    0 |          0 |
|               i_k_column_cache                                            |                              gqav7_z19p_system_gqav7_accelerator_0_0_gqav5_packed_k_column_cache |       3175 |       3175 |       0 |    0 |   8957 |     16 |      0 |    0 |          0 |
|                 (i_k_column_cache)                                        |                              gqav7_z19p_system_gqav7_accelerator_0_0_gqav5_packed_k_column_cache |       2675 |       2675 |       0 |    0 |   8957 |     16 |      0 |    0 |          0 |
|               i_q_column_cache                                            |                              gqav7_z19p_system_gqav7_accelerator_0_0_gqav5_packed_q_column_cache |       1684 |       1684 |       0 |    0 |    806 |      0 |     16 |    0 |          0 |
|                 (i_q_column_cache)                                        |                              gqav7_z19p_system_gqav7_accelerator_0_0_gqav5_packed_q_column_cache |       1637 |       1637 |       0 |    0 |    806 |      0 |     16 |    0 |          0 |
|             i_row_mover                                                   |              gqav7_z19p_system_gqav7_accelerator_0_0_gqav5_axi_row_mover_256_cdc__parameterized0 |       3060 |       2868 |     192 |    0 |   2113 |     29 |      4 |    0 |          0 |
|               (i_row_mover)                                               |              gqav7_z19p_system_gqav7_accelerator_0_0_gqav5_axi_row_mover_256_cdc__parameterized0 |       1178 |       1026 |     152 |    0 |    741 |      0 |      0 |    0 |          0 |
|               i_dma_row_mover                                             |                  gqav7_z19p_system_gqav7_accelerator_0_0_gqav5_axi_row_mover_256__parameterized0 |       1155 |       1115 |      40 |    0 |    960 |      7 |      1 |    0 |          0 |
|                 (i_dma_row_mover)                                         |                  gqav7_z19p_system_gqav7_accelerator_0_0_gqav5_axi_row_mover_256__parameterized0 |         64 |         64 |       0 |    0 |      0 |      0 |      0 |    0 |          0 |
|                 gen_v5_4.i_load                                           |        gqav7_z19p_system_gqav7_accelerator_0_0_gqav5_axi_burst_load_pingpong_256__parameterized0 |        723 |        683 |      40 |    0 |    717 |      7 |      1 |    0 |          0 |
|                 gen_v5_4.i_store                                          |           gqav7_z19p_system_gqav7_accelerator_0_0_gqav5_axi_row_mover_256_legacy__parameterized0 |        368 |        368 |       0 |    0 |    243 |      0 |      0 |    0 |          0 |
|               i_load_command_cdc                                          |                                         gqav7_z19p_system_gqav7_accelerator_0_0_gqav5_async_fifo |         97 |         97 |       0 |    0 |     35 |      1 |      1 |    0 |          0 |
|               i_load_command_dma_slice                                    |                                           gqav7_z19p_system_gqav7_accelerator_0_0_gqav5_rv_slice |         10 |         10 |       0 |    0 |     78 |      0 |      0 |    0 |          0 |
|               i_load_event_cdc                                            |                         gqav7_z19p_system_gqav7_accelerator_0_0_gqav5_async_fifo__parameterized2 |        183 |        183 |       0 |    0 |     76 |      4 |      0 |    0 |          0 |
|               i_stats_cdc                                                 |                         gqav7_z19p_system_gqav7_accelerator_0_0_gqav5_async_fifo__parameterized4 |        277 |        277 |       0 |    0 |     29 |      9 |      0 |    0 |          0 |
|               i_store_command_cdc                                         |                         gqav7_z19p_system_gqav7_accelerator_0_0_gqav5_async_fifo__parameterized0 |         97 |         97 |       0 |    0 |     35 |      1 |      1 |    0 |          0 |
|               i_store_command_dma_slice                                   |                           gqav7_z19p_system_gqav7_accelerator_0_0_gqav5_rv_slice__parameterized0 |         19 |         19 |       0 |    0 |     77 |      0 |      0 |    0 |          0 |
|               i_store_row_cdc                                             |                         gqav7_z19p_system_gqav7_accelerator_0_0_gqav5_async_fifo__parameterized1 |         33 |         33 |       0 |    0 |     56 |      7 |      1 |    0 |          0 |
|             i_store_request                                               |                            gqav7_z19p_system_gqav7_accelerator_0_0_gqav5_store_request_generator |        104 |        104 |       0 |    0 |    240 |      0 |      0 |    0 |          0 |
+---------------------------------------------------------------------------+--------------------------------------------------------------------------------------------------+------------+------------+---------+------+--------+--------+--------+------+------------+
* Note: The sum of lower-level cells may be larger than their parent cells total, due to cross-hierarchy LUT combining


