Copyright 1986-2022 Xilinx, Inc. All Rights Reserved. Copyright 2022-2025 Advanced Micro Devices, Inc. All Rights Reserved.
-----------------------------------------------------------------------------------------------------------------------------------------------------------------------------------------------------------
| Tool Version      : Vivado v.2025.2 (win64) Build 6299465 Fri Nov 14 19:35:11 GMT 2025
| Date              : Sat Aug  8 17:29:51 2026
| Host              : DESKTOP-608D0QK running 64-bit major release  (build 9200)
| Command           : report_timing_summary -delay_type min_max -report_unconstrained -file R:/source/vivado/output/FPGAtten_2025_2_235MHz_core_300MHz_remote_validation/reports/report_timing_summary.rpt
| Design            : gqav7_z19p_system_wrapper
| Device            : xczu19eg-ffvc1760
| Speed File        : -2  PRODUCTION 1.30 05-15-2022
| Design State      : Routed
| Temperature Grade : I
-----------------------------------------------------------------------------------------------------------------------------------------------------------------------------------------------------------

Timing Summary Report

------------------------------------------------------------------------------------------------
| Timer Settings
| --------------
------------------------------------------------------------------------------------------------

  Enable Multi Corner Analysis               :  Yes
  Enable Pessimism Removal                   :  Yes
  Pessimism Removal Resolution               :  Nearest Common Node
  Enable Input Delay Default Clock           :  No
  Enable Preset / Clear Arcs                 :  No
  Disable Flight Delays                      :  No
  Ignore I/O Paths                           :  No
  Timing Early Launch at Borrowing Latches   :  No
  Borrow Time for Max Delay Exceptions       :  Yes
  Merge Timing Exceptions                    :  Yes
  Inter-SLR Compensation                     :  Conservative

  Corner  Analyze    Analyze    
  Name    Max Paths  Min Paths  
  ------  ---------  ---------  
  Slow    Yes        Yes        
  Fast    Yes        Yes        


------------------------------------------------------------------------------------------------
| Report Methodology
| ------------------
------------------------------------------------------------------------------------------------

Rule       Severity  Description                                                                                            Violations  
---------  --------  -----------------------------------------------------------------------------------------------------  ----------  
LUTAR-1    Warning   LUT drives async reset alert                                                                           16          
TIMING-47  Warning   False path, asynchronous clock group or max delay datapath only constraint between synchronous clocks  6           
CLKC-40    Advisory  Substitute PLLE4 for MMCME4 check                                                                      1           
CLKC-56    Advisory  MMCME4 with global clock driver has no LOC                                                             2           

Note: This report is based on the most recent report_methodology run and may not be up-to-date. Run report_methodology on the current design for the latest report.



check_timing report

Table of Contents
-----------------
1. checking no_clock (0)
2. checking constant_clock (0)
3. checking pulse_width_clock (0)
4. checking unconstrained_internal_endpoints (0)
5. checking no_input_delay (0)
6. checking no_output_delay (1)
7. checking multiple_clock (0)
8. checking generated_clocks (0)
9. checking loops (0)
10. checking partial_input_delay (0)
11. checking partial_output_delay (0)
12. checking latch_loops (0)

1. checking no_clock (0)
------------------------
 There are 0 register/latch pins with no clock.


2. checking constant_clock (0)
------------------------------
 There are 0 register/latch pins with constant_clock.


3. checking pulse_width_clock (0)
---------------------------------
 There are 0 register/latch pins which need pulse_width check


4. checking unconstrained_internal_endpoints (0)
------------------------------------------------
 There are 0 pins that are not constrained for maximum delay.

 There are 0 pins that are not constrained for maximum delay due to constant clock.


5. checking no_input_delay (0)
------------------------------
 There are 0 input ports with no input delay specified.

 There are 0 input ports with no input delay but user has a false path constraint.


6. checking no_output_delay (1)
-------------------------------
 There is 1 port with no output delay specified. (HIGH)

 There are 0 ports with no output delay but user has a false path constraint

 There are 0 ports with no output delay but with a timing clock defined on it or propagating through it


7. checking multiple_clock (0)
------------------------------
 There are 0 register/latch pins with multiple clocks.


8. checking generated_clocks (0)
--------------------------------
 There are 0 generated clocks that are not connected to a clock source.


9. checking loops (0)
---------------------
 There are 0 combinational loops in the design.


10. checking partial_input_delay (0)
------------------------------------
 There are 0 input ports with partial input delay specified.


11. checking partial_output_delay (0)
-------------------------------------
 There are 0 ports with partial output delay specified.


12. checking latch_loops (0)
----------------------------
 There are 0 combinational latch loops in the design through latch input



------------------------------------------------------------------------------------------------
| Design Timing Summary
| ---------------------
------------------------------------------------------------------------------------------------

    WNS(ns)      TNS(ns)  TNS Failing Endpoints  TNS Total Endpoints      WHS(ns)      THS(ns)  THS Failing Endpoints  THS Total Endpoints     WPWS(ns)     TPWS(ns)  TPWS Failing Endpoints  TPWS Total Endpoints  
    -------      -------  ---------------------  -------------------      -------      -------  ---------------------  -------------------     --------     --------  ----------------------  --------------------  
      0.017        0.000                      0               504925        0.010        0.000                      0               504183        0.039        0.000                       0                203459  


All user specified timing constraints are met.


------------------------------------------------------------------------------------------------
| Clock Summary
| -------------
------------------------------------------------------------------------------------------------

Clock                                                                                                Waveform(ns)           Period(ns)      Frequency(MHz)
-----                                                                                                ------------           ----------      --------------
PL_CLK0_200M                                                                                         {0.000 2.500}          5.000           200.000         
  clk_core_235_unbuf                                                                                 {0.000 2.128}          4.255           235.000         
  clk_core_feedback                                                                                  {0.000 5.000}          10.000          100.000         
  clk_dma_300_unbuf                                                                                  {0.000 1.667}          3.333           300.000         
  clk_dma_feedback                                                                                   {0.000 2.500}          5.000           200.000         
  mmcm_clkout0                                                                                       {0.000 1.667}          3.333           300.000         
    pll_clk[0]                                                                                       {0.000 0.208}          0.417           2400.000        
      pll_clk[0]_DIV                                                                                 {0.000 1.667}          3.333           300.000         
    pll_clk[1]                                                                                       {0.000 0.208}          0.417           2400.000        
      pll_clk[1]_DIV                                                                                 {0.000 1.667}          3.333           300.000         
    pll_clk[2]                                                                                       {0.000 0.208}          0.417           2400.000        
      pll_clk[2]_DIV                                                                                 {0.000 1.667}          3.333           300.000         
  mmcm_clkout5                                                                                       {0.000 6.667}          13.333          75.000          
  mmcm_clkout6                                                                                       {0.000 3.333}          6.667           150.000         
clk_pl_0                                                                                             {0.000 5.000}          10.000          100.000         
dbg_hub/inst/BSCANID.u_xsdbm_id/SWITCH_N_EXT_BSCAN.bscan_inst/SERIES7_BSCAN.bscan_inst/INTERNAL_TCK  {0.000 25.000}         50.000          20.000          


------------------------------------------------------------------------------------------------
| Intra Clock Table
| -----------------
------------------------------------------------------------------------------------------------

Clock                                                                                                    WNS(ns)      TNS(ns)  TNS Failing Endpoints  TNS Total Endpoints      WHS(ns)      THS(ns)  THS Failing Endpoints  THS Total Endpoints     WPWS(ns)     TPWS(ns)  TPWS Failing Endpoints  TPWS Total Endpoints  
-----                                                                                                    -------      -------  ---------------------  -------------------      -------      -------  ---------------------  -------------------     --------     --------  ----------------------  --------------------  
PL_CLK0_200M                                                                                               3.696        0.000                      0                   23        0.037        0.000                      0                   23        0.750        0.000                       0                    21  
  clk_core_235_unbuf                                                                                       0.017        0.000                      0               344274        0.010        0.000                      0               344274        0.628        0.000                       0                151281  
  clk_core_feedback                                                                                                                                                                                                                                    8.710        0.000                       0                     3  
  clk_dma_300_unbuf                                                                                        0.031        0.000                      0                99190        0.014        0.000                      0                99190        0.167        0.000                       0                 28687  
  clk_dma_feedback                                                                                                                                                                                                                                     3.710        0.000                       0                     3  
  mmcm_clkout0                                                                                             0.158        0.000                      0                44562        0.010        0.000                      0                44562        0.217        0.000                       0                 20555  
    pll_clk[0]                                                                                                                                                                                                                                         0.039        0.000                       0                     9  
      pll_clk[0]_DIV                                                                                                                                                                                                                                   0.467        0.000                       0                    40  
    pll_clk[1]                                                                                                                                                                                                                                         0.039        0.000                       0                     9  
      pll_clk[1]_DIV                                                                                                                                                                                                                                   0.467        0.000                       0                    40  
    pll_clk[2]                                                                                                                                                                                                                                         0.039        0.000                       0                     7  
      pll_clk[2]_DIV                                                                                                                                                                                                                                   0.467        0.000                       0                    25  
  mmcm_clkout5                                                                                            10.680        0.000                      0                  827        0.029        0.000                      0                  827        6.135        0.000                       0                   570  
  mmcm_clkout6                                                                                             1.722        0.000                      0                 5643        0.017        0.000                      0                 5159        1.085        0.000                       0                  1730  
dbg_hub/inst/BSCANID.u_xsdbm_id/SWITCH_N_EXT_BSCAN.bscan_inst/SERIES7_BSCAN.bscan_inst/INTERNAL_TCK        7.275        0.000                      0                  992        0.032        0.000                      0                  992       24.468        0.000                       0                   479  


------------------------------------------------------------------------------------------------
| Inter Clock Table
| -----------------
------------------------------------------------------------------------------------------------

From Clock                                                                                           To Clock                                                                                                 WNS(ns)      TNS(ns)  TNS Failing Endpoints  TNS Total Endpoints      WHS(ns)      THS(ns)  THS Failing Endpoints  THS Total Endpoints  
----------                                                                                           --------                                                                                                 -------      -------  ---------------------  -------------------      -------      -------  ---------------------  -------------------  
mmcm_clkout0                                                                                         clk_dma_300_unbuf                                                                                          2.632        0.000                      0                   20                                                                        
clk_dma_300_unbuf                                                                                    mmcm_clkout0                                                                                               2.575        0.000                      0                   20                                                                        
mmcm_clkout5                                                                                         mmcm_clkout0                                                                                               2.545        0.000                      0                   28                                                                        
mmcm_clkout6                                                                                         mmcm_clkout0                                                                                               1.930        0.000                      0                  129                                                                        
mmcm_clkout0                                                                                         pll_clk[0]_DIV                                                                                             0.660        0.000                      0                  352        0.693        0.000                      0                  352  
mmcm_clkout0                                                                                         pll_clk[1]_DIV                                                                                             0.716        0.000                      0                  352        0.698        0.000                      0                  352  
mmcm_clkout0                                                                                         pll_clk[2]_DIV                                                                                             0.672        0.000                      0                  216        0.717        0.000                      0                  216  
mmcm_clkout0                                                                                         mmcm_clkout5                                                                                              11.469        0.000                      0                   10                                                                        
dbg_hub/inst/BSCANID.u_xsdbm_id/SWITCH_N_EXT_BSCAN.bscan_inst/SERIES7_BSCAN.bscan_inst/INTERNAL_TCK  mmcm_clkout5                                                                                              49.188        0.000                      0                    8                                                                        
mmcm_clkout0                                                                                         mmcm_clkout6                                                                                               1.862        0.000                      0                   36        0.104        0.000                      0                    1  
mmcm_clkout5                                                                                         dbg_hub/inst/BSCANID.u_xsdbm_id/SWITCH_N_EXT_BSCAN.bscan_inst/SERIES7_BSCAN.bscan_inst/INTERNAL_TCK       12.932        0.000                      0                    8                                                                        


------------------------------------------------------------------------------------------------
| Other Path Groups Table
| -----------------------
------------------------------------------------------------------------------------------------

Path Group                                                                                           From Clock                                                                                           To Clock                                                                                                 WNS(ns)      TNS(ns)  TNS Failing Endpoints  TNS Total Endpoints      WHS(ns)      THS(ns)  THS Failing Endpoints  THS Total Endpoints  
----------                                                                                           ----------                                                                                           --------                                                                                                 -------      -------  ---------------------  -------------------      -------      -------  ---------------------  -------------------  
**async_default**                                                                                    clk_core_235_unbuf                                                                                   clk_core_235_unbuf                                                                                         0.290        0.000                      0                 6412        0.170        0.000                      0                 6412  
**async_default**                                                                                    clk_dma_300_unbuf                                                                                    clk_dma_300_unbuf                                                                                          0.091        0.000                      0                 1509        0.104        0.000                      0                 1509  
**async_default**                                                                                    dbg_hub/inst/BSCANID.u_xsdbm_id/SWITCH_N_EXT_BSCAN.bscan_inst/SERIES7_BSCAN.bscan_inst/INTERNAL_TCK  dbg_hub/inst/BSCANID.u_xsdbm_id/SWITCH_N_EXT_BSCAN.bscan_inst/SERIES7_BSCAN.bscan_inst/INTERNAL_TCK       45.480        0.000                      0                  100        0.093        0.000                      0                  100  
**async_default**                                                                                    mmcm_clkout0                                                                                         mmcm_clkout0                                                                                               1.969        0.000                      0                  109        0.146        0.000                      0                  109  
**async_default**                                                                                    mmcm_clkout5                                                                                         mmcm_clkout5                                                                                              12.167        0.000                      0                  105        0.127        0.000                      0                  105  


------------------------------------------------------------------------------------------------
| User Ignored Path Table
| -----------------------
------------------------------------------------------------------------------------------------

Path Group                                                                                           From Clock                                                                                           To Clock                                                                                           
----------                                                                                           ----------                                                                                           --------                                                                                           
(none)                                                                                                                                                                                                    PL_CLK0_200M                                                                                         
(none)                                                                                                                                                                                                    clk_core_235_unbuf                                                                                   
(none)                                                                                               clk_core_235_unbuf                                                                                   clk_core_235_unbuf                                                                                   
(none)                                                                                               clk_dma_300_unbuf                                                                                    clk_core_235_unbuf                                                                                   
(none)                                                                                                                                                                                                    clk_dma_300_unbuf                                                                                    
(none)                                                                                               clk_core_235_unbuf                                                                                   clk_dma_300_unbuf                                                                                    
(none)                                                                                               clk_dma_300_unbuf                                                                                    clk_dma_300_unbuf                                                                                    
(none)                                                                                               mmcm_clkout0                                                                                         clk_dma_300_unbuf                                                                                    
(none)                                                                                               mmcm_clkout5                                                                                         dbg_hub/inst/BSCANID.u_xsdbm_id/SWITCH_N_EXT_BSCAN.bscan_inst/SERIES7_BSCAN.bscan_inst/INTERNAL_TCK  
(none)                                                                                               PL_CLK0_200M                                                                                         mmcm_clkout0                                                                                         
(none)                                                                                               clk_dma_300_unbuf                                                                                    mmcm_clkout0                                                                                         
(none)                                                                                               mmcm_clkout0                                                                                         mmcm_clkout0                                                                                         
(none)                                                                                               mmcm_clkout5                                                                                         mmcm_clkout0                                                                                         
(none)                                                                                               mmcm_clkout6                                                                                         mmcm_clkout0                                                                                         
(none)                                                                                               dbg_hub/inst/BSCANID.u_xsdbm_id/SWITCH_N_EXT_BSCAN.bscan_inst/SERIES7_BSCAN.bscan_inst/INTERNAL_TCK  mmcm_clkout5                                                                                         
(none)                                                                                               mmcm_clkout0                                                                                         mmcm_clkout5                                                                                         
(none)                                                                                               PL_CLK0_200M                                                                                         mmcm_clkout6                                                                                         
(none)                                                                                               mmcm_clkout0                                                                                         mmcm_clkout6                                                                                         
(none)                                                                                               mmcm_clkout6                                                                                         mmcm_clkout6                                                                                         


------------------------------------------------------------------------------------------------
| Unconstrained Path Table
| ------------------------
------------------------------------------------------------------------------------------------

Path Group                                                                                           From Clock                                                                                           To Clock                                                                                           
----------                                                                                           ----------                                                                                           --------                                                                                           
(none)                                                                                               mmcm_clkout0                                                                                                                                                                                              
(none)                                                                                                                                                                                                    PL_CLK0_200M                                                                                         
(none)                                                                                                                                                                                                    clk_core_235_unbuf                                                                                   
(none)                                                                                                                                                                                                    dbg_hub/inst/BSCANID.u_xsdbm_id/SWITCH_N_EXT_BSCAN.bscan_inst/SERIES7_BSCAN.bscan_inst/INTERNAL_TCK  


------------------------------------------------------------------------------------------------
| Timing Details
| --------------
------------------------------------------------------------------------------------------------


---------------------------------------------------------------------------------------------------
From Clock:  PL_CLK0_200M
  To Clock:  PL_CLK0_200M

Setup :            0  Failing Endpoints,  Worst Slack        3.696ns,  Total Violation        0.000ns
Hold  :            0  Failing Endpoints,  Worst Slack        0.037ns,  Total Violation        0.000ns
PW    :            0  Failing Endpoints,  Worst Slack        0.750ns,  Total Violation        0.000ns
---------------------------------------------------------------------------------------------------


Max Delay Paths
--------------------------------------------------------------------------------------
Slack (MET) :             3.696ns  (required time - arrival time)
  Source:                 gqav7_z19p_system_i/pl_ddr4_0/inst/u_ddr4_controller/inst/u_ddr4_infrastructure/rst_input_sync_r_reg[1]/C
                            (rising edge-triggered cell FDRE clocked by PL_CLK0_200M  {rise@0.000ns fall@2.500ns period=5.000ns})
  Destination:            gqav7_z19p_system_i/pl_ddr4_0/inst/u_ddr4_controller/inst/u_ddr4_infrastructure/rst_input_sync_r_reg[2]/D
                            (rising edge-triggered cell FDRE clocked by PL_CLK0_200M  {rise@0.000ns fall@2.500ns period=5.000ns})
  Path Group:             PL_CLK0_200M
  Path Type:              Setup (Max at Slow Process Corner)
  Requirement:            5.000ns  (PL_CLK0_200M rise@5.000ns - PL_CLK0_200M rise@0.000ns)
  Data Path Delay:        1.286ns  (logic 0.080ns (6.221%)  route 1.206ns (93.779%))
  Logic Levels:           0  
  Clock Path Skew:        -0.008ns (DCD - SCD + CPR)
    Destination Clock Delay (DCD):    1.861ns = ( 6.861 - 5.000 ) 
    Source Clock Delay      (SCD):    2.175ns
    Clock Pessimism Removal (CPR):    0.306ns
  Clock Uncertainty:      0.035ns  ((TSJ^2 + TIJ^2)^1/2 + DJ) / 2 + PE
    Total System Jitter     (TSJ):    0.071ns
    Total Input Jitter      (TIJ):    0.000ns
    Discrete Jitter          (DJ):    0.000ns
    Phase Error              (PE):    0.000ns
  Clock Net Delay (Source):      1.151ns (routing 0.171ns, distribution 0.980ns)
  Clock Net Delay (Destination): 1.005ns (routing 0.155ns, distribution 0.850ns)

    Location             Delay type                Incr(ns)  Path(ns)    Netlist Resource(s)
  -------------------------------------------------------------------    -------------------
                         (clock PL_CLK0_200M rise edge)
                                                      0.000     0.000 r  
    H21                                               0.000     0.000 r  PL_CLK0_clk_p (IN)
                         net (fo=0)                   0.100     0.100    gqav7_z19p_system_i/pl_clock_buffer/inst/u_ibufds/I
    HPIOBDIFFINBUF_X0Y179
                         DIFFINBUF (Prop_DIFFINBUF_HPIOBDIFFINBUF_DIFF_IN_P_O)
                                                      0.523     0.623 r  gqav7_z19p_system_i/pl_clock_buffer/inst/u_ibufds/DIFFINBUF_INST/O
                         net (fo=1, routed)           0.050     0.673    gqav7_z19p_system_i/pl_clock_buffer/inst/u_ibufds/OUT
    H21                  IBUFCTRL (Prop_IBUFCTRL_HPIOB_M_I_O)
                                                      0.000     0.673 r  gqav7_z19p_system_i/pl_clock_buffer/inst/u_ibufds/IBUFCTRL_INST/O
                         net (fo=1, routed)           0.323     0.996    gqav7_z19p_system_i/pl_clock_buffer/inst/clk_ibuf
    BUFGCE_X0Y168        BUFGCE (Prop_BUFCE_BUFGCE_I_O)
                                                      0.028     1.024 r  gqav7_z19p_system_i/pl_clock_buffer/inst/clk_ibuf_BUFGCE_inst/O
    X2Y7 (CLOCK_ROOT)    net (fo=20, routed)          1.151     2.175    gqav7_z19p_system_i/pl_ddr4_0/inst/u_ddr4_controller/inst/u_ddr4_infrastructure/sys_clk_in
    SLICE_X41Y399        FDRE                                         r  gqav7_z19p_system_i/pl_ddr4_0/inst/u_ddr4_controller/inst/u_ddr4_infrastructure/rst_input_sync_r_reg[1]/C
  -------------------------------------------------------------------    -------------------
    SLICE_X41Y399        FDRE (Prop_BFF2_SLICEL_C_Q)
                                                      0.080     2.255 r  gqav7_z19p_system_i/pl_ddr4_0/inst/u_ddr4_controller/inst/u_ddr4_infrastructure/rst_input_sync_r_reg[1]/Q
                         net (fo=1, routed)           1.206     3.461    gqav7_z19p_system_i/pl_ddr4_0/inst/u_ddr4_controller/inst/u_ddr4_infrastructure/rst_input_sync_r[1]
    SLICE_X41Y399        FDRE                                         r  gqav7_z19p_system_i/pl_ddr4_0/inst/u_ddr4_controller/inst/u_ddr4_infrastructure/rst_input_sync_r_reg[2]/D
  -------------------------------------------------------------------    -------------------

                         (clock PL_CLK0_200M rise edge)
                                                      5.000     5.000 r  
    H21                                               0.000     5.000 r  PL_CLK0_clk_p (IN)
                         net (fo=0)                   0.079     5.079    gqav7_z19p_system_i/pl_clock_buffer/inst/u_ibufds/I
    HPIOBDIFFINBUF_X0Y179
                         DIFFINBUF (Prop_DIFFINBUF_HPIOBDIFFINBUF_DIFF_IN_P_O)
                                                      0.427     5.506 r  gqav7_z19p_system_i/pl_clock_buffer/inst/u_ibufds/DIFFINBUF_INST/O
                         net (fo=1, routed)           0.040     5.546    gqav7_z19p_system_i/pl_clock_buffer/inst/u_ibufds/OUT
    H21                  IBUFCTRL (Prop_IBUFCTRL_HPIOB_M_I_O)
                                                      0.000     5.546 r  gqav7_z19p_system_i/pl_clock_buffer/inst/u_ibufds/IBUFCTRL_INST/O
                         net (fo=1, routed)           0.286     5.832    gqav7_z19p_system_i/pl_clock_buffer/inst/clk_ibuf
    BUFGCE_X0Y168        BUFGCE (Prop_BUFCE_BUFGCE_I_O)
                                                      0.024     5.856 r  gqav7_z19p_system_i/pl_clock_buffer/inst/clk_ibuf_BUFGCE_inst/O
    X2Y7 (CLOCK_ROOT)    net (fo=20, routed)          1.005     6.861    gqav7_z19p_system_i/pl_ddr4_0/inst/u_ddr4_controller/inst/u_ddr4_infrastructure/sys_clk_in
    SLICE_X41Y399        FDRE                                         r  gqav7_z19p_system_i/pl_ddr4_0/inst/u_ddr4_controller/inst/u_ddr4_infrastructure/rst_input_sync_r_reg[2]/C
                         clock pessimism              0.306     7.167    
                         clock uncertainty           -0.035     7.132    
    SLICE_X41Y399        FDRE (Setup_CFF2_SLICEL_C_D)
                                                      0.025     7.157    gqav7_z19p_system_i/pl_ddr4_0/inst/u_ddr4_controller/inst/u_ddr4_infrastructure/rst_input_sync_r_reg[2]
  -------------------------------------------------------------------
                         required time                          7.157    
                         arrival time                          -3.461    
  -------------------------------------------------------------------
                         slack                                  3.696    





Min Delay Paths
--------------------------------------------------------------------------------------
Slack (MET) :             0.037ns  (arrival time - required time)
  Source:                 gqav7_z19p_system_i/pl_ddr4_0/inst/u_ddr4_controller/inst/u_ddr4_infrastructure/counter_input_rst_reg[2]/C
                            (rising edge-triggered cell FDRE clocked by PL_CLK0_200M  {rise@0.000ns fall@2.500ns period=5.000ns})
  Destination:            gqav7_z19p_system_i/pl_ddr4_0/inst/u_ddr4_controller/inst/u_ddr4_infrastructure/counter_input_rst_reg[3]/D
                            (rising edge-triggered cell FDRE clocked by PL_CLK0_200M  {rise@0.000ns fall@2.500ns period=5.000ns})
  Path Group:             PL_CLK0_200M
  Path Type:              Hold (Min at Fast Process Corner)
  Requirement:            0.000ns  (PL_CLK0_200M rise@0.000ns - PL_CLK0_200M rise@0.000ns)
  Data Path Delay:        0.090ns  (logic 0.059ns (65.666%)  route 0.031ns (34.334%))
  Logic Levels:           1  (LUT4=1)
  Clock Path Skew:        0.006ns (DCD - SCD - CPR)
    Destination Clock Delay (DCD):    1.503ns
    Source Clock Delay      (SCD):    1.239ns
    Clock Pessimism Removal (CPR):    0.258ns
  Clock Net Delay (Source):      0.677ns (routing 0.096ns, distribution 0.581ns)
  Clock Net Delay (Destination): 0.773ns (routing 0.108ns, distribution 0.665ns)

    Location             Delay type                Incr(ns)  Path(ns)    Netlist Resource(s)
  -------------------------------------------------------------------    -------------------
                         (clock PL_CLK0_200M rise edge)
                                                      0.000     0.000 r  
    H21                                               0.000     0.000 r  PL_CLK0_clk_p (IN)
                         net (fo=0)                   0.079     0.079    gqav7_z19p_system_i/pl_clock_buffer/inst/u_ibufds/I
    HPIOBDIFFINBUF_X0Y179
                         DIFFINBUF (Prop_DIFFINBUF_HPIOBDIFFINBUF_DIFF_IN_P_O)
                                                      0.282     0.361 r  gqav7_z19p_system_i/pl_clock_buffer/inst/u_ibufds/DIFFINBUF_INST/O
                         net (fo=1, routed)           0.040     0.401    gqav7_z19p_system_i/pl_clock_buffer/inst/u_ibufds/OUT
    H21                  IBUFCTRL (Prop_IBUFCTRL_HPIOB_M_I_O)
                                                      0.000     0.401 r  gqav7_z19p_system_i/pl_clock_buffer/inst/u_ibufds/IBUFCTRL_INST/O
                         net (fo=1, routed)           0.144     0.545    gqav7_z19p_system_i/pl_clock_buffer/inst/clk_ibuf
    BUFGCE_X0Y168        BUFGCE (Prop_BUFCE_BUFGCE_I_O)
                                                      0.017     0.562 r  gqav7_z19p_system_i/pl_clock_buffer/inst/clk_ibuf_BUFGCE_inst/O
    X2Y7 (CLOCK_ROOT)    net (fo=20, routed)          0.677     1.239    gqav7_z19p_system_i/pl_ddr4_0/inst/u_ddr4_controller/inst/u_ddr4_infrastructure/sys_clk_in
    SLICE_X68Y395        FDRE                                         r  gqav7_z19p_system_i/pl_ddr4_0/inst/u_ddr4_controller/inst/u_ddr4_infrastructure/counter_input_rst_reg[2]/C
  -------------------------------------------------------------------    -------------------
    SLICE_X68Y395        FDRE (Prop_HFF_SLICEL_C_Q)
                                                      0.039     1.278 r  gqav7_z19p_system_i/pl_ddr4_0/inst/u_ddr4_controller/inst/u_ddr4_infrastructure/counter_input_rst_reg[2]/Q
                         net (fo=4, routed)           0.025     1.303    gqav7_z19p_system_i/pl_ddr4_0/inst/u_ddr4_controller/inst/u_ddr4_infrastructure/counter_input_rst[2]
    SLICE_X68Y395        LUT4 (Prop_H5LUT_SLICEL_I1_O)
                                                      0.020     1.323 r  gqav7_z19p_system_i/pl_ddr4_0/inst/u_ddr4_controller/inst/u_ddr4_infrastructure/counter_input_rst[3]_i_1/O
                         net (fo=1, routed)           0.006     1.329    gqav7_z19p_system_i/pl_ddr4_0/inst/u_ddr4_controller/inst/u_ddr4_infrastructure/counter_input_rst0[3]
    SLICE_X68Y395        FDRE                                         r  gqav7_z19p_system_i/pl_ddr4_0/inst/u_ddr4_controller/inst/u_ddr4_infrastructure/counter_input_rst_reg[3]/D
  -------------------------------------------------------------------    -------------------

                         (clock PL_CLK0_200M rise edge)
                                                      0.000     0.000 r  
    H21                                               0.000     0.000 r  PL_CLK0_clk_p (IN)
                         net (fo=0)                   0.100     0.100    gqav7_z19p_system_i/pl_clock_buffer/inst/u_ibufds/I
    HPIOBDIFFINBUF_X0Y179
                         DIFFINBUF (Prop_DIFFINBUF_HPIOBDIFFINBUF_DIFF_IN_P_O)
                                                      0.380     0.480 r  gqav7_z19p_system_i/pl_clock_buffer/inst/u_ibufds/DIFFINBUF_INST/O
                         net (fo=1, routed)           0.050     0.530    gqav7_z19p_system_i/pl_clock_buffer/inst/u_ibufds/OUT
    H21                  IBUFCTRL (Prop_IBUFCTRL_HPIOB_M_I_O)
                                                      0.000     0.530 r  gqav7_z19p_system_i/pl_clock_buffer/inst/u_ibufds/IBUFCTRL_INST/O
                         net (fo=1, routed)           0.181     0.711    gqav7_z19p_system_i/pl_clock_buffer/inst/clk_ibuf
    BUFGCE_X0Y168        BUFGCE (Prop_BUFCE_BUFGCE_I_O)
                                                      0.019     0.730 r  gqav7_z19p_system_i/pl_clock_buffer/inst/clk_ibuf_BUFGCE_inst/O
    X2Y7 (CLOCK_ROOT)    net (fo=20, routed)          0.773     1.503    gqav7_z19p_system_i/pl_ddr4_0/inst/u_ddr4_controller/inst/u_ddr4_infrastructure/sys_clk_in
    SLICE_X68Y395        FDRE                                         r  gqav7_z19p_system_i/pl_ddr4_0/inst/u_ddr4_controller/inst/u_ddr4_infrastructure/counter_input_rst_reg[3]/C
                         clock pessimism             -0.258     1.245    
    SLICE_X68Y395        FDRE (Hold_HFF2_SLICEL_C_D)
                                                      0.047     1.292    gqav7_z19p_system_i/pl_ddr4_0/inst/u_ddr4_controller/inst/u_ddr4_infrastructure/counter_input_rst_reg[3]
  -------------------------------------------------------------------
                         required time                         -1.292    
                         arrival time                           1.329    
  -------------------------------------------------------------------
                         slack                                  0.037    





Pulse Width Checks
--------------------------------------------------------------------------------------
Clock Name:         PL_CLK0_200M
Waveform(ns):       { 0.000 2.500 }
Period(ns):         5.000
Sources:            { PL_CLK0_clk_p }

Check Type        Corner  Lib Pin            Reference Pin  Required(ns)  Actual(ns)  Slack(ns)  Location       Pin
Min Period        n/a     BUFGCE/I           n/a            1.290         5.000       3.710      BUFGCE_X0Y168  gqav7_z19p_system_i/pl_clock_buffer/inst/clk_ibuf_BUFGCE_inst/I
Max Period        n/a     MMCME4_ADV/CLKIN1  n/a            100.000       5.000       95.000     MMCM_X0Y7      gqav7_z19p_system_i/pl_clock_buffer/inst/u_mmcm_core_235m/CLKIN1
Low Pulse Width   Slow    MMCME4_ADV/CLKIN1  n/a            1.750         2.500       0.750      MMCM_X0Y7      gqav7_z19p_system_i/pl_clock_buffer/inst/u_mmcm_core_235m/CLKIN1
High Pulse Width  Slow    MMCME4_ADV/CLKIN1  n/a            1.750         2.500       0.750      MMCM_X0Y7      gqav7_z19p_system_i/pl_clock_buffer/inst/u_mmcm_core_235m/CLKIN1



---------------------------------------------------------------------------------------------------
From Clock:  clk_core_235_unbuf
  To Clock:  clk_core_235_unbuf

Setup :            0  Failing Endpoints,  Worst Slack        0.017ns,  Total Violation        0.000ns
Hold  :            0  Failing Endpoints,  Worst Slack        0.010ns,  Total Violation        0.000ns
PW    :            0  Failing Endpoints,  Worst Slack        0.628ns,  Total Violation        0.000ns
---------------------------------------------------------------------------------------------------


Max Delay Paths
--------------------------------------------------------------------------------------
Slack (MET) :             0.017ns  (required time - arrival time)
  Source:                 gqav7_z19p_system_i/gqav7_accelerator_0/inst/u_accelerator/i_core/i_pipeline/i_downstream/i_pair_rescale/half0_valid_q_reg[1][1]/C
                            (rising edge-triggered cell FDCE clocked by clk_core_235_unbuf  {rise@0.000ns fall@2.128ns period=4.255ns})
  Destination:            gqav7_z19p_system_i/gqav7_accelerator_0/inst/u_accelerator/i_core/i_resident_operands/i_k_column_cache/gen_partition_ram[2].gen_resident_slice[0].column_mem_q_reg/ENARDEN
                            (rising edge-triggered cell RAMB36E2 clocked by clk_core_235_unbuf  {rise@0.000ns fall@2.128ns period=4.255ns})
  Path Group:             clk_core_235_unbuf
  Path Type:              Setup (Max at Slow Process Corner)
  Requirement:            4.255ns  (clk_core_235_unbuf rise@4.255ns - clk_core_235_unbuf rise@0.000ns)
  Data Path Delay:        3.736ns  (logic 0.922ns (24.678%)  route 2.814ns (75.322%))
  Logic Levels:           14  (LUT1=2 LUT2=1 LUT3=1 LUT4=3 LUT5=2 LUT6=4 MUXF7=1)
  Clock Path Skew:        -0.099ns (DCD - SCD + CPR)
    Destination Clock Delay (DCD):    1.924ns = ( 6.179 - 4.255 ) 
    Source Clock Delay      (SCD):    2.034ns
    Clock Pessimism Removal (CPR):    0.011ns
  Clock Uncertainty:      0.061ns  ((TSJ^2 + DJ^2)^1/2) / 2 + PE
    Total System Jitter     (TSJ):    0.071ns
    Discrete Jitter          (DJ):    0.099ns
    Phase Error              (PE):    0.000ns
  Clock Net Delay (Source):      2.967ns (routing 1.454ns, distribution 1.513ns)
  Clock Net Delay (Destination): 2.728ns (routing 1.318ns, distribution 1.410ns)

    Location             Delay type                Incr(ns)  Path(ns)    Netlist Resource(s)
  -------------------------------------------------------------------    -------------------
                         (clock clk_core_235_unbuf rise edge)
                                                      0.000     0.000 r  
    H21                                               0.000     0.000 r  PL_CLK0_clk_p (IN)
                         net (fo=0)                   0.100     0.100    gqav7_z19p_system_i/pl_clock_buffer/inst/u_ibufds/I
    HPIOBDIFFINBUF_X0Y179
                         DIFFINBUF (Prop_DIFFINBUF_HPIOBDIFFINBUF_DIFF_IN_P_O)
                                                      0.523     0.623 r  gqav7_z19p_system_i/pl_clock_buffer/inst/u_ibufds/DIFFINBUF_INST/O
                         net (fo=1, routed)           0.050     0.673    gqav7_z19p_system_i/pl_clock_buffer/inst/u_ibufds/OUT
    H21                  IBUFCTRL (Prop_IBUFCTRL_HPIOB_M_I_O)
                                                      0.000     0.673 r  gqav7_z19p_system_i/pl_clock_buffer/inst/u_ibufds/IBUFCTRL_INST/O
                         net (fo=1, routed)           0.323     0.996    gqav7_z19p_system_i/pl_clock_buffer/inst/clk_ibuf
    BUFGCE_X0Y168        BUFGCE (Prop_BUFCE_BUFGCE_I_O)
                                                      0.028     1.024 r  gqav7_z19p_system_i/pl_clock_buffer/inst/clk_ibuf_BUFGCE_inst/O
                         net (fo=20, routed)          0.969     1.993    gqav7_z19p_system_i/pl_clock_buffer/inst/clk_ibuf_BUFGCE
    MMCM_X0Y7            MMCME4_ADV (Prop_MMCM_CLKIN1_CLKOUT0)
                                                     -3.199    -1.206 r  gqav7_z19p_system_i/pl_clock_buffer/inst/u_mmcm_core_235m/CLKOUT0
                         net (fo=1, routed)           0.245    -0.961    gqav7_z19p_system_i/pl_clock_buffer/inst/clk_core_235_unbuf
    BUFGCE_X0Y191        BUFGCE (Prop_BUFCE_BUFGCE_I_O)
                                                      0.028    -0.933 r  gqav7_z19p_system_i/pl_clock_buffer/inst/u_bufg_core_235m/O
    X1Y3 (CLOCK_ROOT)    net (fo=152508, routed)      2.967     2.034    gqav7_z19p_system_i/gqav7_accelerator_0/inst/u_accelerator/i_core/i_pipeline/i_downstream/i_pair_rescale/aclk
    SLICE_X55Y213        FDCE                                         r  gqav7_z19p_system_i/gqav7_accelerator_0/inst/u_accelerator/i_core/i_pipeline/i_downstream/i_pair_rescale/half0_valid_q_reg[1][1]/C
  -------------------------------------------------------------------    -------------------
    SLICE_X55Y213        FDCE (Prop_AFF_SLICEL_C_Q)
                                                      0.079     2.113 r  gqav7_z19p_system_i/gqav7_accelerator_0/inst/u_accelerator/i_core/i_pipeline/i_downstream/i_pair_rescale/half0_valid_q_reg[1][1]/Q
                         net (fo=2, routed)           0.192     2.305    gqav7_z19p_system_i/gqav7_accelerator_0/inst/u_accelerator/i_core/i_pipeline/i_downstream/i_pair_rescale/gen_rescale_lane[4].i_rescale/s0_valid_q_reg_i_7_0
    SLICE_X56Y213        LUT6 (Prop_D6LUT_SLICEL_I0_O)
                                                      0.099     2.404 r  gqav7_z19p_system_i/gqav7_accelerator_0/inst/u_accelerator/i_core/i_pipeline/i_downstream/i_pair_rescale/gen_rescale_lane[4].i_rescale/s0_valid_q_i_14/O
                         net (fo=1, routed)           0.009     2.413    gqav7_z19p_system_i/gqav7_accelerator_0/inst/u_accelerator/i_core/i_pipeline/i_downstream/i_pair_rescale/gen_rescale_lane[4].i_rescale/s0_valid_q_i_14_n_0
    SLICE_X56Y213        MUXF7 (Prop_F7MUX_CD_SLICEL_I0_O)
                                                      0.063     2.476 r  gqav7_z19p_system_i/gqav7_accelerator_0/inst/u_accelerator/i_core/i_pipeline/i_downstream/i_pair_rescale/gen_rescale_lane[4].i_rescale/s0_valid_q_reg_i_7/O
                         net (fo=1, routed)           0.182     2.658    gqav7_z19p_system_i/gqav7_accelerator_0/inst/u_accelerator/i_core/i_pipeline/i_downstream/i_pair_rescale/gen_rescale_lane[4].i_rescale/s0_valid_q_reg_i_7_n_0
    SLICE_X58Y211        LUT6 (Prop_A6LUT_SLICEL_I5_O)
                                                      0.098     2.756 r  gqav7_z19p_system_i/gqav7_accelerator_0/inst/u_accelerator/i_core/i_pipeline/i_downstream/i_pair_rescale/gen_rescale_lane[4].i_rescale/s0_valid_q_i_3/O
                         net (fo=4, routed)           0.102     2.858    gqav7_z19p_system_i/gqav7_accelerator_0/inst/u_accelerator/i_core/i_pipeline/i_downstream/i_pair_rescale/gen_rescale_lane[4].i_rescale_n_51
    SLICE_X60Y211        LUT4 (Prop_C6LUT_SLICEL_I1_O)
                                                      0.035     2.893 r  gqav7_z19p_system_i/gqav7_accelerator_0/inst/u_accelerator/i_core/i_pipeline/i_downstream/i_pair_rescale/gen_difference_advance[0].i_difference_advance_i_2/O
                         net (fo=14, routed)          0.590     3.483    gqav7_z19p_system_i/gqav7_accelerator_0/inst/u_accelerator/i_core/i_pipeline/i_downstream/i_softmax/softmax_out_ready
    SLICE_X82Y185        LUT4 (Prop_F6LUT_SLICEL_I1_O)
                                                      0.123     3.606 r  gqav7_z19p_system_i/gqav7_accelerator_0/inst/u_accelerator/i_core/i_pipeline/i_downstream/i_softmax/gen_scale[0].i_scale_advance_i_1_replica/O
                         net (fo=1, routed)           0.040     3.646    gqav7_z19p_system_i/gqav7_accelerator_0/inst/u_accelerator/i_core/i_pipeline/i_downstream/i_softmax/E[0]_repN
    SLICE_X82Y185        LUT3 (Prop_E6LUT_SLICEL_I0_O)
                                                      0.090     3.736 r  gqav7_z19p_system_i/gqav7_accelerator_0/inst/u_accelerator/i_core/i_pipeline/i_downstream/i_softmax/result_row_q[3]_i_3_rewire/O
                         net (fo=2, routed)           0.083     3.819    gqav7_z19p_system_i/gqav7_accelerator_0/inst/u_accelerator/i_core/i_pipeline/i_qk/i_qk/i_qk/i_scheduler/score_row_ready
    SLICE_X82Y186        LUT6 (Prop_C6LUT_SLICEL_I0_O)
                                                      0.035     3.854 r  gqav7_z19p_system_i/gqav7_accelerator_0/inst/u_accelerator/i_core/i_pipeline/i_qk/i_qk/i_qk/i_scheduler/result_bank_ready_q[1]_i_2/O
                         net (fo=10, routed)          0.061     3.915    gqav7_z19p_system_i/gqav7_accelerator_0/inst/u_accelerator/i_core/i_pipeline/i_qk/i_qk/i_qk/i_scheduler/result_bank_q
    SLICE_X82Y186        LUT6 (Prop_B6LUT_SLICEL_I3_O)
                                                      0.090     4.005 r  gqav7_z19p_system_i/gqav7_accelerator_0/inst/u_accelerator/i_core/i_pipeline/i_qk/i_qk/i_qk/i_scheduler/state_slot_q[1][1]_i_3_replica/O
                         net (fo=2, routed)           0.242     4.247    gqav7_z19p_system_i/gqav7_accelerator_0/inst/u_accelerator/i_core/i_pipeline/i_qk/i_direct_column_adapter/result_bank_ready_q_reg[1]_repN_alias
    SLICE_X81Y171        LUT2 (Prop_E6LUT_SLICEL_I1_O)
                                                      0.035     4.282 r  gqav7_z19p_system_i/gqav7_accelerator_0/inst/u_accelerator/i_core/i_pipeline/i_qk/i_direct_column_adapter/i___0_i_4_rewire_rewire_replica/O
                         net (fo=1, routed)           0.089     4.371    gqav7_z19p_system_i/gqav7_accelerator_0/inst/u_accelerator/i_core/i_pipeline/i_qk/i_qk/i_qk/i_scheduler/qk_step_index_q_reg[5]_repN_1_alias
    SLICE_X81Y171        LUT4 (Prop_A6LUT_SLICEL_I2_O)
                                                      0.035     4.406 r  gqav7_z19p_system_i/gqav7_accelerator_0/inst/u_accelerator/i_core/i_pipeline/i_qk/i_qk/i_qk/i_scheduler/qk_step_index_q[0]_i_2_rewire/O
                         net (fo=5, routed)           0.104     4.510    gqav7_z19p_system_i/gqav7_accelerator_0/inst/u_accelerator/i_core/i_pipeline/i_qk/i_direct_column_adapter/qk_step_ready
    SLICE_X81Y169        LUT5 (Prop_C6LUT_SLICEL_I1_O)
                                                      0.035     4.545 f  gqav7_z19p_system_i/gqav7_accelerator_0/inst/u_accelerator/i_core/i_pipeline/i_qk/i_direct_column_adapter/gen_head_bank[0].i_replay_read_issue_buffer_i_2/O
                         net (fo=9, routed)           0.100     4.645    gqav7_z19p_system_i/gqav7_accelerator_0/inst/u_accelerator/i_core/i_resident_operands/i_k_column_cache/local_error_q_i_2__4_0
    SLICE_X80Y168        LUT5 (Prop_G6LUT_SLICEL_I0_O)
                                                      0.035     4.680 r  gqav7_z19p_system_i/gqav7_accelerator_0/inst/u_accelerator/i_core/i_resident_operands/i_k_column_cache/gen_partition_ram[0].i_replay_read_issue_partition_buffer_i_1_rewire/O
                         net (fo=16, routed)          0.107     4.787    gqav7_z19p_system_i/gqav7_accelerator_0/inst/u_accelerator/i_core/i_resident_operands/i_k_column_cache/gen_partition_ram[2].i_replay_read_issue_partition_buffer/in_i
    SLICE_X80Y166        LUT1 (Prop_F6LUT_SLICEL_I0_O)
                                                      0.035     4.822 r  gqav7_z19p_system_i/gqav7_accelerator_0/inst/u_accelerator/i_core/i_resident_operands/i_k_column_cache/gen_partition_ram[2].i_replay_read_issue_partition_buffer/i_local_lut_replica/O
                         net (fo=3, routed)           0.105     4.927    gqav7_z19p_system_i/gqav7_accelerator_0/inst/u_accelerator/i_core/i_resident_operands/i_k_column_cache/gen_partition_ram[2].gen_resident_slice[0].i_replay_read_issue_slice_buffer/out_o_repN_alias
    SLICE_X78Y166        LUT1 (Prop_F6LUT_SLICEL_I0_O)
                                                      0.035     4.962 r  gqav7_z19p_system_i/gqav7_accelerator_0/inst/u_accelerator/i_core/i_resident_operands/i_k_column_cache/gen_partition_ram[2].gen_resident_slice[0].i_replay_read_issue_slice_buffer/i_local_lut/O
                         net (fo=1, routed)           0.808     5.771    gqav7_z19p_system_i/gqav7_accelerator_0/inst/u_accelerator/i_core/i_resident_operands/i_k_column_cache/replay_read_issue_slice_local[2][0]_506
    RAMB36_X5Y20         RAMB36E2                                     r  gqav7_z19p_system_i/gqav7_accelerator_0/inst/u_accelerator/i_core/i_resident_operands/i_k_column_cache/gen_partition_ram[2].gen_resident_slice[0].column_mem_q_reg/ENARDEN
  -------------------------------------------------------------------    -------------------

                         (clock clk_core_235_unbuf rise edge)
                                                      4.255     4.255 r  
    H21                                               0.000     4.255 r  PL_CLK0_clk_p (IN)
                         net (fo=0)                   0.079     4.334    gqav7_z19p_system_i/pl_clock_buffer/inst/u_ibufds/I
    HPIOBDIFFINBUF_X0Y179
                         DIFFINBUF (Prop_DIFFINBUF_HPIOBDIFFINBUF_DIFF_IN_P_O)
                                                      0.427     4.761 r  gqav7_z19p_system_i/pl_clock_buffer/inst/u_ibufds/DIFFINBUF_INST/O
                         net (fo=1, routed)           0.040     4.801    gqav7_z19p_system_i/pl_clock_buffer/inst/u_ibufds/OUT
    H21                  IBUFCTRL (Prop_IBUFCTRL_HPIOB_M_I_O)
                                                      0.000     4.801 r  gqav7_z19p_system_i/pl_clock_buffer/inst/u_ibufds/IBUFCTRL_INST/O
                         net (fo=1, routed)           0.286     5.087    gqav7_z19p_system_i/pl_clock_buffer/inst/clk_ibuf
    BUFGCE_X0Y168        BUFGCE (Prop_BUFCE_BUFGCE_I_O)
                                                      0.024     5.111 r  gqav7_z19p_system_i/pl_clock_buffer/inst/clk_ibuf_BUFGCE_inst/O
                         net (fo=20, routed)          0.855     5.966    gqav7_z19p_system_i/pl_clock_buffer/inst/clk_ibuf_BUFGCE
    MMCM_X0Y7            MMCME4_ADV (Prop_MMCM_CLKIN1_CLKOUT0)
                                                     -2.755     3.211 r  gqav7_z19p_system_i/pl_clock_buffer/inst/u_mmcm_core_235m/CLKOUT0
                         net (fo=1, routed)           0.216     3.427    gqav7_z19p_system_i/pl_clock_buffer/inst/clk_core_235_unbuf
    BUFGCE_X0Y191        BUFGCE (Prop_BUFCE_BUFGCE_I_O)
                                                      0.024     3.451 r  gqav7_z19p_system_i/pl_clock_buffer/inst/u_bufg_core_235m/O
    X1Y3 (CLOCK_ROOT)    net (fo=152508, routed)      2.728     6.179    gqav7_z19p_system_i/gqav7_accelerator_0/inst/u_accelerator/i_core/i_resident_operands/i_k_column_cache/aclk
    RAMB36_X5Y20         RAMB36E2                                     r  gqav7_z19p_system_i/gqav7_accelerator_0/inst/u_accelerator/i_core/i_resident_operands/i_k_column_cache/gen_partition_ram[2].gen_resident_slice[0].column_mem_q_reg/CLKARDCLK
                         clock pessimism              0.011     6.190    
                         clock uncertainty           -0.061     6.130    
    RAMB36_X5Y20         RAMB36E2 (Setup_RAMB36E2_RAMB36_CLKARDCLK_ENARDEN)
                                                     -0.342     5.788    gqav7_z19p_system_i/gqav7_accelerator_0/inst/u_accelerator/i_core/i_resident_operands/i_k_column_cache/gen_partition_ram[2].gen_resident_slice[0].column_mem_q_reg
  -------------------------------------------------------------------
                         required time                          5.788    
                         arrival time                          -5.771    
  -------------------------------------------------------------------
                         slack                                  0.017    





Min Delay Paths
--------------------------------------------------------------------------------------
Slack (MET) :             0.010ns  (arrival time - required time)
  Source:                 gqav7_z19p_system_i/gqav7_accelerator_0/inst/u_accelerator/i_core/i_pipeline/i_downstream/i_softmax/i_exp2_bank/gen_lane[8].i_lane/is_nan_q_reg/C
                            (rising edge-triggered cell FDRE clocked by clk_core_235_unbuf  {rise@0.000ns fall@2.128ns period=4.255ns})
  Destination:            gqav7_z19p_system_i/gqav7_accelerator_0/inst/u_accelerator/i_core/i_pipeline/i_downstream/i_softmax/alpha_q_reg[11][30]/D
                            (rising edge-triggered cell FDRE clocked by clk_core_235_unbuf  {rise@0.000ns fall@2.128ns period=4.255ns})
  Path Group:             clk_core_235_unbuf
  Path Type:              Hold (Min at Slow Process Corner)
  Requirement:            0.000ns  (clk_core_235_unbuf rise@0.000ns - clk_core_235_unbuf rise@0.000ns)
  Data Path Delay:        0.230ns  (logic 0.094ns (40.805%)  route 0.136ns (59.195%))
  Logic Levels:           1  (LUT5=1)
  Clock Path Skew:        0.160ns (DCD - SCD - CPR)
    Destination Clock Delay (DCD):    2.015ns
    Source Clock Delay      (SCD):    1.844ns
    Clock Pessimism Removal (CPR):    0.011ns
  Clock Net Delay (Source):      2.648ns (routing 1.318ns, distribution 1.330ns)
  Clock Net Delay (Destination): 2.948ns (routing 1.454ns, distribution 1.494ns)

    Location             Delay type                Incr(ns)  Path(ns)    Netlist Resource(s)
  -------------------------------------------------------------------    -------------------
                         (clock clk_core_235_unbuf rise edge)
                                                      0.000     0.000 r  
    H21                                               0.000     0.000 r  PL_CLK0_clk_p (IN)
                         net (fo=0)                   0.079     0.079    gqav7_z19p_system_i/pl_clock_buffer/inst/u_ibufds/I
    HPIOBDIFFINBUF_X0Y179
                         DIFFINBUF (Prop_DIFFINBUF_HPIOBDIFFINBUF_DIFF_IN_P_O)
                                                      0.427     0.506 r  gqav7_z19p_system_i/pl_clock_buffer/inst/u_ibufds/DIFFINBUF_INST/O
                         net (fo=1, routed)           0.040     0.546    gqav7_z19p_system_i/pl_clock_buffer/inst/u_ibufds/OUT
    H21                  IBUFCTRL (Prop_IBUFCTRL_HPIOB_M_I_O)
                                                      0.000     0.546 r  gqav7_z19p_system_i/pl_clock_buffer/inst/u_ibufds/IBUFCTRL_INST/O
                         net (fo=1, routed)           0.286     0.832    gqav7_z19p_system_i/pl_clock_buffer/inst/clk_ibuf
    BUFGCE_X0Y168        BUFGCE (Prop_BUFCE_BUFGCE_I_O)
                                                      0.024     0.856 r  gqav7_z19p_system_i/pl_clock_buffer/inst/clk_ibuf_BUFGCE_inst/O
                         net (fo=20, routed)          0.855     1.711    gqav7_z19p_system_i/pl_clock_buffer/inst/clk_ibuf_BUFGCE
    MMCM_X0Y7            MMCME4_ADV (Prop_MMCM_CLKIN1_CLKOUT0)
                                                     -2.755    -1.044 r  gqav7_z19p_system_i/pl_clock_buffer/inst/u_mmcm_core_235m/CLKOUT0
                         net (fo=1, routed)           0.216    -0.828    gqav7_z19p_system_i/pl_clock_buffer/inst/clk_core_235_unbuf
    BUFGCE_X0Y191        BUFGCE (Prop_BUFCE_BUFGCE_I_O)
                                                      0.024    -0.804 r  gqav7_z19p_system_i/pl_clock_buffer/inst/u_bufg_core_235m/O
    X1Y3 (CLOCK_ROOT)    net (fo=152508, routed)      2.648     1.844    gqav7_z19p_system_i/gqav7_accelerator_0/inst/u_accelerator/i_core/i_pipeline/i_downstream/i_softmax/i_exp2_bank/gen_lane[8].i_lane/aclk
    SLICE_X44Y177        FDRE                                         r  gqav7_z19p_system_i/gqav7_accelerator_0/inst/u_accelerator/i_core/i_pipeline/i_downstream/i_softmax/i_exp2_bank/gen_lane[8].i_lane/is_nan_q_reg/C
  -------------------------------------------------------------------    -------------------
    SLICE_X44Y177        FDRE (Prop_HFF2_SLICEL_C_Q)
                                                      0.059     1.903 r  gqav7_z19p_system_i/gqav7_accelerator_0/inst/u_accelerator/i_core/i_pipeline/i_downstream/i_softmax/i_exp2_bank/gen_lane[8].i_lane/is_nan_q_reg/Q
                         net (fo=32, routed)          0.114     2.017    gqav7_z19p_system_i/gqav7_accelerator_0/inst/u_accelerator/i_core/i_pipeline/i_downstream/i_softmax/i_exp2_bank/gen_lane[8].i_lane/is_nan_q
    SLICE_X44Y180        LUT5 (Prop_G6LUT_SLICEL_I1_O)
                                                      0.035     2.052 r  gqav7_z19p_system_i/gqav7_accelerator_0/inst/u_accelerator/i_core/i_pipeline/i_downstream/i_softmax/i_exp2_bank/gen_lane[8].i_lane/alpha_q[11][30]_i_1/O
                         net (fo=1, routed)           0.022     2.074    gqav7_z19p_system_i/gqav7_accelerator_0/inst/u_accelerator/i_core/i_pipeline/i_downstream/i_softmax/i_exp2_bank_n_695
    SLICE_X44Y180        FDRE                                         r  gqav7_z19p_system_i/gqav7_accelerator_0/inst/u_accelerator/i_core/i_pipeline/i_downstream/i_softmax/alpha_q_reg[11][30]/D
  -------------------------------------------------------------------    -------------------

                         (clock clk_core_235_unbuf rise edge)
                                                      0.000     0.000 r  
    H21                                               0.000     0.000 r  PL_CLK0_clk_p (IN)
                         net (fo=0)                   0.100     0.100    gqav7_z19p_system_i/pl_clock_buffer/inst/u_ibufds/I
    HPIOBDIFFINBUF_X0Y179
                         DIFFINBUF (Prop_DIFFINBUF_HPIOBDIFFINBUF_DIFF_IN_P_O)
                                                      0.523     0.623 r  gqav7_z19p_system_i/pl_clock_buffer/inst/u_ibufds/DIFFINBUF_INST/O
                         net (fo=1, routed)           0.050     0.673    gqav7_z19p_system_i/pl_clock_buffer/inst/u_ibufds/OUT
    H21                  IBUFCTRL (Prop_IBUFCTRL_HPIOB_M_I_O)
                                                      0.000     0.673 r  gqav7_z19p_system_i/pl_clock_buffer/inst/u_ibufds/IBUFCTRL_INST/O
                         net (fo=1, routed)           0.323     0.996    gqav7_z19p_system_i/pl_clock_buffer/inst/clk_ibuf
    BUFGCE_X0Y168        BUFGCE (Prop_BUFCE_BUFGCE_I_O)
                                                      0.028     1.024 r  gqav7_z19p_system_i/pl_clock_buffer/inst/clk_ibuf_BUFGCE_inst/O
                         net (fo=20, routed)          0.969     1.993    gqav7_z19p_system_i/pl_clock_buffer/inst/clk_ibuf_BUFGCE
    MMCM_X0Y7            MMCME4_ADV (Prop_MMCM_CLKIN1_CLKOUT0)
                                                     -3.199    -1.206 r  gqav7_z19p_system_i/pl_clock_buffer/inst/u_mmcm_core_235m/CLKOUT0
                         net (fo=1, routed)           0.245    -0.961    gqav7_z19p_system_i/pl_clock_buffer/inst/clk_core_235_unbuf
    BUFGCE_X0Y191        BUFGCE (Prop_BUFCE_BUFGCE_I_O)
                                                      0.028    -0.933 r  gqav7_z19p_system_i/pl_clock_buffer/inst/u_bufg_core_235m/O
    X1Y3 (CLOCK_ROOT)    net (fo=152508, routed)      2.948     2.015    gqav7_z19p_system_i/gqav7_accelerator_0/inst/u_accelerator/i_core/i_pipeline/i_downstream/i_softmax/aclk
    SLICE_X44Y180        FDRE                                         r  gqav7_z19p_system_i/gqav7_accelerator_0/inst/u_accelerator/i_core/i_pipeline/i_downstream/i_softmax/alpha_q_reg[11][30]/C
                         clock pessimism             -0.011     2.004    
    SLICE_X44Y180        FDRE (Hold_GFF_SLICEL_C_D)
                                                      0.060     2.064    gqav7_z19p_system_i/gqav7_accelerator_0/inst/u_accelerator/i_core/i_pipeline/i_downstream/i_softmax/alpha_q_reg[11][30]
  -------------------------------------------------------------------
                         required time                         -2.064    
                         arrival time                           2.074    
  -------------------------------------------------------------------
                         slack                                  0.010    





Pulse Width Checks
--------------------------------------------------------------------------------------
Clock Name:         clk_core_235_unbuf
Waveform(ns):       { 0.000 2.128 }
Period(ns):         4.255
Sources:            { gqav7_z19p_system_i/pl_clock_buffer/inst/u_mmcm_core_235m/CLKOUT0 }

Check Type        Corner  Lib Pin          Reference Pin  Required(ns)  Actual(ns)  Slack(ns)  Location  Pin
Min Period        n/a     PS8/MAXIGP0ACLK  n/a            3.000         4.255       1.255      PS8_X0Y0  gqav7_z19p_system_i/zynq_ultra_ps_e_0/inst/PS8_i/MAXIGP0ACLK
Low Pulse Width   Slow    PS8/MAXIGP0ACLK  n/a            1.500         2.128       0.628      PS8_X0Y0  gqav7_z19p_system_i/zynq_ultra_ps_e_0/inst/PS8_i/MAXIGP0ACLK
High Pulse Width  Slow    PS8/MAXIGP0ACLK  n/a            1.500         2.128       0.628      PS8_X0Y0  gqav7_z19p_system_i/zynq_ultra_ps_e_0/inst/PS8_i/MAXIGP0ACLK



---------------------------------------------------------------------------------------------------
From Clock:  clk_core_feedback
  To Clock:  clk_core_feedback

Setup :           NA  Failing Endpoints,  Worst Slack           NA  ,  Total Violation           NA
Hold  :           NA  Failing Endpoints,  Worst Slack           NA  ,  Total Violation           NA
PW    :            0  Failing Endpoints,  Worst Slack        8.710ns,  Total Violation        0.000ns
---------------------------------------------------------------------------------------------------


Pulse Width Checks
--------------------------------------------------------------------------------------
Clock Name:         clk_core_feedback
Waveform(ns):       { 0.000 5.000 }
Period(ns):         10.000
Sources:            { gqav7_z19p_system_i/pl_clock_buffer/inst/u_mmcm_core_235m/CLKFBOUT }

Check Type  Corner  Lib Pin             Reference Pin  Required(ns)  Actual(ns)  Slack(ns)  Location       Pin
Min Period  n/a     BUFGCE/I            n/a            1.290         10.000      8.710      BUFGCE_X0Y190  gqav7_z19p_system_i/pl_clock_buffer/inst/u_bufg_core_mmcm_feedback/I
Max Period  n/a     MMCME4_ADV/CLKFBIN  n/a            100.000       10.000      90.000     MMCM_X0Y7      gqav7_z19p_system_i/pl_clock_buffer/inst/u_mmcm_core_235m/CLKFBIN



---------------------------------------------------------------------------------------------------
From Clock:  clk_dma_300_unbuf
  To Clock:  clk_dma_300_unbuf

Setup :            0  Failing Endpoints,  Worst Slack        0.031ns,  Total Violation        0.000ns
Hold  :            0  Failing Endpoints,  Worst Slack        0.014ns,  Total Violation        0.000ns
PW    :            0  Failing Endpoints,  Worst Slack        0.167ns,  Total Violation        0.000ns
---------------------------------------------------------------------------------------------------


Max Delay Paths
--------------------------------------------------------------------------------------
Slack (MET) :             0.031ns  (required time - arrival time)
  Source:                 gqav7_z19p_system_i/data_smartconnect/inst/s00_entry_pipeline/s00_si_converter/inst/areset_reg/C
                            (rising edge-triggered cell FDRE clocked by clk_dma_300_unbuf  {rise@0.000ns fall@1.667ns period=3.333ns})
  Destination:            gqav7_z19p_system_i/data_smartconnect/inst/s00_entry_pipeline/s00_si_converter/inst/converter.low_area_converter.low_area_wrap_inst/aw_done_reg/R
                            (rising edge-triggered cell FDRE clocked by clk_dma_300_unbuf  {rise@0.000ns fall@1.667ns period=3.333ns})
  Path Group:             clk_dma_300_unbuf
  Path Type:              Setup (Max at Slow Process Corner)
  Requirement:            3.333ns  (clk_dma_300_unbuf rise@3.333ns - clk_dma_300_unbuf rise@0.000ns)
  Data Path Delay:        2.988ns  (logic 0.080ns (2.677%)  route 2.908ns (97.323%))
  Logic Levels:           0  
  Clock Path Skew:        -0.184ns (DCD - SCD + CPR)
    Destination Clock Delay (DCD):    1.819ns = ( 5.152 - 3.333 ) 
    Source Clock Delay      (SCD):    2.016ns
    Clock Pessimism Removal (CPR):    0.013ns
  Clock Uncertainty:      0.055ns  ((TSJ^2 + DJ^2)^1/2) / 2 + PE
    Total System Jitter     (TSJ):    0.071ns
    Discrete Jitter          (DJ):    0.085ns
    Phase Error              (PE):    0.000ns
  Clock Net Delay (Source):      2.909ns (routing 1.470ns, distribution 1.439ns)
  Clock Net Delay (Destination): 2.588ns (routing 1.333ns, distribution 1.255ns)

    Location             Delay type                Incr(ns)  Path(ns)    Netlist Resource(s)
  -------------------------------------------------------------------    -------------------
                         (clock clk_dma_300_unbuf rise edge)
                                                      0.000     0.000 r  
    H21                                               0.000     0.000 r  PL_CLK0_clk_p (IN)
                         net (fo=0)                   0.100     0.100    gqav7_z19p_system_i/pl_clock_buffer/inst/u_ibufds/I
    HPIOBDIFFINBUF_X0Y179
                         DIFFINBUF (Prop_DIFFINBUF_HPIOBDIFFINBUF_DIFF_IN_P_O)
                                                      0.523     0.623 r  gqav7_z19p_system_i/pl_clock_buffer/inst/u_ibufds/DIFFINBUF_INST/O
                         net (fo=1, routed)           0.050     0.673    gqav7_z19p_system_i/pl_clock_buffer/inst/u_ibufds/OUT
    H21                  IBUFCTRL (Prop_IBUFCTRL_HPIOB_M_I_O)
                                                      0.000     0.673 r  gqav7_z19p_system_i/pl_clock_buffer/inst/u_ibufds/IBUFCTRL_INST/O
                         net (fo=1, routed)           0.323     0.996    gqav7_z19p_system_i/pl_clock_buffer/inst/clk_ibuf
    BUFGCE_X0Y168        BUFGCE (Prop_BUFCE_BUFGCE_I_O)
                                                      0.028     1.024 r  gqav7_z19p_system_i/pl_clock_buffer/inst/clk_ibuf_BUFGCE_inst/O
                         net (fo=20, routed)          1.008     2.032    gqav7_z19p_system_i/pl_clock_buffer/inst/clk_ibuf_BUFGCE
    MMCM_X0Y8            MMCME4_ADV (Prop_MMCM_CLKIN1_CLKOUT0)
                                                     -3.197    -1.165 r  gqav7_z19p_system_i/pl_clock_buffer/inst/u_mmcm_dma_300m/CLKOUT0
                         net (fo=1, routed)           0.244    -0.921    gqav7_z19p_system_i/pl_clock_buffer/inst/clk_dma_300_unbuf
    BUFGCE_X0Y212        BUFGCE (Prop_BUFCE_BUFGCE_I_O)
                                                      0.028    -0.893 r  gqav7_z19p_system_i/pl_clock_buffer/inst/u_bufg_dma_300m/O
    X1Y4 (CLOCK_ROOT)    net (fo=28685, routed)       2.909     2.016    gqav7_z19p_system_i/data_smartconnect/inst/s00_entry_pipeline/s00_si_converter/inst/aclk
    SLICE_X33Y129        FDRE                                         r  gqav7_z19p_system_i/data_smartconnect/inst/s00_entry_pipeline/s00_si_converter/inst/areset_reg/C
  -------------------------------------------------------------------    -------------------
    SLICE_X33Y129        FDRE (Prop_HFF2_SLICEL_C_Q)
                                                      0.080     2.096 r  gqav7_z19p_system_i/data_smartconnect/inst/s00_entry_pipeline/s00_si_converter/inst/areset_reg/Q
                         net (fo=381, routed)         2.908     5.005    gqav7_z19p_system_i/data_smartconnect/inst/s00_entry_pipeline/s00_si_converter/inst/converter.low_area_converter.low_area_wrap_inst/areset
    SLICE_X28Y318        FDRE                                         r  gqav7_z19p_system_i/data_smartconnect/inst/s00_entry_pipeline/s00_si_converter/inst/converter.low_area_converter.low_area_wrap_inst/aw_done_reg/R
  -------------------------------------------------------------------    -------------------

                         (clock clk_dma_300_unbuf rise edge)
                                                      3.333     3.333 r  
    H21                                               0.000     3.333 r  PL_CLK0_clk_p (IN)
                         net (fo=0)                   0.079     3.412    gqav7_z19p_system_i/pl_clock_buffer/inst/u_ibufds/I
    HPIOBDIFFINBUF_X0Y179
                         DIFFINBUF (Prop_DIFFINBUF_HPIOBDIFFINBUF_DIFF_IN_P_O)
                                                      0.427     3.839 r  gqav7_z19p_system_i/pl_clock_buffer/inst/u_ibufds/DIFFINBUF_INST/O
                         net (fo=1, routed)           0.040     3.879    gqav7_z19p_system_i/pl_clock_buffer/inst/u_ibufds/OUT
    H21                  IBUFCTRL (Prop_IBUFCTRL_HPIOB_M_I_O)
                                                      0.000     3.879 r  gqav7_z19p_system_i/pl_clock_buffer/inst/u_ibufds/IBUFCTRL_INST/O
                         net (fo=1, routed)           0.286     4.165    gqav7_z19p_system_i/pl_clock_buffer/inst/clk_ibuf
    BUFGCE_X0Y168        BUFGCE (Prop_BUFCE_BUFGCE_I_O)
                                                      0.024     4.189 r  gqav7_z19p_system_i/pl_clock_buffer/inst/clk_ibuf_BUFGCE_inst/O
                         net (fo=20, routed)          0.890     5.079    gqav7_z19p_system_i/pl_clock_buffer/inst/clk_ibuf_BUFGCE
    MMCM_X0Y8            MMCME4_ADV (Prop_MMCM_CLKIN1_CLKOUT0)
                                                     -2.753     2.326 r  gqav7_z19p_system_i/pl_clock_buffer/inst/u_mmcm_dma_300m/CLKOUT0
                         net (fo=1, routed)           0.214     2.540    gqav7_z19p_system_i/pl_clock_buffer/inst/clk_dma_300_unbuf
    BUFGCE_X0Y212        BUFGCE (Prop_BUFCE_BUFGCE_I_O)
                                                      0.024     2.564 r  gqav7_z19p_system_i/pl_clock_buffer/inst/u_bufg_dma_300m/O
    X1Y4 (CLOCK_ROOT)    net (fo=28685, routed)       2.588     5.152    gqav7_z19p_system_i/data_smartconnect/inst/s00_entry_pipeline/s00_si_converter/inst/converter.low_area_converter.low_area_wrap_inst/aclk
    SLICE_X28Y318        FDRE                                         r  gqav7_z19p_system_i/data_smartconnect/inst/s00_entry_pipeline/s00_si_converter/inst/converter.low_area_converter.low_area_wrap_inst/aw_done_reg/C
                         clock pessimism              0.013     5.165    
                         clock uncertainty           -0.055     5.110    
    SLICE_X28Y318        FDRE (Setup_DFF_SLICEL_C_R)
                                                     -0.074     5.036    gqav7_z19p_system_i/data_smartconnect/inst/s00_entry_pipeline/s00_si_converter/inst/converter.low_area_converter.low_area_wrap_inst/aw_done_reg
  -------------------------------------------------------------------
                         required time                          5.036    
                         arrival time                          -5.005    
  -------------------------------------------------------------------
                         slack                                  0.031    





Min Delay Paths
--------------------------------------------------------------------------------------
Slack (MET) :             0.014ns  (arrival time - required time)
  Source:                 gqav7_z19p_system_i/data_smartconnect/inst/s00_entry_pipeline/s00_mmu/inst/aw_reg_stall/m_vector_i_reg[1028]/C
                            (rising edge-triggered cell FDRE clocked by clk_dma_300_unbuf  {rise@0.000ns fall@1.667ns period=3.333ns})
  Destination:            gqav7_z19p_system_i/data_smartconnect/inst/s00_entry_pipeline/s00_si_converter/inst/converter.low_area_converter.low_area_wrap_inst/w_size_mask_reg[3]/D
                            (rising edge-triggered cell FDSE clocked by clk_dma_300_unbuf  {rise@0.000ns fall@1.667ns period=3.333ns})
  Path Group:             clk_dma_300_unbuf
  Path Type:              Hold (Min at Slow Process Corner)
  Requirement:            0.000ns  (clk_dma_300_unbuf rise@0.000ns - clk_dma_300_unbuf rise@0.000ns)
  Data Path Delay:        0.355ns  (logic 0.123ns (34.615%)  route 0.232ns (65.385%))
  Logic Levels:           1  (LUT1=1)
  Clock Path Skew:        0.279ns (DCD - SCD - CPR)
    Destination Clock Delay (DCD):    2.078ns
    Source Clock Delay      (SCD):    1.786ns
    Clock Pessimism Removal (CPR):    0.013ns
  Clock Net Delay (Source):      2.555ns (routing 1.333ns, distribution 1.222ns)
  Clock Net Delay (Destination): 2.971ns (routing 1.470ns, distribution 1.501ns)

    Location             Delay type                Incr(ns)  Path(ns)    Netlist Resource(s)
  -------------------------------------------------------------------    -------------------
                         (clock clk_dma_300_unbuf rise edge)
                                                      0.000     0.000 r  
    H21                                               0.000     0.000 r  PL_CLK0_clk_p (IN)
                         net (fo=0)                   0.079     0.079    gqav7_z19p_system_i/pl_clock_buffer/inst/u_ibufds/I
    HPIOBDIFFINBUF_X0Y179
                         DIFFINBUF (Prop_DIFFINBUF_HPIOBDIFFINBUF_DIFF_IN_P_O)
                                                      0.427     0.506 r  gqav7_z19p_system_i/pl_clock_buffer/inst/u_ibufds/DIFFINBUF_INST/O
                         net (fo=1, routed)           0.040     0.546    gqav7_z19p_system_i/pl_clock_buffer/inst/u_ibufds/OUT
    H21                  IBUFCTRL (Prop_IBUFCTRL_HPIOB_M_I_O)
                                                      0.000     0.546 r  gqav7_z19p_system_i/pl_clock_buffer/inst/u_ibufds/IBUFCTRL_INST/O
                         net (fo=1, routed)           0.286     0.832    gqav7_z19p_system_i/pl_clock_buffer/inst/clk_ibuf
    BUFGCE_X0Y168        BUFGCE (Prop_BUFCE_BUFGCE_I_O)
                                                      0.024     0.856 r  gqav7_z19p_system_i/pl_clock_buffer/inst/clk_ibuf_BUFGCE_inst/O
                         net (fo=20, routed)          0.890     1.746    gqav7_z19p_system_i/pl_clock_buffer/inst/clk_ibuf_BUFGCE
    MMCM_X0Y8            MMCME4_ADV (Prop_MMCM_CLKIN1_CLKOUT0)
                                                     -2.753    -1.007 r  gqav7_z19p_system_i/pl_clock_buffer/inst/u_mmcm_dma_300m/CLKOUT0
                         net (fo=1, routed)           0.214    -0.793    gqav7_z19p_system_i/pl_clock_buffer/inst/clk_dma_300_unbuf
    BUFGCE_X0Y212        BUFGCE (Prop_BUFCE_BUFGCE_I_O)
                                                      0.024    -0.769 r  gqav7_z19p_system_i/pl_clock_buffer/inst/u_bufg_dma_300m/O
    X1Y4 (CLOCK_ROOT)    net (fo=28685, routed)       2.555     1.786    gqav7_z19p_system_i/data_smartconnect/inst/s00_entry_pipeline/s00_mmu/inst/aw_reg_stall/aclk
    SLICE_X22Y297        FDRE                                         r  gqav7_z19p_system_i/data_smartconnect/inst/s00_entry_pipeline/s00_mmu/inst/aw_reg_stall/m_vector_i_reg[1028]/C
  -------------------------------------------------------------------    -------------------
    SLICE_X22Y297        FDRE (Prop_DFF_SLICEL_C_Q)
                                                      0.059     1.845 f  gqav7_z19p_system_i/data_smartconnect/inst/s00_entry_pipeline/s00_mmu/inst/aw_reg_stall/m_vector_i_reg[1028]/Q
                         net (fo=24, routed)          0.223     2.068    gqav7_z19p_system_i/data_smartconnect/inst/s00_entry_pipeline/s00_si_converter/inst/converter.low_area_converter.low_area_wrap_inst/s_axi_awsize[2]
    SLICE_X20Y302        LUT1 (Prop_H5LUT_SLICEM_I0_O)
                                                      0.064     2.132 r  gqav7_z19p_system_i/data_smartconnect/inst/s00_entry_pipeline/s00_si_converter/inst/converter.low_area_converter.low_area_wrap_inst/w_size_mask[3]_i_1/O
                         net (fo=1, routed)           0.009     2.141    gqav7_z19p_system_i/data_smartconnect/inst/s00_entry_pipeline/s00_si_converter/inst/converter.low_area_converter.low_area_wrap_inst/w_size_mask0[3]
    SLICE_X20Y302        FDSE                                         r  gqav7_z19p_system_i/data_smartconnect/inst/s00_entry_pipeline/s00_si_converter/inst/converter.low_area_converter.low_area_wrap_inst/w_size_mask_reg[3]/D
  -------------------------------------------------------------------    -------------------

                         (clock clk_dma_300_unbuf rise edge)
                                                      0.000     0.000 r  
    H21                                               0.000     0.000 r  PL_CLK0_clk_p (IN)
                         net (fo=0)                   0.100     0.100    gqav7_z19p_system_i/pl_clock_buffer/inst/u_ibufds/I
    HPIOBDIFFINBUF_X0Y179
                         DIFFINBUF (Prop_DIFFINBUF_HPIOBDIFFINBUF_DIFF_IN_P_O)
                                                      0.523     0.623 r  gqav7_z19p_system_i/pl_clock_buffer/inst/u_ibufds/DIFFINBUF_INST/O
                         net (fo=1, routed)           0.050     0.673    gqav7_z19p_system_i/pl_clock_buffer/inst/u_ibufds/OUT
    H21                  IBUFCTRL (Prop_IBUFCTRL_HPIOB_M_I_O)
                                                      0.000     0.673 r  gqav7_z19p_system_i/pl_clock_buffer/inst/u_ibufds/IBUFCTRL_INST/O
                         net (fo=1, routed)           0.323     0.996    gqav7_z19p_system_i/pl_clock_buffer/inst/clk_ibuf
    BUFGCE_X0Y168        BUFGCE (Prop_BUFCE_BUFGCE_I_O)
                                                      0.028     1.024 r  gqav7_z19p_system_i/pl_clock_buffer/inst/clk_ibuf_BUFGCE_inst/O
                         net (fo=20, routed)          1.008     2.032    gqav7_z19p_system_i/pl_clock_buffer/inst/clk_ibuf_BUFGCE
    MMCM_X0Y8            MMCME4_ADV (Prop_MMCM_CLKIN1_CLKOUT0)
                                                     -3.197    -1.165 r  gqav7_z19p_system_i/pl_clock_buffer/inst/u_mmcm_dma_300m/CLKOUT0
                         net (fo=1, routed)           0.244    -0.921    gqav7_z19p_system_i/pl_clock_buffer/inst/clk_dma_300_unbuf
    BUFGCE_X0Y212        BUFGCE (Prop_BUFCE_BUFGCE_I_O)
                                                      0.028    -0.893 r  gqav7_z19p_system_i/pl_clock_buffer/inst/u_bufg_dma_300m/O
    X1Y4 (CLOCK_ROOT)    net (fo=28685, routed)       2.971     2.078    gqav7_z19p_system_i/data_smartconnect/inst/s00_entry_pipeline/s00_si_converter/inst/converter.low_area_converter.low_area_wrap_inst/aclk
    SLICE_X20Y302        FDSE                                         r  gqav7_z19p_system_i/data_smartconnect/inst/s00_entry_pipeline/s00_si_converter/inst/converter.low_area_converter.low_area_wrap_inst/w_size_mask_reg[3]/C
                         clock pessimism             -0.013     2.065    
    SLICE_X20Y302        FDSE (Hold_HFF2_SLICEM_C_D)
                                                      0.062     2.127    gqav7_z19p_system_i/data_smartconnect/inst/s00_entry_pipeline/s00_si_converter/inst/converter.low_area_converter.low_area_wrap_inst/w_size_mask_reg[3]
  -------------------------------------------------------------------
                         required time                         -2.127    
                         arrival time                           2.141    
  -------------------------------------------------------------------
                         slack                                  0.014    





Pulse Width Checks
--------------------------------------------------------------------------------------
Clock Name:         clk_dma_300_unbuf
Waveform(ns):       { 0.000 1.667 }
Period(ns):         3.333
Sources:            { gqav7_z19p_system_i/pl_clock_buffer/inst/u_mmcm_dma_300m/CLKOUT0 }

Check Type        Corner  Lib Pin          Reference Pin  Required(ns)  Actual(ns)  Slack(ns)  Location  Pin
Min Period        n/a     PS8/MAXIGP1ACLK  n/a            3.000         3.333       0.333      PS8_X0Y0  gqav7_z19p_system_i/zynq_ultra_ps_e_0/inst/PS8_i/MAXIGP1ACLK
Low Pulse Width   Slow    PS8/MAXIGP1ACLK  n/a            1.500         1.667       0.167      PS8_X0Y0  gqav7_z19p_system_i/zynq_ultra_ps_e_0/inst/PS8_i/MAXIGP1ACLK
High Pulse Width  Slow    PS8/MAXIGP1ACLK  n/a            1.500         1.667       0.167      PS8_X0Y0  gqav7_z19p_system_i/zynq_ultra_ps_e_0/inst/PS8_i/MAXIGP1ACLK



---------------------------------------------------------------------------------------------------
From Clock:  clk_dma_feedback
  To Clock:  clk_dma_feedback

Setup :           NA  Failing Endpoints,  Worst Slack           NA  ,  Total Violation           NA
Hold  :           NA  Failing Endpoints,  Worst Slack           NA  ,  Total Violation           NA
PW    :            0  Failing Endpoints,  Worst Slack        3.710ns,  Total Violation        0.000ns
---------------------------------------------------------------------------------------------------


Pulse Width Checks
--------------------------------------------------------------------------------------
Clock Name:         clk_dma_feedback
Waveform(ns):       { 0.000 2.500 }
Period(ns):         5.000
Sources:            { gqav7_z19p_system_i/pl_clock_buffer/inst/u_mmcm_dma_300m/CLKFBOUT }

Check Type  Corner  Lib Pin             Reference Pin  Required(ns)  Actual(ns)  Slack(ns)  Location       Pin
Min Period  n/a     BUFGCE/I            n/a            1.290         5.000       3.710      BUFGCE_X0Y211  gqav7_z19p_system_i/pl_clock_buffer/inst/u_bufg_dma_mmcm_feedback/I
Max Period  n/a     MMCME4_ADV/CLKFBIN  n/a            100.000       5.000       95.000     MMCM_X0Y8      gqav7_z19p_system_i/pl_clock_buffer/inst/u_mmcm_dma_300m/CLKFBIN



---------------------------------------------------------------------------------------------------
From Clock:  mmcm_clkout0
  To Clock:  mmcm_clkout0

Setup :            0  Failing Endpoints,  Worst Slack        0.158ns,  Total Violation        0.000ns
Hold  :            0  Failing Endpoints,  Worst Slack        0.010ns,  Total Violation        0.000ns
PW    :            0  Failing Endpoints,  Worst Slack        0.217ns,  Total Violation        0.000ns
---------------------------------------------------------------------------------------------------


Max Delay Paths
--------------------------------------------------------------------------------------
Slack (MET) :             0.158ns  (required time - arrival time)
  Source:                 gqav7_z19p_system_i/pl_ddr4_0/inst/u_ddr4_controller/inst/u_ddr4_mem_intfc/u_ddr_cal_top/u_ddr_mc_pi/u_ddr_mc_write/wrQ_reg[0][6]_rep__1/C
                            (rising edge-triggered cell FDRE clocked by mmcm_clkout0  {rise@0.000ns fall@1.667ns period=3.333ns})
  Destination:            gqav7_z19p_system_i/pl_ddr4_0/inst/u_ddr4_controller/inst/u_ddr4_mem_intfc/u_ddr_ui/u_ddr_ui_wr_data/wr_buf_out_data_reg[133]/D
                            (rising edge-triggered cell FDRE clocked by mmcm_clkout0  {rise@0.000ns fall@1.667ns period=3.333ns})
  Path Group:             mmcm_clkout0
  Path Type:              Setup (Max at Slow Process Corner)
  Requirement:            3.333ns  (mmcm_clkout0 rise@3.333ns - mmcm_clkout0 rise@0.000ns)
  Data Path Delay:        3.068ns  (logic 0.181ns (5.899%)  route 2.887ns (94.101%))
  Logic Levels:           1  (RAMD32=1)
  Clock Path Skew:        -0.079ns (DCD - SCD + CPR)
    Destination Clock Delay (DCD):    4.330ns = ( 7.663 - 3.333 ) 
    Source Clock Delay      (SCD):    4.101ns
    Clock Pessimism Removal (CPR):    -0.308ns
  Clock Uncertainty:      0.052ns  ((TSJ^2 + DJ^2)^1/2) / 2 + PE
    Total System Jitter     (TSJ):    0.071ns
    Discrete Jitter          (DJ):    0.077ns
    Phase Error              (PE):    0.000ns
  Clock Net Delay (Source):      1.950ns (routing 0.714ns, distribution 1.236ns)
  Clock Net Delay (Destination): 1.739ns (routing 0.648ns, distribution 1.091ns)

    Location             Delay type                Incr(ns)  Path(ns)    Netlist Resource(s)
  -------------------------------------------------------------------    -------------------
                         (clock mmcm_clkout0 rise edge)
                                                      0.000     0.000 r  
    H21                                               0.000     0.000 r  PL_CLK0_clk_p (IN)
                         net (fo=0)                   0.100     0.100    gqav7_z19p_system_i/pl_clock_buffer/inst/u_ibufds/I
    HPIOBDIFFINBUF_X0Y179
                         DIFFINBUF (Prop_DIFFINBUF_HPIOBDIFFINBUF_DIFF_IN_P_O)
                                                      0.523     0.623 r  gqav7_z19p_system_i/pl_clock_buffer/inst/u_ibufds/DIFFINBUF_INST/O
                         net (fo=1, routed)           0.050     0.673    gqav7_z19p_system_i/pl_clock_buffer/inst/u_ibufds/OUT
    H21                  IBUFCTRL (Prop_IBUFCTRL_HPIOB_M_I_O)
                                                      0.000     0.673 r  gqav7_z19p_system_i/pl_clock_buffer/inst/u_ibufds/IBUFCTRL_INST/O
                         net (fo=1, routed)           0.323     0.996    gqav7_z19p_system_i/pl_clock_buffer/inst/clk_ibuf
    BUFGCE_X0Y168        BUFGCE (Prop_BUFCE_BUFGCE_I_O)
                                                      0.028     1.024 r  gqav7_z19p_system_i/pl_clock_buffer/inst/clk_ibuf_BUFGCE_inst/O
                         net (fo=20, routed)          0.981     2.005    gqav7_z19p_system_i/pl_ddr4_0/inst/u_ddr4_controller/inst/u_ddr4_infrastructure/mmcm_clk_in
    MMCM_X0Y6            MMCME4_ADV (Prop_MMCM_CLKIN1_CLKOUT0)
                                                     -0.127     1.878 r  gqav7_z19p_system_i/pl_ddr4_0/inst/u_ddr4_controller/inst/u_ddr4_infrastructure/gen_mmcme4.u_mmcme_adv_inst/CLKOUT0
                         net (fo=1, routed)           0.245     2.123    gqav7_z19p_system_i/pl_ddr4_0/inst/u_ddr4_controller/inst/u_ddr4_infrastructure/mmcm_clkout0
    BUFGCE_X0Y150        BUFGCE (Prop_BUFCE_BUFGCE_I_O)
                                                      0.028     2.151 r  gqav7_z19p_system_i/pl_ddr4_0/inst/u_ddr4_controller/inst/u_ddr4_infrastructure/u_bufg_divClk/O
    X2Y5 (CLOCK_ROOT)    net (fo=20545, routed)       1.950     4.101    gqav7_z19p_system_i/pl_ddr4_0/inst/u_ddr4_controller/inst/u_ddr4_mem_intfc/u_ddr_cal_top/u_ddr_mc_pi/u_ddr_mc_write/dReg_reg[13]
    SLICE_X50Y383        FDRE                                         r  gqav7_z19p_system_i/pl_ddr4_0/inst/u_ddr4_controller/inst/u_ddr4_mem_intfc/u_ddr_cal_top/u_ddr_mc_pi/u_ddr_mc_write/wrQ_reg[0][6]_rep__1/C
  -------------------------------------------------------------------    -------------------
    SLICE_X50Y383        FDRE (Prop_FFF2_SLICEL_C_Q)
                                                      0.081     4.182 r  gqav7_z19p_system_i/pl_ddr4_0/inst/u_ddr4_controller/inst/u_ddr4_mem_intfc/u_ddr_cal_top/u_ddr_mc_pi/u_ddr_mc_write/wrQ_reg[0][6]_rep__1/Q
                         net (fo=192, routed)         2.828     7.010    gqav7_z19p_system_i/pl_ddr4_0/inst/u_ddr4_controller/inst/u_ddr4_mem_intfc/u_ddr_ui/u_ddr_ui_wr_data/wr_buffer_ram[22].RAM32M0/ADDRC2
    SLICE_X47Y411        RAMD32 (Prop_G6LUT_SLICEM_RADR2_O)
                                                      0.100     7.110 r  gqav7_z19p_system_i/pl_ddr4_0/inst/u_ddr4_controller/inst/u_ddr4_mem_intfc/u_ddr_ui/u_ddr_ui_wr_data/wr_buffer_ram[22].RAM32M0/RAMC_D1/O
                         net (fo=1, routed)           0.059     7.169    gqav7_z19p_system_i/pl_ddr4_0/inst/u_ddr4_controller/inst/u_ddr4_mem_intfc/u_ddr_ui/u_ddr_ui_wr_data/wr_buf_out_data_w[133]
    SLICE_X47Y411        FDRE                                         r  gqav7_z19p_system_i/pl_ddr4_0/inst/u_ddr4_controller/inst/u_ddr4_mem_intfc/u_ddr_ui/u_ddr_ui_wr_data/wr_buf_out_data_reg[133]/D
  -------------------------------------------------------------------    -------------------

                         (clock mmcm_clkout0 rise edge)
                                                      3.333     3.333 r  
    H21                                               0.000     3.333 r  PL_CLK0_clk_p (IN)
                         net (fo=0)                   0.079     3.412    gqav7_z19p_system_i/pl_clock_buffer/inst/u_ibufds/I
    HPIOBDIFFINBUF_X0Y179
                         DIFFINBUF (Prop_DIFFINBUF_HPIOBDIFFINBUF_DIFF_IN_P_O)
                                                      0.427     3.839 r  gqav7_z19p_system_i/pl_clock_buffer/inst/u_ibufds/DIFFINBUF_INST/O
                         net (fo=1, routed)           0.040     3.879    gqav7_z19p_system_i/pl_clock_buffer/inst/u_ibufds/OUT
    H21                  IBUFCTRL (Prop_IBUFCTRL_HPIOB_M_I_O)
                                                      0.000     3.879 r  gqav7_z19p_system_i/pl_clock_buffer/inst/u_ibufds/IBUFCTRL_INST/O
                         net (fo=1, routed)           0.286     4.165    gqav7_z19p_system_i/pl_clock_buffer/inst/clk_ibuf
    BUFGCE_X0Y168        BUFGCE (Prop_BUFCE_BUFGCE_I_O)
                                                      0.024     4.189 r  gqav7_z19p_system_i/pl_clock_buffer/inst/clk_ibuf_BUFGCE_inst/O
                         net (fo=20, routed)          0.866     5.055    gqav7_z19p_system_i/pl_ddr4_0/inst/u_ddr4_controller/inst/u_ddr4_infrastructure/mmcm_clk_in
    MMCM_X0Y6            MMCME4_ADV (Prop_MMCM_CLKIN1_CLKOUT0)
                                                      0.630     5.685 r  gqav7_z19p_system_i/pl_ddr4_0/inst/u_ddr4_controller/inst/u_ddr4_infrastructure/gen_mmcme4.u_mmcme_adv_inst/CLKOUT0
                         net (fo=1, routed)           0.215     5.900    gqav7_z19p_system_i/pl_ddr4_0/inst/u_ddr4_controller/inst/u_ddr4_infrastructure/mmcm_clkout0
    BUFGCE_X0Y150        BUFGCE (Prop_BUFCE_BUFGCE_I_O)
                                                      0.024     5.924 r  gqav7_z19p_system_i/pl_ddr4_0/inst/u_ddr4_controller/inst/u_ddr4_infrastructure/u_bufg_divClk/O
    X2Y5 (CLOCK_ROOT)    net (fo=20545, routed)       1.739     7.663    gqav7_z19p_system_i/pl_ddr4_0/inst/u_ddr4_controller/inst/u_ddr4_mem_intfc/u_ddr_ui/u_ddr_ui_wr_data/wb_wr_data_addr_r_reg[1]_0
    SLICE_X47Y411        FDRE                                         r  gqav7_z19p_system_i/pl_ddr4_0/inst/u_ddr4_controller/inst/u_ddr4_mem_intfc/u_ddr_ui/u_ddr_ui_wr_data/wr_buf_out_data_reg[133]/C
                         clock pessimism             -0.308     7.355    
                         clock uncertainty           -0.052     7.303    
    SLICE_X47Y411        FDRE (Setup_GFF_SLICEM_C_D)
                                                      0.025     7.328    gqav7_z19p_system_i/pl_ddr4_0/inst/u_ddr4_controller/inst/u_ddr4_mem_intfc/u_ddr_ui/u_ddr_ui_wr_data/wr_buf_out_data_reg[133]
  -------------------------------------------------------------------
                         required time                          7.328    
                         arrival time                          -7.169    
  -------------------------------------------------------------------
                         slack                                  0.158    





Min Delay Paths
--------------------------------------------------------------------------------------
Slack (MET) :             0.010ns  (arrival time - required time)
  Source:                 gqav7_z19p_system_i/pl_ddr4_0/inst/u_ddr4_controller/inst/u_ddr4_mem_intfc/u_ddr_cal_top/u_ddr_cal/u_ddr_cal_addr_decode/cal_DMOut_n_A_reg[6]/C
                            (rising edge-triggered cell FDRE clocked by mmcm_clkout0  {rise@0.000ns fall@1.667ns period=3.333ns})
  Destination:            gqav7_z19p_system_i/pl_ddr4_0/inst/u_ddr4_controller/inst/u_ddr4_mem_intfc/u_ddr_cal_top/u_ddr_cal/u_ddr_cal_addr_decode/genblk10[0].cal_DMOut_n_A_r_reg[6]/D
                            (rising edge-triggered cell FDRE clocked by mmcm_clkout0  {rise@0.000ns fall@1.667ns period=3.333ns})
  Path Group:             mmcm_clkout0
  Path Type:              Hold (Min at Slow Process Corner)
  Requirement:            0.000ns  (mmcm_clkout0 rise@0.000ns - mmcm_clkout0 rise@0.000ns)
  Data Path Delay:        0.128ns  (logic 0.059ns (46.094%)  route 0.069ns (53.906%))
  Logic Levels:           0  
  Clock Path Skew:        0.056ns (DCD - SCD - CPR)
    Destination Clock Delay (DCD):    4.138ns
    Source Clock Delay      (SCD):    4.340ns
    Clock Pessimism Removal (CPR):    -0.259ns
  Clock Net Delay (Source):      1.749ns (routing 0.648ns, distribution 1.101ns)
  Clock Net Delay (Destination): 1.986ns (routing 0.714ns, distribution 1.272ns)

    Location             Delay type                Incr(ns)  Path(ns)    Netlist Resource(s)
  -------------------------------------------------------------------    -------------------
                         (clock mmcm_clkout0 rise edge)
                                                      0.000     0.000 r  
    H21                                               0.000     0.000 r  PL_CLK0_clk_p (IN)
                         net (fo=0)                   0.079     0.079    gqav7_z19p_system_i/pl_clock_buffer/inst/u_ibufds/I
    HPIOBDIFFINBUF_X0Y179
                         DIFFINBUF (Prop_DIFFINBUF_HPIOBDIFFINBUF_DIFF_IN_P_O)
                                                      0.427     0.506 r  gqav7_z19p_system_i/pl_clock_buffer/inst/u_ibufds/DIFFINBUF_INST/O
                         net (fo=1, routed)           0.040     0.546    gqav7_z19p_system_i/pl_clock_buffer/inst/u_ibufds/OUT
    H21                  IBUFCTRL (Prop_IBUFCTRL_HPIOB_M_I_O)
                                                      0.000     0.546 r  gqav7_z19p_system_i/pl_clock_buffer/inst/u_ibufds/IBUFCTRL_INST/O
                         net (fo=1, routed)           0.286     0.832    gqav7_z19p_system_i/pl_clock_buffer/inst/clk_ibuf
    BUFGCE_X0Y168        BUFGCE (Prop_BUFCE_BUFGCE_I_O)
                                                      0.024     0.856 r  gqav7_z19p_system_i/pl_clock_buffer/inst/clk_ibuf_BUFGCE_inst/O
                         net (fo=20, routed)          0.866     1.722    gqav7_z19p_system_i/pl_ddr4_0/inst/u_ddr4_controller/inst/u_ddr4_infrastructure/mmcm_clk_in
    MMCM_X0Y6            MMCME4_ADV (Prop_MMCM_CLKIN1_CLKOUT0)
                                                      0.630     2.352 r  gqav7_z19p_system_i/pl_ddr4_0/inst/u_ddr4_controller/inst/u_ddr4_infrastructure/gen_mmcme4.u_mmcme_adv_inst/CLKOUT0
                         net (fo=1, routed)           0.215     2.567    gqav7_z19p_system_i/pl_ddr4_0/inst/u_ddr4_controller/inst/u_ddr4_infrastructure/mmcm_clkout0
    BUFGCE_X0Y150        BUFGCE (Prop_BUFCE_BUFGCE_I_O)
                                                      0.024     2.591 r  gqav7_z19p_system_i/pl_ddr4_0/inst/u_ddr4_controller/inst/u_ddr4_infrastructure/u_bufg_divClk/O
    X2Y5 (CLOCK_ROOT)    net (fo=20545, routed)       1.749     4.340    gqav7_z19p_system_i/pl_ddr4_0/inst/u_ddr4_controller/inst/u_ddr4_mem_intfc/u_ddr_cal_top/u_ddr_cal/u_ddr_cal_addr_decode/odt_shift_reg[0][20]
    SLICE_X54Y374        FDRE                                         r  gqav7_z19p_system_i/pl_ddr4_0/inst/u_ddr4_controller/inst/u_ddr4_mem_intfc/u_ddr_cal_top/u_ddr_cal/u_ddr_cal_addr_decode/cal_DMOut_n_A_reg[6]/C
  -------------------------------------------------------------------    -------------------
    SLICE_X54Y374        FDRE (Prop_EFF_SLICEL_C_Q)
                                                      0.059     4.399 r  gqav7_z19p_system_i/pl_ddr4_0/inst/u_ddr4_controller/inst/u_ddr4_mem_intfc/u_ddr_cal_top/u_ddr_cal/u_ddr_cal_addr_decode/cal_DMOut_n_A_reg[6]/Q
                         net (fo=2, routed)           0.069     4.468    gqav7_z19p_system_i/pl_ddr4_0/inst/u_ddr4_controller/inst/u_ddr4_mem_intfc/u_ddr_cal_top/u_ddr_cal/u_ddr_cal_addr_decode/cal_DMOut_n_A_reg_n_0_[6]
    SLICE_X54Y373        FDRE                                         r  gqav7_z19p_system_i/pl_ddr4_0/inst/u_ddr4_controller/inst/u_ddr4_mem_intfc/u_ddr_cal_top/u_ddr_cal/u_ddr_cal_addr_decode/genblk10[0].cal_DMOut_n_A_r_reg[6]/D
  -------------------------------------------------------------------    -------------------

                         (clock mmcm_clkout0 rise edge)
                                                      0.000     0.000 r  
    H21                                               0.000     0.000 r  PL_CLK0_clk_p (IN)
                         net (fo=0)                   0.100     0.100    gqav7_z19p_system_i/pl_clock_buffer/inst/u_ibufds/I
    HPIOBDIFFINBUF_X0Y179
                         DIFFINBUF (Prop_DIFFINBUF_HPIOBDIFFINBUF_DIFF_IN_P_O)
                                                      0.523     0.623 r  gqav7_z19p_system_i/pl_clock_buffer/inst/u_ibufds/DIFFINBUF_INST/O
                         net (fo=1, routed)           0.050     0.673    gqav7_z19p_system_i/pl_clock_buffer/inst/u_ibufds/OUT
    H21                  IBUFCTRL (Prop_IBUFCTRL_HPIOB_M_I_O)
                                                      0.000     0.673 r  gqav7_z19p_system_i/pl_clock_buffer/inst/u_ibufds/IBUFCTRL_INST/O
                         net (fo=1, routed)           0.323     0.996    gqav7_z19p_system_i/pl_clock_buffer/inst/clk_ibuf
    BUFGCE_X0Y168        BUFGCE (Prop_BUFCE_BUFGCE_I_O)
                                                      0.028     1.024 r  gqav7_z19p_system_i/pl_clock_buffer/inst/clk_ibuf_BUFGCE_inst/O
                         net (fo=20, routed)          0.981     2.005    gqav7_z19p_system_i/pl_ddr4_0/inst/u_ddr4_controller/inst/u_ddr4_infrastructure/mmcm_clk_in
    MMCM_X0Y6            MMCME4_ADV (Prop_MMCM_CLKIN1_CLKOUT0)
                                                     -0.127     1.878 r  gqav7_z19p_system_i/pl_ddr4_0/inst/u_ddr4_controller/inst/u_ddr4_infrastructure/gen_mmcme4.u_mmcme_adv_inst/CLKOUT0
                         net (fo=1, routed)           0.245     2.123    gqav7_z19p_system_i/pl_ddr4_0/inst/u_ddr4_controller/inst/u_ddr4_infrastructure/mmcm_clkout0
    BUFGCE_X0Y150        BUFGCE (Prop_BUFCE_BUFGCE_I_O)
                                                      0.028     2.151 r  gqav7_z19p_system_i/pl_ddr4_0/inst/u_ddr4_controller/inst/u_ddr4_infrastructure/u_bufg_divClk/O
    X2Y5 (CLOCK_ROOT)    net (fo=20545, routed)       1.986     4.138    gqav7_z19p_system_i/pl_ddr4_0/inst/u_ddr4_controller/inst/u_ddr4_mem_intfc/u_ddr_cal_top/u_ddr_cal/u_ddr_cal_addr_decode/odt_shift_reg[0][20]
    SLICE_X54Y373        FDRE                                         r  gqav7_z19p_system_i/pl_ddr4_0/inst/u_ddr4_controller/inst/u_ddr4_mem_intfc/u_ddr_cal_top/u_ddr_cal/u_ddr_cal_addr_decode/genblk10[0].cal_DMOut_n_A_r_reg[6]/C
                         clock pessimism              0.259     4.397    
    SLICE_X54Y373        FDRE (Hold_GFF2_SLICEL_C_D)
                                                      0.062     4.459    gqav7_z19p_system_i/pl_ddr4_0/inst/u_ddr4_controller/inst/u_ddr4_mem_intfc/u_ddr_cal_top/u_ddr_cal/u_ddr_cal_addr_decode/genblk10[0].cal_DMOut_n_A_r_reg[6]
  -------------------------------------------------------------------
                         required time                         -4.459    
                         arrival time                           4.468    
  -------------------------------------------------------------------
                         slack                                  0.010    





Pulse Width Checks
--------------------------------------------------------------------------------------
Clock Name:         mmcm_clkout0
Waveform(ns):       { 0.000 1.667 }
Period(ns):         3.333
Sources:            { gqav7_z19p_system_i/pl_ddr4_0/inst/u_ddr4_controller/inst/u_ddr4_infrastructure/gen_mmcme4.u_mmcme_adv_inst/CLKOUT0 }

Check Type        Corner  Lib Pin                    Reference Pin       Required(ns)  Actual(ns)  Slack(ns)  Location               Pin
Min Period        n/a     RXTX_BITSLICE/FIFO_RD_CLK  n/a                 1.694         3.333       1.639      BITSLICE_RX_TX_X0Y260  gqav7_z19p_system_i/pl_ddr4_0/inst/u_ddr4_controller/inst/u_ddr4_mem_intfc/u_mig_ddr4_phy/inst/generate_block1.u_ddr_xiphy/byte_num[0].xiphy_byte_wrapper.u_xiphy_byte_wrapper/I_BITSLICE_LOWER[0].GEN_RXTX_BITSLICE_EN.u_xiphy_bitslice_lower/xiphy_rxtx_bitslice/FIFO_RD_CLK
Max Period        n/a     PLLE4_ADV/CLKIN            n/a                 14.286        3.333       10.953     PLL_X0Y11              gqav7_z19p_system_i/pl_ddr4_0/inst/u_ddr4_controller/inst/u_ddr4_mem_intfc/u_mig_ddr4_phy/inst/u_ddr4_phy_pll/plle_loop[0].gen_plle4.PLLE4_BASE_INST_OTHER/CLKIN
Low Pulse Width   Slow    PLLE4_ADV/CLKIN            n/a                 1.167         1.667       0.500      PLL_X0Y11              gqav7_z19p_system_i/pl_ddr4_0/inst/u_ddr4_controller/inst/u_ddr4_mem_intfc/u_mig_ddr4_phy/inst/u_ddr4_phy_pll/plle_loop[0].gen_plle4.PLLE4_BASE_INST_OTHER/CLKIN
High Pulse Width  Slow    PLLE4_ADV/CLKIN            n/a                 1.167         1.667       0.500      PLL_X0Y11              gqav7_z19p_system_i/pl_ddr4_0/inst/u_ddr4_controller/inst/u_ddr4_mem_intfc/u_mig_ddr4_phy/inst/u_ddr4_phy_pll/plle_loop[0].gen_plle4.PLLE4_BASE_INST_OTHER/CLKIN
Min Skew          Fast    RXTX_BITSLICE/D[1]         RXTX_BITSLICE/D[2]  0.050         0.267       0.217      BITSLICE_RX_TX_X0Y348  gqav7_z19p_system_i/pl_ddr4_0/inst/u_ddr4_controller/inst/u_ddr4_mem_intfc/u_mig_ddr4_phy/inst/generate_block1.u_ddr_xiphy/byte_num[6].xiphy_byte_wrapper.u_xiphy_byte_wrapper/I_BITSLICE_UPPER[4].GEN_RXTX_BITSLICE_EN.u_xiphy_bitslice_upper/xiphy_rxtx_bitslice/D[1]



---------------------------------------------------------------------------------------------------
From Clock:  pll_clk[0]
  To Clock:  pll_clk[0]

Setup :           NA  Failing Endpoints,  Worst Slack           NA  ,  Total Violation           NA
Hold  :           NA  Failing Endpoints,  Worst Slack           NA  ,  Total Violation           NA
PW    :            0  Failing Endpoints,  Worst Slack        0.039ns,  Total Violation        0.000ns
---------------------------------------------------------------------------------------------------


Pulse Width Checks
--------------------------------------------------------------------------------------
Clock Name:         pll_clk[0]
Waveform(ns):       { 0.000 0.208 }
Period(ns):         0.417
Sources:            { gqav7_z19p_system_i/pl_ddr4_0/inst/u_ddr4_controller/inst/u_ddr4_mem_intfc/u_mig_ddr4_phy/inst/u_ddr4_phy_pll/plle_loop[0].gen_plle4.PLLE4_BASE_INST_OTHER/CLKOUTPHY }

Check Type        Corner  Lib Pin                   Reference Pin             Required(ns)  Actual(ns)  Slack(ns)  Location                Pin
Min Period        n/a     BITSLICE_CONTROL/PLL_CLK  n/a                       0.375         0.417       0.042      BITSLICE_CONTROL_X0Y40  gqav7_z19p_system_i/pl_ddr4_0/inst/u_ddr4_controller/inst/u_ddr4_mem_intfc/u_mig_ddr4_phy/inst/generate_block1.u_ddr_xiphy/byte_num[0].xiphy_byte_wrapper.u_xiphy_byte_wrapper/I_CONTROL[0].GEN_I_CONTROL.u_xiphy_control/xiphy_control/PLL_CLK
Low Pulse Width   Slow    BITSLICE_CONTROL/PLL_CLK  n/a                       0.169         0.208       0.039      BITSLICE_CONTROL_X0Y40  gqav7_z19p_system_i/pl_ddr4_0/inst/u_ddr4_controller/inst/u_ddr4_mem_intfc/u_mig_ddr4_phy/inst/generate_block1.u_ddr_xiphy/byte_num[0].xiphy_byte_wrapper.u_xiphy_byte_wrapper/I_CONTROL[0].GEN_I_CONTROL.u_xiphy_control/xiphy_control/PLL_CLK
High Pulse Width  Slow    BITSLICE_CONTROL/PLL_CLK  n/a                       0.169         0.208       0.039      BITSLICE_CONTROL_X0Y40  gqav7_z19p_system_i/pl_ddr4_0/inst/u_ddr4_controller/inst/u_ddr4_mem_intfc/u_mig_ddr4_phy/inst/generate_block1.u_ddr_xiphy/byte_num[0].xiphy_byte_wrapper.u_xiphy_byte_wrapper/I_CONTROL[0].GEN_I_CONTROL.u_xiphy_control/xiphy_control/PLL_CLK
Max Skew          Fast    BITSLICE_CONTROL/PLL_CLK  BITSLICE_CONTROL/RIU_CLK  -0.300        -1.405      1.105      BITSLICE_CONTROL_X0Y44  gqav7_z19p_system_i/pl_ddr4_0/inst/u_ddr4_controller/inst/u_ddr4_mem_intfc/u_mig_ddr4_phy/inst/generate_block1.u_ddr_xiphy/byte_num[2].xiphy_byte_wrapper.u_xiphy_byte_wrapper/I_CONTROL[0].GEN_I_CONTROL.u_xiphy_control/xiphy_control/PLL_CLK



---------------------------------------------------------------------------------------------------
From Clock:  pll_clk[0]_DIV
  To Clock:  pll_clk[0]_DIV

Setup :           NA  Failing Endpoints,  Worst Slack           NA  ,  Total Violation           NA
Hold  :           NA  Failing Endpoints,  Worst Slack           NA  ,  Total Violation           NA
PW    :            0  Failing Endpoints,  Worst Slack        0.467ns,  Total Violation        0.000ns
---------------------------------------------------------------------------------------------------


Pulse Width Checks
--------------------------------------------------------------------------------------
Clock Name:         pll_clk[0]_DIV
Waveform(ns):       { 0.000 1.667 }
Period(ns):         3.333
Sources:            { gqav7_z19p_system_i/pl_ddr4_0/inst/u_ddr4_controller/inst/u_ddr4_mem_intfc/u_mig_ddr4_phy/inst/generate_block1.u_ddr_xiphy/byte_num[0].xiphy_byte_wrapper.u_xiphy_byte_wrapper/I_CONTROL[0].GEN_I_CONTROL.u_xiphy_control/xiphy_control/RX_DIV4_CLK_Q gqav7_z19p_system_i/pl_ddr4_0/inst/u_ddr4_controller/inst/u_ddr4_mem_intfc/u_mig_ddr4_phy/inst/generate_block1.u_ddr_xiphy/byte_num[0].xiphy_byte_wrapper.u_xiphy_byte_wrapper/I_CONTROL[0].GEN_I_CONTROL.u_xiphy_control/xiphy_control/TX_DIV4_CLK_Q gqav7_z19p_system_i/pl_ddr4_0/inst/u_ddr4_controller/inst/u_ddr4_mem_intfc/u_mig_ddr4_phy/inst/generate_block1.u_ddr_xiphy/byte_num[0].xiphy_byte_wrapper.u_xiphy_byte_wrapper/I_CONTROL[1].GEN_I_CONTROL.u_xiphy_control/xiphy_control/RX_DIV4_CLK_Q gqav7_z19p_system_i/pl_ddr4_0/inst/u_ddr4_controller/inst/u_ddr4_mem_intfc/u_mig_ddr4_phy/inst/generate_block1.u_ddr_xiphy/byte_num[0].xiphy_byte_wrapper.u_xiphy_byte_wrapper/I_CONTROL[1].GEN_I_CONTROL.u_xiphy_control/xiphy_control/TX_DIV4_CLK_Q gqav7_z19p_system_i/pl_ddr4_0/inst/u_ddr4_controller/inst/u_ddr4_mem_intfc/u_mig_ddr4_phy/inst/generate_block1.u_ddr_xiphy/byte_num[1].xiphy_byte_wrapper.u_xiphy_byte_wrapper/I_CONTROL[0].GEN_I_CONTROL.u_xiphy_control/xiphy_control/RX_DIV4_CLK_Q gqav7_z19p_system_i/pl_ddr4_0/inst/u_ddr4_controller/inst/u_ddr4_mem_intfc/u_mig_ddr4_phy/inst/generate_block1.u_ddr_xiphy/byte_num[1].xiphy_byte_wrapper.u_xiphy_byte_wrapper/I_CONTROL[0].GEN_I_CONTROL.u_xiphy_control/xiphy_control/TX_DIV4_CLK_Q gqav7_z19p_system_i/pl_ddr4_0/inst/u_ddr4_controller/inst/u_ddr4_mem_intfc/u_mig_ddr4_phy/inst/generate_block1.u_ddr_xiphy/byte_num[1].xiphy_byte_wrapper.u_xiphy_byte_wrapper/I_CONTROL[1].GEN_I_CONTROL.u_xiphy_control/xiphy_control/RX_DIV4_CLK_Q gqav7_z19p_system_i/pl_ddr4_0/inst/u_ddr4_controller/inst/u_ddr4_mem_intfc/u_mig_ddr4_phy/inst/generate_block1.u_ddr_xiphy/byte_num[1].xiphy_byte_wrapper.u_xiphy_byte_wrapper/I_CONTROL[1].GEN_I_CONTROL.u_xiphy_control/xiphy_control/TX_DIV4_CLK_Q gqav7_z19p_system_i/pl_ddr4_0/inst/u_ddr4_controller/inst/u_ddr4_mem_intfc/u_mig_ddr4_phy/inst/generate_block1.u_ddr_xiphy/byte_num[2].xiphy_byte_wrapper.u_xiphy_byte_wrapper/I_CONTROL[0].GEN_I_CONTROL.u_xiphy_control/xiphy_control/RX_DIV4_CLK_Q gqav7_z19p_system_i/pl_ddr4_0/inst/u_ddr4_controller/inst/u_ddr4_mem_intfc/u_mig_ddr4_phy/inst/generate_block1.u_ddr_xiphy/byte_num[2].xiphy_byte_wrapper.u_xiphy_byte_wrapper/I_CONTROL[0].GEN_I_CONTROL.u_xiphy_control/xiphy_control/TX_DIV4_CLK_Q gqav7_z19p_system_i/pl_ddr4_0/inst/u_ddr4_controller/inst/u_ddr4_mem_intfc/u_mig_ddr4_phy/inst/generate_block1.u_ddr_xiphy/byte_num[2].xiphy_byte_wrapper.u_xiphy_byte_wrapper/I_CONTROL[1].GEN_I_CONTROL.u_xiphy_control/xiphy_control/RX_DIV4_CLK_Q gqav7_z19p_system_i/pl_ddr4_0/inst/u_ddr4_controller/inst/u_ddr4_mem_intfc/u_mig_ddr4_phy/inst/generate_block1.u_ddr_xiphy/byte_num[2].xiphy_byte_wrapper.u_xiphy_byte_wrapper/I_CONTROL[1].GEN_I_CONTROL.u_xiphy_control/xiphy_control/TX_DIV4_CLK_Q gqav7_z19p_system_i/pl_ddr4_0/inst/u_ddr4_controller/inst/u_ddr4_mem_intfc/u_mig_ddr4_phy/inst/generate_block1.u_ddr_xiphy/byte_num[3].xiphy_byte_wrapper.u_xiphy_byte_wrapper/I_CONTROL[0].GEN_I_CONTROL.u_xiphy_control/xiphy_control/RX_DIV4_CLK_Q gqav7_z19p_system_i/pl_ddr4_0/inst/u_ddr4_controller/inst/u_ddr4_mem_intfc/u_mig_ddr4_phy/inst/generate_block1.u_ddr_xiphy/byte_num[3].xiphy_byte_wrapper.u_xiphy_byte_wrapper/I_CONTROL[0].GEN_I_CONTROL.u_xiphy_control/xiphy_control/TX_DIV4_CLK_Q gqav7_z19p_system_i/pl_ddr4_0/inst/u_ddr4_controller/inst/u_ddr4_mem_intfc/u_mig_ddr4_phy/inst/generate_block1.u_ddr_xiphy/byte_num[3].xiphy_byte_wrapper.u_xiphy_byte_wrapper/I_CONTROL[1].GEN_I_CONTROL.u_xiphy_control/xiphy_control/RX_DIV4_CLK_Q gqav7_z19p_system_i/pl_ddr4_0/inst/u_ddr4_controller/inst/u_ddr4_mem_intfc/u_mig_ddr4_phy/inst/generate_block1.u_ddr_xiphy/byte_num[3].xiphy_byte_wrapper.u_xiphy_byte_wrapper/I_CONTROL[1].GEN_I_CONTROL.u_xiphy_control/xiphy_control/TX_DIV4_CLK_Q }

Check Type        Corner  Lib Pin                           Reference Pin  Required(ns)  Actual(ns)  Slack(ns)  Location               Pin
Min Period        n/a     RXTX_BITSLICE/TX_BIT_CTRL_IN[26]  n/a            2.667         3.333       0.666      BITSLICE_RX_TX_X0Y260  gqav7_z19p_system_i/pl_ddr4_0/inst/u_ddr4_controller/inst/u_ddr4_mem_intfc/u_mig_ddr4_phy/inst/generate_block1.u_ddr_xiphy/byte_num[0].xiphy_byte_wrapper.u_xiphy_byte_wrapper/I_BITSLICE_LOWER[0].GEN_RXTX_BITSLICE_EN.u_xiphy_bitslice_lower/xiphy_rxtx_bitslice/TX_BIT_CTRL_IN[26]
Low Pulse Width   Slow    RXTX_BITSLICE/TX_BIT_CTRL_IN[26]  n/a            1.200         1.667       0.467      BITSLICE_RX_TX_X0Y260  gqav7_z19p_system_i/pl_ddr4_0/inst/u_ddr4_controller/inst/u_ddr4_mem_intfc/u_mig_ddr4_phy/inst/generate_block1.u_ddr_xiphy/byte_num[0].xiphy_byte_wrapper.u_xiphy_byte_wrapper/I_BITSLICE_LOWER[0].GEN_RXTX_BITSLICE_EN.u_xiphy_bitslice_lower/xiphy_rxtx_bitslice/TX_BIT_CTRL_IN[26]
High Pulse Width  Slow    RXTX_BITSLICE/TX_BIT_CTRL_IN[26]  n/a            1.200         1.667       0.467      BITSLICE_RX_TX_X0Y260  gqav7_z19p_system_i/pl_ddr4_0/inst/u_ddr4_controller/inst/u_ddr4_mem_intfc/u_mig_ddr4_phy/inst/generate_block1.u_ddr_xiphy/byte_num[0].xiphy_byte_wrapper.u_xiphy_byte_wrapper/I_BITSLICE_LOWER[0].GEN_RXTX_BITSLICE_EN.u_xiphy_bitslice_lower/xiphy_rxtx_bitslice/TX_BIT_CTRL_IN[26]



---------------------------------------------------------------------------------------------------
From Clock:  pll_clk[1]
  To Clock:  pll_clk[1]

Setup :           NA  Failing Endpoints,  Worst Slack           NA  ,  Total Violation           NA
Hold  :           NA  Failing Endpoints,  Worst Slack           NA  ,  Total Violation           NA
PW    :            0  Failing Endpoints,  Worst Slack        0.039ns,  Total Violation        0.000ns
---------------------------------------------------------------------------------------------------


Pulse Width Checks
--------------------------------------------------------------------------------------
Clock Name:         pll_clk[1]
Waveform(ns):       { 0.000 0.208 }
Period(ns):         0.417
Sources:            { gqav7_z19p_system_i/pl_ddr4_0/inst/u_ddr4_controller/inst/u_ddr4_mem_intfc/u_mig_ddr4_phy/inst/u_ddr4_phy_pll/plle_loop[1].gen_plle4.PLLE4_BASE_INST_OTHER/CLKOUTPHY }

Check Type        Corner  Lib Pin                   Reference Pin             Required(ns)  Actual(ns)  Slack(ns)  Location                Pin
Min Period        n/a     BITSLICE_CONTROL/PLL_CLK  n/a                       0.375         0.417       0.042      BITSLICE_CONTROL_X0Y48  gqav7_z19p_system_i/pl_ddr4_0/inst/u_ddr4_controller/inst/u_ddr4_mem_intfc/u_mig_ddr4_phy/inst/generate_block1.u_ddr_xiphy/byte_num[4].xiphy_byte_wrapper.u_xiphy_byte_wrapper/I_CONTROL[0].GEN_I_CONTROL.u_xiphy_control/xiphy_control/PLL_CLK
Low Pulse Width   Slow    BITSLICE_CONTROL/PLL_CLK  n/a                       0.169         0.208       0.039      BITSLICE_CONTROL_X0Y48  gqav7_z19p_system_i/pl_ddr4_0/inst/u_ddr4_controller/inst/u_ddr4_mem_intfc/u_mig_ddr4_phy/inst/generate_block1.u_ddr_xiphy/byte_num[4].xiphy_byte_wrapper.u_xiphy_byte_wrapper/I_CONTROL[0].GEN_I_CONTROL.u_xiphy_control/xiphy_control/PLL_CLK
High Pulse Width  Slow    BITSLICE_CONTROL/PLL_CLK  n/a                       0.169         0.208       0.039      BITSLICE_CONTROL_X0Y48  gqav7_z19p_system_i/pl_ddr4_0/inst/u_ddr4_controller/inst/u_ddr4_mem_intfc/u_mig_ddr4_phy/inst/generate_block1.u_ddr_xiphy/byte_num[4].xiphy_byte_wrapper.u_xiphy_byte_wrapper/I_CONTROL[0].GEN_I_CONTROL.u_xiphy_control/xiphy_control/PLL_CLK
Max Skew          Fast    BITSLICE_CONTROL/PLL_CLK  BITSLICE_CONTROL/RIU_CLK  -0.300        -1.402      1.102      BITSLICE_CONTROL_X0Y52  gqav7_z19p_system_i/pl_ddr4_0/inst/u_ddr4_controller/inst/u_ddr4_mem_intfc/u_mig_ddr4_phy/inst/generate_block1.u_ddr_xiphy/byte_num[6].xiphy_byte_wrapper.u_xiphy_byte_wrapper/I_CONTROL[0].GEN_I_CONTROL.u_xiphy_control/xiphy_control/PLL_CLK



---------------------------------------------------------------------------------------------------
From Clock:  pll_clk[1]_DIV
  To Clock:  pll_clk[1]_DIV

Setup :           NA  Failing Endpoints,  Worst Slack           NA  ,  Total Violation           NA
Hold  :           NA  Failing Endpoints,  Worst Slack           NA  ,  Total Violation           NA
PW    :            0  Failing Endpoints,  Worst Slack        0.467ns,  Total Violation        0.000ns
---------------------------------------------------------------------------------------------------


Pulse Width Checks
--------------------------------------------------------------------------------------
Clock Name:         pll_clk[1]_DIV
Waveform(ns):       { 0.000 1.667 }
Period(ns):         3.333
Sources:            { gqav7_z19p_system_i/pl_ddr4_0/inst/u_ddr4_controller/inst/u_ddr4_mem_intfc/u_mig_ddr4_phy/inst/generate_block1.u_ddr_xiphy/byte_num[4].xiphy_byte_wrapper.u_xiphy_byte_wrapper/I_CONTROL[0].GEN_I_CONTROL.u_xiphy_control/xiphy_control/RX_DIV4_CLK_Q gqav7_z19p_system_i/pl_ddr4_0/inst/u_ddr4_controller/inst/u_ddr4_mem_intfc/u_mig_ddr4_phy/inst/generate_block1.u_ddr_xiphy/byte_num[4].xiphy_byte_wrapper.u_xiphy_byte_wrapper/I_CONTROL[0].GEN_I_CONTROL.u_xiphy_control/xiphy_control/TX_DIV4_CLK_Q gqav7_z19p_system_i/pl_ddr4_0/inst/u_ddr4_controller/inst/u_ddr4_mem_intfc/u_mig_ddr4_phy/inst/generate_block1.u_ddr_xiphy/byte_num[4].xiphy_byte_wrapper.u_xiphy_byte_wrapper/I_CONTROL[1].GEN_I_CONTROL.u_xiphy_control/xiphy_control/RX_DIV4_CLK_Q gqav7_z19p_system_i/pl_ddr4_0/inst/u_ddr4_controller/inst/u_ddr4_mem_intfc/u_mig_ddr4_phy/inst/generate_block1.u_ddr_xiphy/byte_num[4].xiphy_byte_wrapper.u_xiphy_byte_wrapper/I_CONTROL[1].GEN_I_CONTROL.u_xiphy_control/xiphy_control/TX_DIV4_CLK_Q gqav7_z19p_system_i/pl_ddr4_0/inst/u_ddr4_controller/inst/u_ddr4_mem_intfc/u_mig_ddr4_phy/inst/generate_block1.u_ddr_xiphy/byte_num[5].xiphy_byte_wrapper.u_xiphy_byte_wrapper/I_CONTROL[0].GEN_I_CONTROL.u_xiphy_control/xiphy_control/RX_DIV4_CLK_Q gqav7_z19p_system_i/pl_ddr4_0/inst/u_ddr4_controller/inst/u_ddr4_mem_intfc/u_mig_ddr4_phy/inst/generate_block1.u_ddr_xiphy/byte_num[5].xiphy_byte_wrapper.u_xiphy_byte_wrapper/I_CONTROL[0].GEN_I_CONTROL.u_xiphy_control/xiphy_control/TX_DIV4_CLK_Q gqav7_z19p_system_i/pl_ddr4_0/inst/u_ddr4_controller/inst/u_ddr4_mem_intfc/u_mig_ddr4_phy/inst/generate_block1.u_ddr_xiphy/byte_num[5].xiphy_byte_wrapper.u_xiphy_byte_wrapper/I_CONTROL[1].GEN_I_CONTROL.u_xiphy_control/xiphy_control/RX_DIV4_CLK_Q gqav7_z19p_system_i/pl_ddr4_0/inst/u_ddr4_controller/inst/u_ddr4_mem_intfc/u_mig_ddr4_phy/inst/generate_block1.u_ddr_xiphy/byte_num[5].xiphy_byte_wrapper.u_xiphy_byte_wrapper/I_CONTROL[1].GEN_I_CONTROL.u_xiphy_control/xiphy_control/TX_DIV4_CLK_Q gqav7_z19p_system_i/pl_ddr4_0/inst/u_ddr4_controller/inst/u_ddr4_mem_intfc/u_mig_ddr4_phy/inst/generate_block1.u_ddr_xiphy/byte_num[6].xiphy_byte_wrapper.u_xiphy_byte_wrapper/I_CONTROL[0].GEN_I_CONTROL.u_xiphy_control/xiphy_control/RX_DIV4_CLK_Q gqav7_z19p_system_i/pl_ddr4_0/inst/u_ddr4_controller/inst/u_ddr4_mem_intfc/u_mig_ddr4_phy/inst/generate_block1.u_ddr_xiphy/byte_num[6].xiphy_byte_wrapper.u_xiphy_byte_wrapper/I_CONTROL[0].GEN_I_CONTROL.u_xiphy_control/xiphy_control/TX_DIV4_CLK_Q gqav7_z19p_system_i/pl_ddr4_0/inst/u_ddr4_controller/inst/u_ddr4_mem_intfc/u_mig_ddr4_phy/inst/generate_block1.u_ddr_xiphy/byte_num[6].xiphy_byte_wrapper.u_xiphy_byte_wrapper/I_CONTROL[1].GEN_I_CONTROL.u_xiphy_control/xiphy_control/RX_DIV4_CLK_Q gqav7_z19p_system_i/pl_ddr4_0/inst/u_ddr4_controller/inst/u_ddr4_mem_intfc/u_mig_ddr4_phy/inst/generate_block1.u_ddr_xiphy/byte_num[6].xiphy_byte_wrapper.u_xiphy_byte_wrapper/I_CONTROL[1].GEN_I_CONTROL.u_xiphy_control/xiphy_control/TX_DIV4_CLK_Q gqav7_z19p_system_i/pl_ddr4_0/inst/u_ddr4_controller/inst/u_ddr4_mem_intfc/u_mig_ddr4_phy/inst/generate_block1.u_ddr_xiphy/byte_num[7].xiphy_byte_wrapper.u_xiphy_byte_wrapper/I_CONTROL[0].GEN_I_CONTROL.u_xiphy_control/xiphy_control/RX_DIV4_CLK_Q gqav7_z19p_system_i/pl_ddr4_0/inst/u_ddr4_controller/inst/u_ddr4_mem_intfc/u_mig_ddr4_phy/inst/generate_block1.u_ddr_xiphy/byte_num[7].xiphy_byte_wrapper.u_xiphy_byte_wrapper/I_CONTROL[0].GEN_I_CONTROL.u_xiphy_control/xiphy_control/TX_DIV4_CLK_Q gqav7_z19p_system_i/pl_ddr4_0/inst/u_ddr4_controller/inst/u_ddr4_mem_intfc/u_mig_ddr4_phy/inst/generate_block1.u_ddr_xiphy/byte_num[7].xiphy_byte_wrapper.u_xiphy_byte_wrapper/I_CONTROL[1].GEN_I_CONTROL.u_xiphy_control/xiphy_control/RX_DIV4_CLK_Q gqav7_z19p_system_i/pl_ddr4_0/inst/u_ddr4_controller/inst/u_ddr4_mem_intfc/u_mig_ddr4_phy/inst/generate_block1.u_ddr_xiphy/byte_num[7].xiphy_byte_wrapper.u_xiphy_byte_wrapper/I_CONTROL[1].GEN_I_CONTROL.u_xiphy_control/xiphy_control/TX_DIV4_CLK_Q }

Check Type        Corner  Lib Pin                           Reference Pin  Required(ns)  Actual(ns)  Slack(ns)  Location               Pin
Min Period        n/a     RXTX_BITSLICE/TX_BIT_CTRL_IN[26]  n/a            2.667         3.333       0.666      BITSLICE_RX_TX_X0Y312  gqav7_z19p_system_i/pl_ddr4_0/inst/u_ddr4_controller/inst/u_ddr4_mem_intfc/u_mig_ddr4_phy/inst/generate_block1.u_ddr_xiphy/byte_num[4].xiphy_byte_wrapper.u_xiphy_byte_wrapper/I_BITSLICE_LOWER[0].GEN_RXTX_BITSLICE_EN.u_xiphy_bitslice_lower/xiphy_rxtx_bitslice/TX_BIT_CTRL_IN[26]
Low Pulse Width   Slow    RXTX_BITSLICE/TX_BIT_CTRL_IN[26]  n/a            1.200         1.667       0.467      BITSLICE_RX_TX_X0Y312  gqav7_z19p_system_i/pl_ddr4_0/inst/u_ddr4_controller/inst/u_ddr4_mem_intfc/u_mig_ddr4_phy/inst/generate_block1.u_ddr_xiphy/byte_num[4].xiphy_byte_wrapper.u_xiphy_byte_wrapper/I_BITSLICE_LOWER[0].GEN_RXTX_BITSLICE_EN.u_xiphy_bitslice_lower/xiphy_rxtx_bitslice/TX_BIT_CTRL_IN[26]
High Pulse Width  Slow    RXTX_BITSLICE/TX_BIT_CTRL_IN[26]  n/a            1.200         1.667       0.467      BITSLICE_RX_TX_X0Y312  gqav7_z19p_system_i/pl_ddr4_0/inst/u_ddr4_controller/inst/u_ddr4_mem_intfc/u_mig_ddr4_phy/inst/generate_block1.u_ddr_xiphy/byte_num[4].xiphy_byte_wrapper.u_xiphy_byte_wrapper/I_BITSLICE_LOWER[0].GEN_RXTX_BITSLICE_EN.u_xiphy_bitslice_lower/xiphy_rxtx_bitslice/TX_BIT_CTRL_IN[26]



---------------------------------------------------------------------------------------------------
From Clock:  pll_clk[2]
  To Clock:  pll_clk[2]

Setup :           NA  Failing Endpoints,  Worst Slack           NA  ,  Total Violation           NA
Hold  :           NA  Failing Endpoints,  Worst Slack           NA  ,  Total Violation           NA
PW    :            0  Failing Endpoints,  Worst Slack        0.039ns,  Total Violation        0.000ns
---------------------------------------------------------------------------------------------------


Pulse Width Checks
--------------------------------------------------------------------------------------
Clock Name:         pll_clk[2]
Waveform(ns):       { 0.000 0.208 }
Period(ns):         0.417
Sources:            { gqav7_z19p_system_i/pl_ddr4_0/inst/u_ddr4_controller/inst/u_ddr4_mem_intfc/u_mig_ddr4_phy/inst/u_ddr4_phy_pll/plle_loop[2].gen_plle4.PLLE4_BASE_INST_OTHER/CLKOUTPHY }

Check Type        Corner  Lib Pin                   Reference Pin  Required(ns)  Actual(ns)  Slack(ns)  Location                Pin
Min Period        n/a     BITSLICE_CONTROL/PLL_CLK  n/a            0.375         0.417       0.042      BITSLICE_CONTROL_X0Y60  gqav7_z19p_system_i/pl_ddr4_0/inst/u_ddr4_controller/inst/u_ddr4_mem_intfc/u_mig_ddr4_phy/inst/generate_block1.u_ddr_xiphy/byte_num[10].xiphy_byte_wrapper.u_xiphy_byte_wrapper/I_CONTROL[0].GEN_I_CONTROL.u_xiphy_control/xiphy_control/PLL_CLK
Low Pulse Width   Slow    BITSLICE_CONTROL/PLL_CLK  n/a            0.169         0.208       0.039      BITSLICE_CONTROL_X0Y60  gqav7_z19p_system_i/pl_ddr4_0/inst/u_ddr4_controller/inst/u_ddr4_mem_intfc/u_mig_ddr4_phy/inst/generate_block1.u_ddr_xiphy/byte_num[10].xiphy_byte_wrapper.u_xiphy_byte_wrapper/I_CONTROL[0].GEN_I_CONTROL.u_xiphy_control/xiphy_control/PLL_CLK
High Pulse Width  Slow    BITSLICE_CONTROL/PLL_CLK  n/a            0.169         0.208       0.039      BITSLICE_CONTROL_X0Y60  gqav7_z19p_system_i/pl_ddr4_0/inst/u_ddr4_controller/inst/u_ddr4_mem_intfc/u_mig_ddr4_phy/inst/generate_block1.u_ddr_xiphy/byte_num[10].xiphy_byte_wrapper.u_xiphy_byte_wrapper/I_CONTROL[0].GEN_I_CONTROL.u_xiphy_control/xiphy_control/PLL_CLK



---------------------------------------------------------------------------------------------------
From Clock:  pll_clk[2]_DIV
  To Clock:  pll_clk[2]_DIV

Setup :           NA  Failing Endpoints,  Worst Slack           NA  ,  Total Violation           NA
Hold  :           NA  Failing Endpoints,  Worst Slack           NA  ,  Total Violation           NA
PW    :            0  Failing Endpoints,  Worst Slack        0.467ns,  Total Violation        0.000ns
---------------------------------------------------------------------------------------------------


Pulse Width Checks
--------------------------------------------------------------------------------------
Clock Name:         pll_clk[2]_DIV
Waveform(ns):       { 0.000 1.667 }
Period(ns):         3.333
Sources:            { gqav7_z19p_system_i/pl_ddr4_0/inst/u_ddr4_controller/inst/u_ddr4_mem_intfc/u_mig_ddr4_phy/inst/generate_block1.u_ddr_xiphy/byte_num[10].xiphy_byte_wrapper.u_xiphy_byte_wrapper/I_CONTROL[0].GEN_I_CONTROL.u_xiphy_control/xiphy_control/RX_DIV4_CLK_Q gqav7_z19p_system_i/pl_ddr4_0/inst/u_ddr4_controller/inst/u_ddr4_mem_intfc/u_mig_ddr4_phy/inst/generate_block1.u_ddr_xiphy/byte_num[10].xiphy_byte_wrapper.u_xiphy_byte_wrapper/I_CONTROL[0].GEN_I_CONTROL.u_xiphy_control/xiphy_control/TX_DIV4_CLK_Q gqav7_z19p_system_i/pl_ddr4_0/inst/u_ddr4_controller/inst/u_ddr4_mem_intfc/u_mig_ddr4_phy/inst/generate_block1.u_ddr_xiphy/byte_num[10].xiphy_byte_wrapper.u_xiphy_byte_wrapper/I_CONTROL[1].GEN_I_CONTROL.u_xiphy_control/xiphy_control/RX_DIV4_CLK_Q gqav7_z19p_system_i/pl_ddr4_0/inst/u_ddr4_controller/inst/u_ddr4_mem_intfc/u_mig_ddr4_phy/inst/generate_block1.u_ddr_xiphy/byte_num[10].xiphy_byte_wrapper.u_xiphy_byte_wrapper/I_CONTROL[1].GEN_I_CONTROL.u_xiphy_control/xiphy_control/TX_DIV4_CLK_Q gqav7_z19p_system_i/pl_ddr4_0/inst/u_ddr4_controller/inst/u_ddr4_mem_intfc/u_mig_ddr4_phy/inst/generate_block1.u_ddr_xiphy/byte_num[8].xiphy_byte_wrapper.u_xiphy_byte_wrapper/I_CONTROL[0].GEN_I_CONTROL.u_xiphy_control/xiphy_control/RX_DIV4_CLK_Q gqav7_z19p_system_i/pl_ddr4_0/inst/u_ddr4_controller/inst/u_ddr4_mem_intfc/u_mig_ddr4_phy/inst/generate_block1.u_ddr_xiphy/byte_num[8].xiphy_byte_wrapper.u_xiphy_byte_wrapper/I_CONTROL[0].GEN_I_CONTROL.u_xiphy_control/xiphy_control/TX_DIV4_CLK_Q gqav7_z19p_system_i/pl_ddr4_0/inst/u_ddr4_controller/inst/u_ddr4_mem_intfc/u_mig_ddr4_phy/inst/generate_block1.u_ddr_xiphy/byte_num[8].xiphy_byte_wrapper.u_xiphy_byte_wrapper/I_CONTROL[1].GEN_I_CONTROL.u_xiphy_control/xiphy_control/RX_DIV4_CLK_Q gqav7_z19p_system_i/pl_ddr4_0/inst/u_ddr4_controller/inst/u_ddr4_mem_intfc/u_mig_ddr4_phy/inst/generate_block1.u_ddr_xiphy/byte_num[8].xiphy_byte_wrapper.u_xiphy_byte_wrapper/I_CONTROL[1].GEN_I_CONTROL.u_xiphy_control/xiphy_control/TX_DIV4_CLK_Q gqav7_z19p_system_i/pl_ddr4_0/inst/u_ddr4_controller/inst/u_ddr4_mem_intfc/u_mig_ddr4_phy/inst/generate_block1.u_ddr_xiphy/byte_num[9].xiphy_byte_wrapper.u_xiphy_byte_wrapper/I_CONTROL[0].GEN_I_CONTROL.u_xiphy_control/xiphy_control/RX_DIV4_CLK_Q gqav7_z19p_system_i/pl_ddr4_0/inst/u_ddr4_controller/inst/u_ddr4_mem_intfc/u_mig_ddr4_phy/inst/generate_block1.u_ddr_xiphy/byte_num[9].xiphy_byte_wrapper.u_xiphy_byte_wrapper/I_CONTROL[0].GEN_I_CONTROL.u_xiphy_control/xiphy_control/TX_DIV4_CLK_Q gqav7_z19p_system_i/pl_ddr4_0/inst/u_ddr4_controller/inst/u_ddr4_mem_intfc/u_mig_ddr4_phy/inst/generate_block1.u_ddr_xiphy/byte_num[9].xiphy_byte_wrapper.u_xiphy_byte_wrapper/I_CONTROL[1].GEN_I_CONTROL.u_xiphy_control/xiphy_control/RX_DIV4_CLK_Q gqav7_z19p_system_i/pl_ddr4_0/inst/u_ddr4_controller/inst/u_ddr4_mem_intfc/u_mig_ddr4_phy/inst/generate_block1.u_ddr_xiphy/byte_num[9].xiphy_byte_wrapper.u_xiphy_byte_wrapper/I_CONTROL[1].GEN_I_CONTROL.u_xiphy_control/xiphy_control/TX_DIV4_CLK_Q }

Check Type        Corner  Lib Pin                           Reference Pin  Required(ns)  Actual(ns)  Slack(ns)  Location               Pin
Min Period        n/a     RXTX_BITSLICE/TX_BIT_CTRL_IN[26]  n/a            2.667         3.333       0.666      BITSLICE_RX_TX_X0Y390  gqav7_z19p_system_i/pl_ddr4_0/inst/u_ddr4_controller/inst/u_ddr4_mem_intfc/u_mig_ddr4_phy/inst/generate_block1.u_ddr_xiphy/byte_num[10].xiphy_byte_wrapper.u_xiphy_byte_wrapper/I_BITSLICE_LOWER[0].GEN_RXTX_BITSLICE_EN.u_xiphy_bitslice_lower/xiphy_rxtx_bitslice/TX_BIT_CTRL_IN[26]
Low Pulse Width   Slow    RXTX_BITSLICE/TX_BIT_CTRL_IN[26]  n/a            1.200         1.667       0.467      BITSLICE_RX_TX_X0Y390  gqav7_z19p_system_i/pl_ddr4_0/inst/u_ddr4_controller/inst/u_ddr4_mem_intfc/u_mig_ddr4_phy/inst/generate_block1.u_ddr_xiphy/byte_num[10].xiphy_byte_wrapper.u_xiphy_byte_wrapper/I_BITSLICE_LOWER[0].GEN_RXTX_BITSLICE_EN.u_xiphy_bitslice_lower/xiphy_rxtx_bitslice/TX_BIT_CTRL_IN[26]
High Pulse Width  Slow    RXTX_BITSLICE/TX_BIT_CTRL_IN[26]  n/a            1.200         1.667       0.467      BITSLICE_RX_TX_X0Y390  gqav7_z19p_system_i/pl_ddr4_0/inst/u_ddr4_controller/inst/u_ddr4_mem_intfc/u_mig_ddr4_phy/inst/generate_block1.u_ddr_xiphy/byte_num[10].xiphy_byte_wrapper.u_xiphy_byte_wrapper/I_BITSLICE_LOWER[0].GEN_RXTX_BITSLICE_EN.u_xiphy_bitslice_lower/xiphy_rxtx_bitslice/TX_BIT_CTRL_IN[26]



---------------------------------------------------------------------------------------------------
From Clock:  mmcm_clkout5
  To Clock:  mmcm_clkout5

Setup :            0  Failing Endpoints,  Worst Slack       10.680ns,  Total Violation        0.000ns
Hold  :            0  Failing Endpoints,  Worst Slack        0.029ns,  Total Violation        0.000ns
PW    :            0  Failing Endpoints,  Worst Slack        6.135ns,  Total Violation        0.000ns
---------------------------------------------------------------------------------------------------


Max Delay Paths
--------------------------------------------------------------------------------------
Slack (MET) :             10.680ns  (required time - arrival time)
  Source:                 dbg_hub/inst/BSCANID.u_xsdbm_id/CORE_XSDB.UUT_MASTER/U_XSDB_BURST_WD_LEN_CONTROLLER/wdc_eq_zero_reg/C
                            (rising edge-triggered cell FDRE clocked by mmcm_clkout5  {rise@0.000ns fall@6.667ns period=13.333ns})
  Destination:            dbg_hub/inst/BSCANID.u_xsdbm_id/CORE_XSDB.UUT_MASTER/U_XSDB_BUS_CONTROLLER/sl_dwe_r_reg[0]/D
                            (rising edge-triggered cell FDCE clocked by mmcm_clkout5  {rise@0.000ns fall@6.667ns period=13.333ns})
  Path Group:             mmcm_clkout5
  Path Type:              Setup (Max at Slow Process Corner)
  Requirement:            13.333ns  (mmcm_clkout5 rise@13.333ns - mmcm_clkout5 rise@0.000ns)
  Data Path Delay:        2.503ns  (logic 0.624ns (24.926%)  route 1.879ns (75.074%))
  Logic Levels:           5  (LUT5=3 LUT6=2)
  Clock Path Skew:        -0.114ns (DCD - SCD + CPR)
    Destination Clock Delay (DCD):    3.416ns = ( 16.749 - 13.333 ) 
    Source Clock Delay      (SCD):    3.116ns
    Clock Pessimism Removal (CPR):    -0.414ns
  Clock Uncertainty:      0.061ns  ((TSJ^2 + DJ^2)^1/2) / 2 + PE
    Total System Jitter     (TSJ):    0.071ns
    Discrete Jitter          (DJ):    0.100ns
    Phase Error              (PE):    0.000ns
  Clock Net Delay (Source):      0.974ns (routing 0.001ns, distribution 0.973ns)
  Clock Net Delay (Destination): 0.832ns (routing 0.001ns, distribution 0.831ns)

    Location             Delay type                Incr(ns)  Path(ns)    Netlist Resource(s)
  -------------------------------------------------------------------    -------------------
                         (clock mmcm_clkout5 rise edge)
                                                      0.000     0.000 r  
    H21                                               0.000     0.000 r  PL_CLK0_clk_p (IN)
                         net (fo=0)                   0.100     0.100    gqav7_z19p_system_i/pl_clock_buffer/inst/u_ibufds/I
    HPIOBDIFFINBUF_X0Y179
                         DIFFINBUF (Prop_DIFFINBUF_HPIOBDIFFINBUF_DIFF_IN_P_O)
                                                      0.523     0.623 r  gqav7_z19p_system_i/pl_clock_buffer/inst/u_ibufds/DIFFINBUF_INST/O
                         net (fo=1, routed)           0.050     0.673    gqav7_z19p_system_i/pl_clock_buffer/inst/u_ibufds/OUT
    H21                  IBUFCTRL (Prop_IBUFCTRL_HPIOB_M_I_O)
                                                      0.000     0.673 r  gqav7_z19p_system_i/pl_clock_buffer/inst/u_ibufds/IBUFCTRL_INST/O
                         net (fo=1, routed)           0.323     0.996    gqav7_z19p_system_i/pl_clock_buffer/inst/clk_ibuf
    BUFGCE_X0Y168        BUFGCE (Prop_BUFCE_BUFGCE_I_O)
                                                      0.028     1.024 r  gqav7_z19p_system_i/pl_clock_buffer/inst/clk_ibuf_BUFGCE_inst/O
                         net (fo=20, routed)          0.981     2.005    gqav7_z19p_system_i/pl_ddr4_0/inst/u_ddr4_controller/inst/u_ddr4_infrastructure/mmcm_clk_in
    MMCM_X0Y6            MMCME4_ADV (Prop_MMCM_CLKIN1_CLKOUT5)
                                                     -0.127     1.878 r  gqav7_z19p_system_i/pl_ddr4_0/inst/u_ddr4_controller/inst/u_ddr4_infrastructure/gen_mmcme4.u_mmcme_adv_inst/CLKOUT5
                         net (fo=1, routed)           0.236     2.114    gqav7_z19p_system_i/pl_ddr4_0/inst/u_ddr4_controller/inst/u_ddr4_infrastructure/mmcm_clkout5
    BUFGCE_X0Y161        BUFGCE (Prop_BUFCE_BUFGCE_I_O)
                                                      0.028     2.142 r  gqav7_z19p_system_i/pl_ddr4_0/inst/u_ddr4_controller/inst/u_ddr4_infrastructure/u_bufg_dbg_clk/O
    X2Y6 (CLOCK_ROOT)    net (fo=568, routed)         0.974     3.116    dbg_hub/inst/BSCANID.u_xsdbm_id/CORE_XSDB.UUT_MASTER/U_XSDB_BURST_WD_LEN_CONTROLLER/clk
    SLICE_X101Y405       FDRE                                         r  dbg_hub/inst/BSCANID.u_xsdbm_id/CORE_XSDB.UUT_MASTER/U_XSDB_BURST_WD_LEN_CONTROLLER/wdc_eq_zero_reg/C
  -------------------------------------------------------------------    -------------------
    SLICE_X101Y405       FDRE (Prop_DFF2_SLICEL_C_Q)
                                                      0.081     3.197 f  dbg_hub/inst/BSCANID.u_xsdbm_id/CORE_XSDB.UUT_MASTER/U_XSDB_BURST_WD_LEN_CONTROLLER/wdc_eq_zero_reg/Q
                         net (fo=6, routed)           0.873     4.071    dbg_hub/inst/BSCANID.u_xsdbm_id/CORE_XSDB.UUT_MASTER/U_XSDB_BUS_CONTROLLER/U_RD_ABORT_FLAG/wdc_eq_zero
    SLICE_X94Y402        LUT5 (Prop_C6LUT_SLICEL_I2_O)
                                                      0.096     4.167 r  dbg_hub/inst/BSCANID.u_xsdbm_id/CORE_XSDB.UUT_MASTER/U_XSDB_BUS_CONTROLLER/U_RD_ABORT_FLAG/FSM_onehot_current_state[17]_i_1/O
                         net (fo=2, routed)           0.138     4.305    dbg_hub/inst/BSCANID.u_xsdbm_id/CORE_XSDB.UUT_MASTER/U_XSDB_BUS_CONTROLLER/U_TIMER/in_normal_mode_reg_2[0]
    SLICE_X95Y402        LUT5 (Prop_H5LUT_SLICEL_I4_O)
                                                      0.065     4.370 r  dbg_hub/inst/BSCANID.u_xsdbm_id/CORE_XSDB.UUT_MASTER/U_XSDB_BUS_CONTROLLER/U_TIMER/in_normal_mode_i_2/O
                         net (fo=1, routed)           0.259     4.629    dbg_hub/inst/BSCANID.u_xsdbm_id/CORE_XSDB.UUT_MASTER/U_XSDB_BUS_CONTROLLER/U_TIMER/in_normal_mode_i_2_n_0
    SLICE_X95Y402        LUT6 (Prop_B6LUT_SLICEL_I0_O)
                                                      0.124     4.753 r  dbg_hub/inst/BSCANID.u_xsdbm_id/CORE_XSDB.UUT_MASTER/U_XSDB_BUS_CONTROLLER/U_TIMER/in_normal_mode_i_1/O
                         net (fo=24, routed)          0.376     5.129    dbg_hub/inst/BSCANID.u_xsdbm_id/CORE_XSDB.UUT_MASTER/U_XSDB_BUS_CONTROLLER/U_TIMER/FSM_onehot_current_state_reg[11]
    SLICE_X96Y401        LUT5 (Prop_D5LUT_SLICEL_I3_O)
                                                      0.110     5.239 r  dbg_hub/inst/BSCANID.u_xsdbm_id/CORE_XSDB.UUT_MASTER/U_XSDB_BUS_CONTROLLER/U_TIMER/g0_b0__9/O
                         net (fo=1, routed)           0.178     5.417    dbg_hub/inst/BSCANID.u_xsdbm_id/CORE_XSDB.UUT_MASTER/U_XSDB_BUS_CONTROLLER/U_TIMER/g0_b0__9_n_0
    SLICE_X97Y401        LUT6 (Prop_E6LUT_SLICEM_I4_O)
                                                      0.148     5.565 r  dbg_hub/inst/BSCANID.u_xsdbm_id/CORE_XSDB.UUT_MASTER/U_XSDB_BUS_CONTROLLER/U_TIMER/sl_dwe_r[0]_i_1/O
                         net (fo=1, routed)           0.055     5.620    dbg_hub/inst/BSCANID.u_xsdbm_id/CORE_XSDB.UUT_MASTER/U_XSDB_BUS_CONTROLLER/U_TIMER_n_13
    SLICE_X97Y401        FDCE                                         r  dbg_hub/inst/BSCANID.u_xsdbm_id/CORE_XSDB.UUT_MASTER/U_XSDB_BUS_CONTROLLER/sl_dwe_r_reg[0]/D
  -------------------------------------------------------------------    -------------------

                         (clock mmcm_clkout5 rise edge)
                                                     13.333    13.333 r  
    H21                                               0.000    13.333 r  PL_CLK0_clk_p (IN)
                         net (fo=0)                   0.079    13.412    gqav7_z19p_system_i/pl_clock_buffer/inst/u_ibufds/I
    HPIOBDIFFINBUF_X0Y179
                         DIFFINBUF (Prop_DIFFINBUF_HPIOBDIFFINBUF_DIFF_IN_P_O)
                                                      0.427    13.839 r  gqav7_z19p_system_i/pl_clock_buffer/inst/u_ibufds/DIFFINBUF_INST/O
                         net (fo=1, routed)           0.040    13.879    gqav7_z19p_system_i/pl_clock_buffer/inst/u_ibufds/OUT
    H21                  IBUFCTRL (Prop_IBUFCTRL_HPIOB_M_I_O)
                                                      0.000    13.879 r  gqav7_z19p_system_i/pl_clock_buffer/inst/u_ibufds/IBUFCTRL_INST/O
                         net (fo=1, routed)           0.286    14.165    gqav7_z19p_system_i/pl_clock_buffer/inst/clk_ibuf
    BUFGCE_X0Y168        BUFGCE (Prop_BUFCE_BUFGCE_I_O)
                                                      0.024    14.189 r  gqav7_z19p_system_i/pl_clock_buffer/inst/clk_ibuf_BUFGCE_inst/O
                         net (fo=20, routed)          0.866    15.055    gqav7_z19p_system_i/pl_ddr4_0/inst/u_ddr4_controller/inst/u_ddr4_infrastructure/mmcm_clk_in
    MMCM_X0Y6            MMCME4_ADV (Prop_MMCM_CLKIN1_CLKOUT5)
                                                      0.630    15.685 r  gqav7_z19p_system_i/pl_ddr4_0/inst/u_ddr4_controller/inst/u_ddr4_infrastructure/gen_mmcme4.u_mmcme_adv_inst/CLKOUT5
                         net (fo=1, routed)           0.208    15.893    gqav7_z19p_system_i/pl_ddr4_0/inst/u_ddr4_controller/inst/u_ddr4_infrastructure/mmcm_clkout5
    BUFGCE_X0Y161        BUFGCE (Prop_BUFCE_BUFGCE_I_O)
                                                      0.024    15.917 r  gqav7_z19p_system_i/pl_ddr4_0/inst/u_ddr4_controller/inst/u_ddr4_infrastructure/u_bufg_dbg_clk/O
    X2Y6 (CLOCK_ROOT)    net (fo=568, routed)         0.832    16.749    dbg_hub/inst/BSCANID.u_xsdbm_id/CORE_XSDB.UUT_MASTER/U_XSDB_BUS_CONTROLLER/clk
    SLICE_X97Y401        FDCE                                         r  dbg_hub/inst/BSCANID.u_xsdbm_id/CORE_XSDB.UUT_MASTER/U_XSDB_BUS_CONTROLLER/sl_dwe_r_reg[0]/C
                         clock pessimism             -0.414    16.335    
                         clock uncertainty           -0.061    16.274    
    SLICE_X97Y401        FDCE (Setup_EFF_SLICEM_C_D)
                                                      0.025    16.299    dbg_hub/inst/BSCANID.u_xsdbm_id/CORE_XSDB.UUT_MASTER/U_XSDB_BUS_CONTROLLER/sl_dwe_r_reg[0]
  -------------------------------------------------------------------
                         required time                         16.299    
                         arrival time                          -5.620    
  -------------------------------------------------------------------
                         slack                                 10.680    





Min Delay Paths
--------------------------------------------------------------------------------------
Slack (MET) :             0.029ns  (arrival time - required time)
  Source:                 gqav7_z19p_system_i/pl_ddr4_0/inst/u_ddr4_controller/inst/u_ddr4_mem_intfc/u_ddr_cal_top/u_ddr_cal/U_XSDB_SLAVE/uuid_stamp_reg[24]/C
                            (rising edge-triggered cell FDRE clocked by mmcm_clkout5  {rise@0.000ns fall@6.667ns period=13.333ns})
  Destination:            gqav7_z19p_system_i/pl_ddr4_0/inst/u_ddr4_controller/inst/u_ddr4_mem_intfc/u_ddr_cal_top/u_ddr_cal/U_XSDB_SLAVE/uuid_stamp_reg[24]/D
                            (rising edge-triggered cell FDRE clocked by mmcm_clkout5  {rise@0.000ns fall@6.667ns period=13.333ns})
  Path Group:             mmcm_clkout5
  Path Type:              Hold (Min at Fast Process Corner)
  Requirement:            0.000ns  (mmcm_clkout5 rise@0.000ns - mmcm_clkout5 rise@0.000ns)
  Data Path Delay:        0.081ns  (logic 0.039ns (48.148%)  route 0.042ns (51.852%))
  Logic Levels:           0  
  Clock Path Skew:        0.006ns (DCD - SCD - CPR)
    Destination Clock Delay (DCD):    1.745ns
    Source Clock Delay      (SCD):    1.947ns
    Clock Pessimism Removal (CPR):    -0.208ns
  Clock Net Delay (Source):      0.452ns (routing 0.000ns, distribution 0.452ns)
  Clock Net Delay (Destination): 0.514ns (routing 0.001ns, distribution 0.513ns)

    Location             Delay type                Incr(ns)  Path(ns)    Netlist Resource(s)
  -------------------------------------------------------------------    -------------------
                         (clock mmcm_clkout5 rise edge)
                                                      0.000     0.000 r  
    H21                                               0.000     0.000 r  PL_CLK0_clk_p (IN)
                         net (fo=0)                   0.079     0.079    gqav7_z19p_system_i/pl_clock_buffer/inst/u_ibufds/I
    HPIOBDIFFINBUF_X0Y179
                         DIFFINBUF (Prop_DIFFINBUF_HPIOBDIFFINBUF_DIFF_IN_P_O)
                                                      0.282     0.361 r  gqav7_z19p_system_i/pl_clock_buffer/inst/u_ibufds/DIFFINBUF_INST/O
                         net (fo=1, routed)           0.040     0.401    gqav7_z19p_system_i/pl_clock_buffer/inst/u_ibufds/OUT
    H21                  IBUFCTRL (Prop_IBUFCTRL_HPIOB_M_I_O)
                                                      0.000     0.401 r  gqav7_z19p_system_i/pl_clock_buffer/inst/u_ibufds/IBUFCTRL_INST/O
                         net (fo=1, routed)           0.144     0.545    gqav7_z19p_system_i/pl_clock_buffer/inst/clk_ibuf
    BUFGCE_X0Y168        BUFGCE (Prop_BUFCE_BUFGCE_I_O)
                                                      0.017     0.562 r  gqav7_z19p_system_i/pl_clock_buffer/inst/clk_ibuf_BUFGCE_inst/O
                         net (fo=20, routed)          0.546     1.108    gqav7_z19p_system_i/pl_ddr4_0/inst/u_ddr4_controller/inst/u_ddr4_infrastructure/mmcm_clk_in
    MMCM_X0Y6            MMCME4_ADV (Prop_MMCM_CLKIN1_CLKOUT5)
                                                      0.230     1.338 r  gqav7_z19p_system_i/pl_ddr4_0/inst/u_ddr4_controller/inst/u_ddr4_infrastructure/gen_mmcme4.u_mmcme_adv_inst/CLKOUT5
                         net (fo=1, routed)           0.140     1.478    gqav7_z19p_system_i/pl_ddr4_0/inst/u_ddr4_controller/inst/u_ddr4_infrastructure/mmcm_clkout5
    BUFGCE_X0Y161        BUFGCE (Prop_BUFCE_BUFGCE_I_O)
                                                      0.017     1.495 r  gqav7_z19p_system_i/pl_ddr4_0/inst/u_ddr4_controller/inst/u_ddr4_infrastructure/u_bufg_dbg_clk/O
    X2Y6 (CLOCK_ROOT)    net (fo=568, routed)         0.452     1.947    gqav7_z19p_system_i/pl_ddr4_0/inst/u_ddr4_controller/inst/u_ddr4_mem_intfc/u_ddr_cal_top/u_ddr_cal/U_XSDB_SLAVE/sl_iport_i[1]
    SLICE_X76Y394        FDRE                                         r  gqav7_z19p_system_i/pl_ddr4_0/inst/u_ddr4_controller/inst/u_ddr4_mem_intfc/u_ddr_cal_top/u_ddr_cal/U_XSDB_SLAVE/uuid_stamp_reg[24]/C
  -------------------------------------------------------------------    -------------------
    SLICE_X76Y394        FDRE (Prop_HFF_SLICEM_C_Q)
                                                      0.039     1.986 r  gqav7_z19p_system_i/pl_ddr4_0/inst/u_ddr4_controller/inst/u_ddr4_mem_intfc/u_ddr_cal_top/u_ddr_cal/U_XSDB_SLAVE/uuid_stamp_reg[24]/Q
                         net (fo=2, routed)           0.042     2.028    gqav7_z19p_system_i/pl_ddr4_0/inst/u_ddr4_controller/inst/u_ddr4_mem_intfc/u_ddr_cal_top/u_ddr_cal/U_XSDB_SLAVE/uuid_stamp[24]
    SLICE_X76Y394        FDRE                                         r  gqav7_z19p_system_i/pl_ddr4_0/inst/u_ddr4_controller/inst/u_ddr4_mem_intfc/u_ddr_cal_top/u_ddr_cal/U_XSDB_SLAVE/uuid_stamp_reg[24]/D
  -------------------------------------------------------------------    -------------------

                         (clock mmcm_clkout5 rise edge)
                                                      0.000     0.000 r  
    H21                                               0.000     0.000 r  PL_CLK0_clk_p (IN)
                         net (fo=0)                   0.100     0.100    gqav7_z19p_system_i/pl_clock_buffer/inst/u_ibufds/I
    HPIOBDIFFINBUF_X0Y179
                         DIFFINBUF (Prop_DIFFINBUF_HPIOBDIFFINBUF_DIFF_IN_P_O)
                                                      0.380     0.480 r  gqav7_z19p_system_i/pl_clock_buffer/inst/u_ibufds/DIFFINBUF_INST/O
                         net (fo=1, routed)           0.050     0.530    gqav7_z19p_system_i/pl_clock_buffer/inst/u_ibufds/OUT
    H21                  IBUFCTRL (Prop_IBUFCTRL_HPIOB_M_I_O)
                                                      0.000     0.530 r  gqav7_z19p_system_i/pl_clock_buffer/inst/u_ibufds/IBUFCTRL_INST/O
                         net (fo=1, routed)           0.181     0.711    gqav7_z19p_system_i/pl_clock_buffer/inst/clk_ibuf
    BUFGCE_X0Y168        BUFGCE (Prop_BUFCE_BUFGCE_I_O)
                                                      0.019     0.730 r  gqav7_z19p_system_i/pl_clock_buffer/inst/clk_ibuf_BUFGCE_inst/O
                         net (fo=20, routed)          0.616     1.346    gqav7_z19p_system_i/pl_ddr4_0/inst/u_ddr4_controller/inst/u_ddr4_infrastructure/mmcm_clk_in
    MMCM_X0Y6            MMCME4_ADV (Prop_MMCM_CLKIN1_CLKOUT5)
                                                     -0.295     1.051 r  gqav7_z19p_system_i/pl_ddr4_0/inst/u_ddr4_controller/inst/u_ddr4_infrastructure/gen_mmcme4.u_mmcme_adv_inst/CLKOUT5
                         net (fo=1, routed)           0.160     1.211    gqav7_z19p_system_i/pl_ddr4_0/inst/u_ddr4_controller/inst/u_ddr4_infrastructure/mmcm_clkout5
    BUFGCE_X0Y161        BUFGCE (Prop_BUFCE_BUFGCE_I_O)
                                                      0.019     1.230 r  gqav7_z19p_system_i/pl_ddr4_0/inst/u_ddr4_controller/inst/u_ddr4_infrastructure/u_bufg_dbg_clk/O
    X2Y6 (CLOCK_ROOT)    net (fo=568, routed)         0.514     1.745    gqav7_z19p_system_i/pl_ddr4_0/inst/u_ddr4_controller/inst/u_ddr4_mem_intfc/u_ddr_cal_top/u_ddr_cal/U_XSDB_SLAVE/sl_iport_i[1]
    SLICE_X76Y394        FDRE                                         r  gqav7_z19p_system_i/pl_ddr4_0/inst/u_ddr4_controller/inst/u_ddr4_mem_intfc/u_ddr_cal_top/u_ddr_cal/U_XSDB_SLAVE/uuid_stamp_reg[24]/C
                         clock pessimism              0.208     1.953    
    SLICE_X76Y394        FDRE (Hold_HFF_SLICEM_C_D)
                                                      0.046     1.999    gqav7_z19p_system_i/pl_ddr4_0/inst/u_ddr4_controller/inst/u_ddr4_mem_intfc/u_ddr_cal_top/u_ddr_cal/U_XSDB_SLAVE/uuid_stamp_reg[24]
  -------------------------------------------------------------------
                         required time                         -1.999    
                         arrival time                           2.028    
  -------------------------------------------------------------------
                         slack                                  0.029    





Pulse Width Checks
--------------------------------------------------------------------------------------
Clock Name:         mmcm_clkout5
Waveform(ns):       { 0.000 6.667 }
Period(ns):         13.333
Sources:            { gqav7_z19p_system_i/pl_ddr4_0/inst/u_ddr4_controller/inst/u_ddr4_infrastructure/gen_mmcme4.u_mmcme_adv_inst/CLKOUT5 }

Check Type        Corner  Lib Pin     Reference Pin  Required(ns)  Actual(ns)  Slack(ns)  Location       Pin
Min Period        n/a     BUFGCE/I    n/a            1.290         13.333      12.043     BUFGCE_X0Y161  gqav7_z19p_system_i/pl_ddr4_0/inst/u_ddr4_controller/inst/u_ddr4_infrastructure/u_bufg_dbg_clk/I
Low Pulse Width   Slow    RAMD32/CLK  n/a            0.532         6.667       6.135      SLICE_X89Y396  dbg_hub/inst/BSCANID.u_xsdbm_id/CORE_XSDB.UUT_MASTER/U_ICON_INTERFACE/U_CMD6_RD/U_RD_FIFO/SUBCORE_FIFO.xsdbm_v3_0_5_rdfifo_inst/inst_fifo_gen/gconvfifo.rf/grf.rf/gntv_or_sync_fifo.mem/gdm.dm_gen.dm/RAM_reg_0_15_0_13/RAMA/CLK
High Pulse Width  Slow    RAMD32/CLK  n/a            0.532         6.667       6.135      SLICE_X89Y396  dbg_hub/inst/BSCANID.u_xsdbm_id/CORE_XSDB.UUT_MASTER/U_ICON_INTERFACE/U_CMD6_RD/U_RD_FIFO/SUBCORE_FIFO.xsdbm_v3_0_5_rdfifo_inst/inst_fifo_gen/gconvfifo.rf/grf.rf/gntv_or_sync_fifo.mem/gdm.dm_gen.dm/RAM_reg_0_15_0_13/RAMA/CLK



---------------------------------------------------------------------------------------------------
From Clock:  mmcm_clkout6
  To Clock:  mmcm_clkout6

Setup :            0  Failing Endpoints,  Worst Slack        1.722ns,  Total Violation        0.000ns
Hold  :            0  Failing Endpoints,  Worst Slack        0.017ns,  Total Violation        0.000ns
PW    :            0  Failing Endpoints,  Worst Slack        1.085ns,  Total Violation        0.000ns
---------------------------------------------------------------------------------------------------


Max Delay Paths
--------------------------------------------------------------------------------------
Slack (MET) :             1.722ns  (required time - arrival time)
  Source:                 gqav7_z19p_system_wrapper/gqav7_z19p_system/gqav7_z19p_system_pl_ddr4_0_0/gqav7_z19p_system_pl_ddr4_0_0_gqav5_pl_ddr4_axi_wrapper/ddr4_controller/ddr4_controller_ddr4/ddr4_controller_ddr4_mem_intfc/ddr4_controller_ddr4_cal_riu/ddr4_controller_microblaze_mcs/ddr4_controller_bd_a471/ddr4_controller_bd_a471_microblaze_I_0/<hidden>/<hidden>/<hidden>/<hidden>/<hidden>
                            (rising edge-triggered cell FDRE clocked by mmcm_clkout6  {rise@0.000ns fall@3.333ns period=6.667ns})
  Destination:            gqav7_z19p_system_i/pl_ddr4_0/inst/u_ddr4_controller/inst/u_ddr4_mem_intfc/u_ddr_cal_riu/mcs0/inst/lmb_bram_I/U0/inst_blk_mem_gen/gnbram.gnative_mem_map_bmg.native_mem_map_blk_mem_gen/valid.cstr/ramloop[3].ram.r/prim_noinit.ram/DEVICE_8SERIES.WITH_BMM_INFO.TRUE_DP.SIMPLE_PRIM36.SERIES8_TDP_SP36_NO_ECC_ATTR.ram/ADDRBWRADDR[7]
                            (rising edge-triggered cell RAMB36E2 clocked by mmcm_clkout6  {rise@0.000ns fall@3.333ns period=6.667ns})
  Path Group:             mmcm_clkout6
  Path Type:              Setup (Max at Slow Process Corner)
  Requirement:            6.667ns  (mmcm_clkout6 rise@6.667ns - mmcm_clkout6 rise@0.000ns)
  Data Path Delay:        4.520ns  (logic 0.619ns (13.695%)  route 3.901ns (86.305%))
  Logic Levels:           4  (CARRY8=2 LUT3=1 LUT6=1)
  Clock Path Skew:        -0.083ns (DCD - SCD + CPR)
    Destination Clock Delay (DCD):    4.377ns = ( 11.043 - 6.667 ) 
    Source Clock Delay      (SCD):    4.098ns
    Clock Pessimism Removal (CPR):    -0.362ns
  Clock Uncertainty:      0.056ns  ((TSJ^2 + DJ^2)^1/2) / 2 + PE
    Total System Jitter     (TSJ):    0.071ns
    Discrete Jitter          (DJ):    0.088ns
    Phase Error              (PE):    0.000ns
  Clock Net Delay (Source):      1.931ns (routing 0.704ns, distribution 1.227ns)
  Clock Net Delay (Destination): 1.775ns (routing 0.639ns, distribution 1.136ns)

    Location             Delay type                Incr(ns)  Path(ns)    Netlist Resource(s)
  -------------------------------------------------------------------    -------------------
                         (clock mmcm_clkout6 rise edge)
                                                      0.000     0.000 r  
    H21                                               0.000     0.000 r  PL_CLK0_clk_p (IN)
                         net (fo=0)                   0.100     0.100    gqav7_z19p_system_i/pl_clock_buffer/inst/u_ibufds/I
    HPIOBDIFFINBUF_X0Y179
                         DIFFINBUF (Prop_DIFFINBUF_HPIOBDIFFINBUF_DIFF_IN_P_O)
                                                      0.523     0.623 r  gqav7_z19p_system_i/pl_clock_buffer/inst/u_ibufds/DIFFINBUF_INST/O
                         net (fo=1, routed)           0.050     0.673    gqav7_z19p_system_i/pl_clock_buffer/inst/u_ibufds/OUT
    H21                  IBUFCTRL (Prop_IBUFCTRL_HPIOB_M_I_O)
                                                      0.000     0.673 r  gqav7_z19p_system_i/pl_clock_buffer/inst/u_ibufds/IBUFCTRL_INST/O
                         net (fo=1, routed)           0.323     0.996    gqav7_z19p_system_i/pl_clock_buffer/inst/clk_ibuf
    BUFGCE_X0Y168        BUFGCE (Prop_BUFCE_BUFGCE_I_O)
                                                      0.028     1.024 r  gqav7_z19p_system_i/pl_clock_buffer/inst/clk_ibuf_BUFGCE_inst/O
                         net (fo=20, routed)          0.981     2.005    gqav7_z19p_system_i/pl_ddr4_0/inst/u_ddr4_controller/inst/u_ddr4_infrastructure/mmcm_clk_in
    MMCM_X0Y6            MMCME4_ADV (Prop_MMCM_CLKIN1_CLKOUT6)
                                                     -0.127     1.878 r  gqav7_z19p_system_i/pl_ddr4_0/inst/u_ddr4_controller/inst/u_ddr4_infrastructure/gen_mmcme4.u_mmcme_adv_inst/CLKOUT6
                         net (fo=1, routed)           0.261     2.139    gqav7_z19p_system_i/pl_ddr4_0/inst/u_ddr4_controller/inst/u_ddr4_infrastructure/mmcm_clkout6
    BUFGCE_X0Y146        BUFGCE (Prop_BUFCE_BUFGCE_I_O)
                                                      0.028     2.167 r  gqav7_z19p_system_i/pl_ddr4_0/inst/u_ddr4_controller/inst/u_ddr4_infrastructure/u_bufg_riuClk/O
    X2Y5 (CLOCK_ROOT)    net (fo=1744, routed)        1.931     4.098    gqav7_z19p_system_wrapper/gqav7_z19p_system/gqav7_z19p_system_pl_ddr4_0_0/gqav7_z19p_system_pl_ddr4_0_0_gqav5_pl_ddr4_axi_wrapper/ddr4_controller/ddr4_controller_ddr4/ddr4_controller_ddr4_mem_intfc/ddr4_controller_ddr4_cal_riu/ddr4_controller_microblaze_mcs/ddr4_controller_bd_a471/ddr4_controller_bd_a471_microblaze_I_0/<hidden>/<hidden>/<hidden>/<hidden>/<hidden>
    SLICE_X60Y395        FDRE                                         r  gqav7_z19p_system_wrapper/gqav7_z19p_system/gqav7_z19p_system_pl_ddr4_0_0/gqav7_z19p_system_pl_ddr4_0_0_gqav5_pl_ddr4_axi_wrapper/ddr4_controller/ddr4_controller_ddr4/ddr4_controller_ddr4_mem_intfc/ddr4_controller_ddr4_cal_riu/ddr4_controller_microblaze_mcs/ddr4_controller_bd_a471/ddr4_controller_bd_a471_microblaze_I_0/<hidden>/<hidden>/<hidden>/<hidden>/<hidden>
  -------------------------------------------------------------------    -------------------
    SLICE_X60Y395        FDRE (Prop_BFF_SLICEL_C_Q)
                                                      0.079     4.177 r  gqav7_z19p_system_wrapper/gqav7_z19p_system/gqav7_z19p_system_pl_ddr4_0_0/gqav7_z19p_system_pl_ddr4_0_0_gqav5_pl_ddr4_axi_wrapper/ddr4_controller/ddr4_controller_ddr4/ddr4_controller_ddr4_mem_intfc/ddr4_controller_ddr4_cal_riu/ddr4_controller_microblaze_mcs/ddr4_controller_bd_a471/ddr4_controller_bd_a471_microblaze_I_0/<hidden>/<hidden>/<hidden>/<hidden>/<hidden>
                         net (fo=50, routed)          0.964     5.142    gqav7_z19p_system_wrapper/gqav7_z19p_system/gqav7_z19p_system_pl_ddr4_0_0/gqav7_z19p_system_pl_ddr4_0_0_gqav5_pl_ddr4_axi_wrapper/ddr4_controller/ddr4_controller_ddr4/ddr4_controller_ddr4_mem_intfc/ddr4_controller_ddr4_cal_riu/ddr4_controller_microblaze_mcs/ddr4_controller_bd_a471/ddr4_controller_bd_a471_microblaze_I_0/<hidden>/<hidden>/<hidden>/<hidden>/<hidden>/<hidden>/<hidden>/<hidden>
    SLICE_X64Y391        LUT6 (Prop_B6LUT_SLICEL_I0_O)
                                                      0.148     5.290 r  gqav7_z19p_system_wrapper/gqav7_z19p_system/gqav7_z19p_system_pl_ddr4_0_0/gqav7_z19p_system_pl_ddr4_0_0_gqav5_pl_ddr4_axi_wrapper/ddr4_controller/ddr4_controller_ddr4/ddr4_controller_ddr4_mem_intfc/ddr4_controller_ddr4_cal_riu/ddr4_controller_microblaze_mcs/ddr4_controller_bd_a471/ddr4_controller_bd_a471_microblaze_I_0/<hidden>/<hidden>/<hidden>/<hidden>/<hidden>/<hidden>/<hidden>/<hidden>
                         net (fo=1, routed)           0.009     5.299    gqav7_z19p_system_wrapper/gqav7_z19p_system/gqav7_z19p_system_pl_ddr4_0_0/gqav7_z19p_system_pl_ddr4_0_0_gqav5_pl_ddr4_axi_wrapper/ddr4_controller/ddr4_controller_ddr4/ddr4_controller_ddr4_mem_intfc/ddr4_controller_ddr4_cal_riu/ddr4_controller_microblaze_mcs/ddr4_controller_bd_a471/ddr4_controller_bd_a471_microblaze_I_0/<hidden>/<hidden>/<hidden>/<hidden>/<hidden>/<hidden>
    SLICE_X64Y391        CARRY8 (Prop_CARRY8_SLICEL_S[1]_CO[7])
                                                      0.186     5.485 r  gqav7_z19p_system_wrapper/gqav7_z19p_system/gqav7_z19p_system_pl_ddr4_0_0/gqav7_z19p_system_pl_ddr4_0_0_gqav5_pl_ddr4_axi_wrapper/ddr4_controller/ddr4_controller_ddr4/ddr4_controller_ddr4_mem_intfc/ddr4_controller_ddr4_cal_riu/ddr4_controller_microblaze_mcs/ddr4_controller_bd_a471/ddr4_controller_bd_a471_microblaze_I_0/<hidden>/<hidden>/<hidden>/<hidden>/<hidden>/<hidden>
                         net (fo=1, routed)           0.026     5.511    gqav7_z19p_system_wrapper/gqav7_z19p_system/gqav7_z19p_system_pl_ddr4_0_0/gqav7_z19p_system_pl_ddr4_0_0_gqav5_pl_ddr4_axi_wrapper/ddr4_controller/ddr4_controller_ddr4/ddr4_controller_ddr4_mem_intfc/ddr4_controller_ddr4_cal_riu/ddr4_controller_microblaze_mcs/ddr4_controller_bd_a471/ddr4_controller_bd_a471_microblaze_I_0/<hidden>/<hidden>/<hidden>/<hidden>/<hidden>/<hidden>/<hidden>
    SLICE_X64Y392        CARRY8 (Prop_CARRY8_SLICEL_CI_O[1])
                                                      0.083     5.594 r  gqav7_z19p_system_wrapper/gqav7_z19p_system/gqav7_z19p_system_pl_ddr4_0_0/gqav7_z19p_system_pl_ddr4_0_0_gqav5_pl_ddr4_axi_wrapper/ddr4_controller/ddr4_controller_ddr4/ddr4_controller_ddr4_mem_intfc/ddr4_controller_ddr4_cal_riu/ddr4_controller_microblaze_mcs/ddr4_controller_bd_a471/ddr4_controller_bd_a471_microblaze_I_0/<hidden>/<hidden>/<hidden>/<hidden>/<hidden>/<hidden>/<hidden>
                         net (fo=27, routed)          0.584     6.178    gqav7_z19p_system_wrapper/gqav7_z19p_system/gqav7_z19p_system_pl_ddr4_0_0/gqav7_z19p_system_pl_ddr4_0_0_gqav5_pl_ddr4_axi_wrapper/ddr4_controller/ddr4_controller_ddr4/ddr4_controller_ddr4_mem_intfc/ddr4_controller_ddr4_cal_riu/ddr4_controller_microblaze_mcs/ddr4_controller_bd_a471/ddr4_controller_bd_a471_microblaze_I_0/<hidden>/<hidden>/<hidden>/<hidden>/<hidden>/<hidden>
    SLICE_X68Y392        LUT3 (Prop_C6LUT_SLICEL_I0_O)
                                                      0.123     6.301 r  gqav7_z19p_system_wrapper/gqav7_z19p_system/gqav7_z19p_system_pl_ddr4_0_0/gqav7_z19p_system_pl_ddr4_0_0_gqav5_pl_ddr4_axi_wrapper/ddr4_controller/ddr4_controller_ddr4/ddr4_controller_ddr4_mem_intfc/ddr4_controller_ddr4_cal_riu/ddr4_controller_microblaze_mcs/ddr4_controller_bd_a471/ddr4_controller_bd_a471_microblaze_I_0/<hidden>/<hidden>/<hidden>/<hidden>/<hidden>/<hidden>
                         net (fo=25, routed)          2.317     8.618    gqav7_z19p_system_i/pl_ddr4_0/inst/u_ddr4_controller/inst/u_ddr4_mem_intfc/u_ddr_cal_riu/mcs0/inst/lmb_bram_I/U0/inst_blk_mem_gen/gnbram.gnative_mem_map_bmg.native_mem_map_blk_mem_gen/valid.cstr/ramloop[3].ram.r/prim_noinit.ram/addrb[6]
    RAMB36_X4Y84         RAMB36E2                                     r  gqav7_z19p_system_i/pl_ddr4_0/inst/u_ddr4_controller/inst/u_ddr4_mem_intfc/u_ddr_cal_riu/mcs0/inst/lmb_bram_I/U0/inst_blk_mem_gen/gnbram.gnative_mem_map_bmg.native_mem_map_blk_mem_gen/valid.cstr/ramloop[3].ram.r/prim_noinit.ram/DEVICE_8SERIES.WITH_BMM_INFO.TRUE_DP.SIMPLE_PRIM36.SERIES8_TDP_SP36_NO_ECC_ATTR.ram/ADDRBWRADDR[7]
  -------------------------------------------------------------------    -------------------

                         (clock mmcm_clkout6 rise edge)
                                                      6.667     6.667 r  
    H21                                               0.000     6.667 r  PL_CLK0_clk_p (IN)
                         net (fo=0)                   0.079     6.746    gqav7_z19p_system_i/pl_clock_buffer/inst/u_ibufds/I
    HPIOBDIFFINBUF_X0Y179
                         DIFFINBUF (Prop_DIFFINBUF_HPIOBDIFFINBUF_DIFF_IN_P_O)
                                                      0.427     7.173 r  gqav7_z19p_system_i/pl_clock_buffer/inst/u_ibufds/DIFFINBUF_INST/O
                         net (fo=1, routed)           0.040     7.213    gqav7_z19p_system_i/pl_clock_buffer/inst/u_ibufds/OUT
    H21                  IBUFCTRL (Prop_IBUFCTRL_HPIOB_M_I_O)
                                                      0.000     7.213 r  gqav7_z19p_system_i/pl_clock_buffer/inst/u_ibufds/IBUFCTRL_INST/O
                         net (fo=1, routed)           0.286     7.499    gqav7_z19p_system_i/pl_clock_buffer/inst/clk_ibuf
    BUFGCE_X0Y168        BUFGCE (Prop_BUFCE_BUFGCE_I_O)
                                                      0.024     7.523 r  gqav7_z19p_system_i/pl_clock_buffer/inst/clk_ibuf_BUFGCE_inst/O
                         net (fo=20, routed)          0.866     8.389    gqav7_z19p_system_i/pl_ddr4_0/inst/u_ddr4_controller/inst/u_ddr4_infrastructure/mmcm_clk_in
    MMCM_X0Y6            MMCME4_ADV (Prop_MMCM_CLKIN1_CLKOUT6)
                                                      0.630     9.019 r  gqav7_z19p_system_i/pl_ddr4_0/inst/u_ddr4_controller/inst/u_ddr4_infrastructure/gen_mmcme4.u_mmcme_adv_inst/CLKOUT6
                         net (fo=1, routed)           0.226     9.245    gqav7_z19p_system_i/pl_ddr4_0/inst/u_ddr4_controller/inst/u_ddr4_infrastructure/mmcm_clkout6
    BUFGCE_X0Y146        BUFGCE (Prop_BUFCE_BUFGCE_I_O)
                                                      0.024     9.269 r  gqav7_z19p_system_i/pl_ddr4_0/inst/u_ddr4_controller/inst/u_ddr4_infrastructure/u_bufg_riuClk/O
    X2Y5 (CLOCK_ROOT)    net (fo=1744, routed)        1.775    11.043    gqav7_z19p_system_i/pl_ddr4_0/inst/u_ddr4_controller/inst/u_ddr4_mem_intfc/u_ddr_cal_riu/mcs0/inst/lmb_bram_I/U0/inst_blk_mem_gen/gnbram.gnative_mem_map_bmg.native_mem_map_blk_mem_gen/valid.cstr/ramloop[3].ram.r/prim_noinit.ram/clkb
    RAMB36_X4Y84         RAMB36E2                                     r  gqav7_z19p_system_i/pl_ddr4_0/inst/u_ddr4_controller/inst/u_ddr4_mem_intfc/u_ddr_cal_riu/mcs0/inst/lmb_bram_I/U0/inst_blk_mem_gen/gnbram.gnative_mem_map_bmg.native_mem_map_blk_mem_gen/valid.cstr/ramloop[3].ram.r/prim_noinit.ram/DEVICE_8SERIES.WITH_BMM_INFO.TRUE_DP.SIMPLE_PRIM36.SERIES8_TDP_SP36_NO_ECC_ATTR.ram/CLKBWRCLK
                         clock pessimism             -0.362    10.682    
                         clock uncertainty           -0.056    10.625    
    RAMB36_X4Y84         RAMB36E2 (Setup_RAMB36E2_RAMB36_CLKBWRCLK_ADDRBWRADDR[7])
                                                     -0.285    10.340    gqav7_z19p_system_i/pl_ddr4_0/inst/u_ddr4_controller/inst/u_ddr4_mem_intfc/u_ddr_cal_riu/mcs0/inst/lmb_bram_I/U0/inst_blk_mem_gen/gnbram.gnative_mem_map_bmg.native_mem_map_blk_mem_gen/valid.cstr/ramloop[3].ram.r/prim_noinit.ram/DEVICE_8SERIES.WITH_BMM_INFO.TRUE_DP.SIMPLE_PRIM36.SERIES8_TDP_SP36_NO_ECC_ATTR.ram
  -------------------------------------------------------------------
                         required time                         10.340    
                         arrival time                          -8.618    
  -------------------------------------------------------------------
                         slack                                  1.722    





Min Delay Paths
--------------------------------------------------------------------------------------
Slack (MET) :             0.017ns  (arrival time - required time)
  Source:                 gqav7_z19p_system_wrapper/gqav7_z19p_system/gqav7_z19p_system_pl_ddr4_0_0/gqav7_z19p_system_pl_ddr4_0_0_gqav5_pl_ddr4_axi_wrapper/ddr4_controller/ddr4_controller_ddr4/ddr4_controller_ddr4_mem_intfc/ddr4_controller_ddr4_cal_riu/ddr4_controller_microblaze_mcs/ddr4_controller_bd_a471/ddr4_controller_bd_a471_microblaze_I_0/<hidden>/<hidden>/<hidden>/<hidden>/<hidden>
                            (rising edge-triggered cell FDSE clocked by mmcm_clkout6  {rise@0.000ns fall@3.333ns period=6.667ns})
  Destination:            gqav7_z19p_system_wrapper/gqav7_z19p_system/gqav7_z19p_system_pl_ddr4_0_0/gqav7_z19p_system_pl_ddr4_0_0_gqav5_pl_ddr4_axi_wrapper/ddr4_controller/ddr4_controller_ddr4/ddr4_controller_ddr4_mem_intfc/ddr4_controller_ddr4_cal_riu/ddr4_controller_microblaze_mcs/ddr4_controller_bd_a471/ddr4_controller_bd_a471_microblaze_I_0/<hidden>/<hidden>/<hidden>/<hidden>/<hidden>
                            (rising edge-triggered cell SRL16E clocked by mmcm_clkout6  {rise@0.000ns fall@3.333ns period=6.667ns})
  Path Group:             mmcm_clkout6
  Path Type:              Hold (Min at Fast Process Corner)
  Requirement:            0.000ns  (mmcm_clkout6 rise@0.000ns - mmcm_clkout6 rise@0.000ns)
  Data Path Delay:        0.102ns  (logic 0.039ns (38.099%)  route 0.063ns (61.901%))
  Logic Levels:           0  
  Clock Path Skew:        0.039ns (DCD - SCD - CPR)
    Destination Clock Delay (DCD):    2.471ns
    Source Clock Delay      (SCD):    2.582ns
    Clock Pessimism Removal (CPR):    -0.150ns
  Clock Net Delay (Source):      1.072ns (routing 0.391ns, distribution 0.681ns)
  Clock Net Delay (Destination): 1.225ns (routing 0.435ns, distribution 0.790ns)

    Location             Delay type                Incr(ns)  Path(ns)    Netlist Resource(s)
  -------------------------------------------------------------------    -------------------
                         (clock mmcm_clkout6 rise edge)
                                                      0.000     0.000 r  
    H21                                               0.000     0.000 r  PL_CLK0_clk_p (IN)
                         net (fo=0)                   0.079     0.079    gqav7_z19p_system_i/pl_clock_buffer/inst/u_ibufds/I
    HPIOBDIFFINBUF_X0Y179
                         DIFFINBUF (Prop_DIFFINBUF_HPIOBDIFFINBUF_DIFF_IN_P_O)
                                                      0.282     0.361 r  gqav7_z19p_system_i/pl_clock_buffer/inst/u_ibufds/DIFFINBUF_INST/O
                         net (fo=1, routed)           0.040     0.401    gqav7_z19p_system_i/pl_clock_buffer/inst/u_ibufds/OUT
    H21                  IBUFCTRL (Prop_IBUFCTRL_HPIOB_M_I_O)
                                                      0.000     0.401 r  gqav7_z19p_system_i/pl_clock_buffer/inst/u_ibufds/IBUFCTRL_INST/O
                         net (fo=1, routed)           0.144     0.545    gqav7_z19p_system_i/pl_clock_buffer/inst/clk_ibuf
    BUFGCE_X0Y168        BUFGCE (Prop_BUFCE_BUFGCE_I_O)
                                                      0.017     0.562 r  gqav7_z19p_system_i/pl_clock_buffer/inst/clk_ibuf_BUFGCE_inst/O
                         net (fo=20, routed)          0.546     1.108    gqav7_z19p_system_i/pl_ddr4_0/inst/u_ddr4_controller/inst/u_ddr4_infrastructure/mmcm_clk_in
    MMCM_X0Y6            MMCME4_ADV (Prop_MMCM_CLKIN1_CLKOUT6)
                                                      0.230     1.338 r  gqav7_z19p_system_i/pl_ddr4_0/inst/u_ddr4_controller/inst/u_ddr4_infrastructure/gen_mmcme4.u_mmcme_adv_inst/CLKOUT6
                         net (fo=1, routed)           0.155     1.493    gqav7_z19p_system_i/pl_ddr4_0/inst/u_ddr4_controller/inst/u_ddr4_infrastructure/mmcm_clkout6
    BUFGCE_X0Y146        BUFGCE (Prop_BUFCE_BUFGCE_I_O)
                                                      0.017     1.510 r  gqav7_z19p_system_i/pl_ddr4_0/inst/u_ddr4_controller/inst/u_ddr4_infrastructure/u_bufg_riuClk/O
    X2Y5 (CLOCK_ROOT)    net (fo=1744, routed)        1.072     2.582    gqav7_z19p_system_wrapper/gqav7_z19p_system/gqav7_z19p_system_pl_ddr4_0_0/gqav7_z19p_system_pl_ddr4_0_0_gqav5_pl_ddr4_axi_wrapper/ddr4_controller/ddr4_controller_ddr4/ddr4_controller_ddr4_mem_intfc/ddr4_controller_ddr4_cal_riu/ddr4_controller_microblaze_mcs/ddr4_controller_bd_a471/ddr4_controller_bd_a471_microblaze_I_0/<hidden>/<hidden>/<hidden>/<hidden>/<hidden>
    SLICE_X65Y392        FDSE                                         r  gqav7_z19p_system_wrapper/gqav7_z19p_system/gqav7_z19p_system_pl_ddr4_0_0/gqav7_z19p_system_pl_ddr4_0_0_gqav5_pl_ddr4_axi_wrapper/ddr4_controller/ddr4_controller_ddr4/ddr4_controller_ddr4_mem_intfc/ddr4_controller_ddr4_cal_riu/ddr4_controller_microblaze_mcs/ddr4_controller_bd_a471/ddr4_controller_bd_a471_microblaze_I_0/<hidden>/<hidden>/<hidden>/<hidden>/<hidden>
  -------------------------------------------------------------------    -------------------
    SLICE_X65Y392        FDSE (Prop_GFF2_SLICEM_C_Q)
                                                      0.039     2.621 r  gqav7_z19p_system_wrapper/gqav7_z19p_system/gqav7_z19p_system_pl_ddr4_0_0/gqav7_z19p_system_pl_ddr4_0_0_gqav5_pl_ddr4_axi_wrapper/ddr4_controller/ddr4_controller_ddr4/ddr4_controller_ddr4_mem_intfc/ddr4_controller_ddr4_cal_riu/ddr4_controller_microblaze_mcs/ddr4_controller_bd_a471/ddr4_controller_bd_a471_microblaze_I_0/<hidden>/<hidden>/<hidden>/<hidden>/<hidden>
                         net (fo=4, routed)           0.063     2.684    gqav7_z19p_system_wrapper/gqav7_z19p_system/gqav7_z19p_system_pl_ddr4_0_0/gqav7_z19p_system_pl_ddr4_0_0_gqav5_pl_ddr4_axi_wrapper/ddr4_controller/ddr4_controller_ddr4/ddr4_controller_ddr4_mem_intfc/ddr4_controller_ddr4_cal_riu/ddr4_controller_microblaze_mcs/ddr4_controller_bd_a471/ddr4_controller_bd_a471_microblaze_I_0/<hidden>/<hidden>/<hidden>/<hidden>/<hidden>
    SLICE_X65Y391        SRL16E                                       r  gqav7_z19p_system_wrapper/gqav7_z19p_system/gqav7_z19p_system_pl_ddr4_0_0/gqav7_z19p_system_pl_ddr4_0_0_gqav5_pl_ddr4_axi_wrapper/ddr4_controller/ddr4_controller_ddr4/ddr4_controller_ddr4_mem_intfc/ddr4_controller_ddr4_cal_riu/ddr4_controller_microblaze_mcs/ddr4_controller_bd_a471/ddr4_controller_bd_a471_microblaze_I_0/<hidden>/<hidden>/<hidden>/<hidden>/<hidden>
  -------------------------------------------------------------------    -------------------

                         (clock mmcm_clkout6 rise edge)
                                                      0.000     0.000 r  
    H21                                               0.000     0.000 r  PL_CLK0_clk_p (IN)
                         net (fo=0)                   0.100     0.100    gqav7_z19p_system_i/pl_clock_buffer/inst/u_ibufds/I
    HPIOBDIFFINBUF_X0Y179
                         DIFFINBUF (Prop_DIFFINBUF_HPIOBDIFFINBUF_DIFF_IN_P_O)
                                                      0.380     0.480 r  gqav7_z19p_system_i/pl_clock_buffer/inst/u_ibufds/DIFFINBUF_INST/O
                         net (fo=1, routed)           0.050     0.530    gqav7_z19p_system_i/pl_clock_buffer/inst/u_ibufds/OUT
    H21                  IBUFCTRL (Prop_IBUFCTRL_HPIOB_M_I_O)
                                                      0.000     0.530 r  gqav7_z19p_system_i/pl_clock_buffer/inst/u_ibufds/IBUFCTRL_INST/O
                         net (fo=1, routed)           0.181     0.711    gqav7_z19p_system_i/pl_clock_buffer/inst/clk_ibuf
    BUFGCE_X0Y168        BUFGCE (Prop_BUFCE_BUFGCE_I_O)
                                                      0.019     0.730 r  gqav7_z19p_system_i/pl_clock_buffer/inst/clk_ibuf_BUFGCE_inst/O
                         net (fo=20, routed)          0.616     1.346    gqav7_z19p_system_i/pl_ddr4_0/inst/u_ddr4_controller/inst/u_ddr4_infrastructure/mmcm_clk_in
    MMCM_X0Y6            MMCME4_ADV (Prop_MMCM_CLKIN1_CLKOUT6)
                                                     -0.295     1.051 r  gqav7_z19p_system_i/pl_ddr4_0/inst/u_ddr4_controller/inst/u_ddr4_infrastructure/gen_mmcme4.u_mmcme_adv_inst/CLKOUT6
                         net (fo=1, routed)           0.176     1.227    gqav7_z19p_system_i/pl_ddr4_0/inst/u_ddr4_controller/inst/u_ddr4_infrastructure/mmcm_clkout6
    BUFGCE_X0Y146        BUFGCE (Prop_BUFCE_BUFGCE_I_O)
                                                      0.019     1.246 r  gqav7_z19p_system_i/pl_ddr4_0/inst/u_ddr4_controller/inst/u_ddr4_infrastructure/u_bufg_riuClk/O
    X2Y5 (CLOCK_ROOT)    net (fo=1744, routed)        1.225     2.471    gqav7_z19p_system_wrapper/gqav7_z19p_system/gqav7_z19p_system_pl_ddr4_0_0/gqav7_z19p_system_pl_ddr4_0_0_gqav5_pl_ddr4_axi_wrapper/ddr4_controller/ddr4_controller_ddr4/ddr4_controller_ddr4_mem_intfc/ddr4_controller_ddr4_cal_riu/ddr4_controller_microblaze_mcs/ddr4_controller_bd_a471/ddr4_controller_bd_a471_microblaze_I_0/<hidden>/<hidden>/<hidden>/<hidden>/<hidden>
    SLICE_X65Y391        SRL16E                                       r  gqav7_z19p_system_wrapper/gqav7_z19p_system/gqav7_z19p_system_pl_ddr4_0_0/gqav7_z19p_system_pl_ddr4_0_0_gqav5_pl_ddr4_axi_wrapper/ddr4_controller/ddr4_controller_ddr4/ddr4_controller_ddr4_mem_intfc/ddr4_controller_ddr4_cal_riu/ddr4_controller_microblaze_mcs/ddr4_controller_bd_a471/ddr4_controller_bd_a471_microblaze_I_0/<hidden>/<hidden>/<hidden>/<hidden>/<hidden>
                         clock pessimism              0.150     2.621    
    SLICE_X65Y391        SRL16E (Hold_A5LUT_SLICEM_CLK_D)
                                                      0.046     2.667    gqav7_z19p_system_wrapper/gqav7_z19p_system/gqav7_z19p_system_pl_ddr4_0_0/gqav7_z19p_system_pl_ddr4_0_0_gqav5_pl_ddr4_axi_wrapper/ddr4_controller/ddr4_controller_ddr4/ddr4_controller_ddr4_mem_intfc/ddr4_controller_ddr4_cal_riu/ddr4_controller_microblaze_mcs/ddr4_controller_bd_a471/ddr4_controller_bd_a471_microblaze_I_0/<hidden>/<hidden>/<hidden>/<hidden>/<hidden>
  -------------------------------------------------------------------
                         required time                         -2.667    
                         arrival time                           2.684    
  -------------------------------------------------------------------
                         slack                                  0.017    





Pulse Width Checks
--------------------------------------------------------------------------------------
Clock Name:         mmcm_clkout6
Waveform(ns):       { 0.000 3.333 }
Period(ns):         6.667
Sources:            { gqav7_z19p_system_i/pl_ddr4_0/inst/u_ddr4_controller/inst/u_ddr4_infrastructure/gen_mmcme4.u_mmcme_adv_inst/CLKOUT6 }

Check Type        Corner  Lib Pin                   Reference Pin             Required(ns)  Actual(ns)  Slack(ns)  Location                Pin
Min Period        n/a     BITSLICE_CONTROL/RIU_CLK  n/a                       3.846         6.667       2.821      BITSLICE_CONTROL_X0Y40  gqav7_z19p_system_i/pl_ddr4_0/inst/u_ddr4_controller/inst/u_ddr4_mem_intfc/u_mig_ddr4_phy/inst/generate_block1.u_ddr_xiphy/byte_num[0].xiphy_byte_wrapper.u_xiphy_byte_wrapper/I_CONTROL[0].GEN_I_CONTROL.u_xiphy_control/xiphy_control/RIU_CLK
Low Pulse Width   Slow    BITSLICE_CONTROL/RIU_CLK  n/a                       1.731         3.333       1.602      BITSLICE_CONTROL_X0Y40  gqav7_z19p_system_i/pl_ddr4_0/inst/u_ddr4_controller/inst/u_ddr4_mem_intfc/u_mig_ddr4_phy/inst/generate_block1.u_ddr_xiphy/byte_num[0].xiphy_byte_wrapper.u_xiphy_byte_wrapper/I_CONTROL[0].GEN_I_CONTROL.u_xiphy_control/xiphy_control/RIU_CLK
High Pulse Width  Slow    BITSLICE_CONTROL/RIU_CLK  n/a                       1.731         3.333       1.602      BITSLICE_CONTROL_X0Y40  gqav7_z19p_system_i/pl_ddr4_0/inst/u_ddr4_controller/inst/u_ddr4_mem_intfc/u_mig_ddr4_phy/inst/generate_block1.u_ddr_xiphy/byte_num[0].xiphy_byte_wrapper.u_xiphy_byte_wrapper/I_CONTROL[0].GEN_I_CONTROL.u_xiphy_control/xiphy_control/RIU_CLK
Max Skew          Fast    BITSLICE_CONTROL/RIU_CLK  BITSLICE_CONTROL/PLL_CLK  1.985         0.899       1.085      BITSLICE_CONTROL_X0Y55  gqav7_z19p_system_i/pl_ddr4_0/inst/u_ddr4_controller/inst/u_ddr4_mem_intfc/u_mig_ddr4_phy/inst/generate_block1.u_ddr_xiphy/byte_num[7].xiphy_byte_wrapper.u_xiphy_byte_wrapper/I_CONTROL[1].GEN_I_CONTROL.u_xiphy_control/xiphy_control/RIU_CLK



---------------------------------------------------------------------------------------------------
From Clock:  dbg_hub/inst/BSCANID.u_xsdbm_id/SWITCH_N_EXT_BSCAN.bscan_inst/SERIES7_BSCAN.bscan_inst/INTERNAL_TCK
  To Clock:  dbg_hub/inst/BSCANID.u_xsdbm_id/SWITCH_N_EXT_BSCAN.bscan_inst/SERIES7_BSCAN.bscan_inst/INTERNAL_TCK

Setup :            0  Failing Endpoints,  Worst Slack        7.275ns,  Total Violation        0.000ns
Hold  :            0  Failing Endpoints,  Worst Slack        0.032ns,  Total Violation        0.000ns
PW    :            0  Failing Endpoints,  Worst Slack       24.468ns,  Total Violation        0.000ns
---------------------------------------------------------------------------------------------------


Max Delay Paths
--------------------------------------------------------------------------------------
Slack (MET) :             7.275ns  (required time - arrival time)
  Source:                 dbg_hub/inst/BSCANID.u_xsdbm_id/CORE_XSDB.U_ICON/iTDO_reg/C
                            (rising edge-triggered cell FDRE clocked by dbg_hub/inst/BSCANID.u_xsdbm_id/SWITCH_N_EXT_BSCAN.bscan_inst/SERIES7_BSCAN.bscan_inst/INTERNAL_TCK  {rise@0.000ns fall@25.000ns period=50.000ns})
  Destination:            dbg_hub/inst/BSCANID.u_xsdbm_id/SWITCH_N_EXT_BSCAN.bscan_inst/SERIES7_BSCAN.bscan_inst/TDO
                            (falling edge-triggered cell BSCANE2 clocked by dbg_hub/inst/BSCANID.u_xsdbm_id/SWITCH_N_EXT_BSCAN.bscan_inst/SERIES7_BSCAN.bscan_inst/INTERNAL_TCK  {rise@0.000ns fall@25.000ns period=50.000ns})
  Path Group:             dbg_hub/inst/BSCANID.u_xsdbm_id/SWITCH_N_EXT_BSCAN.bscan_inst/SERIES7_BSCAN.bscan_inst/INTERNAL_TCK
  Path Type:              Setup (Max at Slow Process Corner)
  Requirement:            25.000ns  (dbg_hub/inst/BSCANID.u_xsdbm_id/SWITCH_N_EXT_BSCAN.bscan_inst/SERIES7_BSCAN.bscan_inst/INTERNAL_TCK fall@25.000ns - dbg_hub/inst/BSCANID.u_xsdbm_id/SWITCH_N_EXT_BSCAN.bscan_inst/SERIES7_BSCAN.bscan_inst/INTERNAL_TCK rise@0.000ns)
  Data Path Delay:        4.443ns  (logic 0.304ns (6.842%)  route 4.139ns (93.158%))
  Logic Levels:           2  (LUT3=1 LUT6=1)
  Clock Path Skew:        -13.047ns (DCD - SCD + CPR)
    Destination Clock Delay (DCD):    0.000ns = ( 25.000 - 25.000 ) 
    Source Clock Delay      (SCD):    13.047ns
    Clock Pessimism Removal (CPR):    0.000ns
  Clock Uncertainty:      0.235ns  ((TSJ^2 + TIJ^2)^1/2 + DJ) / 2 + PE + DCD
    Total System Jitter     (TSJ):    0.071ns
    Total Input Jitter      (TIJ):    0.000ns
    Discrete Jitter          (DJ):    0.000ns
    Phase Error              (PE):    0.000ns
    Duty Cycle Distortion   (DCD):    0.200ns
  Clock Net Delay (Source):      3.688ns (routing 2.179ns, distribution 1.509ns)

    Location             Delay type                Incr(ns)  Path(ns)    Netlist Resource(s)
  -------------------------------------------------------------------    -------------------
                         (clock dbg_hub/inst/BSCANID.u_xsdbm_id/SWITCH_N_EXT_BSCAN.bscan_inst/SERIES7_BSCAN.bscan_inst/INTERNAL_TCK rise edge)
                                                      0.000     0.000 r  
    CONFIG_SITE_X0Y0     BSCANE2                      0.000     0.000 r  dbg_hub/inst/BSCANID.u_xsdbm_id/SWITCH_N_EXT_BSCAN.bscan_inst/SERIES7_BSCAN.bscan_inst/INTERNAL_TCK
    CONFIG_SITE_X0Y0     BSCANE2 (Prop_BSCAN1_CONFIG_SITE_INTERNAL_TCK_TCK)
                                                      4.300     4.300 r  dbg_hub/inst/BSCANID.u_xsdbm_id/SWITCH_N_EXT_BSCAN.bscan_inst/SERIES7_BSCAN.bscan_inst/TCK
                         net (fo=1, routed)           5.031     9.331    dbg_hub/inst/BSCANID.u_xsdbm_id/tck_bs
    BUFGCE_X0Y243        BUFGCE (Prop_BUFCE_BUFGCE_I_O)
                                                      0.028     9.359 r  dbg_hub/inst/BSCANID.u_xsdbm_id/SWITCH_N_EXT_BSCAN.u_bufg_icon_tck/O
    X3Y3 (CLOCK_ROOT)    net (fo=478, routed)         3.688    13.047    dbg_hub/inst/BSCANID.u_xsdbm_id/CORE_XSDB.U_ICON/m_bscan_tck[0]
    SLICE_X99Y402        FDRE                                         r  dbg_hub/inst/BSCANID.u_xsdbm_id/CORE_XSDB.U_ICON/iTDO_reg/C
  -------------------------------------------------------------------    -------------------
    SLICE_X99Y402        FDRE (Prop_CFF2_SLICEL_C_Q)
                                                      0.080    13.127 r  dbg_hub/inst/BSCANID.u_xsdbm_id/CORE_XSDB.U_ICON/iTDO_reg/Q
                         net (fo=1, routed)           2.866    15.993    dbg_hub/inst/BSCANID.u_xsdbm_id/TDO
    SLICE_X97Y36         LUT3 (Prop_G6LUT_SLICEM_I2_O)
                                                      0.123    16.116 r  dbg_hub/inst/BSCANID.u_xsdbm_id/SWITCH_N_EXT_BSCAN.bscan_switch_i_1/O
                         net (fo=2, routed)           0.051    16.167    dbg_hub/inst/BSCANID.u_xsdbm_id/SWITCH_N_EXT_BSCAN.bscan_switch/m_bscan_tdo[0]
    SLICE_X97Y36         LUT6 (Prop_H6LUT_SLICEM_I5_O)
                                                      0.101    16.268 r  dbg_hub/inst/BSCANID.u_xsdbm_id/SWITCH_N_EXT_BSCAN.bscan_switch/s_bscan_tdo_INST_0/O
                         net (fo=1, routed)           1.222    17.490    dbg_hub/inst/BSCANID.u_xsdbm_id/SWITCH_N_EXT_BSCAN.bscan_inst/TDO
    CONFIG_SITE_X0Y0     BSCANE2                                      r  dbg_hub/inst/BSCANID.u_xsdbm_id/SWITCH_N_EXT_BSCAN.bscan_inst/SERIES7_BSCAN.bscan_inst/TDO
  -------------------------------------------------------------------    -------------------

                         (clock dbg_hub/inst/BSCANID.u_xsdbm_id/SWITCH_N_EXT_BSCAN.bscan_inst/SERIES7_BSCAN.bscan_inst/INTERNAL_TCK fall edge)
                                                     25.000    25.000 f  
    CONFIG_SITE_X0Y0     BSCANE2                      0.000    25.000 f  dbg_hub/inst/BSCANID.u_xsdbm_id/SWITCH_N_EXT_BSCAN.bscan_inst/SERIES7_BSCAN.bscan_inst/INTERNAL_TCK
                         clock pessimism              0.000    25.000    
                         clock uncertainty           -0.235    24.765    
    CONFIG_SITE_X0Y0     BSCANE2 (Setup_BSCAN1_CONFIG_SITE_INTERNAL_TCK_TDO)
                                                      0.000    24.765    dbg_hub/inst/BSCANID.u_xsdbm_id/SWITCH_N_EXT_BSCAN.bscan_inst/SERIES7_BSCAN.bscan_inst
  -------------------------------------------------------------------
                         required time                         24.765    
                         arrival time                         -17.490    
  -------------------------------------------------------------------
                         slack                                  7.275    





Min Delay Paths
--------------------------------------------------------------------------------------
Slack (MET) :             0.032ns  (arrival time - required time)
  Source:                 dbg_hub/inst/BSCANID.u_xsdbm_id/CORE_XSDB.UUT_MASTER/U_ICON_INTERFACE/U_CMD4/shift_reg_in_reg[23]/C
                            (rising edge-triggered cell FDRE clocked by dbg_hub/inst/BSCANID.u_xsdbm_id/SWITCH_N_EXT_BSCAN.bscan_inst/SERIES7_BSCAN.bscan_inst/INTERNAL_TCK  {rise@0.000ns fall@25.000ns period=50.000ns})
  Destination:            dbg_hub/inst/BSCANID.u_xsdbm_id/CORE_XSDB.UUT_MASTER/U_ICON_INTERFACE/U_CMD4/shift_reg_in_reg[22]/D
                            (rising edge-triggered cell FDRE clocked by dbg_hub/inst/BSCANID.u_xsdbm_id/SWITCH_N_EXT_BSCAN.bscan_inst/SERIES7_BSCAN.bscan_inst/INTERNAL_TCK  {rise@0.000ns fall@25.000ns period=50.000ns})
  Path Group:             dbg_hub/inst/BSCANID.u_xsdbm_id/SWITCH_N_EXT_BSCAN.bscan_inst/SERIES7_BSCAN.bscan_inst/INTERNAL_TCK
  Path Type:              Hold (Min at Fast Process Corner)
  Requirement:            0.000ns  (dbg_hub/inst/BSCANID.u_xsdbm_id/SWITCH_N_EXT_BSCAN.bscan_inst/SERIES7_BSCAN.bscan_inst/INTERNAL_TCK rise@0.000ns - dbg_hub/inst/BSCANID.u_xsdbm_id/SWITCH_N_EXT_BSCAN.bscan_inst/SERIES7_BSCAN.bscan_inst/INTERNAL_TCK rise@0.000ns)
  Data Path Delay:        0.084ns  (logic 0.039ns (46.605%)  route 0.045ns (53.396%))
  Logic Levels:           0  
  Clock Path Skew:        0.006ns (DCD - SCD - CPR)
    Destination Clock Delay (DCD):    10.017ns
    Source Clock Delay      (SCD):    5.111ns
    Clock Pessimism Removal (CPR):    4.901ns
  Clock Net Delay (Source):      2.014ns (routing 1.195ns, distribution 0.819ns)
  Clock Net Delay (Destination): 2.270ns (routing 1.343ns, distribution 0.927ns)

    Location             Delay type                Incr(ns)  Path(ns)    Netlist Resource(s)
  -------------------------------------------------------------------    -------------------
                         (clock dbg_hub/inst/BSCANID.u_xsdbm_id/SWITCH_N_EXT_BSCAN.bscan_inst/SERIES7_BSCAN.bscan_inst/INTERNAL_TCK rise edge)
                                                      0.000     0.000 r  
    CONFIG_SITE_X0Y0     BSCANE2                      0.000     0.000 r  dbg_hub/inst/BSCANID.u_xsdbm_id/SWITCH_N_EXT_BSCAN.bscan_inst/SERIES7_BSCAN.bscan_inst/INTERNAL_TCK
    CONFIG_SITE_X0Y0     BSCANE2 (Prop_BSCAN1_CONFIG_SITE_INTERNAL_TCK_TCK)
                                                      0.465     0.465 r  dbg_hub/inst/BSCANID.u_xsdbm_id/SWITCH_N_EXT_BSCAN.bscan_inst/SERIES7_BSCAN.bscan_inst/TCK
                         net (fo=1, routed)           2.615     3.080    dbg_hub/inst/BSCANID.u_xsdbm_id/tck_bs
    BUFGCE_X0Y243        BUFGCE (Prop_BUFCE_BUFGCE_I_O)
                                                      0.017     3.097 r  dbg_hub/inst/BSCANID.u_xsdbm_id/SWITCH_N_EXT_BSCAN.u_bufg_icon_tck/O
    X3Y3 (CLOCK_ROOT)    net (fo=478, routed)         2.014     5.111    dbg_hub/inst/BSCANID.u_xsdbm_id/CORE_XSDB.UUT_MASTER/U_ICON_INTERFACE/U_CMD4/m_bscan_tck[0]
    SLICE_X101Y403       FDRE                                         r  dbg_hub/inst/BSCANID.u_xsdbm_id/CORE_XSDB.UUT_MASTER/U_ICON_INTERFACE/U_CMD4/shift_reg_in_reg[23]/C
  -------------------------------------------------------------------    -------------------
    SLICE_X101Y403       FDRE (Prop_DFF_SLICEL_C_Q)
                                                      0.039     5.150 r  dbg_hub/inst/BSCANID.u_xsdbm_id/CORE_XSDB.UUT_MASTER/U_ICON_INTERFACE/U_CMD4/shift_reg_in_reg[23]/Q
                         net (fo=2, routed)           0.045     5.194    dbg_hub/inst/BSCANID.u_xsdbm_id/CORE_XSDB.UUT_MASTER/U_ICON_INTERFACE/U_CMD4/shift_reg_in[23]
    SLICE_X101Y403       FDRE                                         r  dbg_hub/inst/BSCANID.u_xsdbm_id/CORE_XSDB.UUT_MASTER/U_ICON_INTERFACE/U_CMD4/shift_reg_in_reg[22]/D
  -------------------------------------------------------------------    -------------------

                         (clock dbg_hub/inst/BSCANID.u_xsdbm_id/SWITCH_N_EXT_BSCAN.bscan_inst/SERIES7_BSCAN.bscan_inst/INTERNAL_TCK rise edge)
                                                      0.000     0.000 r  
    CONFIG_SITE_X0Y0     BSCANE2                      0.000     0.000 r  dbg_hub/inst/BSCANID.u_xsdbm_id/SWITCH_N_EXT_BSCAN.bscan_inst/SERIES7_BSCAN.bscan_inst/INTERNAL_TCK
    CONFIG_SITE_X0Y0     BSCANE2 (Prop_BSCAN1_CONFIG_SITE_INTERNAL_TCK_TCK)
                                                      4.300     4.300 r  dbg_hub/inst/BSCANID.u_xsdbm_id/SWITCH_N_EXT_BSCAN.bscan_inst/SERIES7_BSCAN.bscan_inst/TCK
                         net (fo=1, routed)           3.428     7.728    dbg_hub/inst/BSCANID.u_xsdbm_id/tck_bs
    BUFGCE_X0Y243        BUFGCE (Prop_BUFCE_BUFGCE_I_O)
                                                      0.019     7.747 r  dbg_hub/inst/BSCANID.u_xsdbm_id/SWITCH_N_EXT_BSCAN.u_bufg_icon_tck/O
    X3Y3 (CLOCK_ROOT)    net (fo=478, routed)         2.270    10.017    dbg_hub/inst/BSCANID.u_xsdbm_id/CORE_XSDB.UUT_MASTER/U_ICON_INTERFACE/U_CMD4/m_bscan_tck[0]
    SLICE_X101Y403       FDRE                                         r  dbg_hub/inst/BSCANID.u_xsdbm_id/CORE_XSDB.UUT_MASTER/U_ICON_INTERFACE/U_CMD4/shift_reg_in_reg[22]/C
                         clock pessimism             -4.901     5.117    
    SLICE_X101Y403       FDRE (Hold_CFF_SLICEL_C_D)
                                                      0.046     5.163    dbg_hub/inst/BSCANID.u_xsdbm_id/CORE_XSDB.UUT_MASTER/U_ICON_INTERFACE/U_CMD4/shift_reg_in_reg[22]
  -------------------------------------------------------------------
                         required time                         -5.163    
                         arrival time                           5.194    
  -------------------------------------------------------------------
                         slack                                  0.032    





Pulse Width Checks
--------------------------------------------------------------------------------------
Clock Name:         dbg_hub/inst/BSCANID.u_xsdbm_id/SWITCH_N_EXT_BSCAN.bscan_inst/SERIES7_BSCAN.bscan_inst/INTERNAL_TCK
Waveform(ns):       { 0.000 25.000 }
Period(ns):         50.000
Sources:            { dbg_hub/inst/BSCANID.u_xsdbm_id/SWITCH_N_EXT_BSCAN.bscan_inst/SERIES7_BSCAN.bscan_inst/INTERNAL_TCK }

Check Type        Corner  Lib Pin     Reference Pin  Required(ns)  Actual(ns)  Slack(ns)  Location       Pin
Min Period        n/a     BUFGCE/I    n/a            1.290         50.000      48.710     BUFGCE_X0Y243  dbg_hub/inst/BSCANID.u_xsdbm_id/SWITCH_N_EXT_BSCAN.u_bufg_icon_tck/I
Low Pulse Width   Slow    RAMD32/CLK  n/a            0.532         25.000      24.468     SLICE_X89Y406  dbg_hub/inst/BSCANID.u_xsdbm_id/CORE_XSDB.UUT_MASTER/U_ICON_INTERFACE/U_CMD6_WR/U_WR_FIFO/SUBCORE_FIFO.xsdbm_v3_0_5_wrfifo_inst/inst_fifo_gen/gconvfifo.rf/grf.rf/gntv_or_sync_fifo.mem/gdm.dm_gen.dm/RAM_reg_0_15_0_13/RAMA/CLK
High Pulse Width  Slow    RAMD32/CLK  n/a            0.532         25.000      24.468     SLICE_X89Y406  dbg_hub/inst/BSCANID.u_xsdbm_id/CORE_XSDB.UUT_MASTER/U_ICON_INTERFACE/U_CMD6_WR/U_WR_FIFO/SUBCORE_FIFO.xsdbm_v3_0_5_wrfifo_inst/inst_fifo_gen/gconvfifo.rf/grf.rf/gntv_or_sync_fifo.mem/gdm.dm_gen.dm/RAM_reg_0_15_0_13/RAMA/CLK



---------------------------------------------------------------------------------------------------
From Clock:  mmcm_clkout0
  To Clock:  clk_dma_300_unbuf

Setup :            0  Failing Endpoints,  Worst Slack        2.632ns,  Total Violation        0.000ns
Hold  :           NA  Failing Endpoints,  Worst Slack           NA  ,  Total Violation           NA
---------------------------------------------------------------------------------------------------


Max Delay Paths
--------------------------------------------------------------------------------------
Slack (MET) :             2.632ns  (required time - arrival time)
  Source:                 gqav7_z19p_system_wrapper/gqav7_z19p_system/gqav7_z19p_system_pl_ddr4_0_0/gqav7_z19p_system_pl_ddr4_0_0_gqav5_pl_ddr4_axi_wrapper/ddr_clock_converter/ddr_clock_converter_axi_clock_converter_v2_1_35_axi_clock_converter/<hidden>/<hidden>/<hidden>/<hidden>/<hidden>/<hidden>
                            (rising edge-triggered cell FDRE clocked by mmcm_clkout0  {rise@0.000ns fall@1.667ns period=3.333ns})
  Destination:            gqav7_z19p_system_wrapper/gqav7_z19p_system/gqav7_z19p_system_pl_ddr4_0_0/gqav7_z19p_system_pl_ddr4_0_0_gqav5_pl_ddr4_axi_wrapper/ddr_clock_converter/ddr_clock_converter_axi_clock_converter_v2_1_35_axi_clock_converter/<hidden>/<hidden>/<hidden>/<hidden>/<hidden>/<hidden>
                            (rising edge-triggered cell FDRE clocked by clk_dma_300_unbuf  {rise@0.000ns fall@1.667ns period=3.333ns})
  Path Group:             clk_dma_300_unbuf
  Path Type:              Setup (Max at Slow Process Corner)
  Requirement:            3.333ns  (MaxDelay Path 3.333ns)
  Data Path Delay:        0.726ns  (logic 0.078ns (10.744%)  route 0.648ns (89.256%))
  Logic Levels:           0  
  Timing Exception:       MaxDelay Path 3.333ns -datapath_only

    Location             Delay type                Incr(ns)  Path(ns)    Netlist Resource(s)
  -------------------------------------------------------------------    -------------------
    SLICE_X39Y239                                     0.000     0.000 r  gqav7_z19p_system_wrapper/gqav7_z19p_system/gqav7_z19p_system_pl_ddr4_0_0/gqav7_z19p_system_pl_ddr4_0_0_gqav5_pl_ddr4_axi_wrapper/ddr_clock_converter/ddr_clock_converter_axi_clock_converter_v2_1_35_axi_clock_converter/<hidden>/<hidden>/<hidden>/<hidden>/<hidden>/<hidden>
    SLICE_X39Y239        FDRE (Prop_HFF2_SLICEM_C_Q)
                                                      0.078     0.078 r  gqav7_z19p_system_wrapper/gqav7_z19p_system/gqav7_z19p_system_pl_ddr4_0_0/gqav7_z19p_system_pl_ddr4_0_0_gqav5_pl_ddr4_axi_wrapper/ddr_clock_converter/ddr_clock_converter_axi_clock_converter_v2_1_35_axi_clock_converter/<hidden>/<hidden>/<hidden>/<hidden>/<hidden>/<hidden>
                         net (fo=1, routed)           0.648     0.726    gqav7_z19p_system_wrapper/gqav7_z19p_system/gqav7_z19p_system_pl_ddr4_0_0/gqav7_z19p_system_pl_ddr4_0_0_gqav5_pl_ddr4_axi_wrapper/ddr_clock_converter/ddr_clock_converter_axi_clock_converter_v2_1_35_axi_clock_converter/<hidden>/<hidden>/<hidden>/<hidden>/<hidden>/<hidden>
    SLICE_X39Y239        FDRE                                         r  gqav7_z19p_system_wrapper/gqav7_z19p_system/gqav7_z19p_system_pl_ddr4_0_0/gqav7_z19p_system_pl_ddr4_0_0_gqav5_pl_ddr4_axi_wrapper/ddr_clock_converter/ddr_clock_converter_axi_clock_converter_v2_1_35_axi_clock_converter/<hidden>/<hidden>/<hidden>/<hidden>/<hidden>/<hidden>
  -------------------------------------------------------------------    -------------------

                         max delay                    3.333     3.333    
    SLICE_X39Y239        FDRE (Setup_CFF2_SLICEM_C_D)
                                                      0.025     3.358    gqav7_z19p_system_wrapper/gqav7_z19p_system/gqav7_z19p_system_pl_ddr4_0_0/gqav7_z19p_system_pl_ddr4_0_0_gqav5_pl_ddr4_axi_wrapper/ddr_clock_converter/ddr_clock_converter_axi_clock_converter_v2_1_35_axi_clock_converter/<hidden>/<hidden>/<hidden>/<hidden>/<hidden>/<hidden>
  -------------------------------------------------------------------
                         required time                          3.358    
                         arrival time                          -0.726    
  -------------------------------------------------------------------
                         slack                                  2.632    





---------------------------------------------------------------------------------------------------
From Clock:  clk_dma_300_unbuf
  To Clock:  mmcm_clkout0

Setup :            0  Failing Endpoints,  Worst Slack        2.575ns,  Total Violation        0.000ns
Hold  :           NA  Failing Endpoints,  Worst Slack           NA  ,  Total Violation           NA
---------------------------------------------------------------------------------------------------


Max Delay Paths
--------------------------------------------------------------------------------------
Slack (MET) :             2.575ns  (required time - arrival time)
  Source:                 gqav7_z19p_system_wrapper/gqav7_z19p_system/gqav7_z19p_system_pl_ddr4_0_0/gqav7_z19p_system_pl_ddr4_0_0_gqav5_pl_ddr4_axi_wrapper/ddr_clock_converter/ddr_clock_converter_axi_clock_converter_v2_1_35_axi_clock_converter/<hidden>/<hidden>/<hidden>/<hidden>/<hidden>/<hidden>
                            (rising edge-triggered cell FDRE clocked by clk_dma_300_unbuf  {rise@0.000ns fall@1.667ns period=3.333ns})
  Destination:            gqav7_z19p_system_wrapper/gqav7_z19p_system/gqav7_z19p_system_pl_ddr4_0_0/gqav7_z19p_system_pl_ddr4_0_0_gqav5_pl_ddr4_axi_wrapper/ddr_clock_converter/ddr_clock_converter_axi_clock_converter_v2_1_35_axi_clock_converter/<hidden>/<hidden>/<hidden>/<hidden>/<hidden>/<hidden>
                            (rising edge-triggered cell FDRE clocked by mmcm_clkout0  {rise@0.000ns fall@1.667ns period=3.333ns})
  Path Group:             mmcm_clkout0
  Path Type:              Setup (Max at Slow Process Corner)
  Requirement:            3.333ns  (MaxDelay Path 3.333ns)
  Data Path Delay:        0.783ns  (logic 0.079ns (10.089%)  route 0.704ns (89.911%))
  Logic Levels:           0  
  Timing Exception:       MaxDelay Path 3.333ns -datapath_only

    Location             Delay type                Incr(ns)  Path(ns)    Netlist Resource(s)
  -------------------------------------------------------------------    -------------------
    SLICE_X39Y240                                     0.000     0.000 r  gqav7_z19p_system_wrapper/gqav7_z19p_system/gqav7_z19p_system_pl_ddr4_0_0/gqav7_z19p_system_pl_ddr4_0_0_gqav5_pl_ddr4_axi_wrapper/ddr_clock_converter/ddr_clock_converter_axi_clock_converter_v2_1_35_axi_clock_converter/<hidden>/<hidden>/<hidden>/<hidden>/<hidden>/<hidden>
    SLICE_X39Y240        FDRE (Prop_HFF_SLICEM_C_Q)
                                                      0.079     0.079 r  gqav7_z19p_system_wrapper/gqav7_z19p_system/gqav7_z19p_system_pl_ddr4_0_0/gqav7_z19p_system_pl_ddr4_0_0_gqav5_pl_ddr4_axi_wrapper/ddr_clock_converter/ddr_clock_converter_axi_clock_converter_v2_1_35_axi_clock_converter/<hidden>/<hidden>/<hidden>/<hidden>/<hidden>/<hidden>
                         net (fo=1, routed)           0.704     0.783    gqav7_z19p_system_wrapper/gqav7_z19p_system/gqav7_z19p_system_pl_ddr4_0_0/gqav7_z19p_system_pl_ddr4_0_0_gqav5_pl_ddr4_axi_wrapper/ddr_clock_converter/ddr_clock_converter_axi_clock_converter_v2_1_35_axi_clock_converter/<hidden>/<hidden>/<hidden>/<hidden>/<hidden>/<hidden>
    SLICE_X39Y240        FDRE                                         r  gqav7_z19p_system_wrapper/gqav7_z19p_system/gqav7_z19p_system_pl_ddr4_0_0/gqav7_z19p_system_pl_ddr4_0_0_gqav5_pl_ddr4_axi_wrapper/ddr_clock_converter/ddr_clock_converter_axi_clock_converter_v2_1_35_axi_clock_converter/<hidden>/<hidden>/<hidden>/<hidden>/<hidden>/<hidden>
  -------------------------------------------------------------------    -------------------

                         max delay                    3.333     3.333    
    SLICE_X39Y240        FDRE (Setup_DFF2_SLICEM_C_D)
                                                      0.025     3.358    gqav7_z19p_system_wrapper/gqav7_z19p_system/gqav7_z19p_system_pl_ddr4_0_0/gqav7_z19p_system_pl_ddr4_0_0_gqav5_pl_ddr4_axi_wrapper/ddr_clock_converter/ddr_clock_converter_axi_clock_converter_v2_1_35_axi_clock_converter/<hidden>/<hidden>/<hidden>/<hidden>/<hidden>/<hidden>
  -------------------------------------------------------------------
                         required time                          3.358    
                         arrival time                          -0.783    
  -------------------------------------------------------------------
                         slack                                  2.575    





---------------------------------------------------------------------------------------------------
From Clock:  mmcm_clkout5
  To Clock:  mmcm_clkout0

Setup :            0  Failing Endpoints,  Worst Slack        2.545ns,  Total Violation        0.000ns
Hold  :           NA  Failing Endpoints,  Worst Slack           NA  ,  Total Violation           NA
---------------------------------------------------------------------------------------------------


Max Delay Paths
--------------------------------------------------------------------------------------
Slack (MET) :             2.545ns  (required time - arrival time)
  Source:                 gqav7_z19p_system_i/pl_ddr4_0/inst/u_ddr4_controller/inst/u_ddr4_mem_intfc/u_ddr_cal_top/u_ddr_cal/u_xsdb_arbiter/slave_we_r_reg/C
                            (rising edge-triggered cell FDRE clocked by mmcm_clkout5  {rise@0.000ns fall@6.667ns period=13.333ns})
  Destination:            gqav7_z19p_system_i/pl_ddr4_0/inst/u_ddr4_controller/inst/u_ddr4_mem_intfc/u_ddr_cal_top/u_ddr_cal/u_xsdb_arbiter/u_slave_we_sync/SYNC[0].sync_reg_reg[0]/D
                            (rising edge-triggered cell FDRE clocked by mmcm_clkout0  {rise@0.000ns fall@1.667ns period=3.333ns})
  Path Group:             mmcm_clkout0
  Path Type:              Setup (Max at Slow Process Corner)
  Requirement:            3.000ns  (MaxDelay Path 3.000ns)
  Data Path Delay:        0.480ns  (logic 0.081ns (16.875%)  route 0.399ns (83.125%))
  Logic Levels:           0  
  Timing Exception:       MaxDelay Path 3.000ns -datapath_only

    Location             Delay type                Incr(ns)  Path(ns)    Netlist Resource(s)
  -------------------------------------------------------------------    -------------------
    SLICE_X75Y401                                     0.000     0.000 r  gqav7_z19p_system_i/pl_ddr4_0/inst/u_ddr4_controller/inst/u_ddr4_mem_intfc/u_ddr_cal_top/u_ddr_cal/u_xsdb_arbiter/slave_we_r_reg/C
    SLICE_X75Y401        FDRE (Prop_DFF2_SLICEL_C_Q)
                                                      0.081     0.081 r  gqav7_z19p_system_i/pl_ddr4_0/inst/u_ddr4_controller/inst/u_ddr4_mem_intfc/u_ddr_cal_top/u_ddr_cal/u_xsdb_arbiter/slave_we_r_reg/Q
                         net (fo=1, routed)           0.399     0.480    gqav7_z19p_system_i/pl_ddr4_0/inst/u_ddr4_controller/inst/u_ddr4_mem_intfc/u_ddr_cal_top/u_ddr_cal/u_xsdb_arbiter/u_slave_we_sync/D[0]
    SLICE_X74Y396        FDRE                                         r  gqav7_z19p_system_i/pl_ddr4_0/inst/u_ddr4_controller/inst/u_ddr4_mem_intfc/u_ddr_cal_top/u_ddr_cal/u_xsdb_arbiter/u_slave_we_sync/SYNC[0].sync_reg_reg[0]/D
  -------------------------------------------------------------------    -------------------

                         max delay                    3.000     3.000    
    SLICE_X74Y396        FDRE (Setup_CFF2_SLICEL_C_D)
                                                      0.025     3.025    gqav7_z19p_system_i/pl_ddr4_0/inst/u_ddr4_controller/inst/u_ddr4_mem_intfc/u_ddr_cal_top/u_ddr_cal/u_xsdb_arbiter/u_slave_we_sync/SYNC[0].sync_reg_reg[0]
  -------------------------------------------------------------------
                         required time                          3.025    
                         arrival time                          -0.480    
  -------------------------------------------------------------------
                         slack                                  2.545    





---------------------------------------------------------------------------------------------------
From Clock:  mmcm_clkout6
  To Clock:  mmcm_clkout0

Setup :            0  Failing Endpoints,  Worst Slack        1.930ns,  Total Violation        0.000ns
Hold  :           NA  Failing Endpoints,  Worst Slack           NA  ,  Total Violation           NA
---------------------------------------------------------------------------------------------------


Max Delay Paths
--------------------------------------------------------------------------------------
Slack (MET) :             1.930ns  (required time - arrival time)
  Source:                 gqav7_z19p_system_i/pl_ddr4_0/inst/u_ddr4_controller/inst/u_ddr4_mem_intfc/u_ddr_cal_riu/io_write_strobe_riuclk_reg/C
                            (rising edge-triggered cell FDRE clocked by mmcm_clkout6  {rise@0.000ns fall@3.333ns period=6.667ns})
  Destination:            gqav7_z19p_system_i/pl_ddr4_0/inst/u_ddr4_controller/inst/u_ddr4_mem_intfc/u_io_write_strobe_sync/SYNC[0].sync_reg_reg[0]/D
                            (rising edge-triggered cell FDRE clocked by mmcm_clkout0  {rise@0.000ns fall@1.667ns period=3.333ns})
  Path Group:             mmcm_clkout0
  Path Type:              Setup (Max at Slow Process Corner)
  Requirement:            3.000ns  (MaxDelay Path 3.000ns)
  Data Path Delay:        1.095ns  (logic 0.079ns (7.216%)  route 1.016ns (92.784%))
  Logic Levels:           0  
  Timing Exception:       MaxDelay Path 3.000ns -datapath_only

    Location             Delay type                Incr(ns)  Path(ns)    Netlist Resource(s)
  -------------------------------------------------------------------    -------------------
    SLICE_X52Y395                                     0.000     0.000 r  gqav7_z19p_system_i/pl_ddr4_0/inst/u_ddr4_controller/inst/u_ddr4_mem_intfc/u_ddr_cal_riu/io_write_strobe_riuclk_reg/C
    SLICE_X52Y395        FDRE (Prop_HFF_SLICEL_C_Q)
                                                      0.079     0.079 r  gqav7_z19p_system_i/pl_ddr4_0/inst/u_ddr4_controller/inst/u_ddr4_mem_intfc/u_ddr_cal_riu/io_write_strobe_riuclk_reg/Q
                         net (fo=14, routed)          1.016     1.095    gqav7_z19p_system_i/pl_ddr4_0/inst/u_ddr4_controller/inst/u_ddr4_mem_intfc/u_io_write_strobe_sync/D[0]
    SLICE_X57Y364        FDRE                                         r  gqav7_z19p_system_i/pl_ddr4_0/inst/u_ddr4_controller/inst/u_ddr4_mem_intfc/u_io_write_strobe_sync/SYNC[0].sync_reg_reg[0]/D
  -------------------------------------------------------------------    -------------------

                         max delay                    3.000     3.000    
    SLICE_X57Y364        FDRE (Setup_DFF2_SLICEL_C_D)
                                                      0.025     3.025    gqav7_z19p_system_i/pl_ddr4_0/inst/u_ddr4_controller/inst/u_ddr4_mem_intfc/u_io_write_strobe_sync/SYNC[0].sync_reg_reg[0]
  -------------------------------------------------------------------
                         required time                          3.025    
                         arrival time                          -1.095    
  -------------------------------------------------------------------
                         slack                                  1.930    





---------------------------------------------------------------------------------------------------
From Clock:  mmcm_clkout0
  To Clock:  pll_clk[0]_DIV

Setup :            0  Failing Endpoints,  Worst Slack        0.660ns,  Total Violation        0.000ns
Hold  :            0  Failing Endpoints,  Worst Slack        0.693ns,  Total Violation        0.000ns
---------------------------------------------------------------------------------------------------


Max Delay Paths
--------------------------------------------------------------------------------------
Slack (MET) :             0.660ns  (required time - arrival time)
  Source:                 gqav7_z19p_system_i/pl_ddr4_0/inst/u_ddr4_controller/inst/u_ddr4_mem_intfc/u_ddr_cal_top/u_ddr_mc_pi/u_ddr_mc_write/oe_low_reg[0]/C
                            (rising edge-triggered cell FDRE clocked by mmcm_clkout0  {rise@0.000ns fall@1.667ns period=3.333ns})
  Destination:            gqav7_z19p_system_i/pl_ddr4_0/inst/u_ddr4_controller/inst/u_ddr4_mem_intfc/u_mig_ddr4_phy/inst/generate_block1.u_ddr_xiphy/byte_num[0].xiphy_byte_wrapper.u_xiphy_byte_wrapper/I_CONTROL[0].GEN_I_CONTROL.u_xiphy_control/xiphy_control/TBYTE_IN[0]
                            (rising edge-triggered cell BITSLICE_CONTROL clocked by pll_clk[0]_DIV  {rise@0.000ns fall@1.667ns period=3.333ns})
  Path Group:             pll_clk[0]_DIV
  Path Type:              Setup (Max at Slow Process Corner)
  Requirement:            3.333ns  (pll_clk[0]_DIV rise@3.333ns - mmcm_clkout0 rise@0.000ns)
  Data Path Delay:        1.601ns  (logic 0.079ns (4.935%)  route 1.522ns (95.065%))
  Logic Levels:           0  
  Clock Path Skew:        -0.775ns (DCD - SCD + CPR)
    Destination Clock Delay (DCD):    3.726ns = ( 7.059 - 3.333 ) 
    Source Clock Delay      (SCD):    4.123ns
    Clock Pessimism Removal (CPR):    -0.378ns
  Clock Uncertainty:      0.157ns  ((TSJ^2 + DJ^2)^1/2) / 2 + PE
    Total System Jitter     (TSJ):    0.071ns
    Discrete Jitter          (DJ):    0.064ns
    Phase Error              (PE):    0.109ns
  Clock Net Delay (Source):      1.972ns (routing 0.714ns, distribution 1.258ns)
  Clock Net Delay (Destination): 1.559ns (routing 0.648ns, distribution 0.911ns)

    Location             Delay type                Incr(ns)  Path(ns)    Netlist Resource(s)
  -------------------------------------------------------------------    -------------------
                         (clock mmcm_clkout0 rise edge)
                                                      0.000     0.000 r  
    H21                                               0.000     0.000 r  PL_CLK0_clk_p (IN)
                         net (fo=0)                   0.100     0.100    gqav7_z19p_system_i/pl_clock_buffer/inst/u_ibufds/I
    HPIOBDIFFINBUF_X0Y179
                         DIFFINBUF (Prop_DIFFINBUF_HPIOBDIFFINBUF_DIFF_IN_P_O)
                                                      0.523     0.623 r  gqav7_z19p_system_i/pl_clock_buffer/inst/u_ibufds/DIFFINBUF_INST/O
                         net (fo=1, routed)           0.050     0.673    gqav7_z19p_system_i/pl_clock_buffer/inst/u_ibufds/OUT
    H21                  IBUFCTRL (Prop_IBUFCTRL_HPIOB_M_I_O)
                                                      0.000     0.673 r  gqav7_z19p_system_i/pl_clock_buffer/inst/u_ibufds/IBUFCTRL_INST/O
                         net (fo=1, routed)           0.323     0.996    gqav7_z19p_system_i/pl_clock_buffer/inst/clk_ibuf
    BUFGCE_X0Y168        BUFGCE (Prop_BUFCE_BUFGCE_I_O)
                                                      0.028     1.024 r  gqav7_z19p_system_i/pl_clock_buffer/inst/clk_ibuf_BUFGCE_inst/O
                         net (fo=20, routed)          0.981     2.005    gqav7_z19p_system_i/pl_ddr4_0/inst/u_ddr4_controller/inst/u_ddr4_infrastructure/mmcm_clk_in
    MMCM_X0Y6            MMCME4_ADV (Prop_MMCM_CLKIN1_CLKOUT0)
                                                     -0.127     1.878 r  gqav7_z19p_system_i/pl_ddr4_0/inst/u_ddr4_controller/inst/u_ddr4_infrastructure/gen_mmcme4.u_mmcme_adv_inst/CLKOUT0
                         net (fo=1, routed)           0.245     2.123    gqav7_z19p_system_i/pl_ddr4_0/inst/u_ddr4_controller/inst/u_ddr4_infrastructure/mmcm_clkout0
    BUFGCE_X0Y150        BUFGCE (Prop_BUFCE_BUFGCE_I_O)
                                                      0.028     2.151 r  gqav7_z19p_system_i/pl_ddr4_0/inst/u_ddr4_controller/inst/u_ddr4_infrastructure/u_bufg_divClk/O
    X2Y5 (CLOCK_ROOT)    net (fo=20545, routed)       1.972     4.123    gqav7_z19p_system_i/pl_ddr4_0/inst/u_ddr4_controller/inst/u_ddr4_mem_intfc/u_ddr_cal_top/u_ddr_mc_pi/u_ddr_mc_write/dReg_reg[13]
    SLICE_X41Y361        FDRE                                         r  gqav7_z19p_system_i/pl_ddr4_0/inst/u_ddr4_controller/inst/u_ddr4_mem_intfc/u_ddr_cal_top/u_ddr_mc_pi/u_ddr_mc_write/oe_low_reg[0]/C
  -------------------------------------------------------------------    -------------------
    SLICE_X41Y361        FDRE (Prop_HFF_SLICEL_C_Q)
                                                      0.079     4.202 r  gqav7_z19p_system_i/pl_ddr4_0/inst/u_ddr4_controller/inst/u_ddr4_mem_intfc/u_ddr_cal_top/u_ddr_mc_pi/u_ddr_mc_write/oe_low_reg[0]/Q
                         net (fo=8, routed)           1.522     5.724    gqav7_z19p_system_i/pl_ddr4_0/inst/u_ddr4_controller/inst/u_ddr4_mem_intfc/u_mig_ddr4_phy/inst/generate_block1.u_ddr_xiphy/byte_num[0].xiphy_byte_wrapper.u_xiphy_byte_wrapper/I_CONTROL[0].GEN_I_CONTROL.u_xiphy_control/ch0_mcal_clb2phy_t_b_low[0]
    BITSLICE_CONTROL_X0Y40
                         BITSLICE_CONTROL                             r  gqav7_z19p_system_i/pl_ddr4_0/inst/u_ddr4_controller/inst/u_ddr4_mem_intfc/u_mig_ddr4_phy/inst/generate_block1.u_ddr_xiphy/byte_num[0].xiphy_byte_wrapper.u_xiphy_byte_wrapper/I_CONTROL[0].GEN_I_CONTROL.u_xiphy_control/xiphy_control/TBYTE_IN[0]
  -------------------------------------------------------------------    -------------------

                         (clock pll_clk[0]_DIV rise edge)
                                                      3.333     3.333 f  
    H21                                               0.000     3.333 f  PL_CLK0_clk_p (IN)
                         net (fo=0)                   0.079     3.412    gqav7_z19p_system_i/pl_clock_buffer/inst/u_ibufds/I
    HPIOBDIFFINBUF_X0Y179
                         DIFFINBUF (Prop_DIFFINBUF_HPIOBDIFFINBUF_DIFF_IN_P_O)
                                                      0.427     3.839 f  gqav7_z19p_system_i/pl_clock_buffer/inst/u_ibufds/DIFFINBUF_INST/O
                         net (fo=1, routed)           0.040     3.879    gqav7_z19p_system_i/pl_clock_buffer/inst/u_ibufds/OUT
    H21                  IBUFCTRL (Prop_IBUFCTRL_HPIOB_M_I_O)
                                                      0.000     3.879 f  gqav7_z19p_system_i/pl_clock_buffer/inst/u_ibufds/IBUFCTRL_INST/O
                         net (fo=1, routed)           0.286     4.165    gqav7_z19p_system_i/pl_clock_buffer/inst/clk_ibuf
    BUFGCE_X0Y168        BUFGCE (Prop_BUFCE_BUFGCE_I_O)
                                                      0.024     4.189 f  gqav7_z19p_system_i/pl_clock_buffer/inst/clk_ibuf_BUFGCE_inst/O
                         net (fo=20, routed)          0.866     5.055    gqav7_z19p_system_i/pl_ddr4_0/inst/u_ddr4_controller/inst/u_ddr4_infrastructure/mmcm_clk_in
    MMCM_X0Y6            MMCME4_ADV (Prop_MMCM_CLKIN1_CLKOUT0)
                                                      0.630     5.685 f  gqav7_z19p_system_i/pl_ddr4_0/inst/u_ddr4_controller/inst/u_ddr4_infrastructure/gen_mmcme4.u_mmcme_adv_inst/CLKOUT0
                         net (fo=1, routed)           0.215     5.900    gqav7_z19p_system_i/pl_ddr4_0/inst/u_ddr4_controller/inst/u_ddr4_infrastructure/mmcm_clkout0
    BUFGCE_X0Y150        BUFGCE (Prop_BUFCE_BUFGCE_I_O)
                                                      0.024     5.924 f  gqav7_z19p_system_i/pl_ddr4_0/inst/u_ddr4_controller/inst/u_ddr4_infrastructure/u_bufg_divClk/O
    X2Y5 (CLOCK_ROOT)    net (fo=20545, routed)       1.559     7.483    gqav7_z19p_system_i/pl_ddr4_0/inst/u_ddr4_controller/inst/u_ddr4_mem_intfc/u_mig_ddr4_phy/inst/u_ddr4_phy_pll/div_clk
    PLL_X0Y11            PLLE4_ADV (Prop_PLL_CLKIN_CLKOUTPHY)
                                                     -0.713     6.770 f  gqav7_z19p_system_i/pl_ddr4_0/inst/u_ddr4_controller/inst/u_ddr4_mem_intfc/u_mig_ddr4_phy/inst/u_ddr4_phy_pll/plle_loop[0].gen_plle4.PLLE4_BASE_INST_OTHER/CLKOUTPHY
                         net (fo=8, routed)           0.097     6.867    gqav7_z19p_system_i/pl_ddr4_0/inst/u_ddr4_controller/inst/u_ddr4_mem_intfc/u_mig_ddr4_phy/inst/generate_block1.u_ddr_xiphy/byte_num[0].xiphy_byte_wrapper.u_xiphy_byte_wrapper/I_CONTROL[0].GEN_I_CONTROL.u_xiphy_control/pll_clk[0]
    BITSLICE_CONTROL_X0Y40
                         BITSLICE_CONTROL (Prop_CONTROL_BITSLICE_CONTROL_PLL_CLK_TX_DIV2_CLK_Q)
                                                      0.117     6.984 r  gqav7_z19p_system_i/pl_ddr4_0/inst/u_ddr4_controller/inst/u_ddr4_mem_intfc/u_mig_ddr4_phy/inst/generate_block1.u_ddr_xiphy/byte_num[0].xiphy_byte_wrapper.u_xiphy_byte_wrapper/I_CONTROL[0].GEN_I_CONTROL.u_xiphy_control/xiphy_control/TX_DIV2_CLK_Q
    BITSLICE_CONTROL_X0Y40
                         BITSLICE_CONTROL (Prop_CONTROL_BITSLICE_CONTROL_TX_DIV2_CLK_Q_TX_DIV4_CLK_Q)
                                                      0.075     7.059 r  gqav7_z19p_system_i/pl_ddr4_0/inst/u_ddr4_controller/inst/u_ddr4_mem_intfc/u_mig_ddr4_phy/inst/generate_block1.u_ddr_xiphy/byte_num[0].xiphy_byte_wrapper.u_xiphy_byte_wrapper/I_CONTROL[0].GEN_I_CONTROL.u_xiphy_control/xiphy_control/TX_DIV4_CLK_Q
                         clock pessimism             -0.378     6.681    
                         clock uncertainty           -0.157     6.524    
    BITSLICE_CONTROL_X0Y40
                         BITSLICE_CONTROL (Setup_CONTROL_BITSLICE_CONTROL_TX_DIV4_CLK_Q_TBYTE_IN[0])
                                                     -0.140     6.384    gqav7_z19p_system_i/pl_ddr4_0/inst/u_ddr4_controller/inst/u_ddr4_mem_intfc/u_mig_ddr4_phy/inst/generate_block1.u_ddr_xiphy/byte_num[0].xiphy_byte_wrapper.u_xiphy_byte_wrapper/I_CONTROL[0].GEN_I_CONTROL.u_xiphy_control/xiphy_control
  -------------------------------------------------------------------
                         required time                          6.384    
                         arrival time                          -5.724    
  -------------------------------------------------------------------
                         slack                                  0.660    





Min Delay Paths
--------------------------------------------------------------------------------------
Slack (MET) :             0.693ns  (arrival time - required time)
  Source:                 gqav7_z19p_system_i/pl_ddr4_0/inst/u_ddr4_controller/inst/u_ddr4_mem_intfc/u_ddr_cal_top/u_ddr_mc_pi/u_ddr_mc_write/genByte[7].u_ddr_mc_wr_byte/genBit[0].u_ddr_mc_wr_bit/dReg_reg[5]/C
                            (rising edge-triggered cell FDRE clocked by mmcm_clkout0  {rise@0.000ns fall@1.667ns period=3.333ns})
  Destination:            gqav7_z19p_system_i/pl_ddr4_0/inst/u_ddr4_controller/inst/u_ddr4_mem_intfc/u_mig_ddr4_phy/inst/generate_block1.u_ddr_xiphy/byte_num[2].xiphy_byte_wrapper.u_xiphy_byte_wrapper/I_BITSLICE_LOWER[5].GEN_RXTX_BITSLICE_EN.u_xiphy_bitslice_lower/xiphy_rxtx_bitslice/D[5]
                            (rising edge-triggered cell RXTX_BITSLICE clocked by pll_clk[0]_DIV  {rise@0.000ns fall@1.667ns period=3.333ns})
  Path Group:             pll_clk[0]_DIV
  Path Type:              Hold (Min at Slow Process Corner)
  Requirement:            0.000ns  (pll_clk[0]_DIV rise@0.000ns - mmcm_clkout0 rise@0.000ns)
  Data Path Delay:        0.349ns  (logic 0.058ns (16.619%)  route 0.291ns (83.381%))
  Logic Levels:           0  
  Clock Path Skew:        -0.575ns (DCD - SCD - CPR)
    Destination Clock Delay (DCD):    3.379ns
    Source Clock Delay      (SCD):    4.270ns
    Clock Pessimism Removal (CPR):    -0.316ns
  Clock Uncertainty:      0.157ns  ((TSJ^2 + DJ^2)^1/2) / 2 + PE
    Total System Jitter     (TSJ):    0.071ns
    Discrete Jitter          (DJ):    0.064ns
    Phase Error              (PE):    0.109ns
  Clock Net Delay (Source):      1.679ns (routing 0.648ns, distribution 1.031ns)

    Location             Delay type                Incr(ns)  Path(ns)    Netlist Resource(s)
  -------------------------------------------------------------------    -------------------
                         (clock mmcm_clkout0 rise edge)
                                                      0.000     0.000 r  
    H21                                               0.000     0.000 r  PL_CLK0_clk_p (IN)
                         net (fo=0)                   0.079     0.079    gqav7_z19p_system_i/pl_clock_buffer/inst/u_ibufds/I
    HPIOBDIFFINBUF_X0Y179
                         DIFFINBUF (Prop_DIFFINBUF_HPIOBDIFFINBUF_DIFF_IN_P_O)
                                                      0.427     0.506 r  gqav7_z19p_system_i/pl_clock_buffer/inst/u_ibufds/DIFFINBUF_INST/O
                         net (fo=1, routed)           0.040     0.546    gqav7_z19p_system_i/pl_clock_buffer/inst/u_ibufds/OUT
    H21                  IBUFCTRL (Prop_IBUFCTRL_HPIOB_M_I_O)
                                                      0.000     0.546 r  gqav7_z19p_system_i/pl_clock_buffer/inst/u_ibufds/IBUFCTRL_INST/O
                         net (fo=1, routed)           0.286     0.832    gqav7_z19p_system_i/pl_clock_buffer/inst/clk_ibuf
    BUFGCE_X0Y168        BUFGCE (Prop_BUFCE_BUFGCE_I_O)
                                                      0.024     0.856 r  gqav7_z19p_system_i/pl_clock_buffer/inst/clk_ibuf_BUFGCE_inst/O
                         net (fo=20, routed)          0.866     1.722    gqav7_z19p_system_i/pl_ddr4_0/inst/u_ddr4_controller/inst/u_ddr4_infrastructure/mmcm_clk_in
    MMCM_X0Y6            MMCME4_ADV (Prop_MMCM_CLKIN1_CLKOUT0)
                                                      0.630     2.352 r  gqav7_z19p_system_i/pl_ddr4_0/inst/u_ddr4_controller/inst/u_ddr4_infrastructure/gen_mmcme4.u_mmcme_adv_inst/CLKOUT0
                         net (fo=1, routed)           0.215     2.567    gqav7_z19p_system_i/pl_ddr4_0/inst/u_ddr4_controller/inst/u_ddr4_infrastructure/mmcm_clkout0
    BUFGCE_X0Y150        BUFGCE (Prop_BUFCE_BUFGCE_I_O)
                                                      0.024     2.591 r  gqav7_z19p_system_i/pl_ddr4_0/inst/u_ddr4_controller/inst/u_ddr4_infrastructure/u_bufg_divClk/O
    X2Y5 (CLOCK_ROOT)    net (fo=20545, routed)       1.679     4.270    gqav7_z19p_system_i/pl_ddr4_0/inst/u_ddr4_controller/inst/u_ddr4_mem_intfc/u_ddr_cal_top/u_ddr_mc_pi/u_ddr_mc_write/genByte[7].u_ddr_mc_wr_byte/genBit[0].u_ddr_mc_wr_bit/dReg_reg[15]_0
    SLICE_X43Y336        FDRE                                         r  gqav7_z19p_system_i/pl_ddr4_0/inst/u_ddr4_controller/inst/u_ddr4_mem_intfc/u_ddr_cal_top/u_ddr_mc_pi/u_ddr_mc_write/genByte[7].u_ddr_mc_wr_byte/genBit[0].u_ddr_mc_wr_bit/dReg_reg[5]/C
  -------------------------------------------------------------------    -------------------
    SLICE_X43Y336        FDRE (Prop_AFF_SLICEL_C_Q)
                                                      0.058     4.328 r  gqav7_z19p_system_i/pl_ddr4_0/inst/u_ddr4_controller/inst/u_ddr4_mem_intfc/u_ddr_cal_top/u_ddr_mc_pi/u_ddr_mc_write/genByte[7].u_ddr_mc_wr_byte/genBit[0].u_ddr_mc_wr_bit/dReg_reg[5]/Q
                         net (fo=1, routed)           0.291     4.619    gqav7_z19p_system_i/pl_ddr4_0/inst/u_ddr4_controller/inst/u_ddr4_mem_intfc/u_mig_ddr4_phy/inst/generate_block1.u_ddr_xiphy/byte_num[2].xiphy_byte_wrapper.u_xiphy_byte_wrapper/I_BITSLICE_LOWER[5].GEN_RXTX_BITSLICE_EN.u_xiphy_bitslice_lower/ch0_mcal_DQOut[5]
    BITSLICE_RX_TX_X0Y291
                         RXTX_BITSLICE                                r  gqav7_z19p_system_i/pl_ddr4_0/inst/u_ddr4_controller/inst/u_ddr4_mem_intfc/u_mig_ddr4_phy/inst/generate_block1.u_ddr_xiphy/byte_num[2].xiphy_byte_wrapper.u_xiphy_byte_wrapper/I_BITSLICE_LOWER[5].GEN_RXTX_BITSLICE_EN.u_xiphy_bitslice_lower/xiphy_rxtx_bitslice/D[5]
  -------------------------------------------------------------------    -------------------

                         (clock pll_clk[0]_DIV rise edge)
                                                      0.000     0.000 r  
    H21                                               0.000     0.000 r  PL_CLK0_clk_p (IN)
                         net (fo=0)                   0.100     0.100    gqav7_z19p_system_i/pl_clock_buffer/inst/u_ibufds/I
    HPIOBDIFFINBUF_X0Y179
                         DIFFINBUF (Prop_DIFFINBUF_HPIOBDIFFINBUF_DIFF_IN_P_O)
                                                      0.523     0.623 r  gqav7_z19p_system_i/pl_clock_buffer/inst/u_ibufds/DIFFINBUF_INST/O
                         net (fo=1, routed)           0.050     0.673    gqav7_z19p_system_i/pl_clock_buffer/inst/u_ibufds/OUT
    H21                  IBUFCTRL (Prop_IBUFCTRL_HPIOB_M_I_O)
                                                      0.000     0.673 r  gqav7_z19p_system_i/pl_clock_buffer/inst/u_ibufds/IBUFCTRL_INST/O
                         net (fo=1, routed)           0.323     0.996    gqav7_z19p_system_i/pl_clock_buffer/inst/clk_ibuf
    BUFGCE_X0Y168        BUFGCE (Prop_BUFCE_BUFGCE_I_O)
                                                      0.028     1.024 r  gqav7_z19p_system_i/pl_clock_buffer/inst/clk_ibuf_BUFGCE_inst/O
                         net (fo=20, routed)          0.981     2.005    gqav7_z19p_system_i/pl_ddr4_0/inst/u_ddr4_controller/inst/u_ddr4_infrastructure/mmcm_clk_in
    MMCM_X0Y6            MMCME4_ADV (Prop_MMCM_CLKIN1_CLKOUT0)
                                                     -0.127     1.878 r  gqav7_z19p_system_i/pl_ddr4_0/inst/u_ddr4_controller/inst/u_ddr4_infrastructure/gen_mmcme4.u_mmcme_adv_inst/CLKOUT0
                         net (fo=1, routed)           0.245     2.123    gqav7_z19p_system_i/pl_ddr4_0/inst/u_ddr4_controller/inst/u_ddr4_infrastructure/mmcm_clkout0
    BUFGCE_X0Y150        BUFGCE (Prop_BUFCE_BUFGCE_I_O)
                                                      0.028     2.151 r  gqav7_z19p_system_i/pl_ddr4_0/inst/u_ddr4_controller/inst/u_ddr4_infrastructure/u_bufg_divClk/O
                         net (fo=20545, routed)       1.735     3.886    gqav7_z19p_system_i/pl_ddr4_0/inst/u_ddr4_controller/inst/u_ddr4_mem_intfc/u_mig_ddr4_phy/inst/u_ddr4_phy_pll/div_clk
    PLL_X0Y11            PLLE4_ADV (Prop_PLL_CLKIN_CLKOUTPHY)
                                                     -1.141     2.745 r  gqav7_z19p_system_i/pl_ddr4_0/inst/u_ddr4_controller/inst/u_ddr4_mem_intfc/u_mig_ddr4_phy/inst/u_ddr4_phy_pll/plle_loop[0].gen_plle4.PLLE4_BASE_INST_OTHER/CLKOUTPHY
                         net (fo=8, routed)           0.132     2.877    gqav7_z19p_system_i/pl_ddr4_0/inst/u_ddr4_controller/inst/u_ddr4_mem_intfc/u_mig_ddr4_phy/inst/generate_block1.u_ddr_xiphy/byte_num[2].xiphy_byte_wrapper.u_xiphy_byte_wrapper/I_CONTROL[0].GEN_I_CONTROL.u_xiphy_control/pll_clk[0]
    BITSLICE_CONTROL_X0Y44
                         BITSLICE_CONTROL (Prop_CONTROL_BITSLICE_CONTROL_PLL_CLK_TX_DIV2_CLK_Q)
                                                      0.177     3.054 r  gqav7_z19p_system_i/pl_ddr4_0/inst/u_ddr4_controller/inst/u_ddr4_mem_intfc/u_mig_ddr4_phy/inst/generate_block1.u_ddr_xiphy/byte_num[2].xiphy_byte_wrapper.u_xiphy_byte_wrapper/I_CONTROL[0].GEN_I_CONTROL.u_xiphy_control/xiphy_control/TX_DIV2_CLK_Q
    BITSLICE_CONTROL_X0Y44
                         BITSLICE_CONTROL (Prop_CONTROL_BITSLICE_CONTROL_TX_DIV2_CLK_Q_TX_DIV4_CLK_Q)
                                                      0.109     3.163 r  gqav7_z19p_system_i/pl_ddr4_0/inst/u_ddr4_controller/inst/u_ddr4_mem_intfc/u_mig_ddr4_phy/inst/generate_block1.u_ddr_xiphy/byte_num[2].xiphy_byte_wrapper.u_xiphy_byte_wrapper/I_CONTROL[0].GEN_I_CONTROL.u_xiphy_control/xiphy_control/TX_DIV4_CLK_Q
    BITSLICE_CONTROL_X0Y44
                         BITSLICE_CONTROL (Prop_CONTROL_BITSLICE_CONTROL_TX_DIV4_CLK_Q_TX_BIT_CTRL_OUT5[26])
                                                      0.192     3.355 r  gqav7_z19p_system_i/pl_ddr4_0/inst/u_ddr4_controller/inst/u_ddr4_mem_intfc/u_mig_ddr4_phy/inst/generate_block1.u_ddr_xiphy/byte_num[2].xiphy_byte_wrapper.u_xiphy_byte_wrapper/I_CONTROL[0].GEN_I_CONTROL.u_xiphy_control/xiphy_control/TX_BIT_CTRL_OUT5[26]
                         net (fo=1, routed)           0.024     3.379    gqav7_z19p_system_i/pl_ddr4_0/inst/u_ddr4_controller/inst/u_ddr4_mem_intfc/u_mig_ddr4_phy/inst/generate_block1.u_ddr_xiphy/byte_num[2].xiphy_byte_wrapper.u_xiphy_byte_wrapper/I_BITSLICE_LOWER[5].GEN_RXTX_BITSLICE_EN.u_xiphy_bitslice_lower/TX_BIT_CTRL_OUT5[26]
    BITSLICE_RX_TX_X0Y291
                         RXTX_BITSLICE                                r  gqav7_z19p_system_i/pl_ddr4_0/inst/u_ddr4_controller/inst/u_ddr4_mem_intfc/u_mig_ddr4_phy/inst/generate_block1.u_ddr_xiphy/byte_num[2].xiphy_byte_wrapper.u_xiphy_byte_wrapper/I_BITSLICE_LOWER[5].GEN_RXTX_BITSLICE_EN.u_xiphy_bitslice_lower/xiphy_rxtx_bitslice/TX_BIT_CTRL_IN[26]
                         clock pessimism              0.316     3.695    
                         clock uncertainty            0.157     3.852    
    BITSLICE_RX_TX_X0Y291
                         RXTX_BITSLICE (Hold_RXTX_BITSLICE_BITSLICE_RX_TX_TX_BIT_CTRL_IN[26]_D[5])
                                                      0.074     3.926    gqav7_z19p_system_i/pl_ddr4_0/inst/u_ddr4_controller/inst/u_ddr4_mem_intfc/u_mig_ddr4_phy/inst/generate_block1.u_ddr_xiphy/byte_num[2].xiphy_byte_wrapper.u_xiphy_byte_wrapper/I_BITSLICE_LOWER[5].GEN_RXTX_BITSLICE_EN.u_xiphy_bitslice_lower/xiphy_rxtx_bitslice
  -------------------------------------------------------------------
                         required time                         -3.926    
                         arrival time                           4.619    
  -------------------------------------------------------------------
                         slack                                  0.693    





---------------------------------------------------------------------------------------------------
From Clock:  mmcm_clkout0
  To Clock:  pll_clk[1]_DIV

Setup :            0  Failing Endpoints,  Worst Slack        0.716ns,  Total Violation        0.000ns
Hold  :            0  Failing Endpoints,  Worst Slack        0.698ns,  Total Violation        0.000ns
---------------------------------------------------------------------------------------------------


Max Delay Paths
--------------------------------------------------------------------------------------
Slack (MET) :             0.716ns  (required time - arrival time)
  Source:                 gqav7_z19p_system_i/pl_ddr4_0/inst/u_ddr4_controller/inst/u_ddr4_mem_intfc/u_ddr_cal_top/u_ddr_mc_pi/u_ddr_mc_write/oe_low_reg[0]/C
                            (rising edge-triggered cell FDRE clocked by mmcm_clkout0  {rise@0.000ns fall@1.667ns period=3.333ns})
  Destination:            gqav7_z19p_system_i/pl_ddr4_0/inst/u_ddr4_controller/inst/u_ddr4_mem_intfc/u_mig_ddr4_phy/inst/generate_block1.u_ddr_xiphy/byte_num[7].xiphy_byte_wrapper.u_xiphy_byte_wrapper/I_CONTROL[0].GEN_I_CONTROL.u_xiphy_control/xiphy_control/TBYTE_IN[0]
                            (rising edge-triggered cell BITSLICE_CONTROL clocked by pll_clk[1]_DIV  {rise@0.000ns fall@1.667ns period=3.333ns})
  Path Group:             pll_clk[1]_DIV
  Path Type:              Setup (Max at Slow Process Corner)
  Requirement:            3.333ns  (pll_clk[1]_DIV rise@3.333ns - mmcm_clkout0 rise@0.000ns)
  Data Path Delay:        1.654ns  (logic 0.079ns (4.775%)  route 1.575ns (95.225%))
  Logic Levels:           0  
  Clock Path Skew:        -0.665ns (DCD - SCD + CPR)
    Destination Clock Delay (DCD):    3.770ns = ( 7.103 - 3.333 ) 
    Source Clock Delay      (SCD):    4.123ns
    Clock Pessimism Removal (CPR):    -0.312ns
  Clock Uncertainty:      0.157ns  ((TSJ^2 + DJ^2)^1/2) / 2 + PE
    Total System Jitter     (TSJ):    0.071ns
    Discrete Jitter          (DJ):    0.064ns
    Phase Error              (PE):    0.109ns
  Clock Net Delay (Source):      1.972ns (routing 0.714ns, distribution 1.258ns)
  Clock Net Delay (Destination): 1.602ns (routing 0.648ns, distribution 0.954ns)

    Location             Delay type                Incr(ns)  Path(ns)    Netlist Resource(s)
  -------------------------------------------------------------------    -------------------
                         (clock mmcm_clkout0 rise edge)
                                                      0.000     0.000 r  
    H21                                               0.000     0.000 r  PL_CLK0_clk_p (IN)
                         net (fo=0)                   0.100     0.100    gqav7_z19p_system_i/pl_clock_buffer/inst/u_ibufds/I
    HPIOBDIFFINBUF_X0Y179
                         DIFFINBUF (Prop_DIFFINBUF_HPIOBDIFFINBUF_DIFF_IN_P_O)
                                                      0.523     0.623 r  gqav7_z19p_system_i/pl_clock_buffer/inst/u_ibufds/DIFFINBUF_INST/O
                         net (fo=1, routed)           0.050     0.673    gqav7_z19p_system_i/pl_clock_buffer/inst/u_ibufds/OUT
    H21                  IBUFCTRL (Prop_IBUFCTRL_HPIOB_M_I_O)
                                                      0.000     0.673 r  gqav7_z19p_system_i/pl_clock_buffer/inst/u_ibufds/IBUFCTRL_INST/O
                         net (fo=1, routed)           0.323     0.996    gqav7_z19p_system_i/pl_clock_buffer/inst/clk_ibuf
    BUFGCE_X0Y168        BUFGCE (Prop_BUFCE_BUFGCE_I_O)
                                                      0.028     1.024 r  gqav7_z19p_system_i/pl_clock_buffer/inst/clk_ibuf_BUFGCE_inst/O
                         net (fo=20, routed)          0.981     2.005    gqav7_z19p_system_i/pl_ddr4_0/inst/u_ddr4_controller/inst/u_ddr4_infrastructure/mmcm_clk_in
    MMCM_X0Y6            MMCME4_ADV (Prop_MMCM_CLKIN1_CLKOUT0)
                                                     -0.127     1.878 r  gqav7_z19p_system_i/pl_ddr4_0/inst/u_ddr4_controller/inst/u_ddr4_infrastructure/gen_mmcme4.u_mmcme_adv_inst/CLKOUT0
                         net (fo=1, routed)           0.245     2.123    gqav7_z19p_system_i/pl_ddr4_0/inst/u_ddr4_controller/inst/u_ddr4_infrastructure/mmcm_clkout0
    BUFGCE_X0Y150        BUFGCE (Prop_BUFCE_BUFGCE_I_O)
                                                      0.028     2.151 r  gqav7_z19p_system_i/pl_ddr4_0/inst/u_ddr4_controller/inst/u_ddr4_infrastructure/u_bufg_divClk/O
    X2Y5 (CLOCK_ROOT)    net (fo=20545, routed)       1.972     4.123    gqav7_z19p_system_i/pl_ddr4_0/inst/u_ddr4_controller/inst/u_ddr4_mem_intfc/u_ddr_cal_top/u_ddr_mc_pi/u_ddr_mc_write/dReg_reg[13]
    SLICE_X41Y361        FDRE                                         r  gqav7_z19p_system_i/pl_ddr4_0/inst/u_ddr4_controller/inst/u_ddr4_mem_intfc/u_ddr_cal_top/u_ddr_mc_pi/u_ddr_mc_write/oe_low_reg[0]/C
  -------------------------------------------------------------------    -------------------
    SLICE_X41Y361        FDRE (Prop_HFF_SLICEL_C_Q)
                                                      0.079     4.202 r  gqav7_z19p_system_i/pl_ddr4_0/inst/u_ddr4_controller/inst/u_ddr4_mem_intfc/u_ddr_cal_top/u_ddr_mc_pi/u_ddr_mc_write/oe_low_reg[0]/Q
                         net (fo=8, routed)           1.575     5.777    gqav7_z19p_system_i/pl_ddr4_0/inst/u_ddr4_controller/inst/u_ddr4_mem_intfc/u_mig_ddr4_phy/inst/generate_block1.u_ddr_xiphy/byte_num[7].xiphy_byte_wrapper.u_xiphy_byte_wrapper/I_CONTROL[0].GEN_I_CONTROL.u_xiphy_control/ch0_mcal_clb2phy_t_b_low[0]
    BITSLICE_CONTROL_X0Y54
                         BITSLICE_CONTROL                             r  gqav7_z19p_system_i/pl_ddr4_0/inst/u_ddr4_controller/inst/u_ddr4_mem_intfc/u_mig_ddr4_phy/inst/generate_block1.u_ddr_xiphy/byte_num[7].xiphy_byte_wrapper.u_xiphy_byte_wrapper/I_CONTROL[0].GEN_I_CONTROL.u_xiphy_control/xiphy_control/TBYTE_IN[0]
  -------------------------------------------------------------------    -------------------

                         (clock pll_clk[1]_DIV rise edge)
                                                      3.333     3.333 r  
    H21                                               0.000     3.333 r  PL_CLK0_clk_p (IN)
                         net (fo=0)                   0.079     3.412    gqav7_z19p_system_i/pl_clock_buffer/inst/u_ibufds/I
    HPIOBDIFFINBUF_X0Y179
                         DIFFINBUF (Prop_DIFFINBUF_HPIOBDIFFINBUF_DIFF_IN_P_O)
                                                      0.427     3.839 r  gqav7_z19p_system_i/pl_clock_buffer/inst/u_ibufds/DIFFINBUF_INST/O
                         net (fo=1, routed)           0.040     3.879    gqav7_z19p_system_i/pl_clock_buffer/inst/u_ibufds/OUT
    H21                  IBUFCTRL (Prop_IBUFCTRL_HPIOB_M_I_O)
                                                      0.000     3.879 r  gqav7_z19p_system_i/pl_clock_buffer/inst/u_ibufds/IBUFCTRL_INST/O
                         net (fo=1, routed)           0.286     4.165    gqav7_z19p_system_i/pl_clock_buffer/inst/clk_ibuf
    BUFGCE_X0Y168        BUFGCE (Prop_BUFCE_BUFGCE_I_O)
                                                      0.024     4.189 r  gqav7_z19p_system_i/pl_clock_buffer/inst/clk_ibuf_BUFGCE_inst/O
                         net (fo=20, routed)          0.866     5.055    gqav7_z19p_system_i/pl_ddr4_0/inst/u_ddr4_controller/inst/u_ddr4_infrastructure/mmcm_clk_in
    MMCM_X0Y6            MMCME4_ADV (Prop_MMCM_CLKIN1_CLKOUT0)
                                                      0.630     5.685 r  gqav7_z19p_system_i/pl_ddr4_0/inst/u_ddr4_controller/inst/u_ddr4_infrastructure/gen_mmcme4.u_mmcme_adv_inst/CLKOUT0
                         net (fo=1, routed)           0.215     5.900    gqav7_z19p_system_i/pl_ddr4_0/inst/u_ddr4_controller/inst/u_ddr4_infrastructure/mmcm_clkout0
    BUFGCE_X0Y150        BUFGCE (Prop_BUFCE_BUFGCE_I_O)
                                                      0.024     5.924 r  gqav7_z19p_system_i/pl_ddr4_0/inst/u_ddr4_controller/inst/u_ddr4_infrastructure/u_bufg_divClk/O
    X2Y5 (CLOCK_ROOT)    net (fo=20545, routed)       1.602     7.526    gqav7_z19p_system_i/pl_ddr4_0/inst/u_ddr4_controller/inst/u_ddr4_mem_intfc/u_mig_ddr4_phy/inst/u_ddr4_phy_pll/div_clk
    PLL_X0Y13            PLLE4_ADV (Prop_PLL_CLKIN_CLKOUTPHY)
                                                     -0.713     6.813 r  gqav7_z19p_system_i/pl_ddr4_0/inst/u_ddr4_controller/inst/u_ddr4_mem_intfc/u_mig_ddr4_phy/inst/u_ddr4_phy_pll/plle_loop[1].gen_plle4.PLLE4_BASE_INST_OTHER/CLKOUTPHY
                         net (fo=8, routed)           0.098     6.911    gqav7_z19p_system_i/pl_ddr4_0/inst/u_ddr4_controller/inst/u_ddr4_mem_intfc/u_mig_ddr4_phy/inst/generate_block1.u_ddr_xiphy/byte_num[7].xiphy_byte_wrapper.u_xiphy_byte_wrapper/I_CONTROL[0].GEN_I_CONTROL.u_xiphy_control/pll_clk[0]
    BITSLICE_CONTROL_X0Y54
                         BITSLICE_CONTROL (Prop_CONTROL_BITSLICE_CONTROL_PLL_CLK_TX_DIV2_CLK_Q)
                                                      0.117     7.028 r  gqav7_z19p_system_i/pl_ddr4_0/inst/u_ddr4_controller/inst/u_ddr4_mem_intfc/u_mig_ddr4_phy/inst/generate_block1.u_ddr_xiphy/byte_num[7].xiphy_byte_wrapper.u_xiphy_byte_wrapper/I_CONTROL[0].GEN_I_CONTROL.u_xiphy_control/xiphy_control/TX_DIV2_CLK_Q
    BITSLICE_CONTROL_X0Y54
                         BITSLICE_CONTROL (Prop_CONTROL_BITSLICE_CONTROL_TX_DIV2_CLK_Q_TX_DIV4_CLK_Q)
                                                      0.075     7.103 r  gqav7_z19p_system_i/pl_ddr4_0/inst/u_ddr4_controller/inst/u_ddr4_mem_intfc/u_mig_ddr4_phy/inst/generate_block1.u_ddr_xiphy/byte_num[7].xiphy_byte_wrapper.u_xiphy_byte_wrapper/I_CONTROL[0].GEN_I_CONTROL.u_xiphy_control/xiphy_control/TX_DIV4_CLK_Q
                         clock pessimism             -0.312     6.791    
                         clock uncertainty           -0.157     6.634    
    BITSLICE_CONTROL_X0Y54
                         BITSLICE_CONTROL (Setup_CONTROL_BITSLICE_CONTROL_TX_DIV4_CLK_Q_TBYTE_IN[0])
                                                     -0.140     6.494    gqav7_z19p_system_i/pl_ddr4_0/inst/u_ddr4_controller/inst/u_ddr4_mem_intfc/u_mig_ddr4_phy/inst/generate_block1.u_ddr_xiphy/byte_num[7].xiphy_byte_wrapper.u_xiphy_byte_wrapper/I_CONTROL[0].GEN_I_CONTROL.u_xiphy_control/xiphy_control
  -------------------------------------------------------------------
                         required time                          6.494    
                         arrival time                          -5.777    
  -------------------------------------------------------------------
                         slack                                  0.716    





Min Delay Paths
--------------------------------------------------------------------------------------
Slack (MET) :             0.698ns  (arrival time - required time)
  Source:                 gqav7_z19p_system_i/pl_ddr4_0/inst/u_ddr4_controller/inst/u_ddr4_mem_intfc/u_ddr_cal_top/u_ddr_mc_pi/u_ddr_mc_write/genByte[2].u_ddr_mc_wr_byte/genBit[0].u_ddr_mc_wr_bit/dReg_reg[0]/C
                            (rising edge-triggered cell FDRE clocked by mmcm_clkout0  {rise@0.000ns fall@1.667ns period=3.333ns})
  Destination:            gqav7_z19p_system_i/pl_ddr4_0/inst/u_ddr4_controller/inst/u_ddr4_mem_intfc/u_mig_ddr4_phy/inst/generate_block1.u_ddr_xiphy/byte_num[7].xiphy_byte_wrapper.u_xiphy_byte_wrapper/I_BITSLICE_LOWER[3].GEN_RXTX_BITSLICE_EN.u_xiphy_bitslice_lower/xiphy_rxtx_bitslice/D[0]
                            (rising edge-triggered cell RXTX_BITSLICE clocked by pll_clk[1]_DIV  {rise@0.000ns fall@1.667ns period=3.333ns})
  Path Group:             pll_clk[1]_DIV
  Path Type:              Hold (Min at Slow Process Corner)
  Requirement:            0.000ns  (pll_clk[1]_DIV rise@0.000ns - mmcm_clkout0 rise@0.000ns)
  Data Path Delay:        0.312ns  (logic 0.058ns (18.590%)  route 0.254ns (81.410%))
  Logic Levels:           0  
  Clock Path Skew:        -0.595ns (DCD - SCD - CPR)
    Destination Clock Delay (DCD):    3.426ns
    Source Clock Delay      (SCD):    4.334ns
    Clock Pessimism Removal (CPR):    -0.312ns
  Clock Uncertainty:      0.157ns  ((TSJ^2 + DJ^2)^1/2) / 2 + PE
    Total System Jitter     (TSJ):    0.071ns
    Discrete Jitter          (DJ):    0.064ns
    Phase Error              (PE):    0.109ns
  Clock Net Delay (Source):      1.743ns (routing 0.648ns, distribution 1.095ns)

    Location             Delay type                Incr(ns)  Path(ns)    Netlist Resource(s)
  -------------------------------------------------------------------    -------------------
                         (clock mmcm_clkout0 rise edge)
                                                      0.000     0.000 r  
    H21                                               0.000     0.000 r  PL_CLK0_clk_p (IN)
                         net (fo=0)                   0.079     0.079    gqav7_z19p_system_i/pl_clock_buffer/inst/u_ibufds/I
    HPIOBDIFFINBUF_X0Y179
                         DIFFINBUF (Prop_DIFFINBUF_HPIOBDIFFINBUF_DIFF_IN_P_O)
                                                      0.427     0.506 r  gqav7_z19p_system_i/pl_clock_buffer/inst/u_ibufds/DIFFINBUF_INST/O
                         net (fo=1, routed)           0.040     0.546    gqav7_z19p_system_i/pl_clock_buffer/inst/u_ibufds/OUT
    H21                  IBUFCTRL (Prop_IBUFCTRL_HPIOB_M_I_O)
                                                      0.000     0.546 r  gqav7_z19p_system_i/pl_clock_buffer/inst/u_ibufds/IBUFCTRL_INST/O
                         net (fo=1, routed)           0.286     0.832    gqav7_z19p_system_i/pl_clock_buffer/inst/clk_ibuf
    BUFGCE_X0Y168        BUFGCE (Prop_BUFCE_BUFGCE_I_O)
                                                      0.024     0.856 r  gqav7_z19p_system_i/pl_clock_buffer/inst/clk_ibuf_BUFGCE_inst/O
                         net (fo=20, routed)          0.866     1.722    gqav7_z19p_system_i/pl_ddr4_0/inst/u_ddr4_controller/inst/u_ddr4_infrastructure/mmcm_clk_in
    MMCM_X0Y6            MMCME4_ADV (Prop_MMCM_CLKIN1_CLKOUT0)
                                                      0.630     2.352 r  gqav7_z19p_system_i/pl_ddr4_0/inst/u_ddr4_controller/inst/u_ddr4_infrastructure/gen_mmcme4.u_mmcme_adv_inst/CLKOUT0
                         net (fo=1, routed)           0.215     2.567    gqav7_z19p_system_i/pl_ddr4_0/inst/u_ddr4_controller/inst/u_ddr4_infrastructure/mmcm_clkout0
    BUFGCE_X0Y150        BUFGCE (Prop_BUFCE_BUFGCE_I_O)
                                                      0.024     2.591 r  gqav7_z19p_system_i/pl_ddr4_0/inst/u_ddr4_controller/inst/u_ddr4_infrastructure/u_bufg_divClk/O
    X2Y5 (CLOCK_ROOT)    net (fo=20545, routed)       1.743     4.334    gqav7_z19p_system_i/pl_ddr4_0/inst/u_ddr4_controller/inst/u_ddr4_mem_intfc/u_ddr_cal_top/u_ddr_mc_pi/u_ddr_mc_write/genByte[2].u_ddr_mc_wr_byte/genBit[0].u_ddr_mc_wr_bit/dReg_reg[0]_0
    SLICE_X41Y409        FDRE                                         r  gqav7_z19p_system_i/pl_ddr4_0/inst/u_ddr4_controller/inst/u_ddr4_mem_intfc/u_ddr_cal_top/u_ddr_mc_pi/u_ddr_mc_write/genByte[2].u_ddr_mc_wr_byte/genBit[0].u_ddr_mc_wr_bit/dReg_reg[0]/C
  -------------------------------------------------------------------    -------------------
    SLICE_X41Y409        FDRE (Prop_FFF_SLICEL_C_Q)
                                                      0.058     4.392 r  gqav7_z19p_system_i/pl_ddr4_0/inst/u_ddr4_controller/inst/u_ddr4_mem_intfc/u_ddr_cal_top/u_ddr_mc_pi/u_ddr_mc_write/genByte[2].u_ddr_mc_wr_byte/genBit[0].u_ddr_mc_wr_bit/dReg_reg[0]/Q
                         net (fo=1, routed)           0.254     4.646    gqav7_z19p_system_i/pl_ddr4_0/inst/u_ddr4_controller/inst/u_ddr4_mem_intfc/u_mig_ddr4_phy/inst/generate_block1.u_ddr_xiphy/byte_num[7].xiphy_byte_wrapper.u_xiphy_byte_wrapper/I_BITSLICE_LOWER[3].GEN_RXTX_BITSLICE_EN.u_xiphy_bitslice_lower/ch0_mcal_DQOut[0]
    BITSLICE_RX_TX_X0Y354
                         RXTX_BITSLICE                                r  gqav7_z19p_system_i/pl_ddr4_0/inst/u_ddr4_controller/inst/u_ddr4_mem_intfc/u_mig_ddr4_phy/inst/generate_block1.u_ddr_xiphy/byte_num[7].xiphy_byte_wrapper.u_xiphy_byte_wrapper/I_BITSLICE_LOWER[3].GEN_RXTX_BITSLICE_EN.u_xiphy_bitslice_lower/xiphy_rxtx_bitslice/D[0]
  -------------------------------------------------------------------    -------------------

                         (clock pll_clk[1]_DIV rise edge)
                                                      0.000     0.000 r  
    H21                                               0.000     0.000 r  PL_CLK0_clk_p (IN)
                         net (fo=0)                   0.100     0.100    gqav7_z19p_system_i/pl_clock_buffer/inst/u_ibufds/I
    HPIOBDIFFINBUF_X0Y179
                         DIFFINBUF (Prop_DIFFINBUF_HPIOBDIFFINBUF_DIFF_IN_P_O)
                                                      0.523     0.623 r  gqav7_z19p_system_i/pl_clock_buffer/inst/u_ibufds/DIFFINBUF_INST/O
                         net (fo=1, routed)           0.050     0.673    gqav7_z19p_system_i/pl_clock_buffer/inst/u_ibufds/OUT
    H21                  IBUFCTRL (Prop_IBUFCTRL_HPIOB_M_I_O)
                                                      0.000     0.673 r  gqav7_z19p_system_i/pl_clock_buffer/inst/u_ibufds/IBUFCTRL_INST/O
                         net (fo=1, routed)           0.323     0.996    gqav7_z19p_system_i/pl_clock_buffer/inst/clk_ibuf
    BUFGCE_X0Y168        BUFGCE (Prop_BUFCE_BUFGCE_I_O)
                                                      0.028     1.024 r  gqav7_z19p_system_i/pl_clock_buffer/inst/clk_ibuf_BUFGCE_inst/O
                         net (fo=20, routed)          0.981     2.005    gqav7_z19p_system_i/pl_ddr4_0/inst/u_ddr4_controller/inst/u_ddr4_infrastructure/mmcm_clk_in
    MMCM_X0Y6            MMCME4_ADV (Prop_MMCM_CLKIN1_CLKOUT0)
                                                     -0.127     1.878 r  gqav7_z19p_system_i/pl_ddr4_0/inst/u_ddr4_controller/inst/u_ddr4_infrastructure/gen_mmcme4.u_mmcme_adv_inst/CLKOUT0
                         net (fo=1, routed)           0.245     2.123    gqav7_z19p_system_i/pl_ddr4_0/inst/u_ddr4_controller/inst/u_ddr4_infrastructure/mmcm_clkout0
    BUFGCE_X0Y150        BUFGCE (Prop_BUFCE_BUFGCE_I_O)
                                                      0.028     2.151 r  gqav7_z19p_system_i/pl_ddr4_0/inst/u_ddr4_controller/inst/u_ddr4_infrastructure/u_bufg_divClk/O
                         net (fo=20545, routed)       1.782     3.933    gqav7_z19p_system_i/pl_ddr4_0/inst/u_ddr4_controller/inst/u_ddr4_mem_intfc/u_mig_ddr4_phy/inst/u_ddr4_phy_pll/div_clk
    PLL_X0Y13            PLLE4_ADV (Prop_PLL_CLKIN_CLKOUTPHY)
                                                     -1.141     2.792 r  gqav7_z19p_system_i/pl_ddr4_0/inst/u_ddr4_controller/inst/u_ddr4_mem_intfc/u_mig_ddr4_phy/inst/u_ddr4_phy_pll/plle_loop[1].gen_plle4.PLLE4_BASE_INST_OTHER/CLKOUTPHY
                         net (fo=8, routed)           0.140     2.932    gqav7_z19p_system_i/pl_ddr4_0/inst/u_ddr4_controller/inst/u_ddr4_mem_intfc/u_mig_ddr4_phy/inst/generate_block1.u_ddr_xiphy/byte_num[7].xiphy_byte_wrapper.u_xiphy_byte_wrapper/I_CONTROL[0].GEN_I_CONTROL.u_xiphy_control/pll_clk[0]
    BITSLICE_CONTROL_X0Y54
                         BITSLICE_CONTROL (Prop_CONTROL_BITSLICE_CONTROL_PLL_CLK_TX_DIV2_CLK_Q)
                                                      0.177     3.109 r  gqav7_z19p_system_i/pl_ddr4_0/inst/u_ddr4_controller/inst/u_ddr4_mem_intfc/u_mig_ddr4_phy/inst/generate_block1.u_ddr_xiphy/byte_num[7].xiphy_byte_wrapper.u_xiphy_byte_wrapper/I_CONTROL[0].GEN_I_CONTROL.u_xiphy_control/xiphy_control/TX_DIV2_CLK_Q
    BITSLICE_CONTROL_X0Y54
                         BITSLICE_CONTROL (Prop_CONTROL_BITSLICE_CONTROL_TX_DIV2_CLK_Q_TX_DIV4_CLK_Q)
                                                      0.109     3.218 r  gqav7_z19p_system_i/pl_ddr4_0/inst/u_ddr4_controller/inst/u_ddr4_mem_intfc/u_mig_ddr4_phy/inst/generate_block1.u_ddr_xiphy/byte_num[7].xiphy_byte_wrapper.u_xiphy_byte_wrapper/I_CONTROL[0].GEN_I_CONTROL.u_xiphy_control/xiphy_control/TX_DIV4_CLK_Q
    BITSLICE_CONTROL_X0Y54
                         BITSLICE_CONTROL (Prop_CONTROL_BITSLICE_CONTROL_TX_DIV4_CLK_Q_TX_BIT_CTRL_OUT3[26])
                                                      0.187     3.405 r  gqav7_z19p_system_i/pl_ddr4_0/inst/u_ddr4_controller/inst/u_ddr4_mem_intfc/u_mig_ddr4_phy/inst/generate_block1.u_ddr_xiphy/byte_num[7].xiphy_byte_wrapper.u_xiphy_byte_wrapper/I_CONTROL[0].GEN_I_CONTROL.u_xiphy_control/xiphy_control/TX_BIT_CTRL_OUT3[26]
                         net (fo=1, routed)           0.021     3.426    gqav7_z19p_system_i/pl_ddr4_0/inst/u_ddr4_controller/inst/u_ddr4_mem_intfc/u_mig_ddr4_phy/inst/generate_block1.u_ddr_xiphy/byte_num[7].xiphy_byte_wrapper.u_xiphy_byte_wrapper/I_BITSLICE_LOWER[3].GEN_RXTX_BITSLICE_EN.u_xiphy_bitslice_lower/TX_BIT_CTRL_OUT3[26]
    BITSLICE_RX_TX_X0Y354
                         RXTX_BITSLICE                                r  gqav7_z19p_system_i/pl_ddr4_0/inst/u_ddr4_controller/inst/u_ddr4_mem_intfc/u_mig_ddr4_phy/inst/generate_block1.u_ddr_xiphy/byte_num[7].xiphy_byte_wrapper.u_xiphy_byte_wrapper/I_BITSLICE_LOWER[3].GEN_RXTX_BITSLICE_EN.u_xiphy_bitslice_lower/xiphy_rxtx_bitslice/TX_BIT_CTRL_IN[26]
                         clock pessimism              0.312     3.738    
                         clock uncertainty            0.157     3.895    
    BITSLICE_RX_TX_X0Y354
                         RXTX_BITSLICE (Hold_RXTX_BITSLICE_BITSLICE_RX_TX_TX_BIT_CTRL_IN[26]_D[0])
                                                      0.052     3.947    gqav7_z19p_system_i/pl_ddr4_0/inst/u_ddr4_controller/inst/u_ddr4_mem_intfc/u_mig_ddr4_phy/inst/generate_block1.u_ddr_xiphy/byte_num[7].xiphy_byte_wrapper.u_xiphy_byte_wrapper/I_BITSLICE_LOWER[3].GEN_RXTX_BITSLICE_EN.u_xiphy_bitslice_lower/xiphy_rxtx_bitslice
  -------------------------------------------------------------------
                         required time                         -3.947    
                         arrival time                           4.646    
  -------------------------------------------------------------------
                         slack                                  0.698    





---------------------------------------------------------------------------------------------------
From Clock:  mmcm_clkout0
  To Clock:  pll_clk[2]_DIV

Setup :            0  Failing Endpoints,  Worst Slack        0.672ns,  Total Violation        0.000ns
Hold  :            0  Failing Endpoints,  Worst Slack        0.717ns,  Total Violation        0.000ns
---------------------------------------------------------------------------------------------------


Max Delay Paths
--------------------------------------------------------------------------------------
Slack (MET) :             0.672ns  (required time - arrival time)
  Source:                 gqav7_z19p_system_i/pl_ddr4_0/inst/u_ddr4_controller/inst/u_ddr4_mem_intfc/u_mig_ddr4_phy/inst/clb2phy_t_b_addr_reg[1]/C
                            (rising edge-triggered cell FDRE clocked by mmcm_clkout0  {rise@0.000ns fall@1.667ns period=3.333ns})
  Destination:            gqav7_z19p_system_i/pl_ddr4_0/inst/u_ddr4_controller/inst/u_ddr4_mem_intfc/u_mig_ddr4_phy/inst/generate_block1.u_ddr_xiphy/byte_num[10].xiphy_byte_wrapper.u_xiphy_byte_wrapper/I_CONTROL[1].GEN_I_CONTROL.u_xiphy_control/xiphy_control/TBYTE_IN[1]
                            (rising edge-triggered cell BITSLICE_CONTROL clocked by pll_clk[2]_DIV  {rise@0.000ns fall@1.667ns period=3.333ns})
  Path Group:             pll_clk[2]_DIV
  Path Type:              Setup (Max at Slow Process Corner)
  Requirement:            3.333ns  (pll_clk[2]_DIV rise@3.333ns - mmcm_clkout0 rise@0.000ns)
  Data Path Delay:        1.685ns  (logic 0.081ns (4.807%)  route 1.604ns (95.193%))
  Logic Levels:           0  
  Clock Path Skew:        -0.666ns (DCD - SCD + CPR)
    Destination Clock Delay (DCD):    3.773ns = ( 7.106 - 3.333 ) 
    Source Clock Delay      (SCD):    4.133ns
    Clock Pessimism Removal (CPR):    -0.306ns
  Clock Uncertainty:      0.157ns  ((TSJ^2 + DJ^2)^1/2) / 2 + PE
    Total System Jitter     (TSJ):    0.071ns
    Discrete Jitter          (DJ):    0.064ns
    Phase Error              (PE):    0.109ns
  Clock Net Delay (Source):      1.981ns (routing 0.714ns, distribution 1.267ns)
  Clock Net Delay (Destination): 1.618ns (routing 0.648ns, distribution 0.970ns)

    Location             Delay type                Incr(ns)  Path(ns)    Netlist Resource(s)
  -------------------------------------------------------------------    -------------------
                         (clock mmcm_clkout0 rise edge)
                                                      0.000     0.000 r  
    H21                                               0.000     0.000 r  PL_CLK0_clk_p (IN)
                         net (fo=0)                   0.100     0.100    gqav7_z19p_system_i/pl_clock_buffer/inst/u_ibufds/I
    HPIOBDIFFINBUF_X0Y179
                         DIFFINBUF (Prop_DIFFINBUF_HPIOBDIFFINBUF_DIFF_IN_P_O)
                                                      0.523     0.623 r  gqav7_z19p_system_i/pl_clock_buffer/inst/u_ibufds/DIFFINBUF_INST/O
                         net (fo=1, routed)           0.050     0.673    gqav7_z19p_system_i/pl_clock_buffer/inst/u_ibufds/OUT
    H21                  IBUFCTRL (Prop_IBUFCTRL_HPIOB_M_I_O)
                                                      0.000     0.673 r  gqav7_z19p_system_i/pl_clock_buffer/inst/u_ibufds/IBUFCTRL_INST/O
                         net (fo=1, routed)           0.323     0.996    gqav7_z19p_system_i/pl_clock_buffer/inst/clk_ibuf
    BUFGCE_X0Y168        BUFGCE (Prop_BUFCE_BUFGCE_I_O)
                                                      0.028     1.024 r  gqav7_z19p_system_i/pl_clock_buffer/inst/clk_ibuf_BUFGCE_inst/O
                         net (fo=20, routed)          0.981     2.005    gqav7_z19p_system_i/pl_ddr4_0/inst/u_ddr4_controller/inst/u_ddr4_infrastructure/mmcm_clk_in
    MMCM_X0Y6            MMCME4_ADV (Prop_MMCM_CLKIN1_CLKOUT0)
                                                     -0.127     1.878 r  gqav7_z19p_system_i/pl_ddr4_0/inst/u_ddr4_controller/inst/u_ddr4_infrastructure/gen_mmcme4.u_mmcme_adv_inst/CLKOUT0
                         net (fo=1, routed)           0.245     2.123    gqav7_z19p_system_i/pl_ddr4_0/inst/u_ddr4_controller/inst/u_ddr4_infrastructure/mmcm_clkout0
    BUFGCE_X0Y150        BUFGCE (Prop_BUFCE_BUFGCE_I_O)
                                                      0.028     2.151 r  gqav7_z19p_system_i/pl_ddr4_0/inst/u_ddr4_controller/inst/u_ddr4_infrastructure/u_bufg_divClk/O
    X2Y5 (CLOCK_ROOT)    net (fo=20545, routed)       1.981     4.133    gqav7_z19p_system_i/pl_ddr4_0/inst/u_ddr4_controller/inst/u_ddr4_mem_intfc/u_mig_ddr4_phy/inst/div_clk
    SLICE_X41Y426        FDRE                                         r  gqav7_z19p_system_i/pl_ddr4_0/inst/u_ddr4_controller/inst/u_ddr4_mem_intfc/u_mig_ddr4_phy/inst/clb2phy_t_b_addr_reg[1]/C
  -------------------------------------------------------------------    -------------------
    SLICE_X41Y426        FDRE (Prop_GFF2_SLICEL_C_Q)
                                                      0.081     4.214 r  gqav7_z19p_system_i/pl_ddr4_0/inst/u_ddr4_controller/inst/u_ddr4_mem_intfc/u_mig_ddr4_phy/inst/clb2phy_t_b_addr_reg[1]/Q
                         net (fo=6, routed)           1.604     5.818    gqav7_z19p_system_i/pl_ddr4_0/inst/u_ddr4_controller/inst/u_ddr4_mem_intfc/u_mig_ddr4_phy/inst/generate_block1.u_ddr_xiphy/byte_num[10].xiphy_byte_wrapper.u_xiphy_byte_wrapper/I_CONTROL[1].GEN_I_CONTROL.u_xiphy_control/clb2phy_t_b_low[1]
    BITSLICE_CONTROL_X0Y61
                         BITSLICE_CONTROL                             r  gqav7_z19p_system_i/pl_ddr4_0/inst/u_ddr4_controller/inst/u_ddr4_mem_intfc/u_mig_ddr4_phy/inst/generate_block1.u_ddr_xiphy/byte_num[10].xiphy_byte_wrapper.u_xiphy_byte_wrapper/I_CONTROL[1].GEN_I_CONTROL.u_xiphy_control/xiphy_control/TBYTE_IN[1]
  -------------------------------------------------------------------    -------------------

                         (clock pll_clk[2]_DIV rise edge)
                                                      3.333     3.333 f  
    H21                                               0.000     3.333 f  PL_CLK0_clk_p (IN)
                         net (fo=0)                   0.079     3.412    gqav7_z19p_system_i/pl_clock_buffer/inst/u_ibufds/I
    HPIOBDIFFINBUF_X0Y179
                         DIFFINBUF (Prop_DIFFINBUF_HPIOBDIFFINBUF_DIFF_IN_P_O)
                                                      0.427     3.839 f  gqav7_z19p_system_i/pl_clock_buffer/inst/u_ibufds/DIFFINBUF_INST/O
                         net (fo=1, routed)           0.040     3.879    gqav7_z19p_system_i/pl_clock_buffer/inst/u_ibufds/OUT
    H21                  IBUFCTRL (Prop_IBUFCTRL_HPIOB_M_I_O)
                                                      0.000     3.879 f  gqav7_z19p_system_i/pl_clock_buffer/inst/u_ibufds/IBUFCTRL_INST/O
                         net (fo=1, routed)           0.286     4.165    gqav7_z19p_system_i/pl_clock_buffer/inst/clk_ibuf
    BUFGCE_X0Y168        BUFGCE (Prop_BUFCE_BUFGCE_I_O)
                                                      0.024     4.189 f  gqav7_z19p_system_i/pl_clock_buffer/inst/clk_ibuf_BUFGCE_inst/O
                         net (fo=20, routed)          0.866     5.055    gqav7_z19p_system_i/pl_ddr4_0/inst/u_ddr4_controller/inst/u_ddr4_infrastructure/mmcm_clk_in
    MMCM_X0Y6            MMCME4_ADV (Prop_MMCM_CLKIN1_CLKOUT0)
                                                      0.630     5.685 f  gqav7_z19p_system_i/pl_ddr4_0/inst/u_ddr4_controller/inst/u_ddr4_infrastructure/gen_mmcme4.u_mmcme_adv_inst/CLKOUT0
                         net (fo=1, routed)           0.215     5.900    gqav7_z19p_system_i/pl_ddr4_0/inst/u_ddr4_controller/inst/u_ddr4_infrastructure/mmcm_clkout0
    BUFGCE_X0Y150        BUFGCE (Prop_BUFCE_BUFGCE_I_O)
                                                      0.024     5.924 f  gqav7_z19p_system_i/pl_ddr4_0/inst/u_ddr4_controller/inst/u_ddr4_infrastructure/u_bufg_divClk/O
    X2Y5 (CLOCK_ROOT)    net (fo=20545, routed)       1.618     7.542    gqav7_z19p_system_i/pl_ddr4_0/inst/u_ddr4_controller/inst/u_ddr4_mem_intfc/u_mig_ddr4_phy/inst/u_ddr4_phy_pll/div_clk
    PLL_X0Y15            PLLE4_ADV (Prop_PLL_CLKIN_CLKOUTPHY)
                                                     -0.713     6.829 f  gqav7_z19p_system_i/pl_ddr4_0/inst/u_ddr4_controller/inst/u_ddr4_mem_intfc/u_mig_ddr4_phy/inst/u_ddr4_phy_pll/plle_loop[2].gen_plle4.PLLE4_BASE_INST_OTHER/CLKOUTPHY
                         net (fo=6, routed)           0.096     6.925    gqav7_z19p_system_i/pl_ddr4_0/inst/u_ddr4_controller/inst/u_ddr4_mem_intfc/u_mig_ddr4_phy/inst/generate_block1.u_ddr_xiphy/byte_num[10].xiphy_byte_wrapper.u_xiphy_byte_wrapper/I_CONTROL[1].GEN_I_CONTROL.u_xiphy_control/pll_clk[0]
    BITSLICE_CONTROL_X0Y61
                         BITSLICE_CONTROL (Prop_CONTROL_BITSLICE_CONTROL_PLL_CLK_TX_DIV2_CLK_Q)
                                                      0.106     7.031 r  gqav7_z19p_system_i/pl_ddr4_0/inst/u_ddr4_controller/inst/u_ddr4_mem_intfc/u_mig_ddr4_phy/inst/generate_block1.u_ddr_xiphy/byte_num[10].xiphy_byte_wrapper.u_xiphy_byte_wrapper/I_CONTROL[1].GEN_I_CONTROL.u_xiphy_control/xiphy_control/TX_DIV2_CLK_Q
    BITSLICE_CONTROL_X0Y61
                         BITSLICE_CONTROL (Prop_CONTROL_BITSLICE_CONTROL_TX_DIV2_CLK_Q_TX_DIV4_CLK_Q)
                                                      0.075     7.106 r  gqav7_z19p_system_i/pl_ddr4_0/inst/u_ddr4_controller/inst/u_ddr4_mem_intfc/u_mig_ddr4_phy/inst/generate_block1.u_ddr_xiphy/byte_num[10].xiphy_byte_wrapper.u_xiphy_byte_wrapper/I_CONTROL[1].GEN_I_CONTROL.u_xiphy_control/xiphy_control/TX_DIV4_CLK_Q
                         clock pessimism             -0.306     6.800    
                         clock uncertainty           -0.157     6.643    
    BITSLICE_CONTROL_X0Y61
                         BITSLICE_CONTROL (Setup_CONTROL_BITSLICE_CONTROL_TX_DIV4_CLK_Q_TBYTE_IN[1])
                                                     -0.153     6.490    gqav7_z19p_system_i/pl_ddr4_0/inst/u_ddr4_controller/inst/u_ddr4_mem_intfc/u_mig_ddr4_phy/inst/generate_block1.u_ddr_xiphy/byte_num[10].xiphy_byte_wrapper.u_xiphy_byte_wrapper/I_CONTROL[1].GEN_I_CONTROL.u_xiphy_control/xiphy_control
  -------------------------------------------------------------------
                         required time                          6.490    
                         arrival time                          -5.818    
  -------------------------------------------------------------------
                         slack                                  0.672    





Min Delay Paths
--------------------------------------------------------------------------------------
Slack (MET) :             0.717ns  (arrival time - required time)
  Source:                 gqav7_z19p_system_i/pl_ddr4_0/inst/u_ddr4_controller/inst/u_ddr4_mem_intfc/u_ddr_cal_top/mcal_ADR_dly_reg[0][102]/C
                            (rising edge-triggered cell FDRE clocked by mmcm_clkout0  {rise@0.000ns fall@1.667ns period=3.333ns})
  Destination:            gqav7_z19p_system_i/pl_ddr4_0/inst/u_ddr4_controller/inst/u_ddr4_mem_intfc/u_mig_ddr4_phy/inst/generate_block1.u_ddr_xiphy/byte_num[8].xiphy_byte_wrapper.u_xiphy_byte_wrapper/I_BITSLICE_UPPER[0].GEN_RXTX_BITSLICE_EN.u_xiphy_bitslice_upper/xiphy_rxtx_bitslice/D[6]
                            (rising edge-triggered cell RXTX_BITSLICE clocked by pll_clk[2]_DIV  {rise@0.000ns fall@1.667ns period=3.333ns})
  Path Group:             pll_clk[2]_DIV
  Path Type:              Hold (Min at Slow Process Corner)
  Requirement:            0.000ns  (pll_clk[2]_DIV rise@0.000ns - mmcm_clkout0 rise@0.000ns)
  Data Path Delay:        0.359ns  (logic 0.058ns (16.154%)  route 0.301ns (83.846%))
  Logic Levels:           0  
  Clock Path Skew:        -0.600ns (DCD - SCD - CPR)
    Destination Clock Delay (DCD):    3.436ns
    Source Clock Delay      (SCD):    4.342ns
    Clock Pessimism Removal (CPR):    -0.306ns
  Clock Uncertainty:      0.157ns  ((TSJ^2 + DJ^2)^1/2) / 2 + PE
    Total System Jitter     (TSJ):    0.071ns
    Discrete Jitter          (DJ):    0.064ns
    Phase Error              (PE):    0.109ns
  Clock Net Delay (Source):      1.751ns (routing 0.648ns, distribution 1.103ns)

    Location             Delay type                Incr(ns)  Path(ns)    Netlist Resource(s)
  -------------------------------------------------------------------    -------------------
                         (clock mmcm_clkout0 rise edge)
                                                      0.000     0.000 r  
    H21                                               0.000     0.000 r  PL_CLK0_clk_p (IN)
                         net (fo=0)                   0.079     0.079    gqav7_z19p_system_i/pl_clock_buffer/inst/u_ibufds/I
    HPIOBDIFFINBUF_X0Y179
                         DIFFINBUF (Prop_DIFFINBUF_HPIOBDIFFINBUF_DIFF_IN_P_O)
                                                      0.427     0.506 r  gqav7_z19p_system_i/pl_clock_buffer/inst/u_ibufds/DIFFINBUF_INST/O
                         net (fo=1, routed)           0.040     0.546    gqav7_z19p_system_i/pl_clock_buffer/inst/u_ibufds/OUT
    H21                  IBUFCTRL (Prop_IBUFCTRL_HPIOB_M_I_O)
                                                      0.000     0.546 r  gqav7_z19p_system_i/pl_clock_buffer/inst/u_ibufds/IBUFCTRL_INST/O
                         net (fo=1, routed)           0.286     0.832    gqav7_z19p_system_i/pl_clock_buffer/inst/clk_ibuf
    BUFGCE_X0Y168        BUFGCE (Prop_BUFCE_BUFGCE_I_O)
                                                      0.024     0.856 r  gqav7_z19p_system_i/pl_clock_buffer/inst/clk_ibuf_BUFGCE_inst/O
                         net (fo=20, routed)          0.866     1.722    gqav7_z19p_system_i/pl_ddr4_0/inst/u_ddr4_controller/inst/u_ddr4_infrastructure/mmcm_clk_in
    MMCM_X0Y6            MMCME4_ADV (Prop_MMCM_CLKIN1_CLKOUT0)
                                                      0.630     2.352 r  gqav7_z19p_system_i/pl_ddr4_0/inst/u_ddr4_controller/inst/u_ddr4_infrastructure/gen_mmcme4.u_mmcme_adv_inst/CLKOUT0
                         net (fo=1, routed)           0.215     2.567    gqav7_z19p_system_i/pl_ddr4_0/inst/u_ddr4_controller/inst/u_ddr4_infrastructure/mmcm_clkout0
    BUFGCE_X0Y150        BUFGCE (Prop_BUFCE_BUFGCE_I_O)
                                                      0.024     2.591 r  gqav7_z19p_system_i/pl_ddr4_0/inst/u_ddr4_controller/inst/u_ddr4_infrastructure/u_bufg_divClk/O
    X2Y5 (CLOCK_ROOT)    net (fo=20545, routed)       1.751     4.342    gqav7_z19p_system_i/pl_ddr4_0/inst/u_ddr4_controller/inst/u_ddr4_mem_intfc/u_ddr_cal_top/dReg_reg[13]
    SLICE_X41Y428        FDRE                                         r  gqav7_z19p_system_i/pl_ddr4_0/inst/u_ddr4_controller/inst/u_ddr4_mem_intfc/u_ddr_cal_top/mcal_ADR_dly_reg[0][102]/C
  -------------------------------------------------------------------    -------------------
    SLICE_X41Y428        FDRE (Prop_CFF_SLICEL_C_Q)
                                                      0.058     4.400 r  gqav7_z19p_system_i/pl_ddr4_0/inst/u_ddr4_controller/inst/u_ddr4_mem_intfc/u_ddr_cal_top/mcal_ADR_dly_reg[0][102]/Q
                         net (fo=4, routed)           0.301     4.701    gqav7_z19p_system_i/pl_ddr4_0/inst/u_ddr4_controller/inst/u_ddr4_mem_intfc/u_mig_ddr4_phy/inst/generate_block1.u_ddr_xiphy/byte_num[8].xiphy_byte_wrapper.u_xiphy_byte_wrapper/I_BITSLICE_UPPER[0].GEN_RXTX_BITSLICE_EN.u_xiphy_bitslice_upper/clb2phy_wr_dq6[6]
    BITSLICE_RX_TX_X0Y370
                         RXTX_BITSLICE                                r  gqav7_z19p_system_i/pl_ddr4_0/inst/u_ddr4_controller/inst/u_ddr4_mem_intfc/u_mig_ddr4_phy/inst/generate_block1.u_ddr_xiphy/byte_num[8].xiphy_byte_wrapper.u_xiphy_byte_wrapper/I_BITSLICE_UPPER[0].GEN_RXTX_BITSLICE_EN.u_xiphy_bitslice_upper/xiphy_rxtx_bitslice/D[6]
  -------------------------------------------------------------------    -------------------

                         (clock pll_clk[2]_DIV rise edge)
                                                      0.000     0.000 f  
    H21                                               0.000     0.000 f  PL_CLK0_clk_p (IN)
                         net (fo=0)                   0.100     0.100    gqav7_z19p_system_i/pl_clock_buffer/inst/u_ibufds/I
    HPIOBDIFFINBUF_X0Y179
                         DIFFINBUF (Prop_DIFFINBUF_HPIOBDIFFINBUF_DIFF_IN_P_O)
                                                      0.523     0.623 f  gqav7_z19p_system_i/pl_clock_buffer/inst/u_ibufds/DIFFINBUF_INST/O
                         net (fo=1, routed)           0.050     0.673    gqav7_z19p_system_i/pl_clock_buffer/inst/u_ibufds/OUT
    H21                  IBUFCTRL (Prop_IBUFCTRL_HPIOB_M_I_O)
                                                      0.000     0.673 f  gqav7_z19p_system_i/pl_clock_buffer/inst/u_ibufds/IBUFCTRL_INST/O
                         net (fo=1, routed)           0.323     0.996    gqav7_z19p_system_i/pl_clock_buffer/inst/clk_ibuf
    BUFGCE_X0Y168        BUFGCE (Prop_BUFCE_BUFGCE_I_O)
                                                      0.028     1.024 f  gqav7_z19p_system_i/pl_clock_buffer/inst/clk_ibuf_BUFGCE_inst/O
                         net (fo=20, routed)          0.981     2.005    gqav7_z19p_system_i/pl_ddr4_0/inst/u_ddr4_controller/inst/u_ddr4_infrastructure/mmcm_clk_in
    MMCM_X0Y6            MMCME4_ADV (Prop_MMCM_CLKIN1_CLKOUT0)
                                                     -0.127     1.878 f  gqav7_z19p_system_i/pl_ddr4_0/inst/u_ddr4_controller/inst/u_ddr4_infrastructure/gen_mmcme4.u_mmcme_adv_inst/CLKOUT0
                         net (fo=1, routed)           0.245     2.123    gqav7_z19p_system_i/pl_ddr4_0/inst/u_ddr4_controller/inst/u_ddr4_infrastructure/mmcm_clkout0
    BUFGCE_X0Y150        BUFGCE (Prop_BUFCE_BUFGCE_I_O)
                                                      0.028     2.151 f  gqav7_z19p_system_i/pl_ddr4_0/inst/u_ddr4_controller/inst/u_ddr4_infrastructure/u_bufg_divClk/O
                         net (fo=20545, routed)       1.804     3.955    gqav7_z19p_system_i/pl_ddr4_0/inst/u_ddr4_controller/inst/u_ddr4_mem_intfc/u_mig_ddr4_phy/inst/u_ddr4_phy_pll/div_clk
    PLL_X0Y15            PLLE4_ADV (Prop_PLL_CLKIN_CLKOUTPHY)
                                                     -1.141     2.814 f  gqav7_z19p_system_i/pl_ddr4_0/inst/u_ddr4_controller/inst/u_ddr4_mem_intfc/u_mig_ddr4_phy/inst/u_ddr4_phy_pll/plle_loop[2].gen_plle4.PLLE4_BASE_INST_OTHER/CLKOUTPHY
                         net (fo=6, routed)           0.137     2.951    gqav7_z19p_system_i/pl_ddr4_0/inst/u_ddr4_controller/inst/u_ddr4_mem_intfc/u_mig_ddr4_phy/inst/generate_block1.u_ddr_xiphy/byte_num[8].xiphy_byte_wrapper.u_xiphy_byte_wrapper/I_CONTROL[1].GEN_I_CONTROL.u_xiphy_control/pll_clk[0]
    BITSLICE_CONTROL_X0Y57
                         BITSLICE_CONTROL (Prop_CONTROL_BITSLICE_CONTROL_PLL_CLK_TX_DIV2_CLK_Q)
                                                      0.151     3.102 r  gqav7_z19p_system_i/pl_ddr4_0/inst/u_ddr4_controller/inst/u_ddr4_mem_intfc/u_mig_ddr4_phy/inst/generate_block1.u_ddr_xiphy/byte_num[8].xiphy_byte_wrapper.u_xiphy_byte_wrapper/I_CONTROL[1].GEN_I_CONTROL.u_xiphy_control/xiphy_control/TX_DIV2_CLK_Q
    BITSLICE_CONTROL_X0Y57
                         BITSLICE_CONTROL (Prop_CONTROL_BITSLICE_CONTROL_TX_DIV2_CLK_Q_TX_DIV4_CLK_Q)
                                                      0.109     3.211 r  gqav7_z19p_system_i/pl_ddr4_0/inst/u_ddr4_controller/inst/u_ddr4_mem_intfc/u_mig_ddr4_phy/inst/generate_block1.u_ddr_xiphy/byte_num[8].xiphy_byte_wrapper.u_xiphy_byte_wrapper/I_CONTROL[1].GEN_I_CONTROL.u_xiphy_control/xiphy_control/TX_DIV4_CLK_Q
    BITSLICE_CONTROL_X0Y57
                         BITSLICE_CONTROL (Prop_CONTROL_BITSLICE_CONTROL_TX_DIV4_CLK_Q_TX_BIT_CTRL_OUT0[26])
                                                      0.182     3.393 r  gqav7_z19p_system_i/pl_ddr4_0/inst/u_ddr4_controller/inst/u_ddr4_mem_intfc/u_mig_ddr4_phy/inst/generate_block1.u_ddr_xiphy/byte_num[8].xiphy_byte_wrapper.u_xiphy_byte_wrapper/I_CONTROL[1].GEN_I_CONTROL.u_xiphy_control/xiphy_control/TX_BIT_CTRL_OUT0[26]
                         net (fo=1, routed)           0.043     3.436    gqav7_z19p_system_i/pl_ddr4_0/inst/u_ddr4_controller/inst/u_ddr4_mem_intfc/u_mig_ddr4_phy/inst/generate_block1.u_ddr_xiphy/byte_num[8].xiphy_byte_wrapper.u_xiphy_byte_wrapper/I_BITSLICE_UPPER[0].GEN_RXTX_BITSLICE_EN.u_xiphy_bitslice_upper/TX_BIT_CTRL_OUT0[26]
    BITSLICE_RX_TX_X0Y370
                         RXTX_BITSLICE                                r  gqav7_z19p_system_i/pl_ddr4_0/inst/u_ddr4_controller/inst/u_ddr4_mem_intfc/u_mig_ddr4_phy/inst/generate_block1.u_ddr_xiphy/byte_num[8].xiphy_byte_wrapper.u_xiphy_byte_wrapper/I_BITSLICE_UPPER[0].GEN_RXTX_BITSLICE_EN.u_xiphy_bitslice_upper/xiphy_rxtx_bitslice/TX_BIT_CTRL_IN[26]
                         clock pessimism              0.306     3.742    
                         clock uncertainty            0.157     3.899    
    BITSLICE_RX_TX_X0Y370
                         RXTX_BITSLICE (Hold_RXTX_BITSLICE_BITSLICE_RX_TX_TX_BIT_CTRL_IN[26]_D[6])
                                                      0.085     3.984    gqav7_z19p_system_i/pl_ddr4_0/inst/u_ddr4_controller/inst/u_ddr4_mem_intfc/u_mig_ddr4_phy/inst/generate_block1.u_ddr_xiphy/byte_num[8].xiphy_byte_wrapper.u_xiphy_byte_wrapper/I_BITSLICE_UPPER[0].GEN_RXTX_BITSLICE_EN.u_xiphy_bitslice_upper/xiphy_rxtx_bitslice
  -------------------------------------------------------------------
                         required time                         -3.984    
                         arrival time                           4.701    
  -------------------------------------------------------------------
                         slack                                  0.717    





---------------------------------------------------------------------------------------------------
From Clock:  mmcm_clkout0
  To Clock:  mmcm_clkout5

Setup :            0  Failing Endpoints,  Worst Slack       11.469ns,  Total Violation        0.000ns
Hold  :           NA  Failing Endpoints,  Worst Slack           NA  ,  Total Violation           NA
---------------------------------------------------------------------------------------------------


Max Delay Paths
--------------------------------------------------------------------------------------
Slack (MET) :             11.469ns  (required time - arrival time)
  Source:                 gqav7_z19p_system_i/pl_ddr4_0/inst/u_ddr4_controller/inst/u_ddr4_mem_intfc/u_ddr_cal_top/u_ddr_cal/u_xsdb_arbiter/slave_do_fclk_reg[0]/C
                            (rising edge-triggered cell FDRE clocked by mmcm_clkout0  {rise@0.000ns fall@1.667ns period=3.333ns})
  Destination:            gqav7_z19p_system_i/pl_ddr4_0/inst/u_ddr4_controller/inst/u_ddr4_mem_intfc/u_ddr_cal_top/u_ddr_cal/u_xsdb_arbiter/u_slave_do_sync/SYNC[0].sync_reg_reg[0]/D
                            (rising edge-triggered cell FDRE clocked by mmcm_clkout5  {rise@0.000ns fall@6.667ns period=13.333ns})
  Path Group:             mmcm_clkout5
  Path Type:              Setup (Max at Slow Process Corner)
  Requirement:            12.000ns  (MaxDelay Path 12.000ns)
  Data Path Delay:        0.556ns  (logic 0.079ns (14.209%)  route 0.477ns (85.791%))
  Logic Levels:           0  
  Timing Exception:       MaxDelay Path 12.000ns -datapath_only

    Location             Delay type                Incr(ns)  Path(ns)    Netlist Resource(s)
  -------------------------------------------------------------------    -------------------
    SLICE_X75Y395                                     0.000     0.000 r  gqav7_z19p_system_i/pl_ddr4_0/inst/u_ddr4_controller/inst/u_ddr4_mem_intfc/u_ddr_cal_top/u_ddr_cal/u_xsdb_arbiter/slave_do_fclk_reg[0]/C
    SLICE_X75Y395        FDRE (Prop_EFF_SLICEL_C_Q)
                                                      0.079     0.079 r  gqav7_z19p_system_i/pl_ddr4_0/inst/u_ddr4_controller/inst/u_ddr4_mem_intfc/u_ddr_cal_top/u_ddr_cal/u_xsdb_arbiter/slave_do_fclk_reg[0]/Q
                         net (fo=1, routed)           0.477     0.556    gqav7_z19p_system_i/pl_ddr4_0/inst/u_ddr4_controller/inst/u_ddr4_mem_intfc/u_ddr_cal_top/u_ddr_cal/u_xsdb_arbiter/u_slave_do_sync/out[0]
    SLICE_X75Y393        FDRE                                         r  gqav7_z19p_system_i/pl_ddr4_0/inst/u_ddr4_controller/inst/u_ddr4_mem_intfc/u_ddr_cal_top/u_ddr_cal/u_xsdb_arbiter/u_slave_do_sync/SYNC[0].sync_reg_reg[0]/D
  -------------------------------------------------------------------    -------------------

                         max delay                   12.000    12.000    
    SLICE_X75Y393        FDRE (Setup_DFF2_SLICEL_C_D)
                                                      0.025    12.025    gqav7_z19p_system_i/pl_ddr4_0/inst/u_ddr4_controller/inst/u_ddr4_mem_intfc/u_ddr_cal_top/u_ddr_cal/u_xsdb_arbiter/u_slave_do_sync/SYNC[0].sync_reg_reg[0]
  -------------------------------------------------------------------
                         required time                         12.025    
                         arrival time                          -0.556    
  -------------------------------------------------------------------
                         slack                                 11.469    





---------------------------------------------------------------------------------------------------
From Clock:  dbg_hub/inst/BSCANID.u_xsdbm_id/SWITCH_N_EXT_BSCAN.bscan_inst/SERIES7_BSCAN.bscan_inst/INTERNAL_TCK
  To Clock:  mmcm_clkout5

Setup :            0  Failing Endpoints,  Worst Slack       49.188ns,  Total Violation        0.000ns
Hold  :           NA  Failing Endpoints,  Worst Slack           NA  ,  Total Violation           NA
---------------------------------------------------------------------------------------------------


Max Delay Paths
--------------------------------------------------------------------------------------
Slack (MET) :             49.188ns  (required time - arrival time)
  Source:                 dbg_hub/inst/BSCANID.u_xsdbm_id/CORE_XSDB.UUT_MASTER/U_ICON_INTERFACE/U_CMD6_RD/U_RD_FIFO/SUBCORE_FIFO.xsdbm_v3_0_5_rdfifo_inst/inst_fifo_gen/gconvfifo.rf/grf.rf/gntv_or_sync_fifo.gcx.clkx/gnxpm_cdc.rd_pntr_gc_reg[1]/C
                            (rising edge-triggered cell FDCE clocked by dbg_hub/inst/BSCANID.u_xsdbm_id/SWITCH_N_EXT_BSCAN.bscan_inst/SERIES7_BSCAN.bscan_inst/INTERNAL_TCK  {rise@0.000ns fall@25.000ns period=50.000ns})
  Destination:            dbg_hub/inst/BSCANID.u_xsdbm_id/CORE_XSDB.UUT_MASTER/U_ICON_INTERFACE/U_CMD6_RD/U_RD_FIFO/SUBCORE_FIFO.xsdbm_v3_0_5_rdfifo_inst/inst_fifo_gen/gconvfifo.rf/grf.rf/gntv_or_sync_fifo.gcx.clkx/gnxpm_cdc.gsync_stage[1].wr_stg_inst/Q_reg_reg[1]/D
                            (rising edge-triggered cell FDCE clocked by mmcm_clkout5  {rise@0.000ns fall@6.667ns period=13.333ns})
  Path Group:             mmcm_clkout5
  Path Type:              Setup (Max at Slow Process Corner)
  Requirement:            50.000ns  (MaxDelay Path 50.000ns)
  Data Path Delay:        0.837ns  (logic 0.081ns (9.677%)  route 0.756ns (90.323%))
  Logic Levels:           0  
  Timing Exception:       MaxDelay Path 50.000ns -datapath_only

    Location             Delay type                Incr(ns)  Path(ns)    Netlist Resource(s)
  -------------------------------------------------------------------    -------------------
    SLICE_X91Y401                                     0.000     0.000 r  dbg_hub/inst/BSCANID.u_xsdbm_id/CORE_XSDB.UUT_MASTER/U_ICON_INTERFACE/U_CMD6_RD/U_RD_FIFO/SUBCORE_FIFO.xsdbm_v3_0_5_rdfifo_inst/inst_fifo_gen/gconvfifo.rf/grf.rf/gntv_or_sync_fifo.gcx.clkx/gnxpm_cdc.rd_pntr_gc_reg[1]/C
    SLICE_X91Y401        FDCE (Prop_DFF2_SLICEL_C_Q)
                                                      0.081     0.081 r  dbg_hub/inst/BSCANID.u_xsdbm_id/CORE_XSDB.UUT_MASTER/U_ICON_INTERFACE/U_CMD6_RD/U_RD_FIFO/SUBCORE_FIFO.xsdbm_v3_0_5_rdfifo_inst/inst_fifo_gen/gconvfifo.rf/grf.rf/gntv_or_sync_fifo.gcx.clkx/gnxpm_cdc.rd_pntr_gc_reg[1]/Q
                         net (fo=1, routed)           0.756     0.837    dbg_hub/inst/BSCANID.u_xsdbm_id/CORE_XSDB.UUT_MASTER/U_ICON_INTERFACE/U_CMD6_RD/U_RD_FIFO/SUBCORE_FIFO.xsdbm_v3_0_5_rdfifo_inst/inst_fifo_gen/gconvfifo.rf/grf.rf/gntv_or_sync_fifo.gcx.clkx/gnxpm_cdc.gsync_stage[1].wr_stg_inst/Q[1]
    SLICE_X92Y401        FDCE                                         r  dbg_hub/inst/BSCANID.u_xsdbm_id/CORE_XSDB.UUT_MASTER/U_ICON_INTERFACE/U_CMD6_RD/U_RD_FIFO/SUBCORE_FIFO.xsdbm_v3_0_5_rdfifo_inst/inst_fifo_gen/gconvfifo.rf/grf.rf/gntv_or_sync_fifo.gcx.clkx/gnxpm_cdc.gsync_stage[1].wr_stg_inst/Q_reg_reg[1]/D
  -------------------------------------------------------------------    -------------------

                         max delay                   50.000    50.000    
    SLICE_X92Y401        FDCE (Setup_GFF2_SLICEL_C_D)
                                                      0.025    50.025    dbg_hub/inst/BSCANID.u_xsdbm_id/CORE_XSDB.UUT_MASTER/U_ICON_INTERFACE/U_CMD6_RD/U_RD_FIFO/SUBCORE_FIFO.xsdbm_v3_0_5_rdfifo_inst/inst_fifo_gen/gconvfifo.rf/grf.rf/gntv_or_sync_fifo.gcx.clkx/gnxpm_cdc.gsync_stage[1].wr_stg_inst/Q_reg_reg[1]
  -------------------------------------------------------------------
                         required time                         50.025    
                         arrival time                          -0.837    
  -------------------------------------------------------------------
                         slack                                 49.188    





---------------------------------------------------------------------------------------------------
From Clock:  mmcm_clkout0
  To Clock:  mmcm_clkout6

Setup :            0  Failing Endpoints,  Worst Slack        1.862ns,  Total Violation        0.000ns
Hold  :            0  Failing Endpoints,  Worst Slack        0.104ns,  Total Violation        0.000ns
---------------------------------------------------------------------------------------------------


Max Delay Paths
--------------------------------------------------------------------------------------
Slack (MET) :             1.862ns  (required time - arrival time)
  Source:                 gqav7_z19p_system_i/pl_ddr4_0/inst/u_ddr4_controller/inst/u_ddr4_mem_intfc/u_ddr_cal_top/sample_gts_reg/C
                            (rising edge-triggered cell FDRE clocked by mmcm_clkout0  {rise@0.000ns fall@1.667ns period=3.333ns})
  Destination:            gqav7_z19p_system_i/pl_ddr4_0/inst/u_ddr4_controller/inst/u_ddr4_mem_intfc/u_ddr_cal_riu/sample_gts_riu_reg/D
                            (rising edge-triggered cell FDRE clocked by mmcm_clkout6  {rise@0.000ns fall@3.333ns period=6.667ns})
  Path Group:             mmcm_clkout6
  Path Type:              Setup (Max at Slow Process Corner)
  Requirement:            3.333ns  (mmcm_clkout6 rise@6.667ns - mmcm_clkout0 rise@3.333ns)
  Data Path Delay:        1.064ns  (logic 0.079ns (7.425%)  route 0.985ns (92.575%))
  Logic Levels:           0  
  Clock Path Skew:        -0.256ns (DCD - SCD + CPR)
    Destination Clock Delay (DCD):    4.332ns = ( 10.999 - 6.667 ) 
    Source Clock Delay      (SCD):    4.115ns = ( 7.448 - 3.333 ) 
    Clock Pessimism Removal (CPR):    -0.474ns
  Clock Uncertainty:      0.176ns  ((TSJ^2 + DJ^2)^1/2) / 2 + PE
    Total System Jitter     (TSJ):    0.071ns
    Discrete Jitter          (DJ):    0.088ns
    Phase Error              (PE):    0.120ns
  Clock Net Delay (Source):      1.964ns (routing 0.714ns, distribution 1.250ns)
  Clock Net Delay (Destination): 1.730ns (routing 0.639ns, distribution 1.091ns)

    Location             Delay type                Incr(ns)  Path(ns)    Netlist Resource(s)
  -------------------------------------------------------------------    -------------------
                         (clock mmcm_clkout0 rise edge)
                                                      3.333     3.333 r  
    H21                                               0.000     3.333 r  PL_CLK0_clk_p (IN)
                         net (fo=0)                   0.100     3.433    gqav7_z19p_system_i/pl_clock_buffer/inst/u_ibufds/I
    HPIOBDIFFINBUF_X0Y179
                         DIFFINBUF (Prop_DIFFINBUF_HPIOBDIFFINBUF_DIFF_IN_P_O)
                                                      0.523     3.957 r  gqav7_z19p_system_i/pl_clock_buffer/inst/u_ibufds/DIFFINBUF_INST/O
                         net (fo=1, routed)           0.050     4.007    gqav7_z19p_system_i/pl_clock_buffer/inst/u_ibufds/OUT
    H21                  IBUFCTRL (Prop_IBUFCTRL_HPIOB_M_I_O)
                                                      0.000     4.007 r  gqav7_z19p_system_i/pl_clock_buffer/inst/u_ibufds/IBUFCTRL_INST/O
                         net (fo=1, routed)           0.323     4.330    gqav7_z19p_system_i/pl_clock_buffer/inst/clk_ibuf
    BUFGCE_X0Y168        BUFGCE (Prop_BUFCE_BUFGCE_I_O)
                                                      0.028     4.358 r  gqav7_z19p_system_i/pl_clock_buffer/inst/clk_ibuf_BUFGCE_inst/O
                         net (fo=20, routed)          0.981     5.339    gqav7_z19p_system_i/pl_ddr4_0/inst/u_ddr4_controller/inst/u_ddr4_infrastructure/mmcm_clk_in
    MMCM_X0Y6            MMCME4_ADV (Prop_MMCM_CLKIN1_CLKOUT0)
                                                     -0.127     5.212 r  gqav7_z19p_system_i/pl_ddr4_0/inst/u_ddr4_controller/inst/u_ddr4_infrastructure/gen_mmcme4.u_mmcme_adv_inst/CLKOUT0
                         net (fo=1, routed)           0.245     5.457    gqav7_z19p_system_i/pl_ddr4_0/inst/u_ddr4_controller/inst/u_ddr4_infrastructure/mmcm_clkout0
    BUFGCE_X0Y150        BUFGCE (Prop_BUFCE_BUFGCE_I_O)
                                                      0.028     5.485 r  gqav7_z19p_system_i/pl_ddr4_0/inst/u_ddr4_controller/inst/u_ddr4_infrastructure/u_bufg_divClk/O
    X2Y5 (CLOCK_ROOT)    net (fo=20545, routed)       1.964     7.448    gqav7_z19p_system_i/pl_ddr4_0/inst/u_ddr4_controller/inst/u_ddr4_mem_intfc/u_ddr_cal_top/dReg_reg[13]
    SLICE_X65Y385        FDRE                                         r  gqav7_z19p_system_i/pl_ddr4_0/inst/u_ddr4_controller/inst/u_ddr4_mem_intfc/u_ddr_cal_top/sample_gts_reg/C
  -------------------------------------------------------------------    -------------------
    SLICE_X65Y385        FDRE (Prop_HFF_SLICEM_C_Q)
                                                      0.079     7.527 r  gqav7_z19p_system_i/pl_ddr4_0/inst/u_ddr4_controller/inst/u_ddr4_mem_intfc/u_ddr_cal_top/sample_gts_reg/Q
                         net (fo=1, routed)           0.985     8.512    gqav7_z19p_system_i/pl_ddr4_0/inst/u_ddr4_controller/inst/u_ddr4_mem_intfc/u_ddr_cal_riu/sample_gts
    SLICE_X62Y385        FDRE                                         r  gqav7_z19p_system_i/pl_ddr4_0/inst/u_ddr4_controller/inst/u_ddr4_mem_intfc/u_ddr_cal_riu/sample_gts_riu_reg/D
  -------------------------------------------------------------------    -------------------

                         (clock mmcm_clkout6 rise edge)
                                                      6.667     6.667 r  
    H21                                               0.000     6.667 r  PL_CLK0_clk_p (IN)
                         net (fo=0)                   0.079     6.746    gqav7_z19p_system_i/pl_clock_buffer/inst/u_ibufds/I
    HPIOBDIFFINBUF_X0Y179
                         DIFFINBUF (Prop_DIFFINBUF_HPIOBDIFFINBUF_DIFF_IN_P_O)
                                                      0.427     7.173 r  gqav7_z19p_system_i/pl_clock_buffer/inst/u_ibufds/DIFFINBUF_INST/O
                         net (fo=1, routed)           0.040     7.213    gqav7_z19p_system_i/pl_clock_buffer/inst/u_ibufds/OUT
    H21                  IBUFCTRL (Prop_IBUFCTRL_HPIOB_M_I_O)
                                                      0.000     7.213 r  gqav7_z19p_system_i/pl_clock_buffer/inst/u_ibufds/IBUFCTRL_INST/O
                         net (fo=1, routed)           0.286     7.499    gqav7_z19p_system_i/pl_clock_buffer/inst/clk_ibuf
    BUFGCE_X0Y168        BUFGCE (Prop_BUFCE_BUFGCE_I_O)
                                                      0.024     7.523 r  gqav7_z19p_system_i/pl_clock_buffer/inst/clk_ibuf_BUFGCE_inst/O
                         net (fo=20, routed)          0.866     8.389    gqav7_z19p_system_i/pl_ddr4_0/inst/u_ddr4_controller/inst/u_ddr4_infrastructure/mmcm_clk_in
    MMCM_X0Y6            MMCME4_ADV (Prop_MMCM_CLKIN1_CLKOUT6)
                                                      0.630     9.019 r  gqav7_z19p_system_i/pl_ddr4_0/inst/u_ddr4_controller/inst/u_ddr4_infrastructure/gen_mmcme4.u_mmcme_adv_inst/CLKOUT6
                         net (fo=1, routed)           0.226     9.245    gqav7_z19p_system_i/pl_ddr4_0/inst/u_ddr4_controller/inst/u_ddr4_infrastructure/mmcm_clkout6
    BUFGCE_X0Y146        BUFGCE (Prop_BUFCE_BUFGCE_I_O)
                                                      0.024     9.269 r  gqav7_z19p_system_i/pl_ddr4_0/inst/u_ddr4_controller/inst/u_ddr4_infrastructure/u_bufg_riuClk/O
    X2Y5 (CLOCK_ROOT)    net (fo=1744, routed)        1.730    10.999    gqav7_z19p_system_i/pl_ddr4_0/inst/u_ddr4_controller/inst/u_ddr4_mem_intfc/u_ddr_cal_riu/CLK
    SLICE_X62Y385        FDRE                                         r  gqav7_z19p_system_i/pl_ddr4_0/inst/u_ddr4_controller/inst/u_ddr4_mem_intfc/u_ddr_cal_riu/sample_gts_riu_reg/C
                         clock pessimism             -0.474    10.525    
                         clock uncertainty           -0.176    10.349    
    SLICE_X62Y385        FDRE (Setup_EFF_SLICEL_C_D)
                                                      0.025    10.374    gqav7_z19p_system_i/pl_ddr4_0/inst/u_ddr4_controller/inst/u_ddr4_mem_intfc/u_ddr_cal_riu/sample_gts_riu_reg
  -------------------------------------------------------------------
                         required time                         10.374    
                         arrival time                          -8.512    
  -------------------------------------------------------------------
                         slack                                  1.862    





Min Delay Paths
--------------------------------------------------------------------------------------
Slack (MET) :             0.104ns  (arrival time - required time)
  Source:                 gqav7_z19p_system_i/pl_ddr4_0/inst/u_ddr4_controller/inst/u_ddr4_mem_intfc/u_ddr_cal_top/sample_gts_reg/C
                            (rising edge-triggered cell FDRE clocked by mmcm_clkout0  {rise@0.000ns fall@1.667ns period=3.333ns})
  Destination:            gqav7_z19p_system_i/pl_ddr4_0/inst/u_ddr4_controller/inst/u_ddr4_mem_intfc/u_ddr_cal_riu/sample_gts_riu_reg/D
                            (rising edge-triggered cell FDRE clocked by mmcm_clkout6  {rise@0.000ns fall@3.333ns period=6.667ns})
  Path Group:             mmcm_clkout6
  Path Type:              Hold (Min at Fast Process Corner)
  Requirement:            0.000ns  (mmcm_clkout6 rise@0.000ns - mmcm_clkout0 rise@0.000ns)
  Data Path Delay:        0.491ns  (logic 0.039ns (7.943%)  route 0.452ns (92.057%))
  Logic Levels:           0  
  Clock Path Skew:        0.164ns (DCD - SCD - CPR)
    Destination Clock Delay (DCD):    2.458ns
    Source Clock Delay      (SCD):    2.580ns
    Clock Pessimism Removal (CPR):    -0.287ns
  Clock Uncertainty:      0.176ns  ((TSJ^2 + DJ^2)^1/2) / 2 + PE
    Total System Jitter     (TSJ):    0.071ns
    Discrete Jitter          (DJ):    0.088ns
    Phase Error              (PE):    0.120ns
  Clock Net Delay (Source):      1.079ns (routing 0.394ns, distribution 0.685ns)
  Clock Net Delay (Destination): 1.211ns (routing 0.435ns, distribution 0.776ns)

    Location             Delay type                Incr(ns)  Path(ns)    Netlist Resource(s)
  -------------------------------------------------------------------    -------------------
                         (clock mmcm_clkout0 rise edge)
                                                      0.000     0.000 r  
    H21                                               0.000     0.000 r  PL_CLK0_clk_p (IN)
                         net (fo=0)                   0.079     0.079    gqav7_z19p_system_i/pl_clock_buffer/inst/u_ibufds/I
    HPIOBDIFFINBUF_X0Y179
                         DIFFINBUF (Prop_DIFFINBUF_HPIOBDIFFINBUF_DIFF_IN_P_O)
                                                      0.282     0.361 r  gqav7_z19p_system_i/pl_clock_buffer/inst/u_ibufds/DIFFINBUF_INST/O
                         net (fo=1, routed)           0.040     0.401    gqav7_z19p_system_i/pl_clock_buffer/inst/u_ibufds/OUT
    H21                  IBUFCTRL (Prop_IBUFCTRL_HPIOB_M_I_O)
                                                      0.000     0.401 r  gqav7_z19p_system_i/pl_clock_buffer/inst/u_ibufds/IBUFCTRL_INST/O
                         net (fo=1, routed)           0.144     0.545    gqav7_z19p_system_i/pl_clock_buffer/inst/clk_ibuf
    BUFGCE_X0Y168        BUFGCE (Prop_BUFCE_BUFGCE_I_O)
                                                      0.017     0.562 r  gqav7_z19p_system_i/pl_clock_buffer/inst/clk_ibuf_BUFGCE_inst/O
                         net (fo=20, routed)          0.546     1.108    gqav7_z19p_system_i/pl_ddr4_0/inst/u_ddr4_controller/inst/u_ddr4_infrastructure/mmcm_clk_in
    MMCM_X0Y6            MMCME4_ADV (Prop_MMCM_CLKIN1_CLKOUT0)
                                                      0.230     1.338 r  gqav7_z19p_system_i/pl_ddr4_0/inst/u_ddr4_controller/inst/u_ddr4_infrastructure/gen_mmcme4.u_mmcme_adv_inst/CLKOUT0
                         net (fo=1, routed)           0.146     1.484    gqav7_z19p_system_i/pl_ddr4_0/inst/u_ddr4_controller/inst/u_ddr4_infrastructure/mmcm_clkout0
    BUFGCE_X0Y150        BUFGCE (Prop_BUFCE_BUFGCE_I_O)
                                                      0.017     1.501 r  gqav7_z19p_system_i/pl_ddr4_0/inst/u_ddr4_controller/inst/u_ddr4_infrastructure/u_bufg_divClk/O
    X2Y5 (CLOCK_ROOT)    net (fo=20545, routed)       1.079     2.580    gqav7_z19p_system_i/pl_ddr4_0/inst/u_ddr4_controller/inst/u_ddr4_mem_intfc/u_ddr_cal_top/dReg_reg[13]
    SLICE_X65Y385        FDRE                                         r  gqav7_z19p_system_i/pl_ddr4_0/inst/u_ddr4_controller/inst/u_ddr4_mem_intfc/u_ddr_cal_top/sample_gts_reg/C
  -------------------------------------------------------------------    -------------------
    SLICE_X65Y385        FDRE (Prop_HFF_SLICEM_C_Q)
                                                      0.039     2.619 r  gqav7_z19p_system_i/pl_ddr4_0/inst/u_ddr4_controller/inst/u_ddr4_mem_intfc/u_ddr_cal_top/sample_gts_reg/Q
                         net (fo=1, routed)           0.452     3.071    gqav7_z19p_system_i/pl_ddr4_0/inst/u_ddr4_controller/inst/u_ddr4_mem_intfc/u_ddr_cal_riu/sample_gts
    SLICE_X62Y385        FDRE                                         r  gqav7_z19p_system_i/pl_ddr4_0/inst/u_ddr4_controller/inst/u_ddr4_mem_intfc/u_ddr_cal_riu/sample_gts_riu_reg/D
  -------------------------------------------------------------------    -------------------

                         (clock mmcm_clkout6 rise edge)
                                                      0.000     0.000 r  
    H21                                               0.000     0.000 r  PL_CLK0_clk_p (IN)
                         net (fo=0)                   0.100     0.100    gqav7_z19p_system_i/pl_clock_buffer/inst/u_ibufds/I
    HPIOBDIFFINBUF_X0Y179
                         DIFFINBUF (Prop_DIFFINBUF_HPIOBDIFFINBUF_DIFF_IN_P_O)
                                                      0.380     0.480 r  gqav7_z19p_system_i/pl_clock_buffer/inst/u_ibufds/DIFFINBUF_INST/O
                         net (fo=1, routed)           0.050     0.530    gqav7_z19p_system_i/pl_clock_buffer/inst/u_ibufds/OUT
    H21                  IBUFCTRL (Prop_IBUFCTRL_HPIOB_M_I_O)
                                                      0.000     0.530 r  gqav7_z19p_system_i/pl_clock_buffer/inst/u_ibufds/IBUFCTRL_INST/O
                         net (fo=1, routed)           0.181     0.711    gqav7_z19p_system_i/pl_clock_buffer/inst/clk_ibuf
    BUFGCE_X0Y168        BUFGCE (Prop_BUFCE_BUFGCE_I_O)
                                                      0.019     0.730 r  gqav7_z19p_system_i/pl_clock_buffer/inst/clk_ibuf_BUFGCE_inst/O
                         net (fo=20, routed)          0.616     1.346    gqav7_z19p_system_i/pl_ddr4_0/inst/u_ddr4_controller/inst/u_ddr4_infrastructure/mmcm_clk_in
    MMCM_X0Y6            MMCME4_ADV (Prop_MMCM_CLKIN1_CLKOUT6)
                                                     -0.295     1.051 r  gqav7_z19p_system_i/pl_ddr4_0/inst/u_ddr4_controller/inst/u_ddr4_infrastructure/gen_mmcme4.u_mmcme_adv_inst/CLKOUT6
                         net (fo=1, routed)           0.176     1.227    gqav7_z19p_system_i/pl_ddr4_0/inst/u_ddr4_controller/inst/u_ddr4_infrastructure/mmcm_clkout6
    BUFGCE_X0Y146        BUFGCE (Prop_BUFCE_BUFGCE_I_O)
                                                      0.019     1.246 r  gqav7_z19p_system_i/pl_ddr4_0/inst/u_ddr4_controller/inst/u_ddr4_infrastructure/u_bufg_riuClk/O
    X2Y5 (CLOCK_ROOT)    net (fo=1744, routed)        1.211     2.458    gqav7_z19p_system_i/pl_ddr4_0/inst/u_ddr4_controller/inst/u_ddr4_mem_intfc/u_ddr_cal_riu/CLK
    SLICE_X62Y385        FDRE                                         r  gqav7_z19p_system_i/pl_ddr4_0/inst/u_ddr4_controller/inst/u_ddr4_mem_intfc/u_ddr_cal_riu/sample_gts_riu_reg/C
                         clock pessimism              0.287     2.745    
                         clock uncertainty            0.176     2.921    
    SLICE_X62Y385        FDRE (Hold_EFF_SLICEL_C_D)
                                                      0.046     2.967    gqav7_z19p_system_i/pl_ddr4_0/inst/u_ddr4_controller/inst/u_ddr4_mem_intfc/u_ddr_cal_riu/sample_gts_riu_reg
  -------------------------------------------------------------------
                         required time                         -2.967    
                         arrival time                           3.071    
  -------------------------------------------------------------------
                         slack                                  0.104    





---------------------------------------------------------------------------------------------------
From Clock:  mmcm_clkout5
  To Clock:  dbg_hub/inst/BSCANID.u_xsdbm_id/SWITCH_N_EXT_BSCAN.bscan_inst/SERIES7_BSCAN.bscan_inst/INTERNAL_TCK

Setup :            0  Failing Endpoints,  Worst Slack       12.932ns,  Total Violation        0.000ns
Hold  :           NA  Failing Endpoints,  Worst Slack           NA  ,  Total Violation           NA
---------------------------------------------------------------------------------------------------


Max Delay Paths
--------------------------------------------------------------------------------------
Slack (MET) :             12.932ns  (required time - arrival time)
  Source:                 dbg_hub/inst/BSCANID.u_xsdbm_id/CORE_XSDB.UUT_MASTER/U_ICON_INTERFACE/U_CMD6_WR/U_WR_FIFO/SUBCORE_FIFO.xsdbm_v3_0_5_wrfifo_inst/inst_fifo_gen/gconvfifo.rf/grf.rf/gntv_or_sync_fifo.gcx.clkx/gnxpm_cdc.rd_pntr_gc_reg[0]/C
                            (rising edge-triggered cell FDCE clocked by mmcm_clkout5  {rise@0.000ns fall@6.667ns period=13.333ns})
  Destination:            dbg_hub/inst/BSCANID.u_xsdbm_id/CORE_XSDB.UUT_MASTER/U_ICON_INTERFACE/U_CMD6_WR/U_WR_FIFO/SUBCORE_FIFO.xsdbm_v3_0_5_wrfifo_inst/inst_fifo_gen/gconvfifo.rf/grf.rf/gntv_or_sync_fifo.gcx.clkx/gnxpm_cdc.gsync_stage[1].wr_stg_inst/Q_reg_reg[0]/D
                            (rising edge-triggered cell FDCE clocked by dbg_hub/inst/BSCANID.u_xsdbm_id/SWITCH_N_EXT_BSCAN.bscan_inst/SERIES7_BSCAN.bscan_inst/INTERNAL_TCK  {rise@0.000ns fall@25.000ns period=50.000ns})
  Path Group:             dbg_hub/inst/BSCANID.u_xsdbm_id/SWITCH_N_EXT_BSCAN.bscan_inst/SERIES7_BSCAN.bscan_inst/INTERNAL_TCK
  Path Type:              Setup (Max at Slow Process Corner)
  Requirement:            13.333ns  (MaxDelay Path 13.333ns)
  Data Path Delay:        0.426ns  (logic 0.079ns (18.545%)  route 0.347ns (81.455%))
  Logic Levels:           0  
  Timing Exception:       MaxDelay Path 13.333ns -datapath_only

    Location             Delay type                Incr(ns)  Path(ns)    Netlist Resource(s)
  -------------------------------------------------------------------    -------------------
    SLICE_X90Y407                                     0.000     0.000 r  dbg_hub/inst/BSCANID.u_xsdbm_id/CORE_XSDB.UUT_MASTER/U_ICON_INTERFACE/U_CMD6_WR/U_WR_FIFO/SUBCORE_FIFO.xsdbm_v3_0_5_wrfifo_inst/inst_fifo_gen/gconvfifo.rf/grf.rf/gntv_or_sync_fifo.gcx.clkx/gnxpm_cdc.rd_pntr_gc_reg[0]/C
    SLICE_X90Y407        FDCE (Prop_EFF_SLICEL_C_Q)
                                                      0.079     0.079 r  dbg_hub/inst/BSCANID.u_xsdbm_id/CORE_XSDB.UUT_MASTER/U_ICON_INTERFACE/U_CMD6_WR/U_WR_FIFO/SUBCORE_FIFO.xsdbm_v3_0_5_wrfifo_inst/inst_fifo_gen/gconvfifo.rf/grf.rf/gntv_or_sync_fifo.gcx.clkx/gnxpm_cdc.rd_pntr_gc_reg[0]/Q
                         net (fo=1, routed)           0.347     0.426    dbg_hub/inst/BSCANID.u_xsdbm_id/CORE_XSDB.UUT_MASTER/U_ICON_INTERFACE/U_CMD6_WR/U_WR_FIFO/SUBCORE_FIFO.xsdbm_v3_0_5_wrfifo_inst/inst_fifo_gen/gconvfifo.rf/grf.rf/gntv_or_sync_fifo.gcx.clkx/gnxpm_cdc.gsync_stage[1].wr_stg_inst/Q[0]
    SLICE_X90Y407        FDCE                                         r  dbg_hub/inst/BSCANID.u_xsdbm_id/CORE_XSDB.UUT_MASTER/U_ICON_INTERFACE/U_CMD6_WR/U_WR_FIFO/SUBCORE_FIFO.xsdbm_v3_0_5_wrfifo_inst/inst_fifo_gen/gconvfifo.rf/grf.rf/gntv_or_sync_fifo.gcx.clkx/gnxpm_cdc.gsync_stage[1].wr_stg_inst/Q_reg_reg[0]/D
  -------------------------------------------------------------------    -------------------

                         max delay                   13.333    13.333    
    SLICE_X90Y407        FDCE (Setup_DFF2_SLICEL_C_D)
                                                      0.025    13.358    dbg_hub/inst/BSCANID.u_xsdbm_id/CORE_XSDB.UUT_MASTER/U_ICON_INTERFACE/U_CMD6_WR/U_WR_FIFO/SUBCORE_FIFO.xsdbm_v3_0_5_wrfifo_inst/inst_fifo_gen/gconvfifo.rf/grf.rf/gntv_or_sync_fifo.gcx.clkx/gnxpm_cdc.gsync_stage[1].wr_stg_inst/Q_reg_reg[0]
  -------------------------------------------------------------------
                         required time                         13.358    
                         arrival time                          -0.426    
  -------------------------------------------------------------------
                         slack                                 12.932    





---------------------------------------------------------------------------------------------------
Path Group:  **async_default**
From Clock:  clk_core_235_unbuf
  To Clock:  clk_core_235_unbuf

Setup :            0  Failing Endpoints,  Worst Slack        0.290ns,  Total Violation        0.000ns
Hold  :            0  Failing Endpoints,  Worst Slack        0.170ns,  Total Violation        0.000ns
---------------------------------------------------------------------------------------------------


Max Delay Paths
--------------------------------------------------------------------------------------
Slack (MET) :             0.290ns  (required time - arrival time)
  Source:                 gqav7_z19p_system_i/gqav7_accelerator_0/inst/u_accelerator/i_regs/soft_reset_pulse_o_reg/C
                            (rising edge-triggered cell FDCE clocked by clk_core_235_unbuf  {rise@0.000ns fall@2.128ns period=4.255ns})
  Destination:            gqav7_z19p_system_i/gqav7_accelerator_0/inst/u_accelerator/i_core/i_resident_operands/i_k_column_cache/tile_valid_q_reg[80]/CLR
                            (recovery check against rising-edge clock clk_core_235_unbuf  {rise@0.000ns fall@2.128ns period=4.255ns})
  Path Group:             **async_default**
  Path Type:              Recovery (Max at Slow Process Corner)
  Requirement:            4.255ns  (clk_core_235_unbuf rise@4.255ns - clk_core_235_unbuf rise@0.000ns)
  Data Path Delay:        3.924ns  (logic 0.227ns (5.786%)  route 3.697ns (94.214%))
  Logic Levels:           1  (LUT6=1)
  Clock Path Skew:        0.084ns (DCD - SCD + CPR)
    Destination Clock Delay (DCD):    1.994ns = ( 6.249 - 4.255 ) 
    Source Clock Delay      (SCD):    2.006ns
    Clock Pessimism Removal (CPR):    0.097ns
  Clock Uncertainty:      0.061ns  ((TSJ^2 + DJ^2)^1/2) / 2 + PE
    Total System Jitter     (TSJ):    0.071ns
    Discrete Jitter          (DJ):    0.099ns
    Phase Error              (PE):    0.000ns
  Clock Net Delay (Source):      2.939ns (routing 1.454ns, distribution 1.485ns)
  Clock Net Delay (Destination): 2.798ns (routing 1.318ns, distribution 1.480ns)

    Location             Delay type                Incr(ns)  Path(ns)    Netlist Resource(s)
  -------------------------------------------------------------------    -------------------
                         (clock clk_core_235_unbuf rise edge)
                                                      0.000     0.000 r  
    H21                                               0.000     0.000 r  PL_CLK0_clk_p (IN)
                         net (fo=0)                   0.100     0.100    gqav7_z19p_system_i/pl_clock_buffer/inst/u_ibufds/I
    HPIOBDIFFINBUF_X0Y179
                         DIFFINBUF (Prop_DIFFINBUF_HPIOBDIFFINBUF_DIFF_IN_P_O)
                                                      0.523     0.623 r  gqav7_z19p_system_i/pl_clock_buffer/inst/u_ibufds/DIFFINBUF_INST/O
                         net (fo=1, routed)           0.050     0.673    gqav7_z19p_system_i/pl_clock_buffer/inst/u_ibufds/OUT
    H21                  IBUFCTRL (Prop_IBUFCTRL_HPIOB_M_I_O)
                                                      0.000     0.673 r  gqav7_z19p_system_i/pl_clock_buffer/inst/u_ibufds/IBUFCTRL_INST/O
                         net (fo=1, routed)           0.323     0.996    gqav7_z19p_system_i/pl_clock_buffer/inst/clk_ibuf
    BUFGCE_X0Y168        BUFGCE (Prop_BUFCE_BUFGCE_I_O)
                                                      0.028     1.024 r  gqav7_z19p_system_i/pl_clock_buffer/inst/clk_ibuf_BUFGCE_inst/O
                         net (fo=20, routed)          0.969     1.993    gqav7_z19p_system_i/pl_clock_buffer/inst/clk_ibuf_BUFGCE
    MMCM_X0Y7            MMCME4_ADV (Prop_MMCM_CLKIN1_CLKOUT0)
                                                     -3.199    -1.206 r  gqav7_z19p_system_i/pl_clock_buffer/inst/u_mmcm_core_235m/CLKOUT0
                         net (fo=1, routed)           0.245    -0.961    gqav7_z19p_system_i/pl_clock_buffer/inst/clk_core_235_unbuf
    BUFGCE_X0Y191        BUFGCE (Prop_BUFCE_BUFGCE_I_O)
                                                      0.028    -0.933 r  gqav7_z19p_system_i/pl_clock_buffer/inst/u_bufg_core_235m/O
    X1Y3 (CLOCK_ROOT)    net (fo=152508, routed)      2.939     2.006    gqav7_z19p_system_i/gqav7_accelerator_0/inst/u_accelerator/i_regs/aclk
    SLICE_X48Y150        FDCE                                         r  gqav7_z19p_system_i/gqav7_accelerator_0/inst/u_accelerator/i_regs/soft_reset_pulse_o_reg/C
  -------------------------------------------------------------------    -------------------
    SLICE_X48Y150        FDCE (Prop_DFF_SLICEL_C_Q)
                                                      0.079     2.085 f  gqav7_z19p_system_i/gqav7_accelerator_0/inst/u_accelerator/i_regs/soft_reset_pulse_o_reg/Q
                         net (fo=15, routed)          1.216     3.301    gqav7_z19p_system_i/gqav7_accelerator_0/inst/u_accelerator/i_regs/soft_reset_pulse
    SLICE_X50Y243        LUT6 (Prop_F6LUT_SLICEL_I1_O)
                                                      0.148     3.449 r  gqav7_z19p_system_i/gqav7_accelerator_0/inst/u_accelerator/i_regs/i___0_i_2__169/O
                         net (fo=4404, routed)        2.481     5.930    gqav7_z19p_system_i/gqav7_accelerator_0/inst/u_accelerator/i_core/i_resident_operands/i_k_column_cache/p_0_in__0
    SLICE_X93Y162        FDCE                                         f  gqav7_z19p_system_i/gqav7_accelerator_0/inst/u_accelerator/i_core/i_resident_operands/i_k_column_cache/tile_valid_q_reg[80]/CLR  (IS_INVERTED)
  -------------------------------------------------------------------    -------------------

                         (clock clk_core_235_unbuf rise edge)
                                                      4.255     4.255 r  
    H21                                               0.000     4.255 r  PL_CLK0_clk_p (IN)
                         net (fo=0)                   0.079     4.334    gqav7_z19p_system_i/pl_clock_buffer/inst/u_ibufds/I
    HPIOBDIFFINBUF_X0Y179
                         DIFFINBUF (Prop_DIFFINBUF_HPIOBDIFFINBUF_DIFF_IN_P_O)
                                                      0.427     4.761 r  gqav7_z19p_system_i/pl_clock_buffer/inst/u_ibufds/DIFFINBUF_INST/O
                         net (fo=1, routed)           0.040     4.801    gqav7_z19p_system_i/pl_clock_buffer/inst/u_ibufds/OUT
    H21                  IBUFCTRL (Prop_IBUFCTRL_HPIOB_M_I_O)
                                                      0.000     4.801 r  gqav7_z19p_system_i/pl_clock_buffer/inst/u_ibufds/IBUFCTRL_INST/O
                         net (fo=1, routed)           0.286     5.087    gqav7_z19p_system_i/pl_clock_buffer/inst/clk_ibuf
    BUFGCE_X0Y168        BUFGCE (Prop_BUFCE_BUFGCE_I_O)
                                                      0.024     5.111 r  gqav7_z19p_system_i/pl_clock_buffer/inst/clk_ibuf_BUFGCE_inst/O
                         net (fo=20, routed)          0.855     5.966    gqav7_z19p_system_i/pl_clock_buffer/inst/clk_ibuf_BUFGCE
    MMCM_X0Y7            MMCME4_ADV (Prop_MMCM_CLKIN1_CLKOUT0)
                                                     -2.755     3.211 r  gqav7_z19p_system_i/pl_clock_buffer/inst/u_mmcm_core_235m/CLKOUT0
                         net (fo=1, routed)           0.216     3.427    gqav7_z19p_system_i/pl_clock_buffer/inst/clk_core_235_unbuf
    BUFGCE_X0Y191        BUFGCE (Prop_BUFCE_BUFGCE_I_O)
                                                      0.024     3.451 r  gqav7_z19p_system_i/pl_clock_buffer/inst/u_bufg_core_235m/O
    X1Y3 (CLOCK_ROOT)    net (fo=152508, routed)      2.798     6.249    gqav7_z19p_system_i/gqav7_accelerator_0/inst/u_accelerator/i_core/i_resident_operands/i_k_column_cache/aclk
    SLICE_X93Y162        FDCE                                         r  gqav7_z19p_system_i/gqav7_accelerator_0/inst/u_accelerator/i_core/i_resident_operands/i_k_column_cache/tile_valid_q_reg[80]/C
                         clock pessimism              0.097     6.346    
                         clock uncertainty           -0.061     6.285    
    SLICE_X93Y162        FDCE (Recov_BFF_SLICEL_C_CLR)
                                                     -0.066     6.219    gqav7_z19p_system_i/gqav7_accelerator_0/inst/u_accelerator/i_core/i_resident_operands/i_k_column_cache/tile_valid_q_reg[80]
  -------------------------------------------------------------------
                         required time                          6.219    
                         arrival time                          -5.930    
  -------------------------------------------------------------------
                         slack                                  0.290    





Min Delay Paths
--------------------------------------------------------------------------------------
Slack (MET) :             0.170ns  (arrival time - required time)
  Source:                 gqav7_z19p_system_i/gqav7_accelerator_0/inst/u_accelerator/soft_reset_hold_q_reg[3]/C
                            (rising edge-triggered cell FDCE clocked by clk_core_235_unbuf  {rise@0.000ns fall@2.128ns period=4.255ns})
  Destination:            gqav7_z19p_system_i/gqav7_accelerator_0/inst/u_accelerator/i_core/i_pipeline/i_downstream/active_set_q_reg_rep__1/CLR
                            (removal check against rising-edge clock clk_core_235_unbuf  {rise@0.000ns fall@2.128ns period=4.255ns})
  Path Group:             **async_default**
  Path Type:              Removal (Min at Fast Process Corner)
  Requirement:            0.000ns  (clk_core_235_unbuf rise@0.000ns - clk_core_235_unbuf rise@0.000ns)
  Data Path Delay:        0.222ns  (logic 0.061ns (27.539%)  route 0.161ns (72.461%))
  Logic Levels:           1  (LUT6=1)
  Clock Path Skew:        0.072ns (DCD - SCD - CPR)
    Destination Clock Delay (DCD):    1.308ns
    Source Clock Delay      (SCD):    1.186ns
    Clock Pessimism Removal (CPR):    0.050ns
  Clock Net Delay (Source):      1.651ns (routing 0.800ns, distribution 0.851ns)
  Clock Net Delay (Destination): 1.819ns (routing 0.896ns, distribution 0.923ns)

    Location             Delay type                Incr(ns)  Path(ns)    Netlist Resource(s)
  -------------------------------------------------------------------    -------------------
                         (clock clk_core_235_unbuf rise edge)
                                                      0.000     0.000 r  
    H21                                               0.000     0.000 r  PL_CLK0_clk_p (IN)
                         net (fo=0)                   0.079     0.079    gqav7_z19p_system_i/pl_clock_buffer/inst/u_ibufds/I
    HPIOBDIFFINBUF_X0Y179
                         DIFFINBUF (Prop_DIFFINBUF_HPIOBDIFFINBUF_DIFF_IN_P_O)
                                                      0.282     0.361 r  gqav7_z19p_system_i/pl_clock_buffer/inst/u_ibufds/DIFFINBUF_INST/O
                         net (fo=1, routed)           0.040     0.401    gqav7_z19p_system_i/pl_clock_buffer/inst/u_ibufds/OUT
    H21                  IBUFCTRL (Prop_IBUFCTRL_HPIOB_M_I_O)
                                                      0.000     0.401 r  gqav7_z19p_system_i/pl_clock_buffer/inst/u_ibufds/IBUFCTRL_INST/O
                         net (fo=1, routed)           0.144     0.545    gqav7_z19p_system_i/pl_clock_buffer/inst/clk_ibuf
    BUFGCE_X0Y168        BUFGCE (Prop_BUFCE_BUFGCE_I_O)
                                                      0.017     0.562 r  gqav7_z19p_system_i/pl_clock_buffer/inst/clk_ibuf_BUFGCE_inst/O
                         net (fo=20, routed)          0.549     1.111    gqav7_z19p_system_i/pl_clock_buffer/inst/clk_ibuf_BUFGCE
    MMCM_X0Y7            MMCME4_ADV (Prop_MMCM_CLKIN1_CLKOUT0)
                                                     -1.739    -0.628 r  gqav7_z19p_system_i/pl_clock_buffer/inst/u_mmcm_core_235m/CLKOUT0
                         net (fo=1, routed)           0.146    -0.482    gqav7_z19p_system_i/pl_clock_buffer/inst/clk_core_235_unbuf
    BUFGCE_X0Y191        BUFGCE (Prop_BUFCE_BUFGCE_I_O)
                                                      0.017    -0.465 r  gqav7_z19p_system_i/pl_clock_buffer/inst/u_bufg_core_235m/O
    X1Y3 (CLOCK_ROOT)    net (fo=152508, routed)      1.651     1.186    gqav7_z19p_system_i/gqav7_accelerator_0/inst/u_accelerator/aclk
    SLICE_X50Y243        FDCE                                         r  gqav7_z19p_system_i/gqav7_accelerator_0/inst/u_accelerator/soft_reset_hold_q_reg[3]/C
  -------------------------------------------------------------------    -------------------
    SLICE_X50Y243        FDCE (Prop_EFF_SLICEL_C_Q)
                                                      0.039     1.225 f  gqav7_z19p_system_i/gqav7_accelerator_0/inst/u_accelerator/soft_reset_hold_q_reg[3]/Q
                         net (fo=10, routed)          0.033     1.258    gqav7_z19p_system_i/gqav7_accelerator_0/inst/u_accelerator/i_regs/soft_reset_hold_q_reg[2][3]
    SLICE_X50Y243        LUT6 (Prop_F6LUT_SLICEL_I5_O)
                                                      0.022     1.280 r  gqav7_z19p_system_i/gqav7_accelerator_0/inst/u_accelerator/i_regs/i___0_i_2__169/O
                         net (fo=4404, routed)        0.127     1.408    gqav7_z19p_system_i/gqav7_accelerator_0/inst/u_accelerator/i_core/i_pipeline/i_downstream/p_0_in__0
    SLICE_X50Y239        FDCE                                         f  gqav7_z19p_system_i/gqav7_accelerator_0/inst/u_accelerator/i_core/i_pipeline/i_downstream/active_set_q_reg_rep__1/CLR  (IS_INVERTED)
  -------------------------------------------------------------------    -------------------

                         (clock clk_core_235_unbuf rise edge)
                                                      0.000     0.000 r  
    H21                                               0.000     0.000 r  PL_CLK0_clk_p (IN)
                         net (fo=0)                   0.100     0.100    gqav7_z19p_system_i/pl_clock_buffer/inst/u_ibufds/I
    HPIOBDIFFINBUF_X0Y179
                         DIFFINBUF (Prop_DIFFINBUF_HPIOBDIFFINBUF_DIFF_IN_P_O)
                                                      0.380     0.480 r  gqav7_z19p_system_i/pl_clock_buffer/inst/u_ibufds/DIFFINBUF_INST/O
                         net (fo=1, routed)           0.050     0.530    gqav7_z19p_system_i/pl_clock_buffer/inst/u_ibufds/OUT
    H21                  IBUFCTRL (Prop_IBUFCTRL_HPIOB_M_I_O)
                                                      0.000     0.530 r  gqav7_z19p_system_i/pl_clock_buffer/inst/u_ibufds/IBUFCTRL_INST/O
                         net (fo=1, routed)           0.181     0.711    gqav7_z19p_system_i/pl_clock_buffer/inst/clk_ibuf
    BUFGCE_X0Y168        BUFGCE (Prop_BUFCE_BUFGCE_I_O)
                                                      0.019     0.730 r  gqav7_z19p_system_i/pl_clock_buffer/inst/clk_ibuf_BUFGCE_inst/O
                         net (fo=20, routed)          0.617     1.347    gqav7_z19p_system_i/pl_clock_buffer/inst/clk_ibuf_BUFGCE
    MMCM_X0Y7            MMCME4_ADV (Prop_MMCM_CLKIN1_CLKOUT0)
                                                     -2.043    -0.696 r  gqav7_z19p_system_i/pl_clock_buffer/inst/u_mmcm_core_235m/CLKOUT0
                         net (fo=1, routed)           0.166    -0.530    gqav7_z19p_system_i/pl_clock_buffer/inst/clk_core_235_unbuf
    BUFGCE_X0Y191        BUFGCE (Prop_BUFCE_BUFGCE_I_O)
                                                      0.019    -0.511 r  gqav7_z19p_system_i/pl_clock_buffer/inst/u_bufg_core_235m/O
    X1Y3 (CLOCK_ROOT)    net (fo=152508, routed)      1.819     1.308    gqav7_z19p_system_i/gqav7_accelerator_0/inst/u_accelerator/i_core/i_pipeline/i_downstream/aclk
    SLICE_X50Y239        FDCE                                         r  gqav7_z19p_system_i/gqav7_accelerator_0/inst/u_accelerator/i_core/i_pipeline/i_downstream/active_set_q_reg_rep__1/C
                         clock pessimism             -0.050     1.258    
    SLICE_X50Y239        FDCE (Remov_HFF2_SLICEL_C_CLR)
                                                     -0.020     1.238    gqav7_z19p_system_i/gqav7_accelerator_0/inst/u_accelerator/i_core/i_pipeline/i_downstream/active_set_q_reg_rep__1
  -------------------------------------------------------------------
                         required time                         -1.238    
                         arrival time                           1.408    
  -------------------------------------------------------------------
                         slack                                  0.170    





---------------------------------------------------------------------------------------------------
Path Group:  **async_default**
From Clock:  clk_dma_300_unbuf
  To Clock:  clk_dma_300_unbuf

Setup :            0  Failing Endpoints,  Worst Slack        0.091ns,  Total Violation        0.000ns
Hold  :            0  Failing Endpoints,  Worst Slack        0.104ns,  Total Violation        0.000ns
---------------------------------------------------------------------------------------------------


Max Delay Paths
--------------------------------------------------------------------------------------
Slack (MET) :             0.091ns  (required time - arrival time)
  Source:                 gqav7_z19p_system_i/gqav7_accelerator_0/inst/u_accelerator/core_reset_dma_sync2_q_reg/C
                            (rising edge-triggered cell FDCE clocked by clk_dma_300_unbuf  {rise@0.000ns fall@1.667ns period=3.333ns})
  Destination:            gqav7_z19p_system_i/gqav7_accelerator_0/inst/u_accelerator/i_core/gen_v_row_mover.i_v_row_mover/i_dma_row_mover/gen_v5_4.i_store/aw_transaction_count_o_reg[10]/CLR
                            (recovery check against rising-edge clock clk_dma_300_unbuf  {rise@0.000ns fall@1.667ns period=3.333ns})
  Path Group:             **async_default**
  Path Type:              Recovery (Max at Slow Process Corner)
  Requirement:            3.333ns  (clk_dma_300_unbuf rise@3.333ns - clk_dma_300_unbuf rise@0.000ns)
  Data Path Delay:        3.019ns  (logic 0.108ns (3.577%)  route 2.911ns (96.423%))
  Logic Levels:           1  (BUFGCE=1)
  Clock Path Skew:        -0.101ns (DCD - SCD + CPR)
    Destination Clock Delay (DCD):    1.822ns = ( 5.155 - 3.333 ) 
    Source Clock Delay      (SCD):    1.958ns
    Clock Pessimism Removal (CPR):    0.035ns
  Clock Uncertainty:      0.055ns  ((TSJ^2 + DJ^2)^1/2) / 2 + PE
    Total System Jitter     (TSJ):    0.071ns
    Discrete Jitter          (DJ):    0.085ns
    Phase Error              (PE):    0.000ns
  Clock Net Delay (Source):      2.851ns (routing 1.470ns, distribution 1.381ns)
  Clock Net Delay (Destination): 2.591ns (routing 1.333ns, distribution 1.258ns)

    Location             Delay type                Incr(ns)  Path(ns)    Netlist Resource(s)
  -------------------------------------------------------------------    -------------------
                         (clock clk_dma_300_unbuf rise edge)
                                                      0.000     0.000 r  
    H21                                               0.000     0.000 r  PL_CLK0_clk_p (IN)
                         net (fo=0)                   0.100     0.100    gqav7_z19p_system_i/pl_clock_buffer/inst/u_ibufds/I
    HPIOBDIFFINBUF_X0Y179
                         DIFFINBUF (Prop_DIFFINBUF_HPIOBDIFFINBUF_DIFF_IN_P_O)
                                                      0.523     0.623 r  gqav7_z19p_system_i/pl_clock_buffer/inst/u_ibufds/DIFFINBUF_INST/O
                         net (fo=1, routed)           0.050     0.673    gqav7_z19p_system_i/pl_clock_buffer/inst/u_ibufds/OUT
    H21                  IBUFCTRL (Prop_IBUFCTRL_HPIOB_M_I_O)
                                                      0.000     0.673 r  gqav7_z19p_system_i/pl_clock_buffer/inst/u_ibufds/IBUFCTRL_INST/O
                         net (fo=1, routed)           0.323     0.996    gqav7_z19p_system_i/pl_clock_buffer/inst/clk_ibuf
    BUFGCE_X0Y168        BUFGCE (Prop_BUFCE_BUFGCE_I_O)
                                                      0.028     1.024 r  gqav7_z19p_system_i/pl_clock_buffer/inst/clk_ibuf_BUFGCE_inst/O
                         net (fo=20, routed)          1.008     2.032    gqav7_z19p_system_i/pl_clock_buffer/inst/clk_ibuf_BUFGCE
    MMCM_X0Y8            MMCME4_ADV (Prop_MMCM_CLKIN1_CLKOUT0)
                                                     -3.197    -1.165 r  gqav7_z19p_system_i/pl_clock_buffer/inst/u_mmcm_dma_300m/CLKOUT0
                         net (fo=1, routed)           0.244    -0.921    gqav7_z19p_system_i/pl_clock_buffer/inst/clk_dma_300_unbuf
    BUFGCE_X0Y212        BUFGCE (Prop_BUFCE_BUFGCE_I_O)
                                                      0.028    -0.893 r  gqav7_z19p_system_i/pl_clock_buffer/inst/u_bufg_dma_300m/O
    X1Y4 (CLOCK_ROOT)    net (fo=28685, routed)       2.851     1.958    gqav7_z19p_system_i/gqav7_accelerator_0/inst/u_accelerator/dma_aclk
    SLICE_X38Y233        FDCE                                         r  gqav7_z19p_system_i/gqav7_accelerator_0/inst/u_accelerator/core_reset_dma_sync2_q_reg/C
  -------------------------------------------------------------------    -------------------
    SLICE_X38Y233        FDCE (Prop_AFF2_SLICEM_C_Q)
                                                      0.080     2.038 r  gqav7_z19p_system_i/gqav7_accelerator_0/inst/u_accelerator/core_reset_dma_sync2_q_reg/Q
                         net (fo=35, routed)          1.362     3.401    gqav7_z19p_system_i/gqav7_accelerator_0/inst/u_accelerator/core_reset_dma_sync2_q_bufg_place
    BUFGCE_X0Y104        BUFGCE (Prop_BUFCE_BUFGCE_I_O)
                                                      0.028     3.429 r  gqav7_z19p_system_i/gqav7_accelerator_0/inst/u_accelerator/core_reset_dma_sync2_q_reg_bufg_place/O
                         net (fo=1396, routed)        1.549     4.978    gqav7_z19p_system_i/gqav7_accelerator_0/inst/u_accelerator/i_core/gen_v_row_mover.i_v_row_mover/i_dma_row_mover/gen_v5_4.i_store/error_o_reg_0
    SLICE_X35Y116        FDCE                                         f  gqav7_z19p_system_i/gqav7_accelerator_0/inst/u_accelerator/i_core/gen_v_row_mover.i_v_row_mover/i_dma_row_mover/gen_v5_4.i_store/aw_transaction_count_o_reg[10]/CLR  (IS_INVERTED)
  -------------------------------------------------------------------    -------------------

                         (clock clk_dma_300_unbuf rise edge)
                                                      3.333     3.333 r  
    H21                                               0.000     3.333 r  PL_CLK0_clk_p (IN)
                         net (fo=0)                   0.079     3.412    gqav7_z19p_system_i/pl_clock_buffer/inst/u_ibufds/I
    HPIOBDIFFINBUF_X0Y179
                         DIFFINBUF (Prop_DIFFINBUF_HPIOBDIFFINBUF_DIFF_IN_P_O)
                                                      0.427     3.839 r  gqav7_z19p_system_i/pl_clock_buffer/inst/u_ibufds/DIFFINBUF_INST/O
                         net (fo=1, routed)           0.040     3.879    gqav7_z19p_system_i/pl_clock_buffer/inst/u_ibufds/OUT
    H21                  IBUFCTRL (Prop_IBUFCTRL_HPIOB_M_I_O)
                                                      0.000     3.879 r  gqav7_z19p_system_i/pl_clock_buffer/inst/u_ibufds/IBUFCTRL_INST/O
                         net (fo=1, routed)           0.286     4.165    gqav7_z19p_system_i/pl_clock_buffer/inst/clk_ibuf
    BUFGCE_X0Y168        BUFGCE (Prop_BUFCE_BUFGCE_I_O)
                                                      0.024     4.189 r  gqav7_z19p_system_i/pl_clock_buffer/inst/clk_ibuf_BUFGCE_inst/O
                         net (fo=20, routed)          0.890     5.079    gqav7_z19p_system_i/pl_clock_buffer/inst/clk_ibuf_BUFGCE
    MMCM_X0Y8            MMCME4_ADV (Prop_MMCM_CLKIN1_CLKOUT0)
                                                     -2.753     2.326 r  gqav7_z19p_system_i/pl_clock_buffer/inst/u_mmcm_dma_300m/CLKOUT0
                         net (fo=1, routed)           0.214     2.540    gqav7_z19p_system_i/pl_clock_buffer/inst/clk_dma_300_unbuf
    BUFGCE_X0Y212        BUFGCE (Prop_BUFCE_BUFGCE_I_O)
                                                      0.024     2.564 r  gqav7_z19p_system_i/pl_clock_buffer/inst/u_bufg_dma_300m/O
    X1Y4 (CLOCK_ROOT)    net (fo=28685, routed)       2.591     5.155    gqav7_z19p_system_i/gqav7_accelerator_0/inst/u_accelerator/i_core/gen_v_row_mover.i_v_row_mover/i_dma_row_mover/gen_v5_4.i_store/dma_aclk
    SLICE_X35Y116        FDCE                                         r  gqav7_z19p_system_i/gqav7_accelerator_0/inst/u_accelerator/i_core/gen_v_row_mover.i_v_row_mover/i_dma_row_mover/gen_v5_4.i_store/aw_transaction_count_o_reg[10]/C
                         clock pessimism              0.035     5.190    
                         clock uncertainty           -0.055     5.135    
    SLICE_X35Y116        FDCE (Recov_BFF_SLICEM_C_CLR)
                                                     -0.066     5.069    gqav7_z19p_system_i/gqav7_accelerator_0/inst/u_accelerator/i_core/gen_v_row_mover.i_v_row_mover/i_dma_row_mover/gen_v5_4.i_store/aw_transaction_count_o_reg[10]
  -------------------------------------------------------------------
                         required time                          5.069    
                         arrival time                          -4.978    
  -------------------------------------------------------------------
                         slack                                  0.091    





Min Delay Paths
--------------------------------------------------------------------------------------
Slack (MET) :             0.104ns  (arrival time - required time)
  Source:                 gqav7_z19p_system_wrapper/gqav7_z19p_system/gqav7_z19p_system_pl_ddr4_0_0/gqav7_z19p_system_pl_ddr4_0_0_gqav5_pl_ddr4_axi_wrapper/ddr_clock_converter/ddr_clock_converter_axi_clock_converter_v2_1_35_axi_clock_converter/<hidden>/<hidden>/<hidden>/<hidden>/<hidden>/<hidden>
                            (rising edge-triggered cell FDPE clocked by clk_dma_300_unbuf  {rise@0.000ns fall@1.667ns period=3.333ns})
  Destination:            gqav7_z19p_system_wrapper/gqav7_z19p_system/gqav7_z19p_system_pl_ddr4_0_0/gqav7_z19p_system_pl_ddr4_0_0_gqav5_pl_ddr4_axi_wrapper/ddr_clock_converter/ddr_clock_converter_axi_clock_converter_v2_1_35_axi_clock_converter/<hidden>/<hidden>/<hidden>/<hidden>/<hidden>
                            (removal check against rising-edge clock clk_dma_300_unbuf  {rise@0.000ns fall@1.667ns period=3.333ns})
  Path Group:             **async_default**
  Path Type:              Removal (Min at Fast Process Corner)
  Requirement:            0.000ns  (clk_dma_300_unbuf rise@0.000ns - clk_dma_300_unbuf rise@0.000ns)
  Data Path Delay:        0.141ns  (logic 0.039ns (27.718%)  route 0.102ns (72.282%))
  Logic Levels:           0  
  Clock Path Skew:        0.056ns (DCD - SCD - CPR)
    Destination Clock Delay (DCD):    1.276ns
    Source Clock Delay      (SCD):    1.116ns
    Clock Pessimism Removal (CPR):    0.103ns
  Clock Net Delay (Source):      1.561ns (routing 0.808ns, distribution 0.753ns)
  Clock Net Delay (Destination): 1.761ns (routing 0.906ns, distribution 0.855ns)

    Location             Delay type                Incr(ns)  Path(ns)    Netlist Resource(s)
  -------------------------------------------------------------------    -------------------
                         (clock clk_dma_300_unbuf rise edge)
                                                      0.000     0.000 r  
    H21                                               0.000     0.000 r  PL_CLK0_clk_p (IN)
                         net (fo=0)                   0.079     0.079    gqav7_z19p_system_i/pl_clock_buffer/inst/u_ibufds/I
    HPIOBDIFFINBUF_X0Y179
                         DIFFINBUF (Prop_DIFFINBUF_HPIOBDIFFINBUF_DIFF_IN_P_O)
                                                      0.282     0.361 r  gqav7_z19p_system_i/pl_clock_buffer/inst/u_ibufds/DIFFINBUF_INST/O
                         net (fo=1, routed)           0.040     0.401    gqav7_z19p_system_i/pl_clock_buffer/inst/u_ibufds/OUT
    H21                  IBUFCTRL (Prop_IBUFCTRL_HPIOB_M_I_O)
                                                      0.000     0.401 r  gqav7_z19p_system_i/pl_clock_buffer/inst/u_ibufds/IBUFCTRL_INST/O
                         net (fo=1, routed)           0.144     0.545    gqav7_z19p_system_i/pl_clock_buffer/inst/clk_ibuf
    BUFGCE_X0Y168        BUFGCE (Prop_BUFCE_BUFGCE_I_O)
                                                      0.017     0.562 r  gqav7_z19p_system_i/pl_clock_buffer/inst/clk_ibuf_BUFGCE_inst/O
                         net (fo=20, routed)          0.569     1.131    gqav7_z19p_system_i/pl_clock_buffer/inst/clk_ibuf_BUFGCE
    MMCM_X0Y8            MMCME4_ADV (Prop_MMCM_CLKIN1_CLKOUT0)
                                                     -1.738    -0.607 r  gqav7_z19p_system_i/pl_clock_buffer/inst/u_mmcm_dma_300m/CLKOUT0
                         net (fo=1, routed)           0.145    -0.462    gqav7_z19p_system_i/pl_clock_buffer/inst/clk_dma_300_unbuf
    BUFGCE_X0Y212        BUFGCE (Prop_BUFCE_BUFGCE_I_O)
                                                      0.017    -0.445 r  gqav7_z19p_system_i/pl_clock_buffer/inst/u_bufg_dma_300m/O
    X1Y4 (CLOCK_ROOT)    net (fo=28685, routed)       1.561     1.116    gqav7_z19p_system_wrapper/gqav7_z19p_system/gqav7_z19p_system_pl_ddr4_0_0/gqav7_z19p_system_pl_ddr4_0_0_gqav5_pl_ddr4_axi_wrapper/ddr_clock_converter/ddr_clock_converter_axi_clock_converter_v2_1_35_axi_clock_converter/<hidden>/<hidden>/<hidden>/<hidden>/<hidden>/<hidden>
    SLICE_X29Y259        FDPE                                         r  gqav7_z19p_system_wrapper/gqav7_z19p_system/gqav7_z19p_system_pl_ddr4_0_0/gqav7_z19p_system_pl_ddr4_0_0_gqav5_pl_ddr4_axi_wrapper/ddr_clock_converter/ddr_clock_converter_axi_clock_converter_v2_1_35_axi_clock_converter/<hidden>/<hidden>/<hidden>/<hidden>/<hidden>/<hidden>
  -------------------------------------------------------------------    -------------------
    SLICE_X29Y259        FDPE (Prop_AFF2_SLICEM_C_Q)
                                                      0.039     1.155 f  gqav7_z19p_system_wrapper/gqav7_z19p_system/gqav7_z19p_system_pl_ddr4_0_0/gqav7_z19p_system_pl_ddr4_0_0_gqav5_pl_ddr4_axi_wrapper/ddr_clock_converter/ddr_clock_converter_axi_clock_converter_v2_1_35_axi_clock_converter/<hidden>/<hidden>/<hidden>/<hidden>/<hidden>/<hidden>
                         net (fo=9, routed)           0.102     1.257    gqav7_z19p_system_wrapper/gqav7_z19p_system/gqav7_z19p_system_pl_ddr4_0_0/gqav7_z19p_system_pl_ddr4_0_0_gqav5_pl_ddr4_axi_wrapper/ddr_clock_converter/ddr_clock_converter_axi_clock_converter_v2_1_35_axi_clock_converter/<hidden>/<hidden>/<hidden>/<hidden>/<hidden>
    SLICE_X26Y259        FDPE                                         f  gqav7_z19p_system_wrapper/gqav7_z19p_system/gqav7_z19p_system_pl_ddr4_0_0/gqav7_z19p_system_pl_ddr4_0_0_gqav5_pl_ddr4_axi_wrapper/ddr_clock_converter/ddr_clock_converter_axi_clock_converter_v2_1_35_axi_clock_converter/<hidden>/<hidden>/<hidden>/<hidden>/<hidden>
  -------------------------------------------------------------------    -------------------

                         (clock clk_dma_300_unbuf rise edge)
                                                      0.000     0.000 r  
    H21                                               0.000     0.000 r  PL_CLK0_clk_p (IN)
                         net (fo=0)                   0.100     0.100    gqav7_z19p_system_i/pl_clock_buffer/inst/u_ibufds/I
    HPIOBDIFFINBUF_X0Y179
                         DIFFINBUF (Prop_DIFFINBUF_HPIOBDIFFINBUF_DIFF_IN_P_O)
                                                      0.380     0.480 r  gqav7_z19p_system_i/pl_clock_buffer/inst/u_ibufds/DIFFINBUF_INST/O
                         net (fo=1, routed)           0.050     0.530    gqav7_z19p_system_i/pl_clock_buffer/inst/u_ibufds/OUT
    H21                  IBUFCTRL (Prop_IBUFCTRL_HPIOB_M_I_O)
                                                      0.000     0.530 r  gqav7_z19p_system_i/pl_clock_buffer/inst/u_ibufds/IBUFCTRL_INST/O
                         net (fo=1, routed)           0.181     0.711    gqav7_z19p_system_i/pl_clock_buffer/inst/clk_ibuf
    BUFGCE_X0Y168        BUFGCE (Prop_BUFCE_BUFGCE_I_O)
                                                      0.019     0.730 r  gqav7_z19p_system_i/pl_clock_buffer/inst/clk_ibuf_BUFGCE_inst/O
                         net (fo=20, routed)          0.639     1.369    gqav7_z19p_system_i/pl_clock_buffer/inst/clk_ibuf_BUFGCE
    MMCM_X0Y8            MMCME4_ADV (Prop_MMCM_CLKIN1_CLKOUT0)
                                                     -2.039    -0.670 r  gqav7_z19p_system_i/pl_clock_buffer/inst/u_mmcm_dma_300m/CLKOUT0
                         net (fo=1, routed)           0.165    -0.505    gqav7_z19p_system_i/pl_clock_buffer/inst/clk_dma_300_unbuf
    BUFGCE_X0Y212        BUFGCE (Prop_BUFCE_BUFGCE_I_O)
                                                      0.019    -0.486 r  gqav7_z19p_system_i/pl_clock_buffer/inst/u_bufg_dma_300m/O
    X1Y4 (CLOCK_ROOT)    net (fo=28685, routed)       1.761     1.276    gqav7_z19p_system_wrapper/gqav7_z19p_system/gqav7_z19p_system_pl_ddr4_0_0/gqav7_z19p_system_pl_ddr4_0_0_gqav5_pl_ddr4_axi_wrapper/ddr_clock_converter/ddr_clock_converter_axi_clock_converter_v2_1_35_axi_clock_converter/<hidden>/<hidden>/<hidden>/<hidden>/<hidden>
    SLICE_X26Y259        FDPE                                         r  gqav7_z19p_system_wrapper/gqav7_z19p_system/gqav7_z19p_system_pl_ddr4_0_0/gqav7_z19p_system_pl_ddr4_0_0_gqav5_pl_ddr4_axi_wrapper/ddr_clock_converter/ddr_clock_converter_axi_clock_converter_v2_1_35_axi_clock_converter/<hidden>/<hidden>/<hidden>/<hidden>/<hidden>
                         clock pessimism             -0.103     1.172    
    SLICE_X26Y259        FDPE (Remov_AFF2_SLICEM_C_PRE)
                                                     -0.020     1.152    gqav7_z19p_system_wrapper/gqav7_z19p_system/gqav7_z19p_system_pl_ddr4_0_0/gqav7_z19p_system_pl_ddr4_0_0_gqav5_pl_ddr4_axi_wrapper/ddr_clock_converter/ddr_clock_converter_axi_clock_converter_v2_1_35_axi_clock_converter/<hidden>/<hidden>/<hidden>/<hidden>/<hidden>
  -------------------------------------------------------------------
                         required time                         -1.152    
                         arrival time                           1.257    
  -------------------------------------------------------------------
                         slack                                  0.104    





---------------------------------------------------------------------------------------------------
Path Group:  **async_default**
From Clock:  dbg_hub/inst/BSCANID.u_xsdbm_id/SWITCH_N_EXT_BSCAN.bscan_inst/SERIES7_BSCAN.bscan_inst/INTERNAL_TCK
  To Clock:  dbg_hub/inst/BSCANID.u_xsdbm_id/SWITCH_N_EXT_BSCAN.bscan_inst/SERIES7_BSCAN.bscan_inst/INTERNAL_TCK

Setup :            0  Failing Endpoints,  Worst Slack       45.480ns,  Total Violation        0.000ns
Hold  :            0  Failing Endpoints,  Worst Slack        0.093ns,  Total Violation        0.000ns
---------------------------------------------------------------------------------------------------


Max Delay Paths
--------------------------------------------------------------------------------------
Slack (MET) :             45.480ns  (required time - arrival time)
  Source:                 dbg_hub/inst/BSCANID.u_xsdbm_id/SWITCH_N_EXT_BSCAN.bscan_switch/portno_reg[2]/C
                            (rising edge-triggered cell FDRE clocked by dbg_hub/inst/BSCANID.u_xsdbm_id/SWITCH_N_EXT_BSCAN.bscan_inst/SERIES7_BSCAN.bscan_inst/INTERNAL_TCK  {rise@0.000ns fall@25.000ns period=50.000ns})
  Destination:            dbg_hub/inst/BSCANID.u_xsdbm_id/CORE_XSDB.U_ICON/U_CMD/iTARGET_reg[10]/CLR
                            (recovery check against rising-edge clock dbg_hub/inst/BSCANID.u_xsdbm_id/SWITCH_N_EXT_BSCAN.bscan_inst/SERIES7_BSCAN.bscan_inst/INTERNAL_TCK  {rise@0.000ns fall@25.000ns period=50.000ns})
  Path Group:             **async_default**
  Path Type:              Recovery (Max at Slow Process Corner)
  Requirement:            50.000ns  (dbg_hub/inst/BSCANID.u_xsdbm_id/SWITCH_N_EXT_BSCAN.bscan_inst/SERIES7_BSCAN.bscan_inst/INTERNAL_TCK rise@50.000ns - dbg_hub/inst/BSCANID.u_xsdbm_id/SWITCH_N_EXT_BSCAN.bscan_inst/SERIES7_BSCAN.bscan_inst/INTERNAL_TCK rise@0.000ns)
  Data Path Delay:        4.273ns  (logic 0.389ns (9.104%)  route 3.884ns (90.896%))
  Logic Levels:           2  (LUT4=1 LUT6=1)
  Clock Path Skew:        -0.146ns (DCD - SCD + CPR)
    Destination Clock Delay (DCD):    7.078ns = ( 57.078 - 50.000 ) 
    Source Clock Delay      (SCD):    12.993ns
    Clock Pessimism Removal (CPR):    5.769ns
  Clock Uncertainty:      0.035ns  ((TSJ^2 + TIJ^2)^1/2 + DJ) / 2 + PE
    Total System Jitter     (TSJ):    0.071ns
    Total Input Jitter      (TIJ):    0.000ns
    Discrete Jitter          (DJ):    0.000ns
    Phase Error              (PE):    0.000ns
  Clock Net Delay (Source):      3.634ns (routing 2.179ns, distribution 1.455ns)
  Clock Net Delay (Destination): 3.285ns (routing 1.976ns, distribution 1.309ns)

    Location             Delay type                Incr(ns)  Path(ns)    Netlist Resource(s)
  -------------------------------------------------------------------    -------------------
                         (clock dbg_hub/inst/BSCANID.u_xsdbm_id/SWITCH_N_EXT_BSCAN.bscan_inst/SERIES7_BSCAN.bscan_inst/INTERNAL_TCK rise edge)
                                                      0.000     0.000 r  
    CONFIG_SITE_X0Y0     BSCANE2                      0.000     0.000 r  dbg_hub/inst/BSCANID.u_xsdbm_id/SWITCH_N_EXT_BSCAN.bscan_inst/SERIES7_BSCAN.bscan_inst/INTERNAL_TCK
    CONFIG_SITE_X0Y0     BSCANE2 (Prop_BSCAN1_CONFIG_SITE_INTERNAL_TCK_TCK)
                                                      4.300     4.300 r  dbg_hub/inst/BSCANID.u_xsdbm_id/SWITCH_N_EXT_BSCAN.bscan_inst/SERIES7_BSCAN.bscan_inst/TCK
                         net (fo=1, routed)           5.031     9.331    dbg_hub/inst/BSCANID.u_xsdbm_id/tck_bs
    BUFGCE_X0Y243        BUFGCE (Prop_BUFCE_BUFGCE_I_O)
                                                      0.028     9.359 r  dbg_hub/inst/BSCANID.u_xsdbm_id/SWITCH_N_EXT_BSCAN.u_bufg_icon_tck/O
    X3Y3 (CLOCK_ROOT)    net (fo=478, routed)         3.634    12.993    dbg_hub/inst/BSCANID.u_xsdbm_id/SWITCH_N_EXT_BSCAN.bscan_switch/s_bscan_tck
    SLICE_X98Y35         FDRE                                         r  dbg_hub/inst/BSCANID.u_xsdbm_id/SWITCH_N_EXT_BSCAN.bscan_switch/portno_reg[2]/C
  -------------------------------------------------------------------    -------------------
    SLICE_X98Y35         FDRE (Prop_EFF2_SLICEM_C_Q)
                                                      0.079    13.072 f  dbg_hub/inst/BSCANID.u_xsdbm_id/SWITCH_N_EXT_BSCAN.bscan_switch/portno_reg[2]/Q
                         net (fo=1, routed)           0.210    13.282    dbg_hub/inst/BSCANID.u_xsdbm_id/SWITCH_N_EXT_BSCAN.bscan_switch/portno[2]
    SLICE_X98Y35         LUT6 (Prop_H6LUT_SLICEM_I1_O)
                                                      0.152    13.434 f  dbg_hub/inst/BSCANID.u_xsdbm_id/SWITCH_N_EXT_BSCAN.bscan_switch/m_bscan_drck[0]_INST_0_i_1/O
                         net (fo=5, routed)           0.464    13.898    dbg_hub/inst/BSCANID.u_xsdbm_id/SWITCH_N_EXT_BSCAN.bscan_switch/m_bscan_drck[0]_INST_0_i_1_n_0
    SLICE_X98Y46         LUT4 (Prop_D5LUT_SLICEM_I3_O)
                                                      0.158    14.056 r  dbg_hub/inst/BSCANID.u_xsdbm_id/SWITCH_N_EXT_BSCAN.bscan_switch/m_bscan_sel[0]_INST_0/O
                         net (fo=11, routed)          3.210    17.266    dbg_hub/inst/BSCANID.u_xsdbm_id/CORE_XSDB.U_ICON/U_CMD/iTARGET_reg[6]_0
    SLICE_X99Y401        FDCE                                         f  dbg_hub/inst/BSCANID.u_xsdbm_id/CORE_XSDB.U_ICON/U_CMD/iTARGET_reg[10]/CLR  (IS_INVERTED)
  -------------------------------------------------------------------    -------------------

                         (clock dbg_hub/inst/BSCANID.u_xsdbm_id/SWITCH_N_EXT_BSCAN.bscan_inst/SERIES7_BSCAN.bscan_inst/INTERNAL_TCK rise edge)
                                                     50.000    50.000 r  
    CONFIG_SITE_X0Y0     BSCANE2                      0.000    50.000 r  dbg_hub/inst/BSCANID.u_xsdbm_id/SWITCH_N_EXT_BSCAN.bscan_inst/SERIES7_BSCAN.bscan_inst/INTERNAL_TCK
    CONFIG_SITE_X0Y0     BSCANE2 (Prop_BSCAN1_CONFIG_SITE_INTERNAL_TCK_TCK)
                                                      0.465    50.465 r  dbg_hub/inst/BSCANID.u_xsdbm_id/SWITCH_N_EXT_BSCAN.bscan_inst/SERIES7_BSCAN.bscan_inst/TCK
                         net (fo=1, routed)           3.304    53.769    dbg_hub/inst/BSCANID.u_xsdbm_id/tck_bs
    BUFGCE_X0Y243        BUFGCE (Prop_BUFCE_BUFGCE_I_O)
                                                      0.024    53.793 r  dbg_hub/inst/BSCANID.u_xsdbm_id/SWITCH_N_EXT_BSCAN.u_bufg_icon_tck/O
    X3Y3 (CLOCK_ROOT)    net (fo=478, routed)         3.285    57.078    dbg_hub/inst/BSCANID.u_xsdbm_id/CORE_XSDB.U_ICON/U_CMD/m_bscan_tck[0]
    SLICE_X99Y401        FDCE                                         r  dbg_hub/inst/BSCANID.u_xsdbm_id/CORE_XSDB.U_ICON/U_CMD/iTARGET_reg[10]/C
                         clock pessimism              5.769    62.847    
                         clock uncertainty           -0.035    62.812    
    SLICE_X99Y401        FDCE (Recov_EFF_SLICEL_C_CLR)
                                                     -0.066    62.746    dbg_hub/inst/BSCANID.u_xsdbm_id/CORE_XSDB.U_ICON/U_CMD/iTARGET_reg[10]
  -------------------------------------------------------------------
                         required time                         62.746    
                         arrival time                         -17.266    
  -------------------------------------------------------------------
                         slack                                 45.480    





Min Delay Paths
--------------------------------------------------------------------------------------
Slack (MET) :             0.093ns  (arrival time - required time)
  Source:                 dbg_hub/inst/BSCANID.u_xsdbm_id/CORE_XSDB.UUT_MASTER/U_ICON_INTERFACE/U_CMD6_WR/U_WR_FIFO/SUBCORE_FIFO.xsdbm_v3_0_5_wrfifo_inst/inst_fifo_gen/gconvfifo.rf/grf.rf/rstblk/ngwrdrst.grst.g7serrst.wr_rst_reg_reg[0]/C
                            (rising edge-triggered cell FDPE clocked by dbg_hub/inst/BSCANID.u_xsdbm_id/SWITCH_N_EXT_BSCAN.bscan_inst/SERIES7_BSCAN.bscan_inst/INTERNAL_TCK  {rise@0.000ns fall@25.000ns period=50.000ns})
  Destination:            dbg_hub/inst/BSCANID.u_xsdbm_id/CORE_XSDB.UUT_MASTER/U_ICON_INTERFACE/U_CMD6_WR/U_WR_FIFO/SUBCORE_FIFO.xsdbm_v3_0_5_wrfifo_inst/inst_fifo_gen/gconvfifo.rf/grf.rf/gntv_or_sync_fifo.gcx.clkx/gnxpm_cdc.rd_pntr_bin_reg[3]/CLR
                            (removal check against rising-edge clock dbg_hub/inst/BSCANID.u_xsdbm_id/SWITCH_N_EXT_BSCAN.bscan_inst/SERIES7_BSCAN.bscan_inst/INTERNAL_TCK  {rise@0.000ns fall@25.000ns period=50.000ns})
  Path Group:             **async_default**
  Path Type:              Removal (Min at Fast Process Corner)
  Requirement:            0.000ns  (dbg_hub/inst/BSCANID.u_xsdbm_id/SWITCH_N_EXT_BSCAN.bscan_inst/SERIES7_BSCAN.bscan_inst/INTERNAL_TCK rise@0.000ns - dbg_hub/inst/BSCANID.u_xsdbm_id/SWITCH_N_EXT_BSCAN.bscan_inst/SERIES7_BSCAN.bscan_inst/INTERNAL_TCK rise@0.000ns)
  Data Path Delay:        0.132ns  (logic 0.039ns (29.534%)  route 0.093ns (70.466%))
  Logic Levels:           0  
  Clock Path Skew:        0.059ns (DCD - SCD - CPR)
    Destination Clock Delay (DCD):    10.006ns
    Source Clock Delay      (SCD):    5.089ns
    Clock Pessimism Removal (CPR):    4.858ns
  Clock Net Delay (Source):      1.992ns (routing 1.195ns, distribution 0.797ns)
  Clock Net Delay (Destination): 2.259ns (routing 1.343ns, distribution 0.916ns)

    Location             Delay type                Incr(ns)  Path(ns)    Netlist Resource(s)
  -------------------------------------------------------------------    -------------------
                         (clock dbg_hub/inst/BSCANID.u_xsdbm_id/SWITCH_N_EXT_BSCAN.bscan_inst/SERIES7_BSCAN.bscan_inst/INTERNAL_TCK rise edge)
                                                      0.000     0.000 r  
    CONFIG_SITE_X0Y0     BSCANE2                      0.000     0.000 r  dbg_hub/inst/BSCANID.u_xsdbm_id/SWITCH_N_EXT_BSCAN.bscan_inst/SERIES7_BSCAN.bscan_inst/INTERNAL_TCK
    CONFIG_SITE_X0Y0     BSCANE2 (Prop_BSCAN1_CONFIG_SITE_INTERNAL_TCK_TCK)
                                                      0.465     0.465 r  dbg_hub/inst/BSCANID.u_xsdbm_id/SWITCH_N_EXT_BSCAN.bscan_inst/SERIES7_BSCAN.bscan_inst/TCK
                         net (fo=1, routed)           2.615     3.080    dbg_hub/inst/BSCANID.u_xsdbm_id/tck_bs
    BUFGCE_X0Y243        BUFGCE (Prop_BUFCE_BUFGCE_I_O)
                                                      0.017     3.097 r  dbg_hub/inst/BSCANID.u_xsdbm_id/SWITCH_N_EXT_BSCAN.u_bufg_icon_tck/O
    X3Y3 (CLOCK_ROOT)    net (fo=478, routed)         1.992     5.089    dbg_hub/inst/BSCANID.u_xsdbm_id/CORE_XSDB.UUT_MASTER/U_ICON_INTERFACE/U_CMD6_WR/U_WR_FIFO/SUBCORE_FIFO.xsdbm_v3_0_5_wrfifo_inst/inst_fifo_gen/gconvfifo.rf/grf.rf/rstblk/wr_clk
    SLICE_X85Y408        FDPE                                         r  dbg_hub/inst/BSCANID.u_xsdbm_id/CORE_XSDB.UUT_MASTER/U_ICON_INTERFACE/U_CMD6_WR/U_WR_FIFO/SUBCORE_FIFO.xsdbm_v3_0_5_wrfifo_inst/inst_fifo_gen/gconvfifo.rf/grf.rf/rstblk/ngwrdrst.grst.g7serrst.wr_rst_reg_reg[0]/C
  -------------------------------------------------------------------    -------------------
    SLICE_X85Y408        FDPE (Prop_EFF_SLICEL_C_Q)
                                                      0.039     5.128 f  dbg_hub/inst/BSCANID.u_xsdbm_id/CORE_XSDB.UUT_MASTER/U_ICON_INTERFACE/U_CMD6_WR/U_WR_FIFO/SUBCORE_FIFO.xsdbm_v3_0_5_wrfifo_inst/inst_fifo_gen/gconvfifo.rf/grf.rf/rstblk/ngwrdrst.grst.g7serrst.wr_rst_reg_reg[0]/Q
                         net (fo=18, routed)          0.093     5.221    dbg_hub/inst/BSCANID.u_xsdbm_id/CORE_XSDB.UUT_MASTER/U_ICON_INTERFACE/U_CMD6_WR/U_WR_FIFO/SUBCORE_FIFO.xsdbm_v3_0_5_wrfifo_inst/inst_fifo_gen/gconvfifo.rf/grf.rf/gntv_or_sync_fifo.gcx.clkx/AR[0]
    SLICE_X90Y408        FDCE                                         f  dbg_hub/inst/BSCANID.u_xsdbm_id/CORE_XSDB.UUT_MASTER/U_ICON_INTERFACE/U_CMD6_WR/U_WR_FIFO/SUBCORE_FIFO.xsdbm_v3_0_5_wrfifo_inst/inst_fifo_gen/gconvfifo.rf/grf.rf/gntv_or_sync_fifo.gcx.clkx/gnxpm_cdc.rd_pntr_bin_reg[3]/CLR
  -------------------------------------------------------------------    -------------------

                         (clock dbg_hub/inst/BSCANID.u_xsdbm_id/SWITCH_N_EXT_BSCAN.bscan_inst/SERIES7_BSCAN.bscan_inst/INTERNAL_TCK rise edge)
                                                      0.000     0.000 r  
    CONFIG_SITE_X0Y0     BSCANE2                      0.000     0.000 r  dbg_hub/inst/BSCANID.u_xsdbm_id/SWITCH_N_EXT_BSCAN.bscan_inst/SERIES7_BSCAN.bscan_inst/INTERNAL_TCK
    CONFIG_SITE_X0Y0     BSCANE2 (Prop_BSCAN1_CONFIG_SITE_INTERNAL_TCK_TCK)
                                                      4.300     4.300 r  dbg_hub/inst/BSCANID.u_xsdbm_id/SWITCH_N_EXT_BSCAN.bscan_inst/SERIES7_BSCAN.bscan_inst/TCK
                         net (fo=1, routed)           3.428     7.728    dbg_hub/inst/BSCANID.u_xsdbm_id/tck_bs
    BUFGCE_X0Y243        BUFGCE (Prop_BUFCE_BUFGCE_I_O)
                                                      0.019     7.747 r  dbg_hub/inst/BSCANID.u_xsdbm_id/SWITCH_N_EXT_BSCAN.u_bufg_icon_tck/O
    X3Y3 (CLOCK_ROOT)    net (fo=478, routed)         2.259    10.006    dbg_hub/inst/BSCANID.u_xsdbm_id/CORE_XSDB.UUT_MASTER/U_ICON_INTERFACE/U_CMD6_WR/U_WR_FIFO/SUBCORE_FIFO.xsdbm_v3_0_5_wrfifo_inst/inst_fifo_gen/gconvfifo.rf/grf.rf/gntv_or_sync_fifo.gcx.clkx/wr_clk
    SLICE_X90Y408        FDCE                                         r  dbg_hub/inst/BSCANID.u_xsdbm_id/CORE_XSDB.UUT_MASTER/U_ICON_INTERFACE/U_CMD6_WR/U_WR_FIFO/SUBCORE_FIFO.xsdbm_v3_0_5_wrfifo_inst/inst_fifo_gen/gconvfifo.rf/grf.rf/gntv_or_sync_fifo.gcx.clkx/gnxpm_cdc.rd_pntr_bin_reg[3]/C
                         clock pessimism             -4.858     5.148    
    SLICE_X90Y408        FDCE (Remov_EFF_SLICEL_C_CLR)
                                                     -0.020     5.128    dbg_hub/inst/BSCANID.u_xsdbm_id/CORE_XSDB.UUT_MASTER/U_ICON_INTERFACE/U_CMD6_WR/U_WR_FIFO/SUBCORE_FIFO.xsdbm_v3_0_5_wrfifo_inst/inst_fifo_gen/gconvfifo.rf/grf.rf/gntv_or_sync_fifo.gcx.clkx/gnxpm_cdc.rd_pntr_bin_reg[3]
  -------------------------------------------------------------------
                         required time                         -5.128    
                         arrival time                           5.221    
  -------------------------------------------------------------------
                         slack                                  0.093    





---------------------------------------------------------------------------------------------------
Path Group:  **async_default**
From Clock:  mmcm_clkout0
  To Clock:  mmcm_clkout0

Setup :            0  Failing Endpoints,  Worst Slack        1.969ns,  Total Violation        0.000ns
Hold  :            0  Failing Endpoints,  Worst Slack        0.146ns,  Total Violation        0.000ns
---------------------------------------------------------------------------------------------------


Max Delay Paths
--------------------------------------------------------------------------------------
Slack (MET) :             1.969ns  (required time - arrival time)
  Source:                 gqav7_z19p_system_wrapper/gqav7_z19p_system/gqav7_z19p_system_pl_ddr4_0_0/gqav7_z19p_system_pl_ddr4_0_0_gqav5_pl_ddr4_axi_wrapper/ddr_clock_converter/ddr_clock_converter_axi_clock_converter_v2_1_35_axi_clock_converter/<hidden>/<hidden>/<hidden>/<hidden>/<hidden>
                            (rising edge-triggered cell FDPE clocked by mmcm_clkout0  {rise@0.000ns fall@1.667ns period=3.333ns})
  Destination:            gqav7_z19p_system_wrapper/gqav7_z19p_system/gqav7_z19p_system_pl_ddr4_0_0/gqav7_z19p_system_pl_ddr4_0_0_gqav5_pl_ddr4_axi_wrapper/ddr_clock_converter/ddr_clock_converter_axi_clock_converter_v2_1_35_axi_clock_converter/<hidden>/<hidden>/<hidden>/<hidden>/<hidden>/<hidden>
                            (recovery check against rising-edge clock mmcm_clkout0  {rise@0.000ns fall@1.667ns period=3.333ns})
  Path Group:             **async_default**
  Path Type:              Recovery (Max at Slow Process Corner)
  Requirement:            3.333ns  (mmcm_clkout0 rise@3.333ns - mmcm_clkout0 rise@0.000ns)
  Data Path Delay:        1.004ns  (logic 0.080ns (7.968%)  route 0.924ns (92.032%))
  Logic Levels:           0  
  Clock Path Skew:        -0.242ns (DCD - SCD + CPR)
    Destination Clock Delay (DCD):    4.379ns = ( 7.712 - 3.333 ) 
    Source Clock Delay      (SCD):    4.247ns
    Clock Pessimism Removal (CPR):    -0.374ns
  Clock Uncertainty:      0.052ns  ((TSJ^2 + DJ^2)^1/2) / 2 + PE
    Total System Jitter     (TSJ):    0.071ns
    Discrete Jitter          (DJ):    0.077ns
    Phase Error              (PE):    0.000ns
  Clock Net Delay (Source):      2.096ns (routing 0.714ns, distribution 1.382ns)
  Clock Net Delay (Destination): 1.788ns (routing 0.648ns, distribution 1.140ns)

    Location             Delay type                Incr(ns)  Path(ns)    Netlist Resource(s)
  -------------------------------------------------------------------    -------------------
                         (clock mmcm_clkout0 rise edge)
                                                      0.000     0.000 r  
    H21                                               0.000     0.000 r  PL_CLK0_clk_p (IN)
                         net (fo=0)                   0.100     0.100    gqav7_z19p_system_i/pl_clock_buffer/inst/u_ibufds/I
    HPIOBDIFFINBUF_X0Y179
                         DIFFINBUF (Prop_DIFFINBUF_HPIOBDIFFINBUF_DIFF_IN_P_O)
                                                      0.523     0.623 r  gqav7_z19p_system_i/pl_clock_buffer/inst/u_ibufds/DIFFINBUF_INST/O
                         net (fo=1, routed)           0.050     0.673    gqav7_z19p_system_i/pl_clock_buffer/inst/u_ibufds/OUT
    H21                  IBUFCTRL (Prop_IBUFCTRL_HPIOB_M_I_O)
                                                      0.000     0.673 r  gqav7_z19p_system_i/pl_clock_buffer/inst/u_ibufds/IBUFCTRL_INST/O
                         net (fo=1, routed)           0.323     0.996    gqav7_z19p_system_i/pl_clock_buffer/inst/clk_ibuf
    BUFGCE_X0Y168        BUFGCE (Prop_BUFCE_BUFGCE_I_O)
                                                      0.028     1.024 r  gqav7_z19p_system_i/pl_clock_buffer/inst/clk_ibuf_BUFGCE_inst/O
                         net (fo=20, routed)          0.981     2.005    gqav7_z19p_system_i/pl_ddr4_0/inst/u_ddr4_controller/inst/u_ddr4_infrastructure/mmcm_clk_in
    MMCM_X0Y6            MMCME4_ADV (Prop_MMCM_CLKIN1_CLKOUT0)
                                                     -0.127     1.878 r  gqav7_z19p_system_i/pl_ddr4_0/inst/u_ddr4_controller/inst/u_ddr4_infrastructure/gen_mmcme4.u_mmcme_adv_inst/CLKOUT0
                         net (fo=1, routed)           0.245     2.123    gqav7_z19p_system_i/pl_ddr4_0/inst/u_ddr4_controller/inst/u_ddr4_infrastructure/mmcm_clkout0
    BUFGCE_X0Y150        BUFGCE (Prop_BUFCE_BUFGCE_I_O)
                                                      0.028     2.151 r  gqav7_z19p_system_i/pl_ddr4_0/inst/u_ddr4_controller/inst/u_ddr4_infrastructure/u_bufg_divClk/O
    X2Y5 (CLOCK_ROOT)    net (fo=20545, routed)       2.096     4.247    gqav7_z19p_system_wrapper/gqav7_z19p_system/gqav7_z19p_system_pl_ddr4_0_0/gqav7_z19p_system_pl_ddr4_0_0_gqav5_pl_ddr4_axi_wrapper/ddr_clock_converter/ddr_clock_converter_axi_clock_converter_v2_1_35_axi_clock_converter/<hidden>/<hidden>/<hidden>/<hidden>/<hidden>
    SLICE_X30Y394        FDPE                                         r  gqav7_z19p_system_wrapper/gqav7_z19p_system/gqav7_z19p_system_pl_ddr4_0_0/gqav7_z19p_system_pl_ddr4_0_0_gqav5_pl_ddr4_axi_wrapper/ddr_clock_converter/ddr_clock_converter_axi_clock_converter_v2_1_35_axi_clock_converter/<hidden>/<hidden>/<hidden>/<hidden>/<hidden>
  -------------------------------------------------------------------    -------------------
    SLICE_X30Y394        FDPE (Prop_DFF2_SLICEM_C_Q)
                                                      0.080     4.327 f  gqav7_z19p_system_wrapper/gqav7_z19p_system/gqav7_z19p_system_pl_ddr4_0_0/gqav7_z19p_system_pl_ddr4_0_0_gqav5_pl_ddr4_axi_wrapper/ddr_clock_converter/ddr_clock_converter_axi_clock_converter_v2_1_35_axi_clock_converter/<hidden>/<hidden>/<hidden>/<hidden>/<hidden>
                         net (fo=21, routed)          0.924     5.251    gqav7_z19p_system_wrapper/gqav7_z19p_system/gqav7_z19p_system_pl_ddr4_0_0/gqav7_z19p_system_pl_ddr4_0_0_gqav5_pl_ddr4_axi_wrapper/ddr_clock_converter/ddr_clock_converter_axi_clock_converter_v2_1_35_axi_clock_converter/<hidden>/<hidden>/<hidden>/<hidden>/<hidden>/<hidden>
    SLICE_X38Y335        FDPE                                         f  gqav7_z19p_system_wrapper/gqav7_z19p_system/gqav7_z19p_system_pl_ddr4_0_0/gqav7_z19p_system_pl_ddr4_0_0_gqav5_pl_ddr4_axi_wrapper/ddr_clock_converter/ddr_clock_converter_axi_clock_converter_v2_1_35_axi_clock_converter/<hidden>/<hidden>/<hidden>/<hidden>/<hidden>/<hidden>
  -------------------------------------------------------------------    -------------------

                         (clock mmcm_clkout0 rise edge)
                                                      3.333     3.333 r  
    H21                                               0.000     3.333 r  PL_CLK0_clk_p (IN)
                         net (fo=0)                   0.079     3.412    gqav7_z19p_system_i/pl_clock_buffer/inst/u_ibufds/I
    HPIOBDIFFINBUF_X0Y179
                         DIFFINBUF (Prop_DIFFINBUF_HPIOBDIFFINBUF_DIFF_IN_P_O)
                                                      0.427     3.839 r  gqav7_z19p_system_i/pl_clock_buffer/inst/u_ibufds/DIFFINBUF_INST/O
                         net (fo=1, routed)           0.040     3.879    gqav7_z19p_system_i/pl_clock_buffer/inst/u_ibufds/OUT
    H21                  IBUFCTRL (Prop_IBUFCTRL_HPIOB_M_I_O)
                                                      0.000     3.879 r  gqav7_z19p_system_i/pl_clock_buffer/inst/u_ibufds/IBUFCTRL_INST/O
                         net (fo=1, routed)           0.286     4.165    gqav7_z19p_system_i/pl_clock_buffer/inst/clk_ibuf
    BUFGCE_X0Y168        BUFGCE (Prop_BUFCE_BUFGCE_I_O)
                                                      0.024     4.189 r  gqav7_z19p_system_i/pl_clock_buffer/inst/clk_ibuf_BUFGCE_inst/O
                         net (fo=20, routed)          0.866     5.055    gqav7_z19p_system_i/pl_ddr4_0/inst/u_ddr4_controller/inst/u_ddr4_infrastructure/mmcm_clk_in
    MMCM_X0Y6            MMCME4_ADV (Prop_MMCM_CLKIN1_CLKOUT0)
                                                      0.630     5.685 r  gqav7_z19p_system_i/pl_ddr4_0/inst/u_ddr4_controller/inst/u_ddr4_infrastructure/gen_mmcme4.u_mmcme_adv_inst/CLKOUT0
                         net (fo=1, routed)           0.215     5.900    gqav7_z19p_system_i/pl_ddr4_0/inst/u_ddr4_controller/inst/u_ddr4_infrastructure/mmcm_clkout0
    BUFGCE_X0Y150        BUFGCE (Prop_BUFCE_BUFGCE_I_O)
                                                      0.024     5.924 r  gqav7_z19p_system_i/pl_ddr4_0/inst/u_ddr4_controller/inst/u_ddr4_infrastructure/u_bufg_divClk/O
    X2Y5 (CLOCK_ROOT)    net (fo=20545, routed)       1.788     7.712    gqav7_z19p_system_wrapper/gqav7_z19p_system/gqav7_z19p_system_pl_ddr4_0_0/gqav7_z19p_system_pl_ddr4_0_0_gqav5_pl_ddr4_axi_wrapper/ddr_clock_converter/ddr_clock_converter_axi_clock_converter_v2_1_35_axi_clock_converter/<hidden>/<hidden>/<hidden>/<hidden>/<hidden>/<hidden>
    SLICE_X38Y335        FDPE                                         r  gqav7_z19p_system_wrapper/gqav7_z19p_system/gqav7_z19p_system_pl_ddr4_0_0/gqav7_z19p_system_pl_ddr4_0_0_gqav5_pl_ddr4_axi_wrapper/ddr_clock_converter/ddr_clock_converter_axi_clock_converter_v2_1_35_axi_clock_converter/<hidden>/<hidden>/<hidden>/<hidden>/<hidden>/<hidden>
                         clock pessimism             -0.374     7.339    
                         clock uncertainty           -0.052     7.286    
    SLICE_X38Y335        FDPE (Recov_EFF_SLICEM_C_PRE)
                                                     -0.066     7.220    gqav7_z19p_system_wrapper/gqav7_z19p_system/gqav7_z19p_system_pl_ddr4_0_0/gqav7_z19p_system_pl_ddr4_0_0_gqav5_pl_ddr4_axi_wrapper/ddr_clock_converter/ddr_clock_converter_axi_clock_converter_v2_1_35_axi_clock_converter/<hidden>/<hidden>/<hidden>/<hidden>/<hidden>/<hidden>
  -------------------------------------------------------------------
                         required time                          7.220    
                         arrival time                          -5.251    
  -------------------------------------------------------------------
                         slack                                  1.969    





Min Delay Paths
--------------------------------------------------------------------------------------
Slack (MET) :             0.146ns  (arrival time - required time)
  Source:                 gqav7_z19p_system_wrapper/gqav7_z19p_system/gqav7_z19p_system_pl_ddr4_0_0/gqav7_z19p_system_pl_ddr4_0_0_gqav5_pl_ddr4_axi_wrapper/ddr_clock_converter/ddr_clock_converter_axi_clock_converter_v2_1_35_axi_clock_converter/<hidden>/<hidden>/<hidden>/<hidden>/<hidden>/<hidden>
                            (rising edge-triggered cell FDPE clocked by mmcm_clkout0  {rise@0.000ns fall@1.667ns period=3.333ns})
  Destination:            gqav7_z19p_system_wrapper/gqav7_z19p_system/gqav7_z19p_system_pl_ddr4_0_0/gqav7_z19p_system_pl_ddr4_0_0_gqav5_pl_ddr4_axi_wrapper/ddr_clock_converter/ddr_clock_converter_axi_clock_converter_v2_1_35_axi_clock_converter/<hidden>/<hidden>/<hidden>/<hidden>/<hidden>
                            (removal check against rising-edge clock mmcm_clkout0  {rise@0.000ns fall@1.667ns period=3.333ns})
  Path Group:             **async_default**
  Path Type:              Removal (Min at Fast Process Corner)
  Requirement:            0.000ns  (mmcm_clkout0 rise@0.000ns - mmcm_clkout0 rise@0.000ns)
  Data Path Delay:        0.176ns  (logic 0.040ns (22.733%)  route 0.136ns (77.267%))
  Logic Levels:           0  
  Clock Path Skew:        0.050ns (DCD - SCD - CPR)
    Destination Clock Delay (DCD):    2.436ns
    Source Clock Delay      (SCD):    2.559ns
    Clock Pessimism Removal (CPR):    -0.173ns
  Clock Net Delay (Source):      1.058ns (routing 0.394ns, distribution 0.664ns)
  Clock Net Delay (Destination): 1.200ns (routing 0.442ns, distribution 0.758ns)

    Location             Delay type                Incr(ns)  Path(ns)    Netlist Resource(s)
  -------------------------------------------------------------------    -------------------
                         (clock mmcm_clkout0 rise edge)
                                                      0.000     0.000 r  
    H21                                               0.000     0.000 r  PL_CLK0_clk_p (IN)
                         net (fo=0)                   0.079     0.079    gqav7_z19p_system_i/pl_clock_buffer/inst/u_ibufds/I
    HPIOBDIFFINBUF_X0Y179
                         DIFFINBUF (Prop_DIFFINBUF_HPIOBDIFFINBUF_DIFF_IN_P_O)
                                                      0.282     0.361 r  gqav7_z19p_system_i/pl_clock_buffer/inst/u_ibufds/DIFFINBUF_INST/O
                         net (fo=1, routed)           0.040     0.401    gqav7_z19p_system_i/pl_clock_buffer/inst/u_ibufds/OUT
    H21                  IBUFCTRL (Prop_IBUFCTRL_HPIOB_M_I_O)
                                                      0.000     0.401 r  gqav7_z19p_system_i/pl_clock_buffer/inst/u_ibufds/IBUFCTRL_INST/O
                         net (fo=1, routed)           0.144     0.545    gqav7_z19p_system_i/pl_clock_buffer/inst/clk_ibuf
    BUFGCE_X0Y168        BUFGCE (Prop_BUFCE_BUFGCE_I_O)
                                                      0.017     0.562 r  gqav7_z19p_system_i/pl_clock_buffer/inst/clk_ibuf_BUFGCE_inst/O
                         net (fo=20, routed)          0.546     1.108    gqav7_z19p_system_i/pl_ddr4_0/inst/u_ddr4_controller/inst/u_ddr4_infrastructure/mmcm_clk_in
    MMCM_X0Y6            MMCME4_ADV (Prop_MMCM_CLKIN1_CLKOUT0)
                                                      0.230     1.338 r  gqav7_z19p_system_i/pl_ddr4_0/inst/u_ddr4_controller/inst/u_ddr4_infrastructure/gen_mmcme4.u_mmcme_adv_inst/CLKOUT0
                         net (fo=1, routed)           0.146     1.484    gqav7_z19p_system_i/pl_ddr4_0/inst/u_ddr4_controller/inst/u_ddr4_infrastructure/mmcm_clkout0
    BUFGCE_X0Y150        BUFGCE (Prop_BUFCE_BUFGCE_I_O)
                                                      0.017     1.501 r  gqav7_z19p_system_i/pl_ddr4_0/inst/u_ddr4_controller/inst/u_ddr4_infrastructure/u_bufg_divClk/O
    X2Y5 (CLOCK_ROOT)    net (fo=20545, routed)       1.058     2.559    gqav7_z19p_system_wrapper/gqav7_z19p_system/gqav7_z19p_system_pl_ddr4_0_0/gqav7_z19p_system_pl_ddr4_0_0_gqav5_pl_ddr4_axi_wrapper/ddr_clock_converter/ddr_clock_converter_axi_clock_converter_v2_1_35_axi_clock_converter/<hidden>/<hidden>/<hidden>/<hidden>/<hidden>/<hidden>
    SLICE_X54Y242        FDPE                                         r  gqav7_z19p_system_wrapper/gqav7_z19p_system/gqav7_z19p_system_pl_ddr4_0_0/gqav7_z19p_system_pl_ddr4_0_0_gqav5_pl_ddr4_axi_wrapper/ddr_clock_converter/ddr_clock_converter_axi_clock_converter_v2_1_35_axi_clock_converter/<hidden>/<hidden>/<hidden>/<hidden>/<hidden>/<hidden>
  -------------------------------------------------------------------    -------------------
    SLICE_X54Y242        FDPE (Prop_AFF2_SLICEL_C_Q)
                                                      0.040     2.599 f  gqav7_z19p_system_wrapper/gqav7_z19p_system/gqav7_z19p_system_pl_ddr4_0_0/gqav7_z19p_system_pl_ddr4_0_0_gqav5_pl_ddr4_axi_wrapper/ddr_clock_converter/ddr_clock_converter_axi_clock_converter_v2_1_35_axi_clock_converter/<hidden>/<hidden>/<hidden>/<hidden>/<hidden>/<hidden>
                         net (fo=9, routed)           0.136     2.735    gqav7_z19p_system_wrapper/gqav7_z19p_system/gqav7_z19p_system_pl_ddr4_0_0/gqav7_z19p_system_pl_ddr4_0_0_gqav5_pl_ddr4_axi_wrapper/ddr_clock_converter/ddr_clock_converter_axi_clock_converter_v2_1_35_axi_clock_converter/<hidden>/<hidden>/<hidden>/<hidden>/<hidden>
    SLICE_X61Y242        FDPE                                         f  gqav7_z19p_system_wrapper/gqav7_z19p_system/gqav7_z19p_system_pl_ddr4_0_0/gqav7_z19p_system_pl_ddr4_0_0_gqav5_pl_ddr4_axi_wrapper/ddr_clock_converter/ddr_clock_converter_axi_clock_converter_v2_1_35_axi_clock_converter/<hidden>/<hidden>/<hidden>/<hidden>/<hidden>
  -------------------------------------------------------------------    -------------------

                         (clock mmcm_clkout0 rise edge)
                                                      0.000     0.000 r  
    H21                                               0.000     0.000 r  PL_CLK0_clk_p (IN)
                         net (fo=0)                   0.100     0.100    gqav7_z19p_system_i/pl_clock_buffer/inst/u_ibufds/I
    HPIOBDIFFINBUF_X0Y179
                         DIFFINBUF (Prop_DIFFINBUF_HPIOBDIFFINBUF_DIFF_IN_P_O)
                                                      0.380     0.480 r  gqav7_z19p_system_i/pl_clock_buffer/inst/u_ibufds/DIFFINBUF_INST/O
                         net (fo=1, routed)           0.050     0.530    gqav7_z19p_system_i/pl_clock_buffer/inst/u_ibufds/OUT
    H21                  IBUFCTRL (Prop_IBUFCTRL_HPIOB_M_I_O)
                                                      0.000     0.530 r  gqav7_z19p_system_i/pl_clock_buffer/inst/u_ibufds/IBUFCTRL_INST/O
                         net (fo=1, routed)           0.181     0.711    gqav7_z19p_system_i/pl_clock_buffer/inst/clk_ibuf
    BUFGCE_X0Y168        BUFGCE (Prop_BUFCE_BUFGCE_I_O)
                                                      0.019     0.730 r  gqav7_z19p_system_i/pl_clock_buffer/inst/clk_ibuf_BUFGCE_inst/O
                         net (fo=20, routed)          0.616     1.346    gqav7_z19p_system_i/pl_ddr4_0/inst/u_ddr4_controller/inst/u_ddr4_infrastructure/mmcm_clk_in
    MMCM_X0Y6            MMCME4_ADV (Prop_MMCM_CLKIN1_CLKOUT0)
                                                     -0.295     1.051 r  gqav7_z19p_system_i/pl_ddr4_0/inst/u_ddr4_controller/inst/u_ddr4_infrastructure/gen_mmcme4.u_mmcme_adv_inst/CLKOUT0
                         net (fo=1, routed)           0.166     1.217    gqav7_z19p_system_i/pl_ddr4_0/inst/u_ddr4_controller/inst/u_ddr4_infrastructure/mmcm_clkout0
    BUFGCE_X0Y150        BUFGCE (Prop_BUFCE_BUFGCE_I_O)
                                                      0.019     1.236 r  gqav7_z19p_system_i/pl_ddr4_0/inst/u_ddr4_controller/inst/u_ddr4_infrastructure/u_bufg_divClk/O
    X2Y5 (CLOCK_ROOT)    net (fo=20545, routed)       1.200     2.436    gqav7_z19p_system_wrapper/gqav7_z19p_system/gqav7_z19p_system_pl_ddr4_0_0/gqav7_z19p_system_pl_ddr4_0_0_gqav5_pl_ddr4_axi_wrapper/ddr_clock_converter/ddr_clock_converter_axi_clock_converter_v2_1_35_axi_clock_converter/<hidden>/<hidden>/<hidden>/<hidden>/<hidden>
    SLICE_X61Y242        FDPE                                         r  gqav7_z19p_system_wrapper/gqav7_z19p_system/gqav7_z19p_system_pl_ddr4_0_0/gqav7_z19p_system_pl_ddr4_0_0_gqav5_pl_ddr4_axi_wrapper/ddr_clock_converter/ddr_clock_converter_axi_clock_converter_v2_1_35_axi_clock_converter/<hidden>/<hidden>/<hidden>/<hidden>/<hidden>
                         clock pessimism              0.173     2.609    
    SLICE_X61Y242        FDPE (Remov_DFF2_SLICEL_C_PRE)
                                                     -0.020     2.589    gqav7_z19p_system_wrapper/gqav7_z19p_system/gqav7_z19p_system_pl_ddr4_0_0/gqav7_z19p_system_pl_ddr4_0_0_gqav5_pl_ddr4_axi_wrapper/ddr_clock_converter/ddr_clock_converter_axi_clock_converter_v2_1_35_axi_clock_converter/<hidden>/<hidden>/<hidden>/<hidden>/<hidden>
  -------------------------------------------------------------------
                         required time                         -2.589    
                         arrival time                           2.735    
  -------------------------------------------------------------------
                         slack                                  0.146    





---------------------------------------------------------------------------------------------------
Path Group:  **async_default**
From Clock:  mmcm_clkout5
  To Clock:  mmcm_clkout5

Setup :            0  Failing Endpoints,  Worst Slack       12.167ns,  Total Violation        0.000ns
Hold  :            0  Failing Endpoints,  Worst Slack        0.127ns,  Total Violation        0.000ns
---------------------------------------------------------------------------------------------------


Max Delay Paths
--------------------------------------------------------------------------------------
Slack (MET) :             12.167ns  (required time - arrival time)
  Source:                 dbg_hub/inst/BSCANID.u_xsdbm_id/CORE_XSDB.UUT_MASTER/U_ICON_INTERFACE/U_CMD6_RD/U_RD_FIFO/SUBCORE_FIFO.xsdbm_v3_0_5_rdfifo_inst/inst_fifo_gen/gconvfifo.rf/grf.rf/rstblk/ngwrdrst.grst.g7serrst.wr_rst_asreg_reg/C
                            (rising edge-triggered cell FDPE clocked by mmcm_clkout5  {rise@0.000ns fall@6.667ns period=13.333ns})
  Destination:            dbg_hub/inst/BSCANID.u_xsdbm_id/CORE_XSDB.UUT_MASTER/U_ICON_INTERFACE/U_CMD6_RD/U_RD_FIFO/SUBCORE_FIFO.xsdbm_v3_0_5_rdfifo_inst/inst_fifo_gen/gconvfifo.rf/grf.rf/rstblk/ngwrdrst.grst.g7serrst.wr_rst_reg_reg[1]/PRE
                            (recovery check against rising-edge clock mmcm_clkout5  {rise@0.000ns fall@6.667ns period=13.333ns})
  Path Group:             **async_default**
  Path Type:              Recovery (Max at Slow Process Corner)
  Requirement:            13.333ns  (mmcm_clkout5 rise@13.333ns - mmcm_clkout5 rise@0.000ns)
  Data Path Delay:        0.898ns  (logic 0.170ns (18.932%)  route 0.728ns (81.068%))
  Logic Levels:           1  (LUT2=1)
  Clock Path Skew:        -0.142ns (DCD - SCD + CPR)
    Destination Clock Delay (DCD):    3.366ns = ( 16.699 - 13.333 ) 
    Source Clock Delay      (SCD):    3.094ns
    Clock Pessimism Removal (CPR):    -0.414ns
  Clock Uncertainty:      0.061ns  ((TSJ^2 + DJ^2)^1/2) / 2 + PE
    Total System Jitter     (TSJ):    0.071ns
    Discrete Jitter          (DJ):    0.100ns
    Phase Error              (PE):    0.000ns
  Clock Net Delay (Source):      0.952ns (routing 0.001ns, distribution 0.951ns)
  Clock Net Delay (Destination): 0.782ns (routing 0.001ns, distribution 0.781ns)

    Location             Delay type                Incr(ns)  Path(ns)    Netlist Resource(s)
  -------------------------------------------------------------------    -------------------
                         (clock mmcm_clkout5 rise edge)
                                                      0.000     0.000 r  
    H21                                               0.000     0.000 r  PL_CLK0_clk_p (IN)
                         net (fo=0)                   0.100     0.100    gqav7_z19p_system_i/pl_clock_buffer/inst/u_ibufds/I
    HPIOBDIFFINBUF_X0Y179
                         DIFFINBUF (Prop_DIFFINBUF_HPIOBDIFFINBUF_DIFF_IN_P_O)
                                                      0.523     0.623 r  gqav7_z19p_system_i/pl_clock_buffer/inst/u_ibufds/DIFFINBUF_INST/O
                         net (fo=1, routed)           0.050     0.673    gqav7_z19p_system_i/pl_clock_buffer/inst/u_ibufds/OUT
    H21                  IBUFCTRL (Prop_IBUFCTRL_HPIOB_M_I_O)
                                                      0.000     0.673 r  gqav7_z19p_system_i/pl_clock_buffer/inst/u_ibufds/IBUFCTRL_INST/O
                         net (fo=1, routed)           0.323     0.996    gqav7_z19p_system_i/pl_clock_buffer/inst/clk_ibuf
    BUFGCE_X0Y168        BUFGCE (Prop_BUFCE_BUFGCE_I_O)
                                                      0.028     1.024 r  gqav7_z19p_system_i/pl_clock_buffer/inst/clk_ibuf_BUFGCE_inst/O
                         net (fo=20, routed)          0.981     2.005    gqav7_z19p_system_i/pl_ddr4_0/inst/u_ddr4_controller/inst/u_ddr4_infrastructure/mmcm_clk_in
    MMCM_X0Y6            MMCME4_ADV (Prop_MMCM_CLKIN1_CLKOUT5)
                                                     -0.127     1.878 r  gqav7_z19p_system_i/pl_ddr4_0/inst/u_ddr4_controller/inst/u_ddr4_infrastructure/gen_mmcme4.u_mmcme_adv_inst/CLKOUT5
                         net (fo=1, routed)           0.236     2.114    gqav7_z19p_system_i/pl_ddr4_0/inst/u_ddr4_controller/inst/u_ddr4_infrastructure/mmcm_clkout5
    BUFGCE_X0Y161        BUFGCE (Prop_BUFCE_BUFGCE_I_O)
                                                      0.028     2.142 r  gqav7_z19p_system_i/pl_ddr4_0/inst/u_ddr4_controller/inst/u_ddr4_infrastructure/u_bufg_dbg_clk/O
    X2Y6 (CLOCK_ROOT)    net (fo=568, routed)         0.952     3.094    dbg_hub/inst/BSCANID.u_xsdbm_id/CORE_XSDB.UUT_MASTER/U_ICON_INTERFACE/U_CMD6_RD/U_RD_FIFO/SUBCORE_FIFO.xsdbm_v3_0_5_rdfifo_inst/inst_fifo_gen/gconvfifo.rf/grf.rf/rstblk/wr_clk
    SLICE_X95Y398        FDPE                                         r  dbg_hub/inst/BSCANID.u_xsdbm_id/CORE_XSDB.UUT_MASTER/U_ICON_INTERFACE/U_CMD6_RD/U_RD_FIFO/SUBCORE_FIFO.xsdbm_v3_0_5_rdfifo_inst/inst_fifo_gen/gconvfifo.rf/grf.rf/rstblk/ngwrdrst.grst.g7serrst.wr_rst_asreg_reg/C
  -------------------------------------------------------------------    -------------------
    SLICE_X95Y398        FDPE (Prop_HFF2_SLICEL_C_Q)
                                                      0.080     3.174 f  dbg_hub/inst/BSCANID.u_xsdbm_id/CORE_XSDB.UUT_MASTER/U_ICON_INTERFACE/U_CMD6_RD/U_RD_FIFO/SUBCORE_FIFO.xsdbm_v3_0_5_rdfifo_inst/inst_fifo_gen/gconvfifo.rf/grf.rf/rstblk/ngwrdrst.grst.g7serrst.wr_rst_asreg_reg/Q
                         net (fo=3, routed)           0.177     3.351    dbg_hub/inst/BSCANID.u_xsdbm_id/CORE_XSDB.UUT_MASTER/U_ICON_INTERFACE/U_CMD6_RD/U_RD_FIFO/SUBCORE_FIFO.xsdbm_v3_0_5_rdfifo_inst/inst_fifo_gen/gconvfifo.rf/grf.rf/rstblk/ngwrdrst.grst.g7serrst.gwrrd_rst_sync_stage[2].wrst_inst/in0[0]
    SLICE_X95Y398        LUT2 (Prop_H6LUT_SLICEL_I0_O)
                                                      0.090     3.441 f  dbg_hub/inst/BSCANID.u_xsdbm_id/CORE_XSDB.UUT_MASTER/U_ICON_INTERFACE/U_CMD6_RD/U_RD_FIFO/SUBCORE_FIFO.xsdbm_v3_0_5_rdfifo_inst/inst_fifo_gen/gconvfifo.rf/grf.rf/rstblk/ngwrdrst.grst.g7serrst.gwrrd_rst_sync_stage[2].wrst_inst/ngwrdrst.grst.g7serrst.wr_rst_reg[2]_i_1/O
                         net (fo=3, routed)           0.551     3.992    dbg_hub/inst/BSCANID.u_xsdbm_id/CORE_XSDB.UUT_MASTER/U_ICON_INTERFACE/U_CMD6_RD/U_RD_FIFO/SUBCORE_FIFO.xsdbm_v3_0_5_rdfifo_inst/inst_fifo_gen/gconvfifo.rf/grf.rf/rstblk/wr_rst_comb
    SLICE_X91Y398        FDPE                                         f  dbg_hub/inst/BSCANID.u_xsdbm_id/CORE_XSDB.UUT_MASTER/U_ICON_INTERFACE/U_CMD6_RD/U_RD_FIFO/SUBCORE_FIFO.xsdbm_v3_0_5_rdfifo_inst/inst_fifo_gen/gconvfifo.rf/grf.rf/rstblk/ngwrdrst.grst.g7serrst.wr_rst_reg_reg[1]/PRE
  -------------------------------------------------------------------    -------------------

                         (clock mmcm_clkout5 rise edge)
                                                     13.333    13.333 r  
    H21                                               0.000    13.333 r  PL_CLK0_clk_p (IN)
                         net (fo=0)                   0.079    13.412    gqav7_z19p_system_i/pl_clock_buffer/inst/u_ibufds/I
    HPIOBDIFFINBUF_X0Y179
                         DIFFINBUF (Prop_DIFFINBUF_HPIOBDIFFINBUF_DIFF_IN_P_O)
                                                      0.427    13.839 r  gqav7_z19p_system_i/pl_clock_buffer/inst/u_ibufds/DIFFINBUF_INST/O
                         net (fo=1, routed)           0.040    13.879    gqav7_z19p_system_i/pl_clock_buffer/inst/u_ibufds/OUT
    H21                  IBUFCTRL (Prop_IBUFCTRL_HPIOB_M_I_O)
                                                      0.000    13.879 r  gqav7_z19p_system_i/pl_clock_buffer/inst/u_ibufds/IBUFCTRL_INST/O
                         net (fo=1, routed)           0.286    14.165    gqav7_z19p_system_i/pl_clock_buffer/inst/clk_ibuf
    BUFGCE_X0Y168        BUFGCE (Prop_BUFCE_BUFGCE_I_O)
                                                      0.024    14.189 r  gqav7_z19p_system_i/pl_clock_buffer/inst/clk_ibuf_BUFGCE_inst/O
                         net (fo=20, routed)          0.866    15.055    gqav7_z19p_system_i/pl_ddr4_0/inst/u_ddr4_controller/inst/u_ddr4_infrastructure/mmcm_clk_in
    MMCM_X0Y6            MMCME4_ADV (Prop_MMCM_CLKIN1_CLKOUT5)
                                                      0.630    15.685 r  gqav7_z19p_system_i/pl_ddr4_0/inst/u_ddr4_controller/inst/u_ddr4_infrastructure/gen_mmcme4.u_mmcme_adv_inst/CLKOUT5
                         net (fo=1, routed)           0.208    15.893    gqav7_z19p_system_i/pl_ddr4_0/inst/u_ddr4_controller/inst/u_ddr4_infrastructure/mmcm_clkout5
    BUFGCE_X0Y161        BUFGCE (Prop_BUFCE_BUFGCE_I_O)
                                                      0.024    15.917 r  gqav7_z19p_system_i/pl_ddr4_0/inst/u_ddr4_controller/inst/u_ddr4_infrastructure/u_bufg_dbg_clk/O
    X2Y6 (CLOCK_ROOT)    net (fo=568, routed)         0.782    16.699    dbg_hub/inst/BSCANID.u_xsdbm_id/CORE_XSDB.UUT_MASTER/U_ICON_INTERFACE/U_CMD6_RD/U_RD_FIFO/SUBCORE_FIFO.xsdbm_v3_0_5_rdfifo_inst/inst_fifo_gen/gconvfifo.rf/grf.rf/rstblk/wr_clk
    SLICE_X91Y398        FDPE                                         r  dbg_hub/inst/BSCANID.u_xsdbm_id/CORE_XSDB.UUT_MASTER/U_ICON_INTERFACE/U_CMD6_RD/U_RD_FIFO/SUBCORE_FIFO.xsdbm_v3_0_5_rdfifo_inst/inst_fifo_gen/gconvfifo.rf/grf.rf/rstblk/ngwrdrst.grst.g7serrst.wr_rst_reg_reg[1]/C
                         clock pessimism             -0.414    16.286    
                         clock uncertainty           -0.061    16.225    
    SLICE_X91Y398        FDPE (Recov_EFF_SLICEL_C_PRE)
                                                     -0.066    16.159    dbg_hub/inst/BSCANID.u_xsdbm_id/CORE_XSDB.UUT_MASTER/U_ICON_INTERFACE/U_CMD6_RD/U_RD_FIFO/SUBCORE_FIFO.xsdbm_v3_0_5_rdfifo_inst/inst_fifo_gen/gconvfifo.rf/grf.rf/rstblk/ngwrdrst.grst.g7serrst.wr_rst_reg_reg[1]
  -------------------------------------------------------------------
                         required time                         16.159    
                         arrival time                          -3.992    
  -------------------------------------------------------------------
                         slack                                 12.167    





Min Delay Paths
--------------------------------------------------------------------------------------
Slack (MET) :             0.127ns  (arrival time - required time)
  Source:                 dbg_hub/inst/BSCANID.u_xsdbm_id/CORE_XSDB.UUT_MASTER/U_ICON_INTERFACE/rddata_rst_reg/C
                            (rising edge-triggered cell FDRE clocked by mmcm_clkout5  {rise@0.000ns fall@6.667ns period=13.333ns})
  Destination:            dbg_hub/inst/BSCANID.u_xsdbm_id/CORE_XSDB.UUT_MASTER/U_ICON_INTERFACE/U_CMD6_RD/U_RD_FIFO/SUBCORE_FIFO.xsdbm_v3_0_5_rdfifo_inst/inst_fifo_gen/gconvfifo.rf/grf.rf/rstblk/ngwrdrst.grst.g7serrst.rst_wr_reg1_reg/PRE
                            (removal check against rising-edge clock mmcm_clkout5  {rise@0.000ns fall@6.667ns period=13.333ns})
  Path Group:             **async_default**
  Path Type:              Removal (Min at Fast Process Corner)
  Requirement:            0.000ns  (mmcm_clkout5 rise@0.000ns - mmcm_clkout5 rise@0.000ns)
  Data Path Delay:        0.162ns  (logic 0.039ns (24.121%)  route 0.123ns (75.879%))
  Logic Levels:           0  
  Clock Path Skew:        0.055ns (DCD - SCD - CPR)
    Destination Clock Delay (DCD):    1.827ns
    Source Clock Delay      (SCD):    2.018ns
    Clock Pessimism Removal (CPR):    -0.246ns
  Clock Net Delay (Source):      0.523ns (routing 0.000ns, distribution 0.523ns)
  Clock Net Delay (Destination): 0.596ns (routing 0.001ns, distribution 0.595ns)

    Location             Delay type                Incr(ns)  Path(ns)    Netlist Resource(s)
  -------------------------------------------------------------------    -------------------
                         (clock mmcm_clkout5 rise edge)
                                                      0.000     0.000 r  
    H21                                               0.000     0.000 r  PL_CLK0_clk_p (IN)
                         net (fo=0)                   0.079     0.079    gqav7_z19p_system_i/pl_clock_buffer/inst/u_ibufds/I
    HPIOBDIFFINBUF_X0Y179
                         DIFFINBUF (Prop_DIFFINBUF_HPIOBDIFFINBUF_DIFF_IN_P_O)
                                                      0.282     0.361 r  gqav7_z19p_system_i/pl_clock_buffer/inst/u_ibufds/DIFFINBUF_INST/O
                         net (fo=1, routed)           0.040     0.401    gqav7_z19p_system_i/pl_clock_buffer/inst/u_ibufds/OUT
    H21                  IBUFCTRL (Prop_IBUFCTRL_HPIOB_M_I_O)
                                                      0.000     0.401 r  gqav7_z19p_system_i/pl_clock_buffer/inst/u_ibufds/IBUFCTRL_INST/O
                         net (fo=1, routed)           0.144     0.545    gqav7_z19p_system_i/pl_clock_buffer/inst/clk_ibuf
    BUFGCE_X0Y168        BUFGCE (Prop_BUFCE_BUFGCE_I_O)
                                                      0.017     0.562 r  gqav7_z19p_system_i/pl_clock_buffer/inst/clk_ibuf_BUFGCE_inst/O
                         net (fo=20, routed)          0.546     1.108    gqav7_z19p_system_i/pl_ddr4_0/inst/u_ddr4_controller/inst/u_ddr4_infrastructure/mmcm_clk_in
    MMCM_X0Y6            MMCME4_ADV (Prop_MMCM_CLKIN1_CLKOUT5)
                                                      0.230     1.338 r  gqav7_z19p_system_i/pl_ddr4_0/inst/u_ddr4_controller/inst/u_ddr4_infrastructure/gen_mmcme4.u_mmcme_adv_inst/CLKOUT5
                         net (fo=1, routed)           0.140     1.478    gqav7_z19p_system_i/pl_ddr4_0/inst/u_ddr4_controller/inst/u_ddr4_infrastructure/mmcm_clkout5
    BUFGCE_X0Y161        BUFGCE (Prop_BUFCE_BUFGCE_I_O)
                                                      0.017     1.495 r  gqav7_z19p_system_i/pl_ddr4_0/inst/u_ddr4_controller/inst/u_ddr4_infrastructure/u_bufg_dbg_clk/O
    X2Y6 (CLOCK_ROOT)    net (fo=568, routed)         0.523     2.018    dbg_hub/inst/BSCANID.u_xsdbm_id/CORE_XSDB.UUT_MASTER/U_ICON_INTERFACE/clk
    SLICE_X93Y400        FDRE                                         r  dbg_hub/inst/BSCANID.u_xsdbm_id/CORE_XSDB.UUT_MASTER/U_ICON_INTERFACE/rddata_rst_reg/C
  -------------------------------------------------------------------    -------------------
    SLICE_X93Y400        FDRE (Prop_HFF_SLICEL_C_Q)
                                                      0.039     2.057 f  dbg_hub/inst/BSCANID.u_xsdbm_id/CORE_XSDB.UUT_MASTER/U_ICON_INTERFACE/rddata_rst_reg/Q
                         net (fo=20, routed)          0.123     2.180    dbg_hub/inst/BSCANID.u_xsdbm_id/CORE_XSDB.UUT_MASTER/U_ICON_INTERFACE/U_CMD6_RD/U_RD_FIFO/SUBCORE_FIFO.xsdbm_v3_0_5_rdfifo_inst/inst_fifo_gen/gconvfifo.rf/grf.rf/rstblk/rst
    SLICE_X94Y398        FDPE                                         f  dbg_hub/inst/BSCANID.u_xsdbm_id/CORE_XSDB.UUT_MASTER/U_ICON_INTERFACE/U_CMD6_RD/U_RD_FIFO/SUBCORE_FIFO.xsdbm_v3_0_5_rdfifo_inst/inst_fifo_gen/gconvfifo.rf/grf.rf/rstblk/ngwrdrst.grst.g7serrst.rst_wr_reg1_reg/PRE
  -------------------------------------------------------------------    -------------------

                         (clock mmcm_clkout5 rise edge)
                                                      0.000     0.000 r  
    H21                                               0.000     0.000 r  PL_CLK0_clk_p (IN)
                         net (fo=0)                   0.100     0.100    gqav7_z19p_system_i/pl_clock_buffer/inst/u_ibufds/I
    HPIOBDIFFINBUF_X0Y179
                         DIFFINBUF (Prop_DIFFINBUF_HPIOBDIFFINBUF_DIFF_IN_P_O)
                                                      0.380     0.480 r  gqav7_z19p_system_i/pl_clock_buffer/inst/u_ibufds/DIFFINBUF_INST/O
                         net (fo=1, routed)           0.050     0.530    gqav7_z19p_system_i/pl_clock_buffer/inst/u_ibufds/OUT
    H21                  IBUFCTRL (Prop_IBUFCTRL_HPIOB_M_I_O)
                                                      0.000     0.530 r  gqav7_z19p_system_i/pl_clock_buffer/inst/u_ibufds/IBUFCTRL_INST/O
                         net (fo=1, routed)           0.181     0.711    gqav7_z19p_system_i/pl_clock_buffer/inst/clk_ibuf
    BUFGCE_X0Y168        BUFGCE (Prop_BUFCE_BUFGCE_I_O)
                                                      0.019     0.730 r  gqav7_z19p_system_i/pl_clock_buffer/inst/clk_ibuf_BUFGCE_inst/O
                         net (fo=20, routed)          0.616     1.346    gqav7_z19p_system_i/pl_ddr4_0/inst/u_ddr4_controller/inst/u_ddr4_infrastructure/mmcm_clk_in
    MMCM_X0Y6            MMCME4_ADV (Prop_MMCM_CLKIN1_CLKOUT5)
                                                     -0.295     1.051 r  gqav7_z19p_system_i/pl_ddr4_0/inst/u_ddr4_controller/inst/u_ddr4_infrastructure/gen_mmcme4.u_mmcme_adv_inst/CLKOUT5
                         net (fo=1, routed)           0.160     1.211    gqav7_z19p_system_i/pl_ddr4_0/inst/u_ddr4_controller/inst/u_ddr4_infrastructure/mmcm_clkout5
    BUFGCE_X0Y161        BUFGCE (Prop_BUFCE_BUFGCE_I_O)
                                                      0.019     1.230 r  gqav7_z19p_system_i/pl_ddr4_0/inst/u_ddr4_controller/inst/u_ddr4_infrastructure/u_bufg_dbg_clk/O
    X2Y6 (CLOCK_ROOT)    net (fo=568, routed)         0.596     1.827    dbg_hub/inst/BSCANID.u_xsdbm_id/CORE_XSDB.UUT_MASTER/U_ICON_INTERFACE/U_CMD6_RD/U_RD_FIFO/SUBCORE_FIFO.xsdbm_v3_0_5_rdfifo_inst/inst_fifo_gen/gconvfifo.rf/grf.rf/rstblk/wr_clk
    SLICE_X94Y398        FDPE                                         r  dbg_hub/inst/BSCANID.u_xsdbm_id/CORE_XSDB.UUT_MASTER/U_ICON_INTERFACE/U_CMD6_RD/U_RD_FIFO/SUBCORE_FIFO.xsdbm_v3_0_5_rdfifo_inst/inst_fifo_gen/gconvfifo.rf/grf.rf/rstblk/ngwrdrst.grst.g7serrst.rst_wr_reg1_reg/C
                         clock pessimism              0.246     2.073    
    SLICE_X94Y398        FDPE (Remov_DFF2_SLICEL_C_PRE)
                                                     -0.020     2.053    dbg_hub/inst/BSCANID.u_xsdbm_id/CORE_XSDB.UUT_MASTER/U_ICON_INTERFACE/U_CMD6_RD/U_RD_FIFO/SUBCORE_FIFO.xsdbm_v3_0_5_rdfifo_inst/inst_fifo_gen/gconvfifo.rf/grf.rf/rstblk/ngwrdrst.grst.g7serrst.rst_wr_reg1_reg
  -------------------------------------------------------------------
                         required time                         -2.053    
                         arrival time                           2.180    
  -------------------------------------------------------------------
                         slack                                  0.127    





--------------------------------------------------------------------------------------
Path Group:  (none)
From Clock:  
  To Clock:  PL_CLK0_200M

Max Delay             2 Endpoints
Min Delay             2 Endpoints
--------------------------------------------------------------------------------------


Max Delay Paths
--------------------------------------------------------------------------------------
Slack:                    inf
  Source:                 gqav7_z19p_system_i/zynq_ultra_ps_e_0/inst/PS8_i/EMIOGPIOO[95]
                            (internal pin)
  Destination:            gqav7_z19p_system_i/pl_ddr4_0/inst/u_ddr4_controller/inst/u_ddr4_infrastructure/rst_input_async_reg[0]/PRE
                            (recovery check against rising-edge clock PL_CLK0_200M  {rise@0.000ns fall@2.500ns period=5.000ns})
  Path Group:             (none)
  Path Type:              Recovery (Max at Slow Process Corner)
  Data Path Delay:        3.099ns  (logic 0.089ns (2.871%)  route 3.010ns (97.129%))
  Logic Levels:           1  (LUT1=1)
  Clock Uncertainty:      0.025ns  ((TSJ^2 + TIJ^2)^1/2 + DJ) / 2 + PE
    Total System Jitter     (TSJ):    0.050ns
    Total Input Jitter      (TIJ):    0.000ns
    Discrete Jitter          (DJ):    0.000ns
    Phase Error              (PE):    0.000ns
  Clock Net Delay (Destination): 1.004ns (routing 0.155ns, distribution 0.849ns)
  Timing Exception:       False Path

    Location             Delay type                Incr(ns)  Path(ns)    Netlist Resource(s)
  -------------------------------------------------------------------    -------------------
    PS8_X0Y0             PS8                          0.000     0.000 r  gqav7_z19p_system_i/zynq_ultra_ps_e_0/inst/PS8_i/EMIOGPIOO[95]
                         net (fo=5, routed)           1.987     1.987    gqav7_z19p_system_i/pl_ddr4_0/inst/rst_n
    SLICE_X33Y396        LUT1 (Prop_D6LUT_SLICEL_I0_O)
                                                      0.089     2.076 f  gqav7_z19p_system_i/pl_ddr4_0/inst/u_ddr4_controller_i_1/O
                         net (fo=2, routed)           1.023     3.099    gqav7_z19p_system_i/pl_ddr4_0/inst/u_ddr4_controller/inst/u_ddr4_infrastructure/sys_rst
    SLICE_X41Y398        FDPE                                         f  gqav7_z19p_system_i/pl_ddr4_0/inst/u_ddr4_controller/inst/u_ddr4_infrastructure/rst_input_async_reg[0]/PRE
  -------------------------------------------------------------------    -------------------

                         (clock PL_CLK0_200M rise edge)
                                                      0.000     0.000 r  
    H21                                               0.000     0.000 r  PL_CLK0_clk_p (IN)
                         net (fo=0)                   0.079     0.079    gqav7_z19p_system_i/pl_clock_buffer/inst/u_ibufds/I
    HPIOBDIFFINBUF_X0Y179
                         DIFFINBUF (Prop_DIFFINBUF_HPIOBDIFFINBUF_DIFF_IN_P_O)
                                                      0.427     0.506 r  gqav7_z19p_system_i/pl_clock_buffer/inst/u_ibufds/DIFFINBUF_INST/O
                         net (fo=1, routed)           0.040     0.546    gqav7_z19p_system_i/pl_clock_buffer/inst/u_ibufds/OUT
    H21                  IBUFCTRL (Prop_IBUFCTRL_HPIOB_M_I_O)
                                                      0.000     0.546 r  gqav7_z19p_system_i/pl_clock_buffer/inst/u_ibufds/IBUFCTRL_INST/O
                         net (fo=1, routed)           0.286     0.832    gqav7_z19p_system_i/pl_clock_buffer/inst/clk_ibuf
    BUFGCE_X0Y168        BUFGCE (Prop_BUFCE_BUFGCE_I_O)
                                                      0.024     0.856 r  gqav7_z19p_system_i/pl_clock_buffer/inst/clk_ibuf_BUFGCE_inst/O
    X2Y7 (CLOCK_ROOT)    net (fo=20, routed)          1.004     1.860    gqav7_z19p_system_i/pl_ddr4_0/inst/u_ddr4_controller/inst/u_ddr4_infrastructure/sys_clk_in
    SLICE_X41Y398        FDPE                                         r  gqav7_z19p_system_i/pl_ddr4_0/inst/u_ddr4_controller/inst/u_ddr4_infrastructure/rst_input_async_reg[0]/C





Min Delay Paths
--------------------------------------------------------------------------------------
Slack:                    inf
  Source:                 gqav7_z19p_system_i/zynq_ultra_ps_e_0/inst/PS8_i/EMIOGPIOO[95]
                            (internal pin)
  Destination:            gqav7_z19p_system_i/pl_ddr4_0/inst/u_ddr4_controller/inst/u_ddr4_infrastructure/rst_input_async_reg[0]/PRE
                            (removal check against rising-edge clock PL_CLK0_200M  {rise@0.000ns fall@2.500ns period=5.000ns})
  Path Group:             (none)
  Path Type:              Removal (Min at Fast Process Corner)
  Data Path Delay:        1.583ns  (logic 0.035ns (2.210%)  route 1.548ns (97.790%))
  Logic Levels:           1  (LUT1=1)
  Clock Uncertainty:      0.025ns  ((TSJ^2 + TIJ^2)^1/2 + DJ) / 2 + PE
    Total System Jitter     (TSJ):    0.050ns
    Total Input Jitter      (TIJ):    0.000ns
    Discrete Jitter          (DJ):    0.000ns
    Phase Error              (PE):    0.000ns
  Clock Net Delay (Destination): 0.736ns (routing 0.108ns, distribution 0.628ns)
  Timing Exception:       False Path

    Location             Delay type                Incr(ns)  Path(ns)    Netlist Resource(s)
  -------------------------------------------------------------------    -------------------
    PS8_X0Y0             PS8                          0.000     0.000 r  gqav7_z19p_system_i/zynq_ultra_ps_e_0/inst/PS8_i/EMIOGPIOO[95]
                         net (fo=5, routed)           1.037     1.037    gqav7_z19p_system_i/pl_ddr4_0/inst/rst_n
    SLICE_X33Y396        LUT1 (Prop_D6LUT_SLICEL_I0_O)
                                                      0.035     1.072 f  gqav7_z19p_system_i/pl_ddr4_0/inst/u_ddr4_controller_i_1/O
                         net (fo=2, routed)           0.511     1.583    gqav7_z19p_system_i/pl_ddr4_0/inst/u_ddr4_controller/inst/u_ddr4_infrastructure/sys_rst
    SLICE_X41Y398        FDPE                                         f  gqav7_z19p_system_i/pl_ddr4_0/inst/u_ddr4_controller/inst/u_ddr4_infrastructure/rst_input_async_reg[0]/PRE
  -------------------------------------------------------------------    -------------------

                         (clock PL_CLK0_200M rise edge)
                                                      0.000     0.000 r  
    H21                                               0.000     0.000 r  PL_CLK0_clk_p (IN)
                         net (fo=0)                   0.100     0.100    gqav7_z19p_system_i/pl_clock_buffer/inst/u_ibufds/I
    HPIOBDIFFINBUF_X0Y179
                         DIFFINBUF (Prop_DIFFINBUF_HPIOBDIFFINBUF_DIFF_IN_P_O)
                                                      0.380     0.480 r  gqav7_z19p_system_i/pl_clock_buffer/inst/u_ibufds/DIFFINBUF_INST/O
                         net (fo=1, routed)           0.050     0.530    gqav7_z19p_system_i/pl_clock_buffer/inst/u_ibufds/OUT
    H21                  IBUFCTRL (Prop_IBUFCTRL_HPIOB_M_I_O)
                                                      0.000     0.530 r  gqav7_z19p_system_i/pl_clock_buffer/inst/u_ibufds/IBUFCTRL_INST/O
                         net (fo=1, routed)           0.181     0.711    gqav7_z19p_system_i/pl_clock_buffer/inst/clk_ibuf
    BUFGCE_X0Y168        BUFGCE (Prop_BUFCE_BUFGCE_I_O)
                                                      0.019     0.730 r  gqav7_z19p_system_i/pl_clock_buffer/inst/clk_ibuf_BUFGCE_inst/O
    X2Y7 (CLOCK_ROOT)    net (fo=20, routed)          0.736     1.466    gqav7_z19p_system_i/pl_ddr4_0/inst/u_ddr4_controller/inst/u_ddr4_infrastructure/sys_clk_in
    SLICE_X41Y398        FDPE                                         r  gqav7_z19p_system_i/pl_ddr4_0/inst/u_ddr4_controller/inst/u_ddr4_infrastructure/rst_input_async_reg[0]/C





--------------------------------------------------------------------------------------
Path Group:  (none)
From Clock:  
  To Clock:  clk_core_235_unbuf

Max Delay             1 Endpoint
Min Delay             1 Endpoint
--------------------------------------------------------------------------------------


Max Delay Paths
--------------------------------------------------------------------------------------
Slack:                    inf
  Source:                 gqav7_z19p_system_i/zynq_ultra_ps_e_0/inst/PS8_i/EMIOGPIOO[95]
                            (internal pin)
  Destination:            gqav7_z19p_system_i/reset_core_235m/U0/EXT_LPF/ACTIVE_LOW_EXT.ACT_LO_EXT/syncstages_ff_reg[0]/D
                            (rising edge-triggered cell FDRE clocked by clk_core_235_unbuf  {rise@0.000ns fall@2.128ns period=4.255ns})
  Path Group:             (none)
  Path Type:              Setup (Max at Slow Process Corner)
  Data Path Delay:        2.098ns  (logic 0.096ns (4.575%)  route 2.002ns (95.425%))
  Logic Levels:           1  (LUT1=1)
  Clock Uncertainty:      0.143ns  ((TSJ^2 + DJ^2)^1/2) / 2 + PE
    Total System Jitter     (TSJ):    0.050ns
    Discrete Jitter          (DJ):    0.099ns
    Phase Error              (PE):    0.088ns
  Clock Net Delay (Destination): 2.593ns (routing 1.318ns, distribution 1.275ns)
  Timing Exception:       False Path

    Location             Delay type                Incr(ns)  Path(ns)    Netlist Resource(s)
  -------------------------------------------------------------------    -------------------
    PS8_X0Y0             PS8                          0.000     0.000 f  gqav7_z19p_system_i/zynq_ultra_ps_e_0/inst/PS8_i/EMIOGPIOO[95]
                         net (fo=5, routed)           1.987     1.987    gqav7_z19p_system_i/reset_core_235m/U0/EXT_LPF/ext_reset_in
    SLICE_X33Y396        LUT1 (Prop_D5LUT_SLICEL_I0_O)
                                                      0.096     2.083 r  gqav7_z19p_system_i/reset_core_235m/U0/EXT_LPF/ACTIVE_LOW_EXT.ACT_LO_EXT_i_1/O
                         net (fo=1, routed)           0.015     2.098    gqav7_z19p_system_i/reset_core_235m/U0/EXT_LPF/ACTIVE_LOW_EXT.ACT_LO_EXT/src_in
    SLICE_X33Y396        FDRE                                         r  gqav7_z19p_system_i/reset_core_235m/U0/EXT_LPF/ACTIVE_LOW_EXT.ACT_LO_EXT/syncstages_ff_reg[0]/D
  -------------------------------------------------------------------    -------------------

                         (clock clk_core_235_unbuf rise edge)
                                                      0.000     0.000 r  
    H21                                               0.000     0.000 r  PL_CLK0_clk_p (IN)
                         net (fo=0)                   0.079     0.079    gqav7_z19p_system_i/pl_clock_buffer/inst/u_ibufds/I
    HPIOBDIFFINBUF_X0Y179
                         DIFFINBUF (Prop_DIFFINBUF_HPIOBDIFFINBUF_DIFF_IN_P_O)
                                                      0.427     0.506 r  gqav7_z19p_system_i/pl_clock_buffer/inst/u_ibufds/DIFFINBUF_INST/O
                         net (fo=1, routed)           0.040     0.546    gqav7_z19p_system_i/pl_clock_buffer/inst/u_ibufds/OUT
    H21                  IBUFCTRL (Prop_IBUFCTRL_HPIOB_M_I_O)
                                                      0.000     0.546 r  gqav7_z19p_system_i/pl_clock_buffer/inst/u_ibufds/IBUFCTRL_INST/O
                         net (fo=1, routed)           0.286     0.832    gqav7_z19p_system_i/pl_clock_buffer/inst/clk_ibuf
    BUFGCE_X0Y168        BUFGCE (Prop_BUFCE_BUFGCE_I_O)
                                                      0.024     0.856 r  gqav7_z19p_system_i/pl_clock_buffer/inst/clk_ibuf_BUFGCE_inst/O
                         net (fo=20, routed)          0.855     1.711    gqav7_z19p_system_i/pl_clock_buffer/inst/clk_ibuf_BUFGCE
    MMCM_X0Y7            MMCME4_ADV (Prop_MMCM_CLKIN1_CLKOUT0)
                                                     -2.755    -1.044 r  gqav7_z19p_system_i/pl_clock_buffer/inst/u_mmcm_core_235m/CLKOUT0
                         net (fo=1, routed)           0.216    -0.828    gqav7_z19p_system_i/pl_clock_buffer/inst/clk_core_235_unbuf
    BUFGCE_X0Y191        BUFGCE (Prop_BUFCE_BUFGCE_I_O)
                                                      0.024    -0.804 r  gqav7_z19p_system_i/pl_clock_buffer/inst/u_bufg_core_235m/O
    X1Y3 (CLOCK_ROOT)    net (fo=152508, routed)      2.593     1.789    gqav7_z19p_system_i/reset_core_235m/U0/EXT_LPF/ACTIVE_LOW_EXT.ACT_LO_EXT/dest_clk
    SLICE_X33Y396        FDRE                                         r  gqav7_z19p_system_i/reset_core_235m/U0/EXT_LPF/ACTIVE_LOW_EXT.ACT_LO_EXT/syncstages_ff_reg[0]/C





Min Delay Paths
--------------------------------------------------------------------------------------
Slack:                    inf
  Source:                 gqav7_z19p_system_i/zynq_ultra_ps_e_0/inst/PS8_i/EMIOGPIOO[95]
                            (internal pin)
  Destination:            gqav7_z19p_system_i/reset_core_235m/U0/EXT_LPF/ACTIVE_LOW_EXT.ACT_LO_EXT/syncstages_ff_reg[0]/D
                            (rising edge-triggered cell FDRE clocked by clk_core_235_unbuf  {rise@0.000ns fall@2.128ns period=4.255ns})
  Path Group:             (none)
  Path Type:              Hold (Min at Fast Process Corner)
  Data Path Delay:        1.076ns  (logic 0.033ns (3.066%)  route 1.043ns (96.934%))
  Logic Levels:           1  (LUT1=1)
  Clock Uncertainty:      0.143ns  ((TSJ^2 + DJ^2)^1/2) / 2 + PE
    Total System Jitter     (TSJ):    0.050ns
    Discrete Jitter          (DJ):    0.099ns
    Phase Error              (PE):    0.088ns
  Clock Net Delay (Destination): 1.797ns (routing 0.896ns, distribution 0.901ns)
  Timing Exception:       False Path

    Location             Delay type                Incr(ns)  Path(ns)    Netlist Resource(s)
  -------------------------------------------------------------------    -------------------
    PS8_X0Y0             PS8                          0.000     0.000 f  gqav7_z19p_system_i/zynq_ultra_ps_e_0/inst/PS8_i/EMIOGPIOO[95]
                         net (fo=5, routed)           1.037     1.037    gqav7_z19p_system_i/reset_core_235m/U0/EXT_LPF/ext_reset_in
    SLICE_X33Y396        LUT1 (Prop_D5LUT_SLICEL_I0_O)
                                                      0.033     1.070 r  gqav7_z19p_system_i/reset_core_235m/U0/EXT_LPF/ACTIVE_LOW_EXT.ACT_LO_EXT_i_1/O
                         net (fo=1, routed)           0.006     1.076    gqav7_z19p_system_i/reset_core_235m/U0/EXT_LPF/ACTIVE_LOW_EXT.ACT_LO_EXT/src_in
    SLICE_X33Y396        FDRE                                         r  gqav7_z19p_system_i/reset_core_235m/U0/EXT_LPF/ACTIVE_LOW_EXT.ACT_LO_EXT/syncstages_ff_reg[0]/D
  -------------------------------------------------------------------    -------------------

                         (clock clk_core_235_unbuf rise edge)
                                                      0.000     0.000 r  
    H21                                               0.000     0.000 r  PL_CLK0_clk_p (IN)
                         net (fo=0)                   0.100     0.100    gqav7_z19p_system_i/pl_clock_buffer/inst/u_ibufds/I
    HPIOBDIFFINBUF_X0Y179
                         DIFFINBUF (Prop_DIFFINBUF_HPIOBDIFFINBUF_DIFF_IN_P_O)
                                                      0.380     0.480 r  gqav7_z19p_system_i/pl_clock_buffer/inst/u_ibufds/DIFFINBUF_INST/O
                         net (fo=1, routed)           0.050     0.530    gqav7_z19p_system_i/pl_clock_buffer/inst/u_ibufds/OUT
    H21                  IBUFCTRL (Prop_IBUFCTRL_HPIOB_M_I_O)
                                                      0.000     0.530 r  gqav7_z19p_system_i/pl_clock_buffer/inst/u_ibufds/IBUFCTRL_INST/O
                         net (fo=1, routed)           0.181     0.711    gqav7_z19p_system_i/pl_clock_buffer/inst/clk_ibuf
    BUFGCE_X0Y168        BUFGCE (Prop_BUFCE_BUFGCE_I_O)
                                                      0.019     0.730 r  gqav7_z19p_system_i/pl_clock_buffer/inst/clk_ibuf_BUFGCE_inst/O
                         net (fo=20, routed)          0.617     1.347    gqav7_z19p_system_i/pl_clock_buffer/inst/clk_ibuf_BUFGCE
    MMCM_X0Y7            MMCME4_ADV (Prop_MMCM_CLKIN1_CLKOUT0)
                                                     -2.043    -0.696 r  gqav7_z19p_system_i/pl_clock_buffer/inst/u_mmcm_core_235m/CLKOUT0
                         net (fo=1, routed)           0.166    -0.530    gqav7_z19p_system_i/pl_clock_buffer/inst/clk_core_235_unbuf
    BUFGCE_X0Y191        BUFGCE (Prop_BUFCE_BUFGCE_I_O)
                                                      0.019    -0.511 r  gqav7_z19p_system_i/pl_clock_buffer/inst/u_bufg_core_235m/O
    X1Y3 (CLOCK_ROOT)    net (fo=152508, routed)      1.797     1.287    gqav7_z19p_system_i/reset_core_235m/U0/EXT_LPF/ACTIVE_LOW_EXT.ACT_LO_EXT/dest_clk
    SLICE_X33Y396        FDRE                                         r  gqav7_z19p_system_i/reset_core_235m/U0/EXT_LPF/ACTIVE_LOW_EXT.ACT_LO_EXT/syncstages_ff_reg[0]/C





--------------------------------------------------------------------------------------
Path Group:  (none)
From Clock:  clk_core_235_unbuf
  To Clock:  clk_core_235_unbuf

Max Delay            28 Endpoints
Min Delay            28 Endpoints
--------------------------------------------------------------------------------------


Max Delay Paths
--------------------------------------------------------------------------------------
Slack:                    inf
  Source:                 gqav7_z19p_system_i/reset_core_235m/U0/ACTIVE_LOW_PR_OUT_DFF[0].FDRE_PER_N/C
                            (rising edge-triggered cell FDRE clocked by clk_core_235_unbuf  {rise@0.000ns fall@2.128ns period=4.255ns})
  Destination:            gqav7_z19p_system_i/control_smartconnect/inst/clk_map/psr_aclk/U0/EXT_LPF/ACTIVE_LOW_AUX.ACT_LO_AUX/syncstages_ff_reg[0]/D
                            (rising edge-triggered cell FDRE clocked by clk_core_235_unbuf  {rise@0.000ns fall@2.128ns period=4.255ns})
  Path Group:             (none)
  Path Type:              Setup (Max at Slow Process Corner)
  Data Path Delay:        3.937ns  (logic 0.231ns (5.867%)  route 3.706ns (94.133%))
  Logic Levels:           1  (LUT1=1)
  Clock Path Skew:        -0.294ns (DCD - SCD + CPR)
    Destination Clock Delay (DCD):    1.769ns
    Source Clock Delay      (SCD):    2.062ns
    Clock Pessimism Removal (CPR):    0.000ns
  Clock Uncertainty:      0.061ns  ((TSJ^2 + DJ^2)^1/2) / 2 + PE
    Total System Jitter     (TSJ):    0.071ns
    Discrete Jitter          (DJ):    0.099ns
    Phase Error              (PE):    0.000ns
  Clock Net Delay (Source):      2.995ns (routing 1.454ns, distribution 1.541ns)
  Clock Net Delay (Destination): 2.573ns (routing 1.318ns, distribution 1.255ns)
  Timing Exception:       False Path

    Location             Delay type                Incr(ns)  Path(ns)    Netlist Resource(s)
  -------------------------------------------------------------------    -------------------
                         (clock clk_core_235_unbuf rise edge)
                                                      0.000     0.000 r  
    H21                                               0.000     0.000 r  PL_CLK0_clk_p (IN)
                         net (fo=0)                   0.100     0.100    gqav7_z19p_system_i/pl_clock_buffer/inst/u_ibufds/I
    HPIOBDIFFINBUF_X0Y179
                         DIFFINBUF (Prop_DIFFINBUF_HPIOBDIFFINBUF_DIFF_IN_P_O)
                                                      0.523     0.623 r  gqav7_z19p_system_i/pl_clock_buffer/inst/u_ibufds/DIFFINBUF_INST/O
                         net (fo=1, routed)           0.050     0.673    gqav7_z19p_system_i/pl_clock_buffer/inst/u_ibufds/OUT
    H21                  IBUFCTRL (Prop_IBUFCTRL_HPIOB_M_I_O)
                                                      0.000     0.673 r  gqav7_z19p_system_i/pl_clock_buffer/inst/u_ibufds/IBUFCTRL_INST/O
                         net (fo=1, routed)           0.323     0.996    gqav7_z19p_system_i/pl_clock_buffer/inst/clk_ibuf
    BUFGCE_X0Y168        BUFGCE (Prop_BUFCE_BUFGCE_I_O)
                                                      0.028     1.024 r  gqav7_z19p_system_i/pl_clock_buffer/inst/clk_ibuf_BUFGCE_inst/O
                         net (fo=20, routed)          0.969     1.993    gqav7_z19p_system_i/pl_clock_buffer/inst/clk_ibuf_BUFGCE
    MMCM_X0Y7            MMCME4_ADV (Prop_MMCM_CLKIN1_CLKOUT0)
                                                     -3.199    -1.206 r  gqav7_z19p_system_i/pl_clock_buffer/inst/u_mmcm_core_235m/CLKOUT0
                         net (fo=1, routed)           0.245    -0.961    gqav7_z19p_system_i/pl_clock_buffer/inst/clk_core_235_unbuf
    BUFGCE_X0Y191        BUFGCE (Prop_BUFCE_BUFGCE_I_O)
                                                      0.028    -0.933 r  gqav7_z19p_system_i/pl_clock_buffer/inst/u_bufg_core_235m/O
    X1Y3 (CLOCK_ROOT)    net (fo=152508, routed)      2.995     2.062    gqav7_z19p_system_i/reset_core_235m/U0/slowest_sync_clk
    SLICE_X49Y245        FDRE                                         r  gqav7_z19p_system_i/reset_core_235m/U0/ACTIVE_LOW_PR_OUT_DFF[0].FDRE_PER_N/C
  -------------------------------------------------------------------    -------------------
    SLICE_X49Y245        FDRE (Prop_EFF_SLICEL_C_Q)
                                                      0.079     2.141 f  gqav7_z19p_system_i/reset_core_235m/U0/ACTIVE_LOW_PR_OUT_DFF[0].FDRE_PER_N/Q
                         net (fo=570, routed)         3.422     5.564    gqav7_z19p_system_i/control_smartconnect/inst/clk_map/psr_aclk/U0/EXT_LPF/aresetn
    SLICE_X27Y25         LUT1 (Prop_H6LUT_SLICEM_I0_O)
                                                      0.152     5.716 r  gqav7_z19p_system_i/control_smartconnect/inst/clk_map/psr_aclk/U0/EXT_LPF/ACTIVE_LOW_AUX.ACT_LO_AUX_i_1/O
                         net (fo=1, routed)           0.284     6.000    gqav7_z19p_system_i/control_smartconnect/inst/clk_map/psr_aclk/U0/EXT_LPF/ACTIVE_LOW_AUX.ACT_LO_AUX/src_in
    SLICE_X27Y25         FDRE                                         r  gqav7_z19p_system_i/control_smartconnect/inst/clk_map/psr_aclk/U0/EXT_LPF/ACTIVE_LOW_AUX.ACT_LO_AUX/syncstages_ff_reg[0]/D
  -------------------------------------------------------------------    -------------------

                         (clock clk_core_235_unbuf rise edge)
                                                      0.000     0.000 r  
    H21                                               0.000     0.000 r  PL_CLK0_clk_p (IN)
                         net (fo=0)                   0.079     0.079    gqav7_z19p_system_i/pl_clock_buffer/inst/u_ibufds/I
    HPIOBDIFFINBUF_X0Y179
                         DIFFINBUF (Prop_DIFFINBUF_HPIOBDIFFINBUF_DIFF_IN_P_O)
                                                      0.427     0.506 r  gqav7_z19p_system_i/pl_clock_buffer/inst/u_ibufds/DIFFINBUF_INST/O
                         net (fo=1, routed)           0.040     0.546    gqav7_z19p_system_i/pl_clock_buffer/inst/u_ibufds/OUT
    H21                  IBUFCTRL (Prop_IBUFCTRL_HPIOB_M_I_O)
                                                      0.000     0.546 r  gqav7_z19p_system_i/pl_clock_buffer/inst/u_ibufds/IBUFCTRL_INST/O
                         net (fo=1, routed)           0.286     0.832    gqav7_z19p_system_i/pl_clock_buffer/inst/clk_ibuf
    BUFGCE_X0Y168        BUFGCE (Prop_BUFCE_BUFGCE_I_O)
                                                      0.024     0.856 r  gqav7_z19p_system_i/pl_clock_buffer/inst/clk_ibuf_BUFGCE_inst/O
                         net (fo=20, routed)          0.855     1.711    gqav7_z19p_system_i/pl_clock_buffer/inst/clk_ibuf_BUFGCE
    MMCM_X0Y7            MMCME4_ADV (Prop_MMCM_CLKIN1_CLKOUT0)
                                                     -2.755    -1.044 r  gqav7_z19p_system_i/pl_clock_buffer/inst/u_mmcm_core_235m/CLKOUT0
                         net (fo=1, routed)           0.216    -0.828    gqav7_z19p_system_i/pl_clock_buffer/inst/clk_core_235_unbuf
    BUFGCE_X0Y191        BUFGCE (Prop_BUFCE_BUFGCE_I_O)
                                                      0.024    -0.804 r  gqav7_z19p_system_i/pl_clock_buffer/inst/u_bufg_core_235m/O
    X1Y3 (CLOCK_ROOT)    net (fo=152508, routed)      2.573     1.769    gqav7_z19p_system_i/control_smartconnect/inst/clk_map/psr_aclk/U0/EXT_LPF/ACTIVE_LOW_AUX.ACT_LO_AUX/dest_clk
    SLICE_X27Y25         FDRE                                         r  gqav7_z19p_system_i/control_smartconnect/inst/clk_map/psr_aclk/U0/EXT_LPF/ACTIVE_LOW_AUX.ACT_LO_AUX/syncstages_ff_reg[0]/C





Min Delay Paths
--------------------------------------------------------------------------------------
Slack:                    inf
  Source:                 gqav7_z19p_system_i/control_smartconnect/inst/clk_map/psr_aclk/U0/ACTIVE_LOW_BSR_OUT_DFF[0].FDRE_BSR_N/C
                            (rising edge-triggered cell FDRE clocked by clk_core_235_unbuf  {rise@0.000ns fall@2.128ns period=4.255ns})
  Destination:            gqav7_z19p_system_i/control_smartconnect/inst/s00_entry_pipeline/s00_si_converter/inst/xpm_cdc_async_rst_inst/arststages_ff_reg[0]/CLR
                            (removal check against rising-edge clock clk_core_235_unbuf  {rise@0.000ns fall@2.128ns period=4.255ns})
  Path Group:             (none)
  Path Type:              Removal (Min at Fast Process Corner)
  Data Path Delay:        0.271ns  (logic 0.039ns (14.387%)  route 0.232ns (85.613%))
  Logic Levels:           0  
  Clock Path Skew:        0.147ns (DCD - SCD - CPR)
    Destination Clock Delay (DCD):    1.279ns
    Source Clock Delay      (SCD):    1.132ns
    Clock Pessimism Removal (CPR):    -0.000ns
  Clock Uncertainty:      0.061ns  ((TSJ^2 + DJ^2)^1/2) / 2 + PE
    Total System Jitter     (TSJ):    0.071ns
    Discrete Jitter          (DJ):    0.099ns
    Phase Error              (PE):    0.000ns
  Clock Net Delay (Source):      1.597ns (routing 0.800ns, distribution 0.797ns)
  Clock Net Delay (Destination): 1.789ns (routing 0.896ns, distribution 0.893ns)
  Timing Exception:       False Path

    Location             Delay type                Incr(ns)  Path(ns)    Netlist Resource(s)
  -------------------------------------------------------------------    -------------------
                         (clock clk_core_235_unbuf rise edge)
                                                      0.000     0.000 r  
    H21                                               0.000     0.000 r  PL_CLK0_clk_p (IN)
                         net (fo=0)                   0.079     0.079    gqav7_z19p_system_i/pl_clock_buffer/inst/u_ibufds/I
    HPIOBDIFFINBUF_X0Y179
                         DIFFINBUF (Prop_DIFFINBUF_HPIOBDIFFINBUF_DIFF_IN_P_O)
                                                      0.282     0.361 r  gqav7_z19p_system_i/pl_clock_buffer/inst/u_ibufds/DIFFINBUF_INST/O
                         net (fo=1, routed)           0.040     0.401    gqav7_z19p_system_i/pl_clock_buffer/inst/u_ibufds/OUT
    H21                  IBUFCTRL (Prop_IBUFCTRL_HPIOB_M_I_O)
                                                      0.000     0.401 r  gqav7_z19p_system_i/pl_clock_buffer/inst/u_ibufds/IBUFCTRL_INST/O
                         net (fo=1, routed)           0.144     0.545    gqav7_z19p_system_i/pl_clock_buffer/inst/clk_ibuf
    BUFGCE_X0Y168        BUFGCE (Prop_BUFCE_BUFGCE_I_O)
                                                      0.017     0.562 r  gqav7_z19p_system_i/pl_clock_buffer/inst/clk_ibuf_BUFGCE_inst/O
                         net (fo=20, routed)          0.549     1.111    gqav7_z19p_system_i/pl_clock_buffer/inst/clk_ibuf_BUFGCE
    MMCM_X0Y7            MMCME4_ADV (Prop_MMCM_CLKIN1_CLKOUT0)
                                                     -1.739    -0.628 r  gqav7_z19p_system_i/pl_clock_buffer/inst/u_mmcm_core_235m/CLKOUT0
                         net (fo=1, routed)           0.146    -0.482    gqav7_z19p_system_i/pl_clock_buffer/inst/clk_core_235_unbuf
    BUFGCE_X0Y191        BUFGCE (Prop_BUFCE_BUFGCE_I_O)
                                                      0.017    -0.465 r  gqav7_z19p_system_i/pl_clock_buffer/inst/u_bufg_core_235m/O
    X1Y3 (CLOCK_ROOT)    net (fo=152508, routed)      1.597     1.132    gqav7_z19p_system_i/control_smartconnect/inst/clk_map/psr_aclk/U0/aclk
    SLICE_X27Y23         FDRE                                         r  gqav7_z19p_system_i/control_smartconnect/inst/clk_map/psr_aclk/U0/ACTIVE_LOW_BSR_OUT_DFF[0].FDRE_BSR_N/C
  -------------------------------------------------------------------    -------------------
    SLICE_X27Y23         FDRE (Prop_DFF_SLICEM_C_Q)
                                                      0.039     1.171 r  gqav7_z19p_system_i/control_smartconnect/inst/clk_map/psr_aclk/U0/ACTIVE_LOW_BSR_OUT_DFF[0].FDRE_BSR_N/Q
                         net (fo=27, routed)          0.232     1.403    gqav7_z19p_system_i/control_smartconnect/inst/s00_entry_pipeline/s00_si_converter/inst/xpm_cdc_async_rst_inst/src_arst
    SLICE_X26Y33         FDCE                                         f  gqav7_z19p_system_i/control_smartconnect/inst/s00_entry_pipeline/s00_si_converter/inst/xpm_cdc_async_rst_inst/arststages_ff_reg[0]/CLR  (IS_INVERTED)
  -------------------------------------------------------------------    -------------------

                         (clock clk_core_235_unbuf rise edge)
                                                      0.000     0.000 r  
    H21                                               0.000     0.000 r  PL_CLK0_clk_p (IN)
                         net (fo=0)                   0.100     0.100    gqav7_z19p_system_i/pl_clock_buffer/inst/u_ibufds/I
    HPIOBDIFFINBUF_X0Y179
                         DIFFINBUF (Prop_DIFFINBUF_HPIOBDIFFINBUF_DIFF_IN_P_O)
                                                      0.380     0.480 r  gqav7_z19p_system_i/pl_clock_buffer/inst/u_ibufds/DIFFINBUF_INST/O
                         net (fo=1, routed)           0.050     0.530    gqav7_z19p_system_i/pl_clock_buffer/inst/u_ibufds/OUT
    H21                  IBUFCTRL (Prop_IBUFCTRL_HPIOB_M_I_O)
                                                      0.000     0.530 r  gqav7_z19p_system_i/pl_clock_buffer/inst/u_ibufds/IBUFCTRL_INST/O
                         net (fo=1, routed)           0.181     0.711    gqav7_z19p_system_i/pl_clock_buffer/inst/clk_ibuf
    BUFGCE_X0Y168        BUFGCE (Prop_BUFCE_BUFGCE_I_O)
                                                      0.019     0.730 r  gqav7_z19p_system_i/pl_clock_buffer/inst/clk_ibuf_BUFGCE_inst/O
                         net (fo=20, routed)          0.617     1.347    gqav7_z19p_system_i/pl_clock_buffer/inst/clk_ibuf_BUFGCE
    MMCM_X0Y7            MMCME4_ADV (Prop_MMCM_CLKIN1_CLKOUT0)
                                                     -2.043    -0.696 r  gqav7_z19p_system_i/pl_clock_buffer/inst/u_mmcm_core_235m/CLKOUT0
                         net (fo=1, routed)           0.166    -0.530    gqav7_z19p_system_i/pl_clock_buffer/inst/clk_core_235_unbuf
    BUFGCE_X0Y191        BUFGCE (Prop_BUFCE_BUFGCE_I_O)
                                                      0.019    -0.511 r  gqav7_z19p_system_i/pl_clock_buffer/inst/u_bufg_core_235m/O
    X1Y3 (CLOCK_ROOT)    net (fo=152508, routed)      1.789     1.279    gqav7_z19p_system_i/control_smartconnect/inst/s00_entry_pipeline/s00_si_converter/inst/xpm_cdc_async_rst_inst/dest_clk
    SLICE_X26Y33         FDCE                                         r  gqav7_z19p_system_i/control_smartconnect/inst/s00_entry_pipeline/s00_si_converter/inst/xpm_cdc_async_rst_inst/arststages_ff_reg[0]/C





--------------------------------------------------------------------------------------
Path Group:  (none)
From Clock:  clk_dma_300_unbuf
  To Clock:  clk_core_235_unbuf

Max Delay            48 Endpoints
Min Delay            48 Endpoints
--------------------------------------------------------------------------------------


Max Delay Paths
--------------------------------------------------------------------------------------
Slack:                    inf
  Source:                 gqav7_z19p_system_i/gqav7_accelerator_0/inst/u_accelerator/i_core/i_row_mover/i_dma_row_mover/gen_v5_4.i_store/error_o_reg/C
                            (rising edge-triggered cell FDCE clocked by clk_dma_300_unbuf  {rise@0.000ns fall@1.667ns period=3.333ns})
  Destination:            gqav7_z19p_system_i/gqav7_accelerator_0/inst/u_accelerator/i_core/i_row_mover/mover_error_sync1_q_reg/D
                            (rising edge-triggered cell FDCE clocked by clk_core_235_unbuf  {rise@0.000ns fall@2.128ns period=4.255ns})
  Path Group:             (none)
  Path Type:              Setup (Max at Slow Process Corner)
  Data Path Delay:        1.931ns  (logic 0.114ns (5.904%)  route 1.817ns (94.096%))
  Logic Levels:           1  (LUT2=1)
  Clock Path Skew:        -0.062ns (DCD - SCD + CPR)
    Destination Clock Delay (DCD):    1.870ns
    Source Clock Delay      (SCD):    1.932ns
    Clock Pessimism Removal (CPR):    0.000ns
  Clock Uncertainty:      0.219ns  ((TSJ^2 + DJ^2)^1/2) / 2 + PE
    Total System Jitter     (TSJ):    0.071ns
    Discrete Jitter          (DJ):    0.184ns
    Phase Error              (PE):    0.121ns
  Clock Net Delay (Source):      2.825ns (routing 1.470ns, distribution 1.355ns)
  Clock Net Delay (Destination): 2.674ns (routing 1.318ns, distribution 1.356ns)
  Timing Exception:       Asynchronous Clock Groups

    Location             Delay type                Incr(ns)  Path(ns)    Netlist Resource(s)
  -------------------------------------------------------------------    -------------------
                         (clock clk_dma_300_unbuf rise edge)
                                                      0.000     0.000 r  
    H21                                               0.000     0.000 r  PL_CLK0_clk_p (IN)
                         net (fo=0)                   0.100     0.100    gqav7_z19p_system_i/pl_clock_buffer/inst/u_ibufds/I
    HPIOBDIFFINBUF_X0Y179
                         DIFFINBUF (Prop_DIFFINBUF_HPIOBDIFFINBUF_DIFF_IN_P_O)
                                                      0.523     0.623 r  gqav7_z19p_system_i/pl_clock_buffer/inst/u_ibufds/DIFFINBUF_INST/O
                         net (fo=1, routed)           0.050     0.673    gqav7_z19p_system_i/pl_clock_buffer/inst/u_ibufds/OUT
    H21                  IBUFCTRL (Prop_IBUFCTRL_HPIOB_M_I_O)
                                                      0.000     0.673 r  gqav7_z19p_system_i/pl_clock_buffer/inst/u_ibufds/IBUFCTRL_INST/O
                         net (fo=1, routed)           0.323     0.996    gqav7_z19p_system_i/pl_clock_buffer/inst/clk_ibuf
    BUFGCE_X0Y168        BUFGCE (Prop_BUFCE_BUFGCE_I_O)
                                                      0.028     1.024 r  gqav7_z19p_system_i/pl_clock_buffer/inst/clk_ibuf_BUFGCE_inst/O
                         net (fo=20, routed)          1.008     2.032    gqav7_z19p_system_i/pl_clock_buffer/inst/clk_ibuf_BUFGCE
    MMCM_X0Y8            MMCME4_ADV (Prop_MMCM_CLKIN1_CLKOUT0)
                                                     -3.197    -1.165 r  gqav7_z19p_system_i/pl_clock_buffer/inst/u_mmcm_dma_300m/CLKOUT0
                         net (fo=1, routed)           0.244    -0.921    gqav7_z19p_system_i/pl_clock_buffer/inst/clk_dma_300_unbuf
    BUFGCE_X0Y212        BUFGCE (Prop_BUFCE_BUFGCE_I_O)
                                                      0.028    -0.893 r  gqav7_z19p_system_i/pl_clock_buffer/inst/u_bufg_dma_300m/O
    X1Y4 (CLOCK_ROOT)    net (fo=28685, routed)       2.825     1.932    gqav7_z19p_system_i/gqav7_accelerator_0/inst/u_accelerator/i_core/i_row_mover/i_dma_row_mover/gen_v5_4.i_store/dma_aclk
    SLICE_X34Y249        FDCE                                         r  gqav7_z19p_system_i/gqav7_accelerator_0/inst/u_accelerator/i_core/i_row_mover/i_dma_row_mover/gen_v5_4.i_store/error_o_reg/C
  -------------------------------------------------------------------    -------------------
    SLICE_X34Y249        FDCE (Prop_DFF_SLICEL_C_Q)
                                                      0.079     2.011 r  gqav7_z19p_system_i/gqav7_accelerator_0/inst/u_accelerator/i_core/i_row_mover/i_dma_row_mover/gen_v5_4.i_store/error_o_reg/Q
                         net (fo=2, routed)           0.375     2.386    gqav7_z19p_system_i/gqav7_accelerator_0/inst/u_accelerator/i_core/i_row_mover/i_dma_row_mover/gen_v5_4.i_load/gen_v5_4.store_error
    SLICE_X37Y235        LUT2 (Prop_C6LUT_SLICEL_I1_O)
                                                      0.035     2.421 r  gqav7_z19p_system_i/gqav7_accelerator_0/inst/u_accelerator/i_core/i_row_mover/i_dma_row_mover/gen_v5_4.i_load/mover_error_sync1_q_i_1__0/O
                         net (fo=1, routed)           1.442     3.863    gqav7_z19p_system_i/gqav7_accelerator_0/inst/u_accelerator/i_core/i_row_mover/mover_error_dma
    SLICE_X57Y168        FDCE                                         r  gqav7_z19p_system_i/gqav7_accelerator_0/inst/u_accelerator/i_core/i_row_mover/mover_error_sync1_q_reg/D
  -------------------------------------------------------------------    -------------------

                         (clock clk_core_235_unbuf rise edge)
                                                      0.000     0.000 r  
    H21                                               0.000     0.000 r  PL_CLK0_clk_p (IN)
                         net (fo=0)                   0.079     0.079    gqav7_z19p_system_i/pl_clock_buffer/inst/u_ibufds/I
    HPIOBDIFFINBUF_X0Y179
                         DIFFINBUF (Prop_DIFFINBUF_HPIOBDIFFINBUF_DIFF_IN_P_O)
                                                      0.427     0.506 r  gqav7_z19p_system_i/pl_clock_buffer/inst/u_ibufds/DIFFINBUF_INST/O
                         net (fo=1, routed)           0.040     0.546    gqav7_z19p_system_i/pl_clock_buffer/inst/u_ibufds/OUT
    H21                  IBUFCTRL (Prop_IBUFCTRL_HPIOB_M_I_O)
                                                      0.000     0.546 r  gqav7_z19p_system_i/pl_clock_buffer/inst/u_ibufds/IBUFCTRL_INST/O
                         net (fo=1, routed)           0.286     0.832    gqav7_z19p_system_i/pl_clock_buffer/inst/clk_ibuf
    BUFGCE_X0Y168        BUFGCE (Prop_BUFCE_BUFGCE_I_O)
                                                      0.024     0.856 r  gqav7_z19p_system_i/pl_clock_buffer/inst/clk_ibuf_BUFGCE_inst/O
                         net (fo=20, routed)          0.855     1.711    gqav7_z19p_system_i/pl_clock_buffer/inst/clk_ibuf_BUFGCE
    MMCM_X0Y7            MMCME4_ADV (Prop_MMCM_CLKIN1_CLKOUT0)
                                                     -2.755    -1.044 r  gqav7_z19p_system_i/pl_clock_buffer/inst/u_mmcm_core_235m/CLKOUT0
                         net (fo=1, routed)           0.216    -0.828    gqav7_z19p_system_i/pl_clock_buffer/inst/clk_core_235_unbuf
    BUFGCE_X0Y191        BUFGCE (Prop_BUFCE_BUFGCE_I_O)
                                                      0.024    -0.804 r  gqav7_z19p_system_i/pl_clock_buffer/inst/u_bufg_core_235m/O
    X1Y3 (CLOCK_ROOT)    net (fo=152508, routed)      2.674     1.870    gqav7_z19p_system_i/gqav7_accelerator_0/inst/u_accelerator/i_core/i_row_mover/aclk
    SLICE_X57Y168        FDCE                                         r  gqav7_z19p_system_i/gqav7_accelerator_0/inst/u_accelerator/i_core/i_row_mover/mover_error_sync1_q_reg/C





Min Delay Paths
--------------------------------------------------------------------------------------
Slack:                    inf
  Source:                 gqav7_z19p_system_i/gqav7_accelerator_0/inst/u_accelerator/i_core/i_row_mover/i_store_command_cdc/rd_gray_q_reg[3]/C
                            (rising edge-triggered cell FDCE clocked by clk_dma_300_unbuf  {rise@0.000ns fall@1.667ns period=3.333ns})
  Destination:            gqav7_z19p_system_i/gqav7_accelerator_0/inst/u_accelerator/i_core/i_row_mover/i_store_command_cdc/rd_gray_wr_sync1_q_reg[3]/D
                            (rising edge-triggered cell FDCE clocked by clk_core_235_unbuf  {rise@0.000ns fall@2.128ns period=4.255ns})
  Path Group:             (none)
  Path Type:              Hold (Min at Fast Process Corner)
  Data Path Delay:        0.130ns  (logic 0.038ns (29.198%)  route 0.092ns (70.802%))
  Logic Levels:           0  
  Clock Path Skew:        0.145ns (DCD - SCD - CPR)
    Destination Clock Delay (DCD):    1.258ns
    Source Clock Delay      (SCD):    1.113ns
    Clock Pessimism Removal (CPR):    -0.000ns
  Clock Uncertainty:      0.219ns  ((TSJ^2 + DJ^2)^1/2) / 2 + PE
    Total System Jitter     (TSJ):    0.071ns
    Discrete Jitter          (DJ):    0.184ns
    Phase Error              (PE):    0.121ns
  Clock Net Delay (Source):      1.558ns (routing 0.808ns, distribution 0.750ns)
  Clock Net Delay (Destination): 1.768ns (routing 0.896ns, distribution 0.872ns)
  Timing Exception:       Asynchronous Clock Groups

    Location             Delay type                Incr(ns)  Path(ns)    Netlist Resource(s)
  -------------------------------------------------------------------    -------------------
                         (clock clk_dma_300_unbuf rise edge)
                                                      0.000     0.000 r  
    H21                                               0.000     0.000 r  PL_CLK0_clk_p (IN)
                         net (fo=0)                   0.079     0.079    gqav7_z19p_system_i/pl_clock_buffer/inst/u_ibufds/I
    HPIOBDIFFINBUF_X0Y179
                         DIFFINBUF (Prop_DIFFINBUF_HPIOBDIFFINBUF_DIFF_IN_P_O)
                                                      0.282     0.361 r  gqav7_z19p_system_i/pl_clock_buffer/inst/u_ibufds/DIFFINBUF_INST/O
                         net (fo=1, routed)           0.040     0.401    gqav7_z19p_system_i/pl_clock_buffer/inst/u_ibufds/OUT
    H21                  IBUFCTRL (Prop_IBUFCTRL_HPIOB_M_I_O)
                                                      0.000     0.401 r  gqav7_z19p_system_i/pl_clock_buffer/inst/u_ibufds/IBUFCTRL_INST/O
                         net (fo=1, routed)           0.144     0.545    gqav7_z19p_system_i/pl_clock_buffer/inst/clk_ibuf
    BUFGCE_X0Y168        BUFGCE (Prop_BUFCE_BUFGCE_I_O)
                                                      0.017     0.562 r  gqav7_z19p_system_i/pl_clock_buffer/inst/clk_ibuf_BUFGCE_inst/O
                         net (fo=20, routed)          0.569     1.131    gqav7_z19p_system_i/pl_clock_buffer/inst/clk_ibuf_BUFGCE
    MMCM_X0Y8            MMCME4_ADV (Prop_MMCM_CLKIN1_CLKOUT0)
                                                     -1.738    -0.607 r  gqav7_z19p_system_i/pl_clock_buffer/inst/u_mmcm_dma_300m/CLKOUT0
                         net (fo=1, routed)           0.145    -0.462    gqav7_z19p_system_i/pl_clock_buffer/inst/clk_dma_300_unbuf
    BUFGCE_X0Y212        BUFGCE (Prop_BUFCE_BUFGCE_I_O)
                                                      0.017    -0.445 r  gqav7_z19p_system_i/pl_clock_buffer/inst/u_bufg_dma_300m/O
    X1Y4 (CLOCK_ROOT)    net (fo=28685, routed)       1.558     1.113    gqav7_z19p_system_i/gqav7_accelerator_0/inst/u_accelerator/i_core/i_row_mover/i_store_command_cdc/dma_aclk
    SLICE_X35Y245        FDCE                                         r  gqav7_z19p_system_i/gqav7_accelerator_0/inst/u_accelerator/i_core/i_row_mover/i_store_command_cdc/rd_gray_q_reg[3]/C
  -------------------------------------------------------------------    -------------------
    SLICE_X35Y245        FDCE (Prop_AFF_SLICEM_C_Q)
                                                      0.038     1.151 r  gqav7_z19p_system_i/gqav7_accelerator_0/inst/u_accelerator/i_core/i_row_mover/i_store_command_cdc/rd_gray_q_reg[3]/Q
                         net (fo=3, routed)           0.092     1.243    gqav7_z19p_system_i/gqav7_accelerator_0/inst/u_accelerator/i_core/i_row_mover/i_store_command_cdc/rd_gray_q[3]
    SLICE_X37Y245        FDCE                                         r  gqav7_z19p_system_i/gqav7_accelerator_0/inst/u_accelerator/i_core/i_row_mover/i_store_command_cdc/rd_gray_wr_sync1_q_reg[3]/D
  -------------------------------------------------------------------    -------------------

                         (clock clk_core_235_unbuf rise edge)
                                                      0.000     0.000 r  
    H21                                               0.000     0.000 r  PL_CLK0_clk_p (IN)
                         net (fo=0)                   0.100     0.100    gqav7_z19p_system_i/pl_clock_buffer/inst/u_ibufds/I
    HPIOBDIFFINBUF_X0Y179
                         DIFFINBUF (Prop_DIFFINBUF_HPIOBDIFFINBUF_DIFF_IN_P_O)
                                                      0.380     0.480 r  gqav7_z19p_system_i/pl_clock_buffer/inst/u_ibufds/DIFFINBUF_INST/O
                         net (fo=1, routed)           0.050     0.530    gqav7_z19p_system_i/pl_clock_buffer/inst/u_ibufds/OUT
    H21                  IBUFCTRL (Prop_IBUFCTRL_HPIOB_M_I_O)
                                                      0.000     0.530 r  gqav7_z19p_system_i/pl_clock_buffer/inst/u_ibufds/IBUFCTRL_INST/O
                         net (fo=1, routed)           0.181     0.711    gqav7_z19p_system_i/pl_clock_buffer/inst/clk_ibuf
    BUFGCE_X0Y168        BUFGCE (Prop_BUFCE_BUFGCE_I_O)
                                                      0.019     0.730 r  gqav7_z19p_system_i/pl_clock_buffer/inst/clk_ibuf_BUFGCE_inst/O
                         net (fo=20, routed)          0.617     1.347    gqav7_z19p_system_i/pl_clock_buffer/inst/clk_ibuf_BUFGCE
    MMCM_X0Y7            MMCME4_ADV (Prop_MMCM_CLKIN1_CLKOUT0)
                                                     -2.043    -0.696 r  gqav7_z19p_system_i/pl_clock_buffer/inst/u_mmcm_core_235m/CLKOUT0
                         net (fo=1, routed)           0.166    -0.530    gqav7_z19p_system_i/pl_clock_buffer/inst/clk_core_235_unbuf
    BUFGCE_X0Y191        BUFGCE (Prop_BUFCE_BUFGCE_I_O)
                                                      0.019    -0.511 r  gqav7_z19p_system_i/pl_clock_buffer/inst/u_bufg_core_235m/O
    X1Y3 (CLOCK_ROOT)    net (fo=152508, routed)      1.768     1.258    gqav7_z19p_system_i/gqav7_accelerator_0/inst/u_accelerator/i_core/i_row_mover/i_store_command_cdc/aclk
    SLICE_X37Y245        FDCE                                         r  gqav7_z19p_system_i/gqav7_accelerator_0/inst/u_accelerator/i_core/i_row_mover/i_store_command_cdc/rd_gray_wr_sync1_q_reg[3]/C





--------------------------------------------------------------------------------------
Path Group:  (none)
From Clock:  
  To Clock:  clk_dma_300_unbuf

Max Delay             3 Endpoints
Min Delay             3 Endpoints
--------------------------------------------------------------------------------------


Max Delay Paths
--------------------------------------------------------------------------------------
Slack:                    inf
  Source:                 gqav7_z19p_system_i/zynq_ultra_ps_e_0/inst/PS8_i/EMIOGPIOO[95]
                            (internal pin)
  Destination:            gqav7_z19p_system_i/pl_ddr4_0/inst/sys_resetn_sync_reg[0]/CLR
                            (recovery check against rising-edge clock clk_dma_300_unbuf  {rise@0.000ns fall@1.667ns period=3.333ns})
  Path Group:             (none)
  Path Type:              Recovery (Max at Slow Process Corner)
  Data Path Delay:        2.810ns  (logic 0.157ns (5.588%)  route 2.653ns (94.412%))
  Logic Levels:           1  (LUT4=1)
  Clock Uncertainty:      0.132ns  ((TSJ^2 + DJ^2)^1/2) / 2 + PE
    Total System Jitter     (TSJ):    0.050ns
    Discrete Jitter          (DJ):    0.085ns
    Phase Error              (PE):    0.083ns
  Clock Net Delay (Destination): 2.592ns (routing 1.333ns, distribution 1.259ns)
  Timing Exception:       False Path

    Location             Delay type                Incr(ns)  Path(ns)    Netlist Resource(s)
  -------------------------------------------------------------------    -------------------
    PS8_X0Y0             PS8                          0.000     0.000 r  gqav7_z19p_system_i/zynq_ultra_ps_e_0/inst/PS8_i/EMIOGPIOO[95]
                         net (fo=5, routed)           2.428     2.428    gqav7_z19p_system_i/pl_ddr4_0/inst/rst_n
    SLICE_X40Y404        LUT4 (Prop_D5LUT_SLICEL_I0_O)
                                                      0.157     2.585 f  gqav7_z19p_system_i/pl_ddr4_0/inst/sys_resetn_sync[1]_i_1/O
                         net (fo=2, routed)           0.225     2.810    gqav7_z19p_system_i/pl_ddr4_0/inst/sys_resetn_sync[1]_i_1_n_0
    SLICE_X40Y404        FDCE                                         f  gqav7_z19p_system_i/pl_ddr4_0/inst/sys_resetn_sync_reg[0]/CLR
  -------------------------------------------------------------------    -------------------

                         (clock clk_dma_300_unbuf rise edge)
                                                      0.000     0.000 r  
    H21                                               0.000     0.000 r  PL_CLK0_clk_p (IN)
                         net (fo=0)                   0.079     0.079    gqav7_z19p_system_i/pl_clock_buffer/inst/u_ibufds/I
    HPIOBDIFFINBUF_X0Y179
                         DIFFINBUF (Prop_DIFFINBUF_HPIOBDIFFINBUF_DIFF_IN_P_O)
                                                      0.427     0.506 r  gqav7_z19p_system_i/pl_clock_buffer/inst/u_ibufds/DIFFINBUF_INST/O
                         net (fo=1, routed)           0.040     0.546    gqav7_z19p_system_i/pl_clock_buffer/inst/u_ibufds/OUT
    H21                  IBUFCTRL (Prop_IBUFCTRL_HPIOB_M_I_O)
                                                      0.000     0.546 r  gqav7_z19p_system_i/pl_clock_buffer/inst/u_ibufds/IBUFCTRL_INST/O
                         net (fo=1, routed)           0.286     0.832    gqav7_z19p_system_i/pl_clock_buffer/inst/clk_ibuf
    BUFGCE_X0Y168        BUFGCE (Prop_BUFCE_BUFGCE_I_O)
                                                      0.024     0.856 r  gqav7_z19p_system_i/pl_clock_buffer/inst/clk_ibuf_BUFGCE_inst/O
                         net (fo=20, routed)          0.890     1.746    gqav7_z19p_system_i/pl_clock_buffer/inst/clk_ibuf_BUFGCE
    MMCM_X0Y8            MMCME4_ADV (Prop_MMCM_CLKIN1_CLKOUT0)
                                                     -2.753    -1.007 r  gqav7_z19p_system_i/pl_clock_buffer/inst/u_mmcm_dma_300m/CLKOUT0
                         net (fo=1, routed)           0.214    -0.793    gqav7_z19p_system_i/pl_clock_buffer/inst/clk_dma_300_unbuf
    BUFGCE_X0Y212        BUFGCE (Prop_BUFCE_BUFGCE_I_O)
                                                      0.024    -0.769 r  gqav7_z19p_system_i/pl_clock_buffer/inst/u_bufg_dma_300m/O
    X1Y4 (CLOCK_ROOT)    net (fo=28685, routed)       2.592     1.823    gqav7_z19p_system_i/pl_ddr4_0/inst/aclk
    SLICE_X40Y404        FDCE                                         r  gqav7_z19p_system_i/pl_ddr4_0/inst/sys_resetn_sync_reg[0]/C





Min Delay Paths
--------------------------------------------------------------------------------------
Slack:                    inf
  Source:                 gqav7_z19p_system_i/zynq_ultra_ps_e_0/inst/PS8_i/EMIOGPIOO[95]
                            (internal pin)
  Destination:            gqav7_z19p_system_i/reset_dma_300m/U0/EXT_LPF/ACTIVE_LOW_EXT.ACT_LO_EXT/syncstages_ff_reg[0]/D
                            (rising edge-triggered cell FDRE clocked by clk_dma_300_unbuf  {rise@0.000ns fall@1.667ns period=3.333ns})
  Path Group:             (none)
  Path Type:              Hold (Min at Fast Process Corner)
  Data Path Delay:        1.354ns  (logic 0.050ns (3.694%)  route 1.304ns (96.306%))
  Logic Levels:           1  (LUT1=1)
  Clock Uncertainty:      0.132ns  ((TSJ^2 + DJ^2)^1/2) / 2 + PE
    Total System Jitter     (TSJ):    0.050ns
    Discrete Jitter          (DJ):    0.085ns
    Phase Error              (PE):    0.083ns
  Clock Net Delay (Destination): 1.786ns (routing 0.906ns, distribution 0.880ns)
  Timing Exception:       False Path

    Location             Delay type                Incr(ns)  Path(ns)    Netlist Resource(s)
  -------------------------------------------------------------------    -------------------
    PS8_X0Y0             PS8                          0.000     0.000 f  gqav7_z19p_system_i/zynq_ultra_ps_e_0/inst/PS8_i/EMIOGPIOO[95]
                         net (fo=5, routed)           1.141     1.141    gqav7_z19p_system_i/reset_dma_300m/U0/EXT_LPF/ext_reset_in
    SLICE_X31Y392        LUT1 (Prop_E6LUT_SLICEL_I0_O)
                                                      0.050     1.191 r  gqav7_z19p_system_i/reset_dma_300m/U0/EXT_LPF/ACTIVE_LOW_EXT.ACT_LO_EXT_i_1/O
                         net (fo=1, routed)           0.163     1.354    gqav7_z19p_system_i/reset_dma_300m/U0/EXT_LPF/ACTIVE_LOW_EXT.ACT_LO_EXT/src_in
    SLICE_X31Y392        FDRE                                         r  gqav7_z19p_system_i/reset_dma_300m/U0/EXT_LPF/ACTIVE_LOW_EXT.ACT_LO_EXT/syncstages_ff_reg[0]/D
  -------------------------------------------------------------------    -------------------

                         (clock clk_dma_300_unbuf rise edge)
                                                      0.000     0.000 r  
    H21                                               0.000     0.000 r  PL_CLK0_clk_p (IN)
                         net (fo=0)                   0.100     0.100    gqav7_z19p_system_i/pl_clock_buffer/inst/u_ibufds/I
    HPIOBDIFFINBUF_X0Y179
                         DIFFINBUF (Prop_DIFFINBUF_HPIOBDIFFINBUF_DIFF_IN_P_O)
                                                      0.380     0.480 r  gqav7_z19p_system_i/pl_clock_buffer/inst/u_ibufds/DIFFINBUF_INST/O
                         net (fo=1, routed)           0.050     0.530    gqav7_z19p_system_i/pl_clock_buffer/inst/u_ibufds/OUT
    H21                  IBUFCTRL (Prop_IBUFCTRL_HPIOB_M_I_O)
                                                      0.000     0.530 r  gqav7_z19p_system_i/pl_clock_buffer/inst/u_ibufds/IBUFCTRL_INST/O
                         net (fo=1, routed)           0.181     0.711    gqav7_z19p_system_i/pl_clock_buffer/inst/clk_ibuf
    BUFGCE_X0Y168        BUFGCE (Prop_BUFCE_BUFGCE_I_O)
                                                      0.019     0.730 r  gqav7_z19p_system_i/pl_clock_buffer/inst/clk_ibuf_BUFGCE_inst/O
                         net (fo=20, routed)          0.639     1.369    gqav7_z19p_system_i/pl_clock_buffer/inst/clk_ibuf_BUFGCE
    MMCM_X0Y8            MMCME4_ADV (Prop_MMCM_CLKIN1_CLKOUT0)
                                                     -2.039    -0.670 r  gqav7_z19p_system_i/pl_clock_buffer/inst/u_mmcm_dma_300m/CLKOUT0
                         net (fo=1, routed)           0.165    -0.505    gqav7_z19p_system_i/pl_clock_buffer/inst/clk_dma_300_unbuf
    BUFGCE_X0Y212        BUFGCE (Prop_BUFCE_BUFGCE_I_O)
                                                      0.019    -0.486 r  gqav7_z19p_system_i/pl_clock_buffer/inst/u_bufg_dma_300m/O
    X1Y4 (CLOCK_ROOT)    net (fo=28685, routed)       1.786     1.300    gqav7_z19p_system_i/reset_dma_300m/U0/EXT_LPF/ACTIVE_LOW_EXT.ACT_LO_EXT/dest_clk
    SLICE_X31Y392        FDRE                                         r  gqav7_z19p_system_i/reset_dma_300m/U0/EXT_LPF/ACTIVE_LOW_EXT.ACT_LO_EXT/syncstages_ff_reg[0]/C





--------------------------------------------------------------------------------------
Path Group:  (none)
From Clock:  clk_core_235_unbuf
  To Clock:  clk_dma_300_unbuf

Max Delay            47 Endpoints
Min Delay            47 Endpoints
--------------------------------------------------------------------------------------


Max Delay Paths
--------------------------------------------------------------------------------------
Slack:                    inf
  Source:                 gqav7_z19p_system_i/gqav7_accelerator_0/inst/u_accelerator/i_regs/soft_reset_pulse_o_reg/C
                            (rising edge-triggered cell FDCE clocked by clk_core_235_unbuf  {rise@0.000ns fall@2.128ns period=4.255ns})
  Destination:            gqav7_z19p_system_i/gqav7_accelerator_0/inst/u_accelerator/core_reset_dma_sync1_q_reg/D
                            (rising edge-triggered cell FDCE clocked by clk_dma_300_unbuf  {rise@0.000ns fall@1.667ns period=3.333ns})
  Path Group:             (none)
  Path Type:              Setup (Max at Slow Process Corner)
  Data Path Delay:        2.794ns  (logic 0.227ns (8.126%)  route 2.567ns (91.874%))
  Logic Levels:           1  (LUT6=1)
  Clock Path Skew:        -0.220ns (DCD - SCD + CPR)
    Destination Clock Delay (DCD):    1.786ns
    Source Clock Delay      (SCD):    2.006ns
    Clock Pessimism Removal (CPR):    0.000ns
  Clock Uncertainty:      0.219ns  ((TSJ^2 + DJ^2)^1/2) / 2 + PE
    Total System Jitter     (TSJ):    0.071ns
    Discrete Jitter          (DJ):    0.184ns
    Phase Error              (PE):    0.121ns
  Clock Net Delay (Source):      2.939ns (routing 1.454ns, distribution 1.485ns)
  Clock Net Delay (Destination): 2.555ns (routing 1.333ns, distribution 1.222ns)
  Timing Exception:       Asynchronous Clock Groups

    Location             Delay type                Incr(ns)  Path(ns)    Netlist Resource(s)
  -------------------------------------------------------------------    -------------------
                         (clock clk_core_235_unbuf rise edge)
                                                      0.000     0.000 r  
    H21                                               0.000     0.000 r  PL_CLK0_clk_p (IN)
                         net (fo=0)                   0.100     0.100    gqav7_z19p_system_i/pl_clock_buffer/inst/u_ibufds/I
    HPIOBDIFFINBUF_X0Y179
                         DIFFINBUF (Prop_DIFFINBUF_HPIOBDIFFINBUF_DIFF_IN_P_O)
                                                      0.523     0.623 r  gqav7_z19p_system_i/pl_clock_buffer/inst/u_ibufds/DIFFINBUF_INST/O
                         net (fo=1, routed)           0.050     0.673    gqav7_z19p_system_i/pl_clock_buffer/inst/u_ibufds/OUT
    H21                  IBUFCTRL (Prop_IBUFCTRL_HPIOB_M_I_O)
                                                      0.000     0.673 r  gqav7_z19p_system_i/pl_clock_buffer/inst/u_ibufds/IBUFCTRL_INST/O
                         net (fo=1, routed)           0.323     0.996    gqav7_z19p_system_i/pl_clock_buffer/inst/clk_ibuf
    BUFGCE_X0Y168        BUFGCE (Prop_BUFCE_BUFGCE_I_O)
                                                      0.028     1.024 r  gqav7_z19p_system_i/pl_clock_buffer/inst/clk_ibuf_BUFGCE_inst/O
                         net (fo=20, routed)          0.969     1.993    gqav7_z19p_system_i/pl_clock_buffer/inst/clk_ibuf_BUFGCE
    MMCM_X0Y7            MMCME4_ADV (Prop_MMCM_CLKIN1_CLKOUT0)
                                                     -3.199    -1.206 r  gqav7_z19p_system_i/pl_clock_buffer/inst/u_mmcm_core_235m/CLKOUT0
                         net (fo=1, routed)           0.245    -0.961    gqav7_z19p_system_i/pl_clock_buffer/inst/clk_core_235_unbuf
    BUFGCE_X0Y191        BUFGCE (Prop_BUFCE_BUFGCE_I_O)
                                                      0.028    -0.933 r  gqav7_z19p_system_i/pl_clock_buffer/inst/u_bufg_core_235m/O
    X1Y3 (CLOCK_ROOT)    net (fo=152508, routed)      2.939     2.006    gqav7_z19p_system_i/gqav7_accelerator_0/inst/u_accelerator/i_regs/aclk
    SLICE_X48Y150        FDCE                                         r  gqav7_z19p_system_i/gqav7_accelerator_0/inst/u_accelerator/i_regs/soft_reset_pulse_o_reg/C
  -------------------------------------------------------------------    -------------------
    SLICE_X48Y150        FDCE (Prop_DFF_SLICEL_C_Q)
                                                      0.079     2.085 f  gqav7_z19p_system_i/gqav7_accelerator_0/inst/u_accelerator/i_regs/soft_reset_pulse_o_reg/Q
                         net (fo=15, routed)          1.216     3.301    gqav7_z19p_system_i/gqav7_accelerator_0/inst/u_accelerator/i_regs/soft_reset_pulse
    SLICE_X50Y243        LUT6 (Prop_F6LUT_SLICEL_I1_O)
                                                      0.148     3.449 r  gqav7_z19p_system_i/gqav7_accelerator_0/inst/u_accelerator/i_regs/i___0_i_2__169/O
                         net (fo=4404, routed)        1.351     4.800    gqav7_z19p_system_i/gqav7_accelerator_0/inst/u_accelerator/core_rst_ni
    SLICE_X38Y233        FDCE                                         r  gqav7_z19p_system_i/gqav7_accelerator_0/inst/u_accelerator/core_reset_dma_sync1_q_reg/D
  -------------------------------------------------------------------    -------------------

                         (clock clk_dma_300_unbuf rise edge)
                                                      0.000     0.000 r  
    H21                                               0.000     0.000 r  PL_CLK0_clk_p (IN)
                         net (fo=0)                   0.079     0.079    gqav7_z19p_system_i/pl_clock_buffer/inst/u_ibufds/I
    HPIOBDIFFINBUF_X0Y179
                         DIFFINBUF (Prop_DIFFINBUF_HPIOBDIFFINBUF_DIFF_IN_P_O)
                                                      0.427     0.506 r  gqav7_z19p_system_i/pl_clock_buffer/inst/u_ibufds/DIFFINBUF_INST/O
                         net (fo=1, routed)           0.040     0.546    gqav7_z19p_system_i/pl_clock_buffer/inst/u_ibufds/OUT
    H21                  IBUFCTRL (Prop_IBUFCTRL_HPIOB_M_I_O)
                                                      0.000     0.546 r  gqav7_z19p_system_i/pl_clock_buffer/inst/u_ibufds/IBUFCTRL_INST/O
                         net (fo=1, routed)           0.286     0.832    gqav7_z19p_system_i/pl_clock_buffer/inst/clk_ibuf
    BUFGCE_X0Y168        BUFGCE (Prop_BUFCE_BUFGCE_I_O)
                                                      0.024     0.856 r  gqav7_z19p_system_i/pl_clock_buffer/inst/clk_ibuf_BUFGCE_inst/O
                         net (fo=20, routed)          0.890     1.746    gqav7_z19p_system_i/pl_clock_buffer/inst/clk_ibuf_BUFGCE
    MMCM_X0Y8            MMCME4_ADV (Prop_MMCM_CLKIN1_CLKOUT0)
                                                     -2.753    -1.007 r  gqav7_z19p_system_i/pl_clock_buffer/inst/u_mmcm_dma_300m/CLKOUT0
                         net (fo=1, routed)           0.214    -0.793    gqav7_z19p_system_i/pl_clock_buffer/inst/clk_dma_300_unbuf
    BUFGCE_X0Y212        BUFGCE (Prop_BUFCE_BUFGCE_I_O)
                                                      0.024    -0.769 r  gqav7_z19p_system_i/pl_clock_buffer/inst/u_bufg_dma_300m/O
    X1Y4 (CLOCK_ROOT)    net (fo=28685, routed)       2.555     1.786    gqav7_z19p_system_i/gqav7_accelerator_0/inst/u_accelerator/dma_aclk
    SLICE_X38Y233        FDCE                                         r  gqav7_z19p_system_i/gqav7_accelerator_0/inst/u_accelerator/core_reset_dma_sync1_q_reg/C





Min Delay Paths
--------------------------------------------------------------------------------------
Slack:                    inf
  Source:                 gqav7_z19p_system_i/gqav7_accelerator_0/inst/u_accelerator/i_core/gen_v_row_mover.i_v_row_mover/i_stats_cdc/rd_gray_q_reg[0]/C
                            (rising edge-triggered cell FDCE clocked by clk_core_235_unbuf  {rise@0.000ns fall@2.128ns period=4.255ns})
  Destination:            gqav7_z19p_system_i/gqav7_accelerator_0/inst/u_accelerator/i_core/gen_v_row_mover.i_v_row_mover/i_stats_cdc/rd_gray_wr_sync1_q_reg[0]/D
                            (rising edge-triggered cell FDCE clocked by clk_dma_300_unbuf  {rise@0.000ns fall@1.667ns period=3.333ns})
  Path Group:             (none)
  Path Type:              Hold (Min at Fast Process Corner)
  Data Path Delay:        0.075ns  (logic 0.039ns (51.989%)  route 0.036ns (48.011%))
  Logic Levels:           0  
  Clock Path Skew:        0.218ns (DCD - SCD - CPR)
    Destination Clock Delay (DCD):    1.318ns
    Source Clock Delay      (SCD):    1.100ns
    Clock Pessimism Removal (CPR):    -0.000ns
  Clock Uncertainty:      0.219ns  ((TSJ^2 + DJ^2)^1/2) / 2 + PE
    Total System Jitter     (TSJ):    0.071ns
    Discrete Jitter          (DJ):    0.184ns
    Phase Error              (PE):    0.121ns
  Clock Net Delay (Source):      1.565ns (routing 0.800ns, distribution 0.765ns)
  Clock Net Delay (Destination): 1.804ns (routing 0.906ns, distribution 0.898ns)
  Timing Exception:       Asynchronous Clock Groups

    Location             Delay type                Incr(ns)  Path(ns)    Netlist Resource(s)
  -------------------------------------------------------------------    -------------------
                         (clock clk_core_235_unbuf rise edge)
                                                      0.000     0.000 r  
    H21                                               0.000     0.000 r  PL_CLK0_clk_p (IN)
                         net (fo=0)                   0.079     0.079    gqav7_z19p_system_i/pl_clock_buffer/inst/u_ibufds/I
    HPIOBDIFFINBUF_X0Y179
                         DIFFINBUF (Prop_DIFFINBUF_HPIOBDIFFINBUF_DIFF_IN_P_O)
                                                      0.282     0.361 r  gqav7_z19p_system_i/pl_clock_buffer/inst/u_ibufds/DIFFINBUF_INST/O
                         net (fo=1, routed)           0.040     0.401    gqav7_z19p_system_i/pl_clock_buffer/inst/u_ibufds/OUT
    H21                  IBUFCTRL (Prop_IBUFCTRL_HPIOB_M_I_O)
                                                      0.000     0.401 r  gqav7_z19p_system_i/pl_clock_buffer/inst/u_ibufds/IBUFCTRL_INST/O
                         net (fo=1, routed)           0.144     0.545    gqav7_z19p_system_i/pl_clock_buffer/inst/clk_ibuf
    BUFGCE_X0Y168        BUFGCE (Prop_BUFCE_BUFGCE_I_O)
                                                      0.017     0.562 r  gqav7_z19p_system_i/pl_clock_buffer/inst/clk_ibuf_BUFGCE_inst/O
                         net (fo=20, routed)          0.549     1.111    gqav7_z19p_system_i/pl_clock_buffer/inst/clk_ibuf_BUFGCE
    MMCM_X0Y7            MMCME4_ADV (Prop_MMCM_CLKIN1_CLKOUT0)
                                                     -1.739    -0.628 r  gqav7_z19p_system_i/pl_clock_buffer/inst/u_mmcm_core_235m/CLKOUT0
                         net (fo=1, routed)           0.146    -0.482    gqav7_z19p_system_i/pl_clock_buffer/inst/clk_core_235_unbuf
    BUFGCE_X0Y191        BUFGCE (Prop_BUFCE_BUFGCE_I_O)
                                                      0.017    -0.465 r  gqav7_z19p_system_i/pl_clock_buffer/inst/u_bufg_core_235m/O
    X1Y3 (CLOCK_ROOT)    net (fo=152508, routed)      1.565     1.100    gqav7_z19p_system_i/gqav7_accelerator_0/inst/u_accelerator/i_core/gen_v_row_mover.i_v_row_mover/i_stats_cdc/aclk
    SLICE_X33Y122        FDCE                                         r  gqav7_z19p_system_i/gqav7_accelerator_0/inst/u_accelerator/i_core/gen_v_row_mover.i_v_row_mover/i_stats_cdc/rd_gray_q_reg[0]/C
  -------------------------------------------------------------------    -------------------
    SLICE_X33Y122        FDCE (Prop_CFF_SLICEL_C_Q)
                                                      0.039     1.139 r  gqav7_z19p_system_i/gqav7_accelerator_0/inst/u_accelerator/i_core/gen_v_row_mover.i_v_row_mover/i_stats_cdc/rd_gray_q_reg[0]/Q
                         net (fo=2, routed)           0.036     1.175    gqav7_z19p_system_i/gqav7_accelerator_0/inst/u_accelerator/i_core/gen_v_row_mover.i_v_row_mover/i_stats_cdc/rd_gray_q[0]
    SLICE_X33Y121        FDCE                                         r  gqav7_z19p_system_i/gqav7_accelerator_0/inst/u_accelerator/i_core/gen_v_row_mover.i_v_row_mover/i_stats_cdc/rd_gray_wr_sync1_q_reg[0]/D
  -------------------------------------------------------------------    -------------------

                         (clock clk_dma_300_unbuf rise edge)
                                                      0.000     0.000 r  
    H21                                               0.000     0.000 r  PL_CLK0_clk_p (IN)
                         net (fo=0)                   0.100     0.100    gqav7_z19p_system_i/pl_clock_buffer/inst/u_ibufds/I
    HPIOBDIFFINBUF_X0Y179
                         DIFFINBUF (Prop_DIFFINBUF_HPIOBDIFFINBUF_DIFF_IN_P_O)
                                                      0.380     0.480 r  gqav7_z19p_system_i/pl_clock_buffer/inst/u_ibufds/DIFFINBUF_INST/O
                         net (fo=1, routed)           0.050     0.530    gqav7_z19p_system_i/pl_clock_buffer/inst/u_ibufds/OUT
    H21                  IBUFCTRL (Prop_IBUFCTRL_HPIOB_M_I_O)
                                                      0.000     0.530 r  gqav7_z19p_system_i/pl_clock_buffer/inst/u_ibufds/IBUFCTRL_INST/O
                         net (fo=1, routed)           0.181     0.711    gqav7_z19p_system_i/pl_clock_buffer/inst/clk_ibuf
    BUFGCE_X0Y168        BUFGCE (Prop_BUFCE_BUFGCE_I_O)
                                                      0.019     0.730 r  gqav7_z19p_system_i/pl_clock_buffer/inst/clk_ibuf_BUFGCE_inst/O
                         net (fo=20, routed)          0.639     1.369    gqav7_z19p_system_i/pl_clock_buffer/inst/clk_ibuf_BUFGCE
    MMCM_X0Y8            MMCME4_ADV (Prop_MMCM_CLKIN1_CLKOUT0)
                                                     -2.039    -0.670 r  gqav7_z19p_system_i/pl_clock_buffer/inst/u_mmcm_dma_300m/CLKOUT0
                         net (fo=1, routed)           0.165    -0.505    gqav7_z19p_system_i/pl_clock_buffer/inst/clk_dma_300_unbuf
    BUFGCE_X0Y212        BUFGCE (Prop_BUFCE_BUFGCE_I_O)
                                                      0.019    -0.486 r  gqav7_z19p_system_i/pl_clock_buffer/inst/u_bufg_dma_300m/O
    X1Y4 (CLOCK_ROOT)    net (fo=28685, routed)       1.804     1.318    gqav7_z19p_system_i/gqav7_accelerator_0/inst/u_accelerator/i_core/gen_v_row_mover.i_v_row_mover/i_stats_cdc/dma_aclk
    SLICE_X33Y121        FDCE                                         r  gqav7_z19p_system_i/gqav7_accelerator_0/inst/u_accelerator/i_core/gen_v_row_mover.i_v_row_mover/i_stats_cdc/rd_gray_wr_sync1_q_reg[0]/C





--------------------------------------------------------------------------------------
Path Group:  (none)
From Clock:  clk_dma_300_unbuf
  To Clock:  clk_dma_300_unbuf

Max Delay           103 Endpoints
Min Delay           103 Endpoints
--------------------------------------------------------------------------------------


Max Delay Paths
--------------------------------------------------------------------------------------
Slack:                    inf
  Source:                 gqav7_z19p_system_i/data_smartconnect/inst/clk_map/psr_aclk/U0/ACTIVE_LOW_BSR_OUT_DFF[0].FDRE_BSR_N/C
                            (rising edge-triggered cell FDRE clocked by clk_dma_300_unbuf  {rise@0.000ns fall@1.667ns period=3.333ns})
  Destination:            gqav7_z19p_system_i/data_smartconnect/inst/s00_entry_pipeline/s00_si_converter/inst/xpm_cdc_async_rst_inst/arststages_ff_reg[0]/CLR
                            (recovery check against rising-edge clock clk_dma_300_unbuf  {rise@0.000ns fall@1.667ns period=3.333ns})
  Path Group:             (none)
  Path Type:              Recovery (Max at Slow Process Corner)
  Data Path Delay:        3.603ns  (logic 0.078ns (2.165%)  route 3.525ns (97.835%))
  Logic Levels:           0  
  Clock Path Skew:        -0.222ns (DCD - SCD + CPR)
    Destination Clock Delay (DCD):    1.811ns
    Source Clock Delay      (SCD):    2.033ns
    Clock Pessimism Removal (CPR):    0.000ns
  Clock Uncertainty:      0.055ns  ((TSJ^2 + DJ^2)^1/2) / 2 + PE
    Total System Jitter     (TSJ):    0.071ns
    Discrete Jitter          (DJ):    0.085ns
    Phase Error              (PE):    0.000ns
  Clock Net Delay (Source):      2.926ns (routing 1.470ns, distribution 1.456ns)
  Clock Net Delay (Destination): 2.580ns (routing 1.333ns, distribution 1.247ns)
  Timing Exception:       False Path

    Location             Delay type                Incr(ns)  Path(ns)    Netlist Resource(s)
  -------------------------------------------------------------------    -------------------
                         (clock clk_dma_300_unbuf rise edge)
                                                      0.000     0.000 r  
    H21                                               0.000     0.000 r  PL_CLK0_clk_p (IN)
                         net (fo=0)                   0.100     0.100    gqav7_z19p_system_i/pl_clock_buffer/inst/u_ibufds/I
    HPIOBDIFFINBUF_X0Y179
                         DIFFINBUF (Prop_DIFFINBUF_HPIOBDIFFINBUF_DIFF_IN_P_O)
                                                      0.523     0.623 r  gqav7_z19p_system_i/pl_clock_buffer/inst/u_ibufds/DIFFINBUF_INST/O
                         net (fo=1, routed)           0.050     0.673    gqav7_z19p_system_i/pl_clock_buffer/inst/u_ibufds/OUT
    H21                  IBUFCTRL (Prop_IBUFCTRL_HPIOB_M_I_O)
                                                      0.000     0.673 r  gqav7_z19p_system_i/pl_clock_buffer/inst/u_ibufds/IBUFCTRL_INST/O
                         net (fo=1, routed)           0.323     0.996    gqav7_z19p_system_i/pl_clock_buffer/inst/clk_ibuf
    BUFGCE_X0Y168        BUFGCE (Prop_BUFCE_BUFGCE_I_O)
                                                      0.028     1.024 r  gqav7_z19p_system_i/pl_clock_buffer/inst/clk_ibuf_BUFGCE_inst/O
                         net (fo=20, routed)          1.008     2.032    gqav7_z19p_system_i/pl_clock_buffer/inst/clk_ibuf_BUFGCE
    MMCM_X0Y8            MMCME4_ADV (Prop_MMCM_CLKIN1_CLKOUT0)
                                                     -3.197    -1.165 r  gqav7_z19p_system_i/pl_clock_buffer/inst/u_mmcm_dma_300m/CLKOUT0
                         net (fo=1, routed)           0.244    -0.921    gqav7_z19p_system_i/pl_clock_buffer/inst/clk_dma_300_unbuf
    BUFGCE_X0Y212        BUFGCE (Prop_BUFCE_BUFGCE_I_O)
                                                      0.028    -0.893 r  gqav7_z19p_system_i/pl_clock_buffer/inst/u_bufg_dma_300m/O
    X1Y4 (CLOCK_ROOT)    net (fo=28685, routed)       2.926     2.033    gqav7_z19p_system_i/data_smartconnect/inst/clk_map/psr_aclk/U0/aclk
    SLICE_X32Y419        FDRE                                         r  gqav7_z19p_system_i/data_smartconnect/inst/clk_map/psr_aclk/U0/ACTIVE_LOW_BSR_OUT_DFF[0].FDRE_BSR_N/C
  -------------------------------------------------------------------    -------------------
    SLICE_X32Y419        FDRE (Prop_DFF_SLICEM_C_Q)
                                                      0.078     2.111 r  gqav7_z19p_system_i/data_smartconnect/inst/clk_map/psr_aclk/U0/ACTIVE_LOW_BSR_OUT_DFF[0].FDRE_BSR_N/Q
                         net (fo=90, routed)          3.525     5.636    gqav7_z19p_system_i/data_smartconnect/inst/s00_entry_pipeline/s00_si_converter/inst/xpm_cdc_async_rst_inst/src_arst
    SLICE_X22Y127        FDCE                                         f  gqav7_z19p_system_i/data_smartconnect/inst/s00_entry_pipeline/s00_si_converter/inst/xpm_cdc_async_rst_inst/arststages_ff_reg[0]/CLR  (IS_INVERTED)
  -------------------------------------------------------------------    -------------------

                         (clock clk_dma_300_unbuf rise edge)
                                                      0.000     0.000 r  
    H21                                               0.000     0.000 r  PL_CLK0_clk_p (IN)
                         net (fo=0)                   0.079     0.079    gqav7_z19p_system_i/pl_clock_buffer/inst/u_ibufds/I
    HPIOBDIFFINBUF_X0Y179
                         DIFFINBUF (Prop_DIFFINBUF_HPIOBDIFFINBUF_DIFF_IN_P_O)
                                                      0.427     0.506 r  gqav7_z19p_system_i/pl_clock_buffer/inst/u_ibufds/DIFFINBUF_INST/O
                         net (fo=1, routed)           0.040     0.546    gqav7_z19p_system_i/pl_clock_buffer/inst/u_ibufds/OUT
    H21                  IBUFCTRL (Prop_IBUFCTRL_HPIOB_M_I_O)
                                                      0.000     0.546 r  gqav7_z19p_system_i/pl_clock_buffer/inst/u_ibufds/IBUFCTRL_INST/O
                         net (fo=1, routed)           0.286     0.832    gqav7_z19p_system_i/pl_clock_buffer/inst/clk_ibuf
    BUFGCE_X0Y168        BUFGCE (Prop_BUFCE_BUFGCE_I_O)
                                                      0.024     0.856 r  gqav7_z19p_system_i/pl_clock_buffer/inst/clk_ibuf_BUFGCE_inst/O
                         net (fo=20, routed)          0.890     1.746    gqav7_z19p_system_i/pl_clock_buffer/inst/clk_ibuf_BUFGCE
    MMCM_X0Y8            MMCME4_ADV (Prop_MMCM_CLKIN1_CLKOUT0)
                                                     -2.753    -1.007 r  gqav7_z19p_system_i/pl_clock_buffer/inst/u_mmcm_dma_300m/CLKOUT0
                         net (fo=1, routed)           0.214    -0.793    gqav7_z19p_system_i/pl_clock_buffer/inst/clk_dma_300_unbuf
    BUFGCE_X0Y212        BUFGCE (Prop_BUFCE_BUFGCE_I_O)
                                                      0.024    -0.769 r  gqav7_z19p_system_i/pl_clock_buffer/inst/u_bufg_dma_300m/O
    X1Y4 (CLOCK_ROOT)    net (fo=28685, routed)       2.580     1.811    gqav7_z19p_system_i/data_smartconnect/inst/s00_entry_pipeline/s00_si_converter/inst/xpm_cdc_async_rst_inst/dest_clk
    SLICE_X22Y127        FDCE                                         r  gqav7_z19p_system_i/data_smartconnect/inst/s00_entry_pipeline/s00_si_converter/inst/xpm_cdc_async_rst_inst/arststages_ff_reg[0]/C





Min Delay Paths
--------------------------------------------------------------------------------------
Slack:                    inf
  Source:                 gqav7_z19p_system_i/data_smartconnect/inst/clk_map/psr_aclk/U0/ACTIVE_LOW_BSR_OUT_DFF[0].FDRE_BSR_N/C
                            (rising edge-triggered cell FDRE clocked by clk_dma_300_unbuf  {rise@0.000ns fall@1.667ns period=3.333ns})
  Destination:            gqav7_z19p_system_i/data_smartconnect/inst/s02_nodes/s02_w_node/inst/s_sc_xpm_cdc_async_rst_inst/arststages_ff_reg[0]/CLR
                            (removal check against rising-edge clock clk_dma_300_unbuf  {rise@0.000ns fall@1.667ns period=3.333ns})
  Path Group:             (none)
  Path Type:              Removal (Min at Fast Process Corner)
  Data Path Delay:        0.327ns  (logic 0.039ns (11.928%)  route 0.288ns (88.072%))
  Logic Levels:           0  
  Clock Path Skew:        0.154ns (DCD - SCD - CPR)
    Destination Clock Delay (DCD):    1.315ns
    Source Clock Delay      (SCD):    1.161ns
    Clock Pessimism Removal (CPR):    -0.000ns
  Clock Uncertainty:      0.055ns  ((TSJ^2 + DJ^2)^1/2) / 2 + PE
    Total System Jitter     (TSJ):    0.071ns
    Discrete Jitter          (DJ):    0.085ns
    Phase Error              (PE):    0.000ns
  Clock Net Delay (Source):      1.606ns (routing 0.808ns, distribution 0.798ns)
  Clock Net Delay (Destination): 1.801ns (routing 0.906ns, distribution 0.895ns)
  Timing Exception:       False Path

    Location             Delay type                Incr(ns)  Path(ns)    Netlist Resource(s)
  -------------------------------------------------------------------    -------------------
                         (clock clk_dma_300_unbuf rise edge)
                                                      0.000     0.000 r  
    H21                                               0.000     0.000 r  PL_CLK0_clk_p (IN)
                         net (fo=0)                   0.079     0.079    gqav7_z19p_system_i/pl_clock_buffer/inst/u_ibufds/I
    HPIOBDIFFINBUF_X0Y179
                         DIFFINBUF (Prop_DIFFINBUF_HPIOBDIFFINBUF_DIFF_IN_P_O)
                                                      0.282     0.361 r  gqav7_z19p_system_i/pl_clock_buffer/inst/u_ibufds/DIFFINBUF_INST/O
                         net (fo=1, routed)           0.040     0.401    gqav7_z19p_system_i/pl_clock_buffer/inst/u_ibufds/OUT
    H21                  IBUFCTRL (Prop_IBUFCTRL_HPIOB_M_I_O)
                                                      0.000     0.401 r  gqav7_z19p_system_i/pl_clock_buffer/inst/u_ibufds/IBUFCTRL_INST/O
                         net (fo=1, routed)           0.144     0.545    gqav7_z19p_system_i/pl_clock_buffer/inst/clk_ibuf
    BUFGCE_X0Y168        BUFGCE (Prop_BUFCE_BUFGCE_I_O)
                                                      0.017     0.562 r  gqav7_z19p_system_i/pl_clock_buffer/inst/clk_ibuf_BUFGCE_inst/O
                         net (fo=20, routed)          0.569     1.131    gqav7_z19p_system_i/pl_clock_buffer/inst/clk_ibuf_BUFGCE
    MMCM_X0Y8            MMCME4_ADV (Prop_MMCM_CLKIN1_CLKOUT0)
                                                     -1.738    -0.607 r  gqav7_z19p_system_i/pl_clock_buffer/inst/u_mmcm_dma_300m/CLKOUT0
                         net (fo=1, routed)           0.145    -0.462    gqav7_z19p_system_i/pl_clock_buffer/inst/clk_dma_300_unbuf
    BUFGCE_X0Y212        BUFGCE (Prop_BUFCE_BUFGCE_I_O)
                                                      0.017    -0.445 r  gqav7_z19p_system_i/pl_clock_buffer/inst/u_bufg_dma_300m/O
    X1Y4 (CLOCK_ROOT)    net (fo=28685, routed)       1.606     1.161    gqav7_z19p_system_i/data_smartconnect/inst/clk_map/psr_aclk/U0/aclk
    SLICE_X32Y419        FDRE                                         r  gqav7_z19p_system_i/data_smartconnect/inst/clk_map/psr_aclk/U0/ACTIVE_LOW_BSR_OUT_DFF[0].FDRE_BSR_N/C
  -------------------------------------------------------------------    -------------------
    SLICE_X32Y419        FDRE (Prop_DFF_SLICEM_C_Q)
                                                      0.039     1.200 r  gqav7_z19p_system_i/data_smartconnect/inst/clk_map/psr_aclk/U0/ACTIVE_LOW_BSR_OUT_DFF[0].FDRE_BSR_N/Q
                         net (fo=90, routed)          0.288     1.488    gqav7_z19p_system_i/data_smartconnect/inst/s02_nodes/s02_w_node/inst/s_sc_xpm_cdc_async_rst_inst/src_arst
    SLICE_X24Y407        FDCE                                         f  gqav7_z19p_system_i/data_smartconnect/inst/s02_nodes/s02_w_node/inst/s_sc_xpm_cdc_async_rst_inst/arststages_ff_reg[0]/CLR  (IS_INVERTED)
  -------------------------------------------------------------------    -------------------

                         (clock clk_dma_300_unbuf rise edge)
                                                      0.000     0.000 r  
    H21                                               0.000     0.000 r  PL_CLK0_clk_p (IN)
                         net (fo=0)                   0.100     0.100    gqav7_z19p_system_i/pl_clock_buffer/inst/u_ibufds/I
    HPIOBDIFFINBUF_X0Y179
                         DIFFINBUF (Prop_DIFFINBUF_HPIOBDIFFINBUF_DIFF_IN_P_O)
                                                      0.380     0.480 r  gqav7_z19p_system_i/pl_clock_buffer/inst/u_ibufds/DIFFINBUF_INST/O
                         net (fo=1, routed)           0.050     0.530    gqav7_z19p_system_i/pl_clock_buffer/inst/u_ibufds/OUT
    H21                  IBUFCTRL (Prop_IBUFCTRL_HPIOB_M_I_O)
                                                      0.000     0.530 r  gqav7_z19p_system_i/pl_clock_buffer/inst/u_ibufds/IBUFCTRL_INST/O
                         net (fo=1, routed)           0.181     0.711    gqav7_z19p_system_i/pl_clock_buffer/inst/clk_ibuf
    BUFGCE_X0Y168        BUFGCE (Prop_BUFCE_BUFGCE_I_O)
                                                      0.019     0.730 r  gqav7_z19p_system_i/pl_clock_buffer/inst/clk_ibuf_BUFGCE_inst/O
                         net (fo=20, routed)          0.639     1.369    gqav7_z19p_system_i/pl_clock_buffer/inst/clk_ibuf_BUFGCE
    MMCM_X0Y8            MMCME4_ADV (Prop_MMCM_CLKIN1_CLKOUT0)
                                                     -2.039    -0.670 r  gqav7_z19p_system_i/pl_clock_buffer/inst/u_mmcm_dma_300m/CLKOUT0
                         net (fo=1, routed)           0.165    -0.505    gqav7_z19p_system_i/pl_clock_buffer/inst/clk_dma_300_unbuf
    BUFGCE_X0Y212        BUFGCE (Prop_BUFCE_BUFGCE_I_O)
                                                      0.019    -0.486 r  gqav7_z19p_system_i/pl_clock_buffer/inst/u_bufg_dma_300m/O
    X1Y4 (CLOCK_ROOT)    net (fo=28685, routed)       1.801     1.315    gqav7_z19p_system_i/data_smartconnect/inst/s02_nodes/s02_w_node/inst/s_sc_xpm_cdc_async_rst_inst/dest_clk
    SLICE_X24Y407        FDCE                                         r  gqav7_z19p_system_i/data_smartconnect/inst/s02_nodes/s02_w_node/inst/s_sc_xpm_cdc_async_rst_inst/arststages_ff_reg[0]/C





--------------------------------------------------------------------------------------
Path Group:  (none)
From Clock:  mmcm_clkout0
  To Clock:  clk_dma_300_unbuf

Max Delay           534 Endpoints
Min Delay           554 Endpoints
--------------------------------------------------------------------------------------


Max Delay Paths
--------------------------------------------------------------------------------------
Slack:                    inf
  Source:                 gqav7_z19p_system_i/pl_ddr4_0/inst/c0_ddr4_aresetn_reg/C
                            (rising edge-triggered cell FDCE clocked by mmcm_clkout0  {rise@0.000ns fall@1.667ns period=3.333ns})
  Destination:            gqav7_z19p_system_wrapper/gqav7_z19p_system/gqav7_z19p_system_pl_ddr4_0_0/gqav7_z19p_system_pl_ddr4_0_0_gqav5_pl_ddr4_axi_wrapper/ddr_clock_converter/ddr_clock_converter_axi_clock_converter_v2_1_35_axi_clock_converter/<hidden>/<hidden>/<hidden>/<hidden>/<hidden>/<hidden>
                            (recovery check against rising-edge clock clk_dma_300_unbuf  {rise@0.000ns fall@1.667ns period=3.333ns})
  Path Group:             (none)
  Path Type:              Recovery (Max at Slow Process Corner)
  Data Path Delay:        3.468ns  (logic 0.132ns (3.806%)  route 3.336ns (96.194%))
  Logic Levels:           1  (LUT2=1)
  Clock Path Skew:        -2.209ns (DCD - SCD + CPR)
    Destination Clock Delay (DCD):    1.910ns
    Source Clock Delay      (SCD):    4.119ns
    Clock Pessimism Removal (CPR):    0.000ns
  Clock Uncertainty:      0.202ns  ((TSJ^2 + DJ^2)^1/2) / 2 + PE
    Total System Jitter     (TSJ):    0.071ns
    Discrete Jitter          (DJ):    0.163ns
    Phase Error              (PE):    0.113ns
  Clock Net Delay (Source):      1.968ns (routing 0.714ns, distribution 1.254ns)
  Clock Net Delay (Destination): 2.679ns (routing 1.333ns, distribution 1.346ns)
  Timing Exception:       False Path

    Location             Delay type                Incr(ns)  Path(ns)    Netlist Resource(s)
  -------------------------------------------------------------------    -------------------
                         (clock mmcm_clkout0 rise edge)
                                                      0.000     0.000 r  
    H21                                               0.000     0.000 r  PL_CLK0_clk_p (IN)
                         net (fo=0)                   0.100     0.100    gqav7_z19p_system_i/pl_clock_buffer/inst/u_ibufds/I
    HPIOBDIFFINBUF_X0Y179
                         DIFFINBUF (Prop_DIFFINBUF_HPIOBDIFFINBUF_DIFF_IN_P_O)
                                                      0.523     0.623 r  gqav7_z19p_system_i/pl_clock_buffer/inst/u_ibufds/DIFFINBUF_INST/O
                         net (fo=1, routed)           0.050     0.673    gqav7_z19p_system_i/pl_clock_buffer/inst/u_ibufds/OUT
    H21                  IBUFCTRL (Prop_IBUFCTRL_HPIOB_M_I_O)
                                                      0.000     0.673 r  gqav7_z19p_system_i/pl_clock_buffer/inst/u_ibufds/IBUFCTRL_INST/O
                         net (fo=1, routed)           0.323     0.996    gqav7_z19p_system_i/pl_clock_buffer/inst/clk_ibuf
    BUFGCE_X0Y168        BUFGCE (Prop_BUFCE_BUFGCE_I_O)
                                                      0.028     1.024 r  gqav7_z19p_system_i/pl_clock_buffer/inst/clk_ibuf_BUFGCE_inst/O
                         net (fo=20, routed)          0.981     2.005    gqav7_z19p_system_i/pl_ddr4_0/inst/u_ddr4_controller/inst/u_ddr4_infrastructure/mmcm_clk_in
    MMCM_X0Y6            MMCME4_ADV (Prop_MMCM_CLKIN1_CLKOUT0)
                                                     -0.127     1.878 r  gqav7_z19p_system_i/pl_ddr4_0/inst/u_ddr4_controller/inst/u_ddr4_infrastructure/gen_mmcme4.u_mmcme_adv_inst/CLKOUT0
                         net (fo=1, routed)           0.245     2.123    gqav7_z19p_system_i/pl_ddr4_0/inst/u_ddr4_controller/inst/u_ddr4_infrastructure/mmcm_clkout0
    BUFGCE_X0Y150        BUFGCE (Prop_BUFCE_BUFGCE_I_O)
                                                      0.028     2.151 r  gqav7_z19p_system_i/pl_ddr4_0/inst/u_ddr4_controller/inst/u_ddr4_infrastructure/u_bufg_divClk/O
    X2Y5 (CLOCK_ROOT)    net (fo=20545, routed)       1.968     4.119    gqav7_z19p_system_i/pl_ddr4_0/inst/c0_ddr4_ui_clk
    SLICE_X41Y404        FDCE                                         r  gqav7_z19p_system_i/pl_ddr4_0/inst/c0_ddr4_aresetn_reg/C
  -------------------------------------------------------------------    -------------------
    SLICE_X41Y404        FDCE (Prop_DFF2_SLICEL_C_Q)
                                                      0.081     4.200 r  gqav7_z19p_system_i/pl_ddr4_0/inst/c0_ddr4_aresetn_reg/Q
                         net (fo=3, routed)           0.320     4.520    gqav7_z19p_system_i/pl_ddr4_0/inst/u_ddr_clock_converter/inst/m_axi_aresetn
    SLICE_X40Y404        LUT2 (Prop_H6LUT_SLICEL_I1_O)
                                                      0.051     4.571 f  gqav7_z19p_system_i/pl_ddr4_0/inst/u_ddr_clock_converter/inst/gen_clock_conv.gen_async_conv.asyncfifo_axi_i_1/O
                         net (fo=20, routed)          3.016     7.588    gqav7_z19p_system_wrapper/gqav7_z19p_system/gqav7_z19p_system_pl_ddr4_0_0/gqav7_z19p_system_pl_ddr4_0_0_gqav5_pl_ddr4_axi_wrapper/ddr_clock_converter/ddr_clock_converter_axi_clock_converter_v2_1_35_axi_clock_converter/<hidden>/<hidden>/<hidden>/<hidden>/<hidden>/<hidden>
    SLICE_X54Y252        FDPE                                         f  gqav7_z19p_system_wrapper/gqav7_z19p_system/gqav7_z19p_system_pl_ddr4_0_0/gqav7_z19p_system_pl_ddr4_0_0_gqav5_pl_ddr4_axi_wrapper/ddr_clock_converter/ddr_clock_converter_axi_clock_converter_v2_1_35_axi_clock_converter/<hidden>/<hidden>/<hidden>/<hidden>/<hidden>/<hidden>
  -------------------------------------------------------------------    -------------------

                         (clock clk_dma_300_unbuf rise edge)
                                                      0.000     0.000 r  
    H21                                               0.000     0.000 r  PL_CLK0_clk_p (IN)
                         net (fo=0)                   0.079     0.079    gqav7_z19p_system_i/pl_clock_buffer/inst/u_ibufds/I
    HPIOBDIFFINBUF_X0Y179
                         DIFFINBUF (Prop_DIFFINBUF_HPIOBDIFFINBUF_DIFF_IN_P_O)
                                                      0.427     0.506 r  gqav7_z19p_system_i/pl_clock_buffer/inst/u_ibufds/DIFFINBUF_INST/O
                         net (fo=1, routed)           0.040     0.546    gqav7_z19p_system_i/pl_clock_buffer/inst/u_ibufds/OUT
    H21                  IBUFCTRL (Prop_IBUFCTRL_HPIOB_M_I_O)
                                                      0.000     0.546 r  gqav7_z19p_system_i/pl_clock_buffer/inst/u_ibufds/IBUFCTRL_INST/O
                         net (fo=1, routed)           0.286     0.832    gqav7_z19p_system_i/pl_clock_buffer/inst/clk_ibuf
    BUFGCE_X0Y168        BUFGCE (Prop_BUFCE_BUFGCE_I_O)
                                                      0.024     0.856 r  gqav7_z19p_system_i/pl_clock_buffer/inst/clk_ibuf_BUFGCE_inst/O
                         net (fo=20, routed)          0.890     1.746    gqav7_z19p_system_i/pl_clock_buffer/inst/clk_ibuf_BUFGCE
    MMCM_X0Y8            MMCME4_ADV (Prop_MMCM_CLKIN1_CLKOUT0)
                                                     -2.753    -1.007 r  gqav7_z19p_system_i/pl_clock_buffer/inst/u_mmcm_dma_300m/CLKOUT0
                         net (fo=1, routed)           0.214    -0.793    gqav7_z19p_system_i/pl_clock_buffer/inst/clk_dma_300_unbuf
    BUFGCE_X0Y212        BUFGCE (Prop_BUFCE_BUFGCE_I_O)
                                                      0.024    -0.769 r  gqav7_z19p_system_i/pl_clock_buffer/inst/u_bufg_dma_300m/O
    X1Y4 (CLOCK_ROOT)    net (fo=28685, routed)       2.679     1.910    gqav7_z19p_system_wrapper/gqav7_z19p_system/gqav7_z19p_system_pl_ddr4_0_0/gqav7_z19p_system_pl_ddr4_0_0_gqav5_pl_ddr4_axi_wrapper/ddr_clock_converter/ddr_clock_converter_axi_clock_converter_v2_1_35_axi_clock_converter/<hidden>/<hidden>/<hidden>/<hidden>/<hidden>/<hidden>
    SLICE_X54Y252        FDPE                                         r  gqav7_z19p_system_wrapper/gqav7_z19p_system/gqav7_z19p_system_pl_ddr4_0_0/gqav7_z19p_system_pl_ddr4_0_0_gqav5_pl_ddr4_axi_wrapper/ddr_clock_converter/ddr_clock_converter_axi_clock_converter_v2_1_35_axi_clock_converter/<hidden>/<hidden>/<hidden>/<hidden>/<hidden>/<hidden>





Min Delay Paths
--------------------------------------------------------------------------------------
Slack:                    inf
  Source:                 gqav7_z19p_system_wrapper/gqav7_z19p_system/gqav7_z19p_system_pl_ddr4_0_0/gqav7_z19p_system_pl_ddr4_0_0_gqav5_pl_ddr4_axi_wrapper/ddr_clock_converter/ddr_clock_converter_axi_clock_converter_v2_1_35_axi_clock_converter/<hidden>/<hidden>/<hidden>/<hidden>/<hidden>/<hidden>
                            (rising edge-triggered cell FDRE clocked by mmcm_clkout0  {rise@0.000ns fall@1.667ns period=3.333ns})
  Destination:            gqav7_z19p_system_wrapper/gqav7_z19p_system/gqav7_z19p_system_pl_ddr4_0_0/gqav7_z19p_system_pl_ddr4_0_0_gqav5_pl_ddr4_axi_wrapper/ddr_clock_converter/ddr_clock_converter_axi_clock_converter_v2_1_35_axi_clock_converter/<hidden>/<hidden>/<hidden>/<hidden>/<hidden>/<hidden>
                            (rising edge-triggered cell FDRE clocked by clk_dma_300_unbuf  {rise@0.000ns fall@1.667ns period=3.333ns})
  Path Group:             (none)
  Path Type:              Hold (Min at Fast Process Corner)
  Data Path Delay:        0.094ns  (logic 0.039ns (41.489%)  route 0.055ns (58.511%))
  Logic Levels:           0  
  Clock Path Skew:        -1.207ns (DCD - SCD - CPR)
    Destination Clock Delay (DCD):    1.360ns
    Source Clock Delay      (SCD):    2.566ns
    Clock Pessimism Removal (CPR):    -0.000ns
  Clock Uncertainty:      0.202ns  ((TSJ^2 + DJ^2)^1/2) / 2 + PE
    Total System Jitter     (TSJ):    0.071ns
    Discrete Jitter          (DJ):    0.163ns
    Phase Error              (PE):    0.113ns
  Clock Net Delay (Source):      1.065ns (routing 0.394ns, distribution 0.671ns)
  Clock Net Delay (Destination): 1.845ns (routing 0.906ns, distribution 0.939ns)
  Timing Exception:       False Path

    Location             Delay type                Incr(ns)  Path(ns)    Netlist Resource(s)
  -------------------------------------------------------------------    -------------------
                         (clock mmcm_clkout0 rise edge)
                                                      0.000     0.000 r  
    H21                                               0.000     0.000 r  PL_CLK0_clk_p (IN)
                         net (fo=0)                   0.079     0.079    gqav7_z19p_system_i/pl_clock_buffer/inst/u_ibufds/I
    HPIOBDIFFINBUF_X0Y179
                         DIFFINBUF (Prop_DIFFINBUF_HPIOBDIFFINBUF_DIFF_IN_P_O)
                                                      0.282     0.361 r  gqav7_z19p_system_i/pl_clock_buffer/inst/u_ibufds/DIFFINBUF_INST/O
                         net (fo=1, routed)           0.040     0.401    gqav7_z19p_system_i/pl_clock_buffer/inst/u_ibufds/OUT
    H21                  IBUFCTRL (Prop_IBUFCTRL_HPIOB_M_I_O)
                                                      0.000     0.401 r  gqav7_z19p_system_i/pl_clock_buffer/inst/u_ibufds/IBUFCTRL_INST/O
                         net (fo=1, routed)           0.144     0.545    gqav7_z19p_system_i/pl_clock_buffer/inst/clk_ibuf
    BUFGCE_X0Y168        BUFGCE (Prop_BUFCE_BUFGCE_I_O)
                                                      0.017     0.562 r  gqav7_z19p_system_i/pl_clock_buffer/inst/clk_ibuf_BUFGCE_inst/O
                         net (fo=20, routed)          0.546     1.108    gqav7_z19p_system_i/pl_ddr4_0/inst/u_ddr4_controller/inst/u_ddr4_infrastructure/mmcm_clk_in
    MMCM_X0Y6            MMCME4_ADV (Prop_MMCM_CLKIN1_CLKOUT0)
                                                      0.230     1.338 r  gqav7_z19p_system_i/pl_ddr4_0/inst/u_ddr4_controller/inst/u_ddr4_infrastructure/gen_mmcme4.u_mmcme_adv_inst/CLKOUT0
                         net (fo=1, routed)           0.146     1.484    gqav7_z19p_system_i/pl_ddr4_0/inst/u_ddr4_controller/inst/u_ddr4_infrastructure/mmcm_clkout0
    BUFGCE_X0Y150        BUFGCE (Prop_BUFCE_BUFGCE_I_O)
                                                      0.017     1.501 r  gqav7_z19p_system_i/pl_ddr4_0/inst/u_ddr4_controller/inst/u_ddr4_infrastructure/u_bufg_divClk/O
    X2Y5 (CLOCK_ROOT)    net (fo=20545, routed)       1.065     2.566    gqav7_z19p_system_wrapper/gqav7_z19p_system/gqav7_z19p_system_pl_ddr4_0_0/gqav7_z19p_system_pl_ddr4_0_0_gqav5_pl_ddr4_axi_wrapper/ddr_clock_converter/ddr_clock_converter_axi_clock_converter_v2_1_35_axi_clock_converter/<hidden>/<hidden>/<hidden>/<hidden>/<hidden>/<hidden>
    SLICE_X61Y247        FDRE                                         r  gqav7_z19p_system_wrapper/gqav7_z19p_system/gqav7_z19p_system_pl_ddr4_0_0/gqav7_z19p_system_pl_ddr4_0_0_gqav5_pl_ddr4_axi_wrapper/ddr_clock_converter/ddr_clock_converter_axi_clock_converter_v2_1_35_axi_clock_converter/<hidden>/<hidden>/<hidden>/<hidden>/<hidden>/<hidden>
  -------------------------------------------------------------------    -------------------
    SLICE_X61Y247        FDRE (Prop_GFF_SLICEL_C_Q)
                                                      0.039     2.605 r  gqav7_z19p_system_wrapper/gqav7_z19p_system/gqav7_z19p_system_pl_ddr4_0_0/gqav7_z19p_system_pl_ddr4_0_0_gqav5_pl_ddr4_axi_wrapper/ddr_clock_converter/ddr_clock_converter_axi_clock_converter_v2_1_35_axi_clock_converter/<hidden>/<hidden>/<hidden>/<hidden>/<hidden>/<hidden>
                         net (fo=1, routed)           0.055     2.660    gqav7_z19p_system_wrapper/gqav7_z19p_system/gqav7_z19p_system_pl_ddr4_0_0/gqav7_z19p_system_pl_ddr4_0_0_gqav5_pl_ddr4_axi_wrapper/ddr_clock_converter/ddr_clock_converter_axi_clock_converter_v2_1_35_axi_clock_converter/<hidden>/<hidden>/<hidden>/<hidden>/<hidden>/<hidden>
    SLICE_X61Y246        FDRE                                         r  gqav7_z19p_system_wrapper/gqav7_z19p_system/gqav7_z19p_system_pl_ddr4_0_0/gqav7_z19p_system_pl_ddr4_0_0_gqav5_pl_ddr4_axi_wrapper/ddr_clock_converter/ddr_clock_converter_axi_clock_converter_v2_1_35_axi_clock_converter/<hidden>/<hidden>/<hidden>/<hidden>/<hidden>/<hidden>
  -------------------------------------------------------------------    -------------------

                         (clock clk_dma_300_unbuf rise edge)
                                                      0.000     0.000 r  
    H21                                               0.000     0.000 r  PL_CLK0_clk_p (IN)
                         net (fo=0)                   0.100     0.100    gqav7_z19p_system_i/pl_clock_buffer/inst/u_ibufds/I
    HPIOBDIFFINBUF_X0Y179
                         DIFFINBUF (Prop_DIFFINBUF_HPIOBDIFFINBUF_DIFF_IN_P_O)
                                                      0.380     0.480 r  gqav7_z19p_system_i/pl_clock_buffer/inst/u_ibufds/DIFFINBUF_INST/O
                         net (fo=1, routed)           0.050     0.530    gqav7_z19p_system_i/pl_clock_buffer/inst/u_ibufds/OUT
    H21                  IBUFCTRL (Prop_IBUFCTRL_HPIOB_M_I_O)
                                                      0.000     0.530 r  gqav7_z19p_system_i/pl_clock_buffer/inst/u_ibufds/IBUFCTRL_INST/O
                         net (fo=1, routed)           0.181     0.711    gqav7_z19p_system_i/pl_clock_buffer/inst/clk_ibuf
    BUFGCE_X0Y168        BUFGCE (Prop_BUFCE_BUFGCE_I_O)
                                                      0.019     0.730 r  gqav7_z19p_system_i/pl_clock_buffer/inst/clk_ibuf_BUFGCE_inst/O
                         net (fo=20, routed)          0.639     1.369    gqav7_z19p_system_i/pl_clock_buffer/inst/clk_ibuf_BUFGCE
    MMCM_X0Y8            MMCME4_ADV (Prop_MMCM_CLKIN1_CLKOUT0)
                                                     -2.039    -0.670 r  gqav7_z19p_system_i/pl_clock_buffer/inst/u_mmcm_dma_300m/CLKOUT0
                         net (fo=1, routed)           0.165    -0.505    gqav7_z19p_system_i/pl_clock_buffer/inst/clk_dma_300_unbuf
    BUFGCE_X0Y212        BUFGCE (Prop_BUFCE_BUFGCE_I_O)
                                                      0.019    -0.486 r  gqav7_z19p_system_i/pl_clock_buffer/inst/u_bufg_dma_300m/O
    X1Y4 (CLOCK_ROOT)    net (fo=28685, routed)       1.845     1.360    gqav7_z19p_system_wrapper/gqav7_z19p_system/gqav7_z19p_system_pl_ddr4_0_0/gqav7_z19p_system_pl_ddr4_0_0_gqav5_pl_ddr4_axi_wrapper/ddr_clock_converter/ddr_clock_converter_axi_clock_converter_v2_1_35_axi_clock_converter/<hidden>/<hidden>/<hidden>/<hidden>/<hidden>/<hidden>
    SLICE_X61Y246        FDRE                                         r  gqav7_z19p_system_wrapper/gqav7_z19p_system/gqav7_z19p_system_pl_ddr4_0_0/gqav7_z19p_system_pl_ddr4_0_0_gqav5_pl_ddr4_axi_wrapper/ddr_clock_converter/ddr_clock_converter_axi_clock_converter_v2_1_35_axi_clock_converter/<hidden>/<hidden>/<hidden>/<hidden>/<hidden>/<hidden>





--------------------------------------------------------------------------------------
Path Group:  (none)
From Clock:  mmcm_clkout5
  To Clock:  dbg_hub/inst/BSCANID.u_xsdbm_id/SWITCH_N_EXT_BSCAN.bscan_inst/SERIES7_BSCAN.bscan_inst/INTERNAL_TCK

Max Delay            94 Endpoints
Min Delay           102 Endpoints
--------------------------------------------------------------------------------------


Max Delay Paths
--------------------------------------------------------------------------------------
Slack:                    inf
  Source:                 dbg_hub/inst/BSCANID.u_xsdbm_id/CORE_XSDB.UUT_MASTER/U_ICON_INTERFACE/U_CMD6_RD/U_RD_FIFO/SUBCORE_FIFO.xsdbm_v3_0_5_rdfifo_inst/inst_fifo_gen/gconvfifo.rf/grf.rf/gntv_or_sync_fifo.mem/gdm.dm_gen.dm/RAM_reg_0_15_0_13/RAMD/CLK
                            (rising edge-triggered cell RAMD32 clocked by mmcm_clkout5  {rise@0.000ns fall@6.667ns period=13.333ns})
  Destination:            dbg_hub/inst/BSCANID.u_xsdbm_id/CORE_XSDB.UUT_MASTER/U_ICON_INTERFACE/U_CMD6_RD/U_RD_FIFO/SUBCORE_FIFO.xsdbm_v3_0_5_rdfifo_inst/inst_fifo_gen/gconvfifo.rf/grf.rf/gntv_or_sync_fifo.mem/gdm.dm_gen.dm/gpr1.dout_i_reg[6]/D
                            (rising edge-triggered cell FDRE clocked by dbg_hub/inst/BSCANID.u_xsdbm_id/SWITCH_N_EXT_BSCAN.bscan_inst/SERIES7_BSCAN.bscan_inst/INTERNAL_TCK  {rise@0.000ns fall@25.000ns period=50.000ns})
  Path Group:             (none)
  Path Type:              Setup (Max at Slow Process Corner)
  Data Path Delay:        1.061ns  (logic 0.287ns (27.050%)  route 0.774ns (72.950%))
  Logic Levels:           0  
  Clock Path Skew:        4.019ns (DCD - SCD + CPR)
    Destination Clock Delay (DCD):    7.071ns
    Source Clock Delay      (SCD):    3.051ns
    Clock Pessimism Removal (CPR):    0.000ns
  Clock Uncertainty:      0.138ns  ((TSJ^2 + DJ^2)^1/2) / 2 + PE
    Total System Jitter     (TSJ):    0.071ns
    Discrete Jitter          (DJ):    0.100ns
    Phase Error              (PE):    0.077ns
  Clock Net Delay (Source):      0.909ns (routing 0.001ns, distribution 0.908ns)
  Clock Net Delay (Destination): 3.278ns (routing 1.976ns, distribution 1.302ns)
  Timing Exception:       False Path

    Location             Delay type                Incr(ns)  Path(ns)    Netlist Resource(s)
  -------------------------------------------------------------------    -------------------
                         (clock mmcm_clkout5 rise edge)
                                                      0.000     0.000 r  
    H21                                               0.000     0.000 r  PL_CLK0_clk_p (IN)
                         net (fo=0)                   0.100     0.100    gqav7_z19p_system_i/pl_clock_buffer/inst/u_ibufds/I
    HPIOBDIFFINBUF_X0Y179
                         DIFFINBUF (Prop_DIFFINBUF_HPIOBDIFFINBUF_DIFF_IN_P_O)
                                                      0.523     0.623 r  gqav7_z19p_system_i/pl_clock_buffer/inst/u_ibufds/DIFFINBUF_INST/O
                         net (fo=1, routed)           0.050     0.673    gqav7_z19p_system_i/pl_clock_buffer/inst/u_ibufds/OUT
    H21                  IBUFCTRL (Prop_IBUFCTRL_HPIOB_M_I_O)
                                                      0.000     0.673 r  gqav7_z19p_system_i/pl_clock_buffer/inst/u_ibufds/IBUFCTRL_INST/O
                         net (fo=1, routed)           0.323     0.996    gqav7_z19p_system_i/pl_clock_buffer/inst/clk_ibuf
    BUFGCE_X0Y168        BUFGCE (Prop_BUFCE_BUFGCE_I_O)
                                                      0.028     1.024 r  gqav7_z19p_system_i/pl_clock_buffer/inst/clk_ibuf_BUFGCE_inst/O
                         net (fo=20, routed)          0.981     2.005    gqav7_z19p_system_i/pl_ddr4_0/inst/u_ddr4_controller/inst/u_ddr4_infrastructure/mmcm_clk_in
    MMCM_X0Y6            MMCME4_ADV (Prop_MMCM_CLKIN1_CLKOUT5)
                                                     -0.127     1.878 r  gqav7_z19p_system_i/pl_ddr4_0/inst/u_ddr4_controller/inst/u_ddr4_infrastructure/gen_mmcme4.u_mmcme_adv_inst/CLKOUT5
                         net (fo=1, routed)           0.236     2.114    gqav7_z19p_system_i/pl_ddr4_0/inst/u_ddr4_controller/inst/u_ddr4_infrastructure/mmcm_clkout5
    BUFGCE_X0Y161        BUFGCE (Prop_BUFCE_BUFGCE_I_O)
                                                      0.028     2.142 r  gqav7_z19p_system_i/pl_ddr4_0/inst/u_ddr4_controller/inst/u_ddr4_infrastructure/u_bufg_dbg_clk/O
    X2Y6 (CLOCK_ROOT)    net (fo=568, routed)         0.909     3.051    dbg_hub/inst/BSCANID.u_xsdbm_id/CORE_XSDB.UUT_MASTER/U_ICON_INTERFACE/U_CMD6_RD/U_RD_FIFO/SUBCORE_FIFO.xsdbm_v3_0_5_rdfifo_inst/inst_fifo_gen/gconvfifo.rf/grf.rf/gntv_or_sync_fifo.mem/gdm.dm_gen.dm/RAM_reg_0_15_0_13/WCLK
    SLICE_X89Y396        RAMD32                                       r  dbg_hub/inst/BSCANID.u_xsdbm_id/CORE_XSDB.UUT_MASTER/U_ICON_INTERFACE/U_CMD6_RD/U_RD_FIFO/SUBCORE_FIFO.xsdbm_v3_0_5_rdfifo_inst/inst_fifo_gen/gconvfifo.rf/grf.rf/gntv_or_sync_fifo.mem/gdm.dm_gen.dm/RAM_reg_0_15_0_13/RAMD/CLK
  -------------------------------------------------------------------    -------------------
    SLICE_X89Y396        RAMD32 (Prop_D5LUT_SLICEM_CLK_O)
                                                      0.287     3.338 r  dbg_hub/inst/BSCANID.u_xsdbm_id/CORE_XSDB.UUT_MASTER/U_ICON_INTERFACE/U_CMD6_RD/U_RD_FIFO/SUBCORE_FIFO.xsdbm_v3_0_5_rdfifo_inst/inst_fifo_gen/gconvfifo.rf/grf.rf/gntv_or_sync_fifo.mem/gdm.dm_gen.dm/RAM_reg_0_15_0_13/RAMD/O
                         net (fo=1, routed)           0.774     4.112    dbg_hub/inst/BSCANID.u_xsdbm_id/CORE_XSDB.UUT_MASTER/U_ICON_INTERFACE/U_CMD6_RD/U_RD_FIFO/SUBCORE_FIFO.xsdbm_v3_0_5_rdfifo_inst/inst_fifo_gen/gconvfifo.rf/grf.rf/gntv_or_sync_fifo.mem/gdm.dm_gen.dm/dout_i0[6]
    SLICE_X93Y397        FDRE                                         r  dbg_hub/inst/BSCANID.u_xsdbm_id/CORE_XSDB.UUT_MASTER/U_ICON_INTERFACE/U_CMD6_RD/U_RD_FIFO/SUBCORE_FIFO.xsdbm_v3_0_5_rdfifo_inst/inst_fifo_gen/gconvfifo.rf/grf.rf/gntv_or_sync_fifo.mem/gdm.dm_gen.dm/gpr1.dout_i_reg[6]/D
  -------------------------------------------------------------------    -------------------

                         (clock dbg_hub/inst/BSCANID.u_xsdbm_id/SWITCH_N_EXT_BSCAN.bscan_inst/SERIES7_BSCAN.bscan_inst/INTERNAL_TCK rise edge)
                                                      0.000     0.000 r  
    CONFIG_SITE_X0Y0     BSCANE2                      0.000     0.000 r  dbg_hub/inst/BSCANID.u_xsdbm_id/SWITCH_N_EXT_BSCAN.bscan_inst/SERIES7_BSCAN.bscan_inst/INTERNAL_TCK
    CONFIG_SITE_X0Y0     BSCANE2 (Prop_BSCAN1_CONFIG_SITE_INTERNAL_TCK_TCK)
                                                      0.465     0.465 r  dbg_hub/inst/BSCANID.u_xsdbm_id/SWITCH_N_EXT_BSCAN.bscan_inst/SERIES7_BSCAN.bscan_inst/TCK
                         net (fo=1, routed)           3.304     3.769    dbg_hub/inst/BSCANID.u_xsdbm_id/tck_bs
    BUFGCE_X0Y243        BUFGCE (Prop_BUFCE_BUFGCE_I_O)
                                                      0.024     3.793 r  dbg_hub/inst/BSCANID.u_xsdbm_id/SWITCH_N_EXT_BSCAN.u_bufg_icon_tck/O
    X3Y3 (CLOCK_ROOT)    net (fo=478, routed)         3.278     7.071    dbg_hub/inst/BSCANID.u_xsdbm_id/CORE_XSDB.UUT_MASTER/U_ICON_INTERFACE/U_CMD6_RD/U_RD_FIFO/SUBCORE_FIFO.xsdbm_v3_0_5_rdfifo_inst/inst_fifo_gen/gconvfifo.rf/grf.rf/gntv_or_sync_fifo.mem/gdm.dm_gen.dm/rd_clk
    SLICE_X93Y397        FDRE                                         r  dbg_hub/inst/BSCANID.u_xsdbm_id/CORE_XSDB.UUT_MASTER/U_ICON_INTERFACE/U_CMD6_RD/U_RD_FIFO/SUBCORE_FIFO.xsdbm_v3_0_5_rdfifo_inst/inst_fifo_gen/gconvfifo.rf/grf.rf/gntv_or_sync_fifo.mem/gdm.dm_gen.dm/gpr1.dout_i_reg[6]/C





Min Delay Paths
--------------------------------------------------------------------------------------
Slack:                    inf
  Source:                 dbg_hub/inst/BSCANID.u_xsdbm_id/CORE_XSDB.UUT_MASTER/U_ICON_INTERFACE/U_CMD6_WR/U_WR_FIFO/SUBCORE_FIFO.xsdbm_v3_0_5_wrfifo_inst/inst_fifo_gen/gconvfifo.rf/grf.rf/gntv_or_sync_fifo.gcx.clkx/gnxpm_cdc.rd_pntr_gc_reg[2]/C
                            (rising edge-triggered cell FDCE clocked by mmcm_clkout5  {rise@0.000ns fall@6.667ns period=13.333ns})
  Destination:            dbg_hub/inst/BSCANID.u_xsdbm_id/CORE_XSDB.UUT_MASTER/U_ICON_INTERFACE/U_CMD6_WR/U_WR_FIFO/SUBCORE_FIFO.xsdbm_v3_0_5_wrfifo_inst/inst_fifo_gen/gconvfifo.rf/grf.rf/gntv_or_sync_fifo.gcx.clkx/gnxpm_cdc.gsync_stage[1].wr_stg_inst/Q_reg_reg[2]/D
                            (rising edge-triggered cell FDCE clocked by dbg_hub/inst/BSCANID.u_xsdbm_id/SWITCH_N_EXT_BSCAN.bscan_inst/SERIES7_BSCAN.bscan_inst/INTERNAL_TCK  {rise@0.000ns fall@25.000ns period=50.000ns})
  Path Group:             (none)
  Path Type:              Hold (Min at Fast Process Corner)
  Data Path Delay:        0.118ns  (logic 0.039ns (33.051%)  route 0.079ns (66.949%))
  Logic Levels:           0  
  Clock Path Skew:        8.003ns (DCD - SCD - CPR)
    Destination Clock Delay (DCD):    9.993ns
    Source Clock Delay      (SCD):    1.990ns
    Clock Pessimism Removal (CPR):    -0.000ns
  Clock Uncertainty:      0.138ns  ((TSJ^2 + DJ^2)^1/2) / 2 + PE
    Total System Jitter     (TSJ):    0.071ns
    Discrete Jitter          (DJ):    0.100ns
    Phase Error              (PE):    0.077ns
  Clock Net Delay (Source):      0.495ns (routing 0.000ns, distribution 0.495ns)
  Clock Net Delay (Destination): 2.246ns (routing 1.343ns, distribution 0.903ns)
  Timing Exception:       False Path

    Location             Delay type                Incr(ns)  Path(ns)    Netlist Resource(s)
  -------------------------------------------------------------------    -------------------
                         (clock mmcm_clkout5 rise edge)
                                                      0.000     0.000 r  
    H21                                               0.000     0.000 r  PL_CLK0_clk_p (IN)
                         net (fo=0)                   0.079     0.079    gqav7_z19p_system_i/pl_clock_buffer/inst/u_ibufds/I
    HPIOBDIFFINBUF_X0Y179
                         DIFFINBUF (Prop_DIFFINBUF_HPIOBDIFFINBUF_DIFF_IN_P_O)
                                                      0.282     0.361 r  gqav7_z19p_system_i/pl_clock_buffer/inst/u_ibufds/DIFFINBUF_INST/O
                         net (fo=1, routed)           0.040     0.401    gqav7_z19p_system_i/pl_clock_buffer/inst/u_ibufds/OUT
    H21                  IBUFCTRL (Prop_IBUFCTRL_HPIOB_M_I_O)
                                                      0.000     0.401 r  gqav7_z19p_system_i/pl_clock_buffer/inst/u_ibufds/IBUFCTRL_INST/O
                         net (fo=1, routed)           0.144     0.545    gqav7_z19p_system_i/pl_clock_buffer/inst/clk_ibuf
    BUFGCE_X0Y168        BUFGCE (Prop_BUFCE_BUFGCE_I_O)
                                                      0.017     0.562 r  gqav7_z19p_system_i/pl_clock_buffer/inst/clk_ibuf_BUFGCE_inst/O
                         net (fo=20, routed)          0.546     1.108    gqav7_z19p_system_i/pl_ddr4_0/inst/u_ddr4_controller/inst/u_ddr4_infrastructure/mmcm_clk_in
    MMCM_X0Y6            MMCME4_ADV (Prop_MMCM_CLKIN1_CLKOUT5)
                                                      0.230     1.338 r  gqav7_z19p_system_i/pl_ddr4_0/inst/u_ddr4_controller/inst/u_ddr4_infrastructure/gen_mmcme4.u_mmcme_adv_inst/CLKOUT5
                         net (fo=1, routed)           0.140     1.478    gqav7_z19p_system_i/pl_ddr4_0/inst/u_ddr4_controller/inst/u_ddr4_infrastructure/mmcm_clkout5
    BUFGCE_X0Y161        BUFGCE (Prop_BUFCE_BUFGCE_I_O)
                                                      0.017     1.495 r  gqav7_z19p_system_i/pl_ddr4_0/inst/u_ddr4_controller/inst/u_ddr4_infrastructure/u_bufg_dbg_clk/O
    X2Y6 (CLOCK_ROOT)    net (fo=568, routed)         0.495     1.990    dbg_hub/inst/BSCANID.u_xsdbm_id/CORE_XSDB.UUT_MASTER/U_ICON_INTERFACE/U_CMD6_WR/U_WR_FIFO/SUBCORE_FIFO.xsdbm_v3_0_5_wrfifo_inst/inst_fifo_gen/gconvfifo.rf/grf.rf/gntv_or_sync_fifo.gcx.clkx/rd_clk
    SLICE_X90Y406        FDCE                                         r  dbg_hub/inst/BSCANID.u_xsdbm_id/CORE_XSDB.UUT_MASTER/U_ICON_INTERFACE/U_CMD6_WR/U_WR_FIFO/SUBCORE_FIFO.xsdbm_v3_0_5_wrfifo_inst/inst_fifo_gen/gconvfifo.rf/grf.rf/gntv_or_sync_fifo.gcx.clkx/gnxpm_cdc.rd_pntr_gc_reg[2]/C
  -------------------------------------------------------------------    -------------------
    SLICE_X90Y406        FDCE (Prop_AFF_SLICEL_C_Q)
                                                      0.039     2.029 r  dbg_hub/inst/BSCANID.u_xsdbm_id/CORE_XSDB.UUT_MASTER/U_ICON_INTERFACE/U_CMD6_WR/U_WR_FIFO/SUBCORE_FIFO.xsdbm_v3_0_5_wrfifo_inst/inst_fifo_gen/gconvfifo.rf/grf.rf/gntv_or_sync_fifo.gcx.clkx/gnxpm_cdc.rd_pntr_gc_reg[2]/Q
                         net (fo=1, routed)           0.079     2.108    dbg_hub/inst/BSCANID.u_xsdbm_id/CORE_XSDB.UUT_MASTER/U_ICON_INTERFACE/U_CMD6_WR/U_WR_FIFO/SUBCORE_FIFO.xsdbm_v3_0_5_wrfifo_inst/inst_fifo_gen/gconvfifo.rf/grf.rf/gntv_or_sync_fifo.gcx.clkx/gnxpm_cdc.gsync_stage[1].wr_stg_inst/Q[2]
    SLICE_X90Y406        FDCE                                         r  dbg_hub/inst/BSCANID.u_xsdbm_id/CORE_XSDB.UUT_MASTER/U_ICON_INTERFACE/U_CMD6_WR/U_WR_FIFO/SUBCORE_FIFO.xsdbm_v3_0_5_wrfifo_inst/inst_fifo_gen/gconvfifo.rf/grf.rf/gntv_or_sync_fifo.gcx.clkx/gnxpm_cdc.gsync_stage[1].wr_stg_inst/Q_reg_reg[2]/D
  -------------------------------------------------------------------    -------------------

                         (clock dbg_hub/inst/BSCANID.u_xsdbm_id/SWITCH_N_EXT_BSCAN.bscan_inst/SERIES7_BSCAN.bscan_inst/INTERNAL_TCK rise edge)
                                                      0.000     0.000 r  
    CONFIG_SITE_X0Y0     BSCANE2                      0.000     0.000 r  dbg_hub/inst/BSCANID.u_xsdbm_id/SWITCH_N_EXT_BSCAN.bscan_inst/SERIES7_BSCAN.bscan_inst/INTERNAL_TCK
    CONFIG_SITE_X0Y0     BSCANE2 (Prop_BSCAN1_CONFIG_SITE_INTERNAL_TCK_TCK)
                                                      4.300     4.300 r  dbg_hub/inst/BSCANID.u_xsdbm_id/SWITCH_N_EXT_BSCAN.bscan_inst/SERIES7_BSCAN.bscan_inst/TCK
                         net (fo=1, routed)           3.428     7.728    dbg_hub/inst/BSCANID.u_xsdbm_id/tck_bs
    BUFGCE_X0Y243        BUFGCE (Prop_BUFCE_BUFGCE_I_O)
                                                      0.019     7.747 r  dbg_hub/inst/BSCANID.u_xsdbm_id/SWITCH_N_EXT_BSCAN.u_bufg_icon_tck/O
    X3Y3 (CLOCK_ROOT)    net (fo=478, routed)         2.246     9.993    dbg_hub/inst/BSCANID.u_xsdbm_id/CORE_XSDB.UUT_MASTER/U_ICON_INTERFACE/U_CMD6_WR/U_WR_FIFO/SUBCORE_FIFO.xsdbm_v3_0_5_wrfifo_inst/inst_fifo_gen/gconvfifo.rf/grf.rf/gntv_or_sync_fifo.gcx.clkx/gnxpm_cdc.gsync_stage[1].wr_stg_inst/wr_clk
    SLICE_X90Y406        FDCE                                         r  dbg_hub/inst/BSCANID.u_xsdbm_id/CORE_XSDB.UUT_MASTER/U_ICON_INTERFACE/U_CMD6_WR/U_WR_FIFO/SUBCORE_FIFO.xsdbm_v3_0_5_wrfifo_inst/inst_fifo_gen/gconvfifo.rf/grf.rf/gntv_or_sync_fifo.gcx.clkx/gnxpm_cdc.gsync_stage[1].wr_stg_inst/Q_reg_reg[2]/C





--------------------------------------------------------------------------------------
Path Group:  (none)
From Clock:  PL_CLK0_200M
  To Clock:  mmcm_clkout0

Max Delay             1 Endpoint
Min Delay             1 Endpoint
--------------------------------------------------------------------------------------


Max Delay Paths
--------------------------------------------------------------------------------------
Slack:                    inf
  Source:                 gqav7_z19p_system_i/pl_ddr4_0/inst/u_ddr4_controller/inst/u_ddr4_infrastructure/rst_async_riu_div_reg/C
                            (rising edge-triggered cell FDRE clocked by PL_CLK0_200M  {rise@0.000ns fall@2.500ns period=5.000ns})
  Destination:            gqav7_z19p_system_i/pl_ddr4_0/inst/u_ddr4_controller/inst/u_ddr4_infrastructure/rst_div_sync_r_reg[0]/D
                            (rising edge-triggered cell FDRE clocked by mmcm_clkout0  {rise@0.000ns fall@1.667ns period=3.333ns})
  Path Group:             (none)
  Path Type:              Setup (Max at Slow Process Corner)
  Data Path Delay:        0.294ns  (logic 0.081ns (27.579%)  route 0.213ns (72.421%))
  Logic Levels:           0  
  Clock Path Skew:        2.115ns (DCD - SCD + CPR)
    Destination Clock Delay (DCD):    4.326ns
    Source Clock Delay      (SCD):    2.210ns
    Clock Pessimism Removal (CPR):    0.000ns
  Clock Uncertainty:      0.129ns  ((TSJ^2 + DJ^2)^1/2) / 2 + PE
    Total System Jitter     (TSJ):    0.071ns
    Discrete Jitter          (DJ):    0.077ns
    Phase Error              (PE):    0.077ns
  Clock Net Delay (Source):      1.186ns (routing 0.171ns, distribution 1.015ns)
  Clock Net Delay (Destination): 1.735ns (routing 0.648ns, distribution 1.087ns)
  Timing Exception:       False Path

    Location             Delay type                Incr(ns)  Path(ns)    Netlist Resource(s)
  -------------------------------------------------------------------    -------------------
                         (clock PL_CLK0_200M rise edge)
                                                      0.000     0.000 r  
    H21                                               0.000     0.000 r  PL_CLK0_clk_p (IN)
                         net (fo=0)                   0.100     0.100    gqav7_z19p_system_i/pl_clock_buffer/inst/u_ibufds/I
    HPIOBDIFFINBUF_X0Y179
                         DIFFINBUF (Prop_DIFFINBUF_HPIOBDIFFINBUF_DIFF_IN_P_O)
                                                      0.523     0.623 r  gqav7_z19p_system_i/pl_clock_buffer/inst/u_ibufds/DIFFINBUF_INST/O
                         net (fo=1, routed)           0.050     0.673    gqav7_z19p_system_i/pl_clock_buffer/inst/u_ibufds/OUT
    H21                  IBUFCTRL (Prop_IBUFCTRL_HPIOB_M_I_O)
                                                      0.000     0.673 r  gqav7_z19p_system_i/pl_clock_buffer/inst/u_ibufds/IBUFCTRL_INST/O
                         net (fo=1, routed)           0.323     0.996    gqav7_z19p_system_i/pl_clock_buffer/inst/clk_ibuf
    BUFGCE_X0Y168        BUFGCE (Prop_BUFCE_BUFGCE_I_O)
                                                      0.028     1.024 r  gqav7_z19p_system_i/pl_clock_buffer/inst/clk_ibuf_BUFGCE_inst/O
    X2Y7 (CLOCK_ROOT)    net (fo=20, routed)          1.186     2.210    gqav7_z19p_system_i/pl_ddr4_0/inst/u_ddr4_controller/inst/u_ddr4_infrastructure/sys_clk_in
    SLICE_X67Y396        FDRE                                         r  gqav7_z19p_system_i/pl_ddr4_0/inst/u_ddr4_controller/inst/u_ddr4_infrastructure/rst_async_riu_div_reg/C
  -------------------------------------------------------------------    -------------------
    SLICE_X67Y396        FDRE (Prop_AFF2_SLICEL_C_Q)
                                                      0.081     2.291 r  gqav7_z19p_system_i/pl_ddr4_0/inst/u_ddr4_controller/inst/u_ddr4_infrastructure/rst_async_riu_div_reg/Q
                         net (fo=2, routed)           0.213     2.504    gqav7_z19p_system_i/pl_ddr4_0/inst/u_ddr4_controller/inst/u_ddr4_infrastructure/rst_async_riu_div
    SLICE_X67Y397        FDRE                                         r  gqav7_z19p_system_i/pl_ddr4_0/inst/u_ddr4_controller/inst/u_ddr4_infrastructure/rst_div_sync_r_reg[0]/D
  -------------------------------------------------------------------    -------------------

                         (clock mmcm_clkout0 rise edge)
                                                      0.000     0.000 r  
    H21                                               0.000     0.000 r  PL_CLK0_clk_p (IN)
                         net (fo=0)                   0.079     0.079    gqav7_z19p_system_i/pl_clock_buffer/inst/u_ibufds/I
    HPIOBDIFFINBUF_X0Y179
                         DIFFINBUF (Prop_DIFFINBUF_HPIOBDIFFINBUF_DIFF_IN_P_O)
                                                      0.427     0.506 r  gqav7_z19p_system_i/pl_clock_buffer/inst/u_ibufds/DIFFINBUF_INST/O
                         net (fo=1, routed)           0.040     0.546    gqav7_z19p_system_i/pl_clock_buffer/inst/u_ibufds/OUT
    H21                  IBUFCTRL (Prop_IBUFCTRL_HPIOB_M_I_O)
                                                      0.000     0.546 r  gqav7_z19p_system_i/pl_clock_buffer/inst/u_ibufds/IBUFCTRL_INST/O
                         net (fo=1, routed)           0.286     0.832    gqav7_z19p_system_i/pl_clock_buffer/inst/clk_ibuf
    BUFGCE_X0Y168        BUFGCE (Prop_BUFCE_BUFGCE_I_O)
                                                      0.024     0.856 r  gqav7_z19p_system_i/pl_clock_buffer/inst/clk_ibuf_BUFGCE_inst/O
                         net (fo=20, routed)          0.866     1.722    gqav7_z19p_system_i/pl_ddr4_0/inst/u_ddr4_controller/inst/u_ddr4_infrastructure/mmcm_clk_in
    MMCM_X0Y6            MMCME4_ADV (Prop_MMCM_CLKIN1_CLKOUT0)
                                                      0.630     2.352 r  gqav7_z19p_system_i/pl_ddr4_0/inst/u_ddr4_controller/inst/u_ddr4_infrastructure/gen_mmcme4.u_mmcme_adv_inst/CLKOUT0
                         net (fo=1, routed)           0.215     2.567    gqav7_z19p_system_i/pl_ddr4_0/inst/u_ddr4_controller/inst/u_ddr4_infrastructure/mmcm_clkout0
    BUFGCE_X0Y150        BUFGCE (Prop_BUFCE_BUFGCE_I_O)
                                                      0.024     2.591 r  gqav7_z19p_system_i/pl_ddr4_0/inst/u_ddr4_controller/inst/u_ddr4_infrastructure/u_bufg_divClk/O
    X2Y5 (CLOCK_ROOT)    net (fo=20545, routed)       1.735     4.326    gqav7_z19p_system_i/pl_ddr4_0/inst/u_ddr4_controller/inst/u_ddr4_infrastructure/u_bufg_divClk_0
    SLICE_X67Y397        FDRE                                         r  gqav7_z19p_system_i/pl_ddr4_0/inst/u_ddr4_controller/inst/u_ddr4_infrastructure/rst_div_sync_r_reg[0]/C





Min Delay Paths
--------------------------------------------------------------------------------------
Slack:                    inf
  Source:                 gqav7_z19p_system_i/pl_ddr4_0/inst/u_ddr4_controller/inst/u_ddr4_infrastructure/rst_async_riu_div_reg/C
                            (rising edge-triggered cell FDRE clocked by PL_CLK0_200M  {rise@0.000ns fall@2.500ns period=5.000ns})
  Destination:            gqav7_z19p_system_i/pl_ddr4_0/inst/u_ddr4_controller/inst/u_ddr4_infrastructure/rst_div_sync_r_reg[0]/D
                            (rising edge-triggered cell FDRE clocked by mmcm_clkout0  {rise@0.000ns fall@1.667ns period=3.333ns})
  Path Group:             (none)
  Path Type:              Hold (Min at Fast Process Corner)
  Data Path Delay:        0.121ns  (logic 0.040ns (32.937%)  route 0.081ns (67.063%))
  Logic Levels:           0  
  Clock Path Skew:        1.223ns (DCD - SCD - CPR)
    Destination Clock Delay (DCD):    2.448ns
    Source Clock Delay      (SCD):    1.225ns
    Clock Pessimism Removal (CPR):    -0.000ns
  Clock Uncertainty:      0.129ns  ((TSJ^2 + DJ^2)^1/2) / 2 + PE
    Total System Jitter     (TSJ):    0.071ns
    Discrete Jitter          (DJ):    0.077ns
    Phase Error              (PE):    0.077ns
  Clock Net Delay (Source):      0.663ns (routing 0.096ns, distribution 0.567ns)
  Clock Net Delay (Destination): 1.211ns (routing 0.442ns, distribution 0.769ns)
  Timing Exception:       False Path

    Location             Delay type                Incr(ns)  Path(ns)    Netlist Resource(s)
  -------------------------------------------------------------------    -------------------
                         (clock PL_CLK0_200M rise edge)
                                                      0.000     0.000 r  
    H21                                               0.000     0.000 r  PL_CLK0_clk_p (IN)
                         net (fo=0)                   0.079     0.079    gqav7_z19p_system_i/pl_clock_buffer/inst/u_ibufds/I
    HPIOBDIFFINBUF_X0Y179
                         DIFFINBUF (Prop_DIFFINBUF_HPIOBDIFFINBUF_DIFF_IN_P_O)
                                                      0.282     0.361 r  gqav7_z19p_system_i/pl_clock_buffer/inst/u_ibufds/DIFFINBUF_INST/O
                         net (fo=1, routed)           0.040     0.401    gqav7_z19p_system_i/pl_clock_buffer/inst/u_ibufds/OUT
    H21                  IBUFCTRL (Prop_IBUFCTRL_HPIOB_M_I_O)
                                                      0.000     0.401 r  gqav7_z19p_system_i/pl_clock_buffer/inst/u_ibufds/IBUFCTRL_INST/O
                         net (fo=1, routed)           0.144     0.545    gqav7_z19p_system_i/pl_clock_buffer/inst/clk_ibuf
    BUFGCE_X0Y168        BUFGCE (Prop_BUFCE_BUFGCE_I_O)
                                                      0.017     0.562 r  gqav7_z19p_system_i/pl_clock_buffer/inst/clk_ibuf_BUFGCE_inst/O
    X2Y7 (CLOCK_ROOT)    net (fo=20, routed)          0.663     1.225    gqav7_z19p_system_i/pl_ddr4_0/inst/u_ddr4_controller/inst/u_ddr4_infrastructure/sys_clk_in
    SLICE_X67Y396        FDRE                                         r  gqav7_z19p_system_i/pl_ddr4_0/inst/u_ddr4_controller/inst/u_ddr4_infrastructure/rst_async_riu_div_reg/C
  -------------------------------------------------------------------    -------------------
    SLICE_X67Y396        FDRE (Prop_AFF2_SLICEL_C_Q)
                                                      0.040     1.265 r  gqav7_z19p_system_i/pl_ddr4_0/inst/u_ddr4_controller/inst/u_ddr4_infrastructure/rst_async_riu_div_reg/Q
                         net (fo=2, routed)           0.081     1.347    gqav7_z19p_system_i/pl_ddr4_0/inst/u_ddr4_controller/inst/u_ddr4_infrastructure/rst_async_riu_div
    SLICE_X67Y397        FDRE                                         r  gqav7_z19p_system_i/pl_ddr4_0/inst/u_ddr4_controller/inst/u_ddr4_infrastructure/rst_div_sync_r_reg[0]/D
  -------------------------------------------------------------------    -------------------

                         (clock mmcm_clkout0 rise edge)
                                                      0.000     0.000 r  
    H21                                               0.000     0.000 r  PL_CLK0_clk_p (IN)
                         net (fo=0)                   0.100     0.100    gqav7_z19p_system_i/pl_clock_buffer/inst/u_ibufds/I
    HPIOBDIFFINBUF_X0Y179
                         DIFFINBUF (Prop_DIFFINBUF_HPIOBDIFFINBUF_DIFF_IN_P_O)
                                                      0.380     0.480 r  gqav7_z19p_system_i/pl_clock_buffer/inst/u_ibufds/DIFFINBUF_INST/O
                         net (fo=1, routed)           0.050     0.530    gqav7_z19p_system_i/pl_clock_buffer/inst/u_ibufds/OUT
    H21                  IBUFCTRL (Prop_IBUFCTRL_HPIOB_M_I_O)
                                                      0.000     0.530 r  gqav7_z19p_system_i/pl_clock_buffer/inst/u_ibufds/IBUFCTRL_INST/O
                         net (fo=1, routed)           0.181     0.711    gqav7_z19p_system_i/pl_clock_buffer/inst/clk_ibuf
    BUFGCE_X0Y168        BUFGCE (Prop_BUFCE_BUFGCE_I_O)
                                                      0.019     0.730 r  gqav7_z19p_system_i/pl_clock_buffer/inst/clk_ibuf_BUFGCE_inst/O
                         net (fo=20, routed)          0.616     1.346    gqav7_z19p_system_i/pl_ddr4_0/inst/u_ddr4_controller/inst/u_ddr4_infrastructure/mmcm_clk_in
    MMCM_X0Y6            MMCME4_ADV (Prop_MMCM_CLKIN1_CLKOUT0)
                                                     -0.295     1.051 r  gqav7_z19p_system_i/pl_ddr4_0/inst/u_ddr4_controller/inst/u_ddr4_infrastructure/gen_mmcme4.u_mmcme_adv_inst/CLKOUT0
                         net (fo=1, routed)           0.166     1.217    gqav7_z19p_system_i/pl_ddr4_0/inst/u_ddr4_controller/inst/u_ddr4_infrastructure/mmcm_clkout0
    BUFGCE_X0Y150        BUFGCE (Prop_BUFCE_BUFGCE_I_O)
                                                      0.019     1.236 r  gqav7_z19p_system_i/pl_ddr4_0/inst/u_ddr4_controller/inst/u_ddr4_infrastructure/u_bufg_divClk/O
    X2Y5 (CLOCK_ROOT)    net (fo=20545, routed)       1.211     2.448    gqav7_z19p_system_i/pl_ddr4_0/inst/u_ddr4_controller/inst/u_ddr4_infrastructure/u_bufg_divClk_0
    SLICE_X67Y397        FDRE                                         r  gqav7_z19p_system_i/pl_ddr4_0/inst/u_ddr4_controller/inst/u_ddr4_infrastructure/rst_div_sync_r_reg[0]/C





--------------------------------------------------------------------------------------
Path Group:  (none)
From Clock:  clk_dma_300_unbuf
  To Clock:  mmcm_clkout0

Max Delay           714 Endpoints
Min Delay           734 Endpoints
--------------------------------------------------------------------------------------


Max Delay Paths
--------------------------------------------------------------------------------------
Slack:                    inf
  Source:                 gqav7_z19p_system_i/pl_ddr4_0/inst/sys_resetn_sync_reg[1]/C
                            (rising edge-triggered cell FDCE clocked by clk_dma_300_unbuf  {rise@0.000ns fall@1.667ns period=3.333ns})
  Destination:            gqav7_z19p_system_wrapper/gqav7_z19p_system/gqav7_z19p_system_pl_ddr4_0_0/gqav7_z19p_system_pl_ddr4_0_0_gqav5_pl_ddr4_axi_wrapper/ddr_clock_converter/ddr_clock_converter_axi_clock_converter_v2_1_35_axi_clock_converter/<hidden>/<hidden>/<hidden>/<hidden>/<hidden>/<hidden>
                            (recovery check against rising-edge clock mmcm_clkout0  {rise@0.000ns fall@1.667ns period=3.333ns})
  Path Group:             (none)
  Path Type:              Recovery (Max at Slow Process Corner)
  Data Path Delay:        3.493ns  (logic 0.180ns (5.154%)  route 3.313ns (94.846%))
  Logic Levels:           1  (LUT2=1)
  Clock Path Skew:        2.301ns (DCD - SCD + CPR)
    Destination Clock Delay (DCD):    4.297ns
    Source Clock Delay      (SCD):    1.996ns
    Clock Pessimism Removal (CPR):    0.000ns
  Clock Uncertainty:      0.202ns  ((TSJ^2 + DJ^2)^1/2) / 2 + PE
    Total System Jitter     (TSJ):    0.071ns
    Discrete Jitter          (DJ):    0.163ns
    Phase Error              (PE):    0.113ns
  Clock Net Delay (Source):      2.889ns (routing 1.470ns, distribution 1.419ns)
  Clock Net Delay (Destination): 1.706ns (routing 0.648ns, distribution 1.058ns)
  Timing Exception:       False Path

    Location             Delay type                Incr(ns)  Path(ns)    Netlist Resource(s)
  -------------------------------------------------------------------    -------------------
                         (clock clk_dma_300_unbuf rise edge)
                                                      0.000     0.000 r  
    H21                                               0.000     0.000 r  PL_CLK0_clk_p (IN)
                         net (fo=0)                   0.100     0.100    gqav7_z19p_system_i/pl_clock_buffer/inst/u_ibufds/I
    HPIOBDIFFINBUF_X0Y179
                         DIFFINBUF (Prop_DIFFINBUF_HPIOBDIFFINBUF_DIFF_IN_P_O)
                                                      0.523     0.623 r  gqav7_z19p_system_i/pl_clock_buffer/inst/u_ibufds/DIFFINBUF_INST/O
                         net (fo=1, routed)           0.050     0.673    gqav7_z19p_system_i/pl_clock_buffer/inst/u_ibufds/OUT
    H21                  IBUFCTRL (Prop_IBUFCTRL_HPIOB_M_I_O)
                                                      0.000     0.673 r  gqav7_z19p_system_i/pl_clock_buffer/inst/u_ibufds/IBUFCTRL_INST/O
                         net (fo=1, routed)           0.323     0.996    gqav7_z19p_system_i/pl_clock_buffer/inst/clk_ibuf
    BUFGCE_X0Y168        BUFGCE (Prop_BUFCE_BUFGCE_I_O)
                                                      0.028     1.024 r  gqav7_z19p_system_i/pl_clock_buffer/inst/clk_ibuf_BUFGCE_inst/O
                         net (fo=20, routed)          1.008     2.032    gqav7_z19p_system_i/pl_clock_buffer/inst/clk_ibuf_BUFGCE
    MMCM_X0Y8            MMCME4_ADV (Prop_MMCM_CLKIN1_CLKOUT0)
                                                     -3.197    -1.165 r  gqav7_z19p_system_i/pl_clock_buffer/inst/u_mmcm_dma_300m/CLKOUT0
                         net (fo=1, routed)           0.244    -0.921    gqav7_z19p_system_i/pl_clock_buffer/inst/clk_dma_300_unbuf
    BUFGCE_X0Y212        BUFGCE (Prop_BUFCE_BUFGCE_I_O)
                                                      0.028    -0.893 r  gqav7_z19p_system_i/pl_clock_buffer/inst/u_bufg_dma_300m/O
    X1Y4 (CLOCK_ROOT)    net (fo=28685, routed)       2.889     1.996    gqav7_z19p_system_i/pl_ddr4_0/inst/aclk
    SLICE_X40Y404        FDCE                                         r  gqav7_z19p_system_i/pl_ddr4_0/inst/sys_resetn_sync_reg[1]/C
  -------------------------------------------------------------------    -------------------
    SLICE_X40Y404        FDCE (Prop_AFF2_SLICEL_C_Q)
                                                      0.081     2.077 r  gqav7_z19p_system_i/pl_ddr4_0/inst/sys_resetn_sync_reg[1]/Q
                         net (fo=2, routed)           0.133     2.210    gqav7_z19p_system_i/pl_ddr4_0/inst/u_ddr_clock_converter/inst/s_axi_aresetn
    SLICE_X40Y404        LUT2 (Prop_H6LUT_SLICEL_I0_O)
                                                      0.099     2.309 f  gqav7_z19p_system_i/pl_ddr4_0/inst/u_ddr_clock_converter/inst/gen_clock_conv.gen_async_conv.asyncfifo_axi_i_1/O
                         net (fo=20, routed)          3.180     5.489    gqav7_z19p_system_wrapper/gqav7_z19p_system/gqav7_z19p_system_pl_ddr4_0_0/gqav7_z19p_system_pl_ddr4_0_0_gqav5_pl_ddr4_axi_wrapper/ddr_clock_converter/ddr_clock_converter_axi_clock_converter_v2_1_35_axi_clock_converter/<hidden>/<hidden>/<hidden>/<hidden>/<hidden>/<hidden>
    SLICE_X54Y242        FDPE                                         f  gqav7_z19p_system_wrapper/gqav7_z19p_system/gqav7_z19p_system_pl_ddr4_0_0/gqav7_z19p_system_pl_ddr4_0_0_gqav5_pl_ddr4_axi_wrapper/ddr_clock_converter/ddr_clock_converter_axi_clock_converter_v2_1_35_axi_clock_converter/<hidden>/<hidden>/<hidden>/<hidden>/<hidden>/<hidden>
  -------------------------------------------------------------------    -------------------

                         (clock mmcm_clkout0 rise edge)
                                                      0.000     0.000 r  
    H21                                               0.000     0.000 r  PL_CLK0_clk_p (IN)
                         net (fo=0)                   0.079     0.079    gqav7_z19p_system_i/pl_clock_buffer/inst/u_ibufds/I
    HPIOBDIFFINBUF_X0Y179
                         DIFFINBUF (Prop_DIFFINBUF_HPIOBDIFFINBUF_DIFF_IN_P_O)
                                                      0.427     0.506 r  gqav7_z19p_system_i/pl_clock_buffer/inst/u_ibufds/DIFFINBUF_INST/O
                         net (fo=1, routed)           0.040     0.546    gqav7_z19p_system_i/pl_clock_buffer/inst/u_ibufds/OUT
    H21                  IBUFCTRL (Prop_IBUFCTRL_HPIOB_M_I_O)
                                                      0.000     0.546 r  gqav7_z19p_system_i/pl_clock_buffer/inst/u_ibufds/IBUFCTRL_INST/O
                         net (fo=1, routed)           0.286     0.832    gqav7_z19p_system_i/pl_clock_buffer/inst/clk_ibuf
    BUFGCE_X0Y168        BUFGCE (Prop_BUFCE_BUFGCE_I_O)
                                                      0.024     0.856 r  gqav7_z19p_system_i/pl_clock_buffer/inst/clk_ibuf_BUFGCE_inst/O
                         net (fo=20, routed)          0.866     1.722    gqav7_z19p_system_i/pl_ddr4_0/inst/u_ddr4_controller/inst/u_ddr4_infrastructure/mmcm_clk_in
    MMCM_X0Y6            MMCME4_ADV (Prop_MMCM_CLKIN1_CLKOUT0)
                                                      0.630     2.352 r  gqav7_z19p_system_i/pl_ddr4_0/inst/u_ddr4_controller/inst/u_ddr4_infrastructure/gen_mmcme4.u_mmcme_adv_inst/CLKOUT0
                         net (fo=1, routed)           0.215     2.567    gqav7_z19p_system_i/pl_ddr4_0/inst/u_ddr4_controller/inst/u_ddr4_infrastructure/mmcm_clkout0
    BUFGCE_X0Y150        BUFGCE (Prop_BUFCE_BUFGCE_I_O)
                                                      0.024     2.591 r  gqav7_z19p_system_i/pl_ddr4_0/inst/u_ddr4_controller/inst/u_ddr4_infrastructure/u_bufg_divClk/O
    X2Y5 (CLOCK_ROOT)    net (fo=20545, routed)       1.706     4.297    gqav7_z19p_system_wrapper/gqav7_z19p_system/gqav7_z19p_system_pl_ddr4_0_0/gqav7_z19p_system_pl_ddr4_0_0_gqav5_pl_ddr4_axi_wrapper/ddr_clock_converter/ddr_clock_converter_axi_clock_converter_v2_1_35_axi_clock_converter/<hidden>/<hidden>/<hidden>/<hidden>/<hidden>/<hidden>
    SLICE_X54Y242        FDPE                                         r  gqav7_z19p_system_wrapper/gqav7_z19p_system/gqav7_z19p_system_pl_ddr4_0_0/gqav7_z19p_system_pl_ddr4_0_0_gqav5_pl_ddr4_axi_wrapper/ddr_clock_converter/ddr_clock_converter_axi_clock_converter_v2_1_35_axi_clock_converter/<hidden>/<hidden>/<hidden>/<hidden>/<hidden>/<hidden>





Min Delay Paths
--------------------------------------------------------------------------------------
Slack:                    inf
  Source:                 gqav7_z19p_system_wrapper/gqav7_z19p_system/gqav7_z19p_system_pl_ddr4_0_0/gqav7_z19p_system_pl_ddr4_0_0_gqav5_pl_ddr4_axi_wrapper/ddr_clock_converter/ddr_clock_converter_axi_clock_converter_v2_1_35_axi_clock_converter/<hidden>/<hidden>/<hidden>/<hidden>/<hidden>/<hidden>
                            (rising edge-triggered cell FDRE clocked by clk_dma_300_unbuf  {rise@0.000ns fall@1.667ns period=3.333ns})
  Destination:            gqav7_z19p_system_wrapper/gqav7_z19p_system/gqav7_z19p_system_pl_ddr4_0_0/gqav7_z19p_system_pl_ddr4_0_0_gqav5_pl_ddr4_axi_wrapper/ddr_clock_converter/ddr_clock_converter_axi_clock_converter_v2_1_35_axi_clock_converter/<hidden>/<hidden>/<hidden>/<hidden>/<hidden>/<hidden>
                            (rising edge-triggered cell FDRE clocked by mmcm_clkout0  {rise@0.000ns fall@1.667ns period=3.333ns})
  Path Group:             (none)
  Path Type:              Hold (Min at Fast Process Corner)
  Data Path Delay:        0.107ns  (logic 0.039ns (36.449%)  route 0.068ns (63.551%))
  Logic Levels:           0  
  Clock Path Skew:        1.404ns (DCD - SCD - CPR)
    Destination Clock Delay (DCD):    2.519ns
    Source Clock Delay      (SCD):    1.115ns
    Clock Pessimism Removal (CPR):    -0.000ns
  Clock Uncertainty:      0.202ns  ((TSJ^2 + DJ^2)^1/2) / 2 + PE
    Total System Jitter     (TSJ):    0.071ns
    Discrete Jitter          (DJ):    0.163ns
    Phase Error              (PE):    0.113ns
  Clock Net Delay (Source):      1.560ns (routing 0.808ns, distribution 0.752ns)
  Clock Net Delay (Destination): 1.282ns (routing 0.442ns, distribution 0.840ns)
  Timing Exception:       False Path

    Location             Delay type                Incr(ns)  Path(ns)    Netlist Resource(s)
  -------------------------------------------------------------------    -------------------
                         (clock clk_dma_300_unbuf rise edge)
                                                      0.000     0.000 r  
    H21                                               0.000     0.000 r  PL_CLK0_clk_p (IN)
                         net (fo=0)                   0.079     0.079    gqav7_z19p_system_i/pl_clock_buffer/inst/u_ibufds/I
    HPIOBDIFFINBUF_X0Y179
                         DIFFINBUF (Prop_DIFFINBUF_HPIOBDIFFINBUF_DIFF_IN_P_O)
                                                      0.282     0.361 r  gqav7_z19p_system_i/pl_clock_buffer/inst/u_ibufds/DIFFINBUF_INST/O
                         net (fo=1, routed)           0.040     0.401    gqav7_z19p_system_i/pl_clock_buffer/inst/u_ibufds/OUT
    H21                  IBUFCTRL (Prop_IBUFCTRL_HPIOB_M_I_O)
                                                      0.000     0.401 r  gqav7_z19p_system_i/pl_clock_buffer/inst/u_ibufds/IBUFCTRL_INST/O
                         net (fo=1, routed)           0.144     0.545    gqav7_z19p_system_i/pl_clock_buffer/inst/clk_ibuf
    BUFGCE_X0Y168        BUFGCE (Prop_BUFCE_BUFGCE_I_O)
                                                      0.017     0.562 r  gqav7_z19p_system_i/pl_clock_buffer/inst/clk_ibuf_BUFGCE_inst/O
                         net (fo=20, routed)          0.569     1.131    gqav7_z19p_system_i/pl_clock_buffer/inst/clk_ibuf_BUFGCE
    MMCM_X0Y8            MMCME4_ADV (Prop_MMCM_CLKIN1_CLKOUT0)
                                                     -1.738    -0.607 r  gqav7_z19p_system_i/pl_clock_buffer/inst/u_mmcm_dma_300m/CLKOUT0
                         net (fo=1, routed)           0.145    -0.462    gqav7_z19p_system_i/pl_clock_buffer/inst/clk_dma_300_unbuf
    BUFGCE_X0Y212        BUFGCE (Prop_BUFCE_BUFGCE_I_O)
                                                      0.017    -0.445 r  gqav7_z19p_system_i/pl_clock_buffer/inst/u_bufg_dma_300m/O
    X1Y4 (CLOCK_ROOT)    net (fo=28685, routed)       1.560     1.115    gqav7_z19p_system_wrapper/gqav7_z19p_system/gqav7_z19p_system_pl_ddr4_0_0/gqav7_z19p_system_pl_ddr4_0_0_gqav5_pl_ddr4_axi_wrapper/ddr_clock_converter/ddr_clock_converter_axi_clock_converter_v2_1_35_axi_clock_converter/<hidden>/<hidden>/<hidden>/<hidden>/<hidden>/<hidden>
    SLICE_X39Y240        FDRE                                         r  gqav7_z19p_system_wrapper/gqav7_z19p_system/gqav7_z19p_system_pl_ddr4_0_0/gqav7_z19p_system_pl_ddr4_0_0_gqav5_pl_ddr4_axi_wrapper/ddr_clock_converter/ddr_clock_converter_axi_clock_converter_v2_1_35_axi_clock_converter/<hidden>/<hidden>/<hidden>/<hidden>/<hidden>/<hidden>
  -------------------------------------------------------------------    -------------------
    SLICE_X39Y240        FDRE (Prop_HFF2_SLICEM_C_Q)
                                                      0.039     1.154 r  gqav7_z19p_system_wrapper/gqav7_z19p_system/gqav7_z19p_system_pl_ddr4_0_0/gqav7_z19p_system_pl_ddr4_0_0_gqav5_pl_ddr4_axi_wrapper/ddr_clock_converter/ddr_clock_converter_axi_clock_converter_v2_1_35_axi_clock_converter/<hidden>/<hidden>/<hidden>/<hidden>/<hidden>/<hidden>
                         net (fo=1, routed)           0.068     1.222    gqav7_z19p_system_wrapper/gqav7_z19p_system/gqav7_z19p_system_pl_ddr4_0_0/gqav7_z19p_system_pl_ddr4_0_0_gqav5_pl_ddr4_axi_wrapper/ddr_clock_converter/ddr_clock_converter_axi_clock_converter_v2_1_35_axi_clock_converter/<hidden>/<hidden>/<hidden>/<hidden>/<hidden>/<hidden>
    SLICE_X39Y241        FDRE                                         r  gqav7_z19p_system_wrapper/gqav7_z19p_system/gqav7_z19p_system_pl_ddr4_0_0/gqav7_z19p_system_pl_ddr4_0_0_gqav5_pl_ddr4_axi_wrapper/ddr_clock_converter/ddr_clock_converter_axi_clock_converter_v2_1_35_axi_clock_converter/<hidden>/<hidden>/<hidden>/<hidden>/<hidden>/<hidden>
  -------------------------------------------------------------------    -------------------

                         (clock mmcm_clkout0 rise edge)
                                                      0.000     0.000 r  
    H21                                               0.000     0.000 r  PL_CLK0_clk_p (IN)
                         net (fo=0)                   0.100     0.100    gqav7_z19p_system_i/pl_clock_buffer/inst/u_ibufds/I
    HPIOBDIFFINBUF_X0Y179
                         DIFFINBUF (Prop_DIFFINBUF_HPIOBDIFFINBUF_DIFF_IN_P_O)
                                                      0.380     0.480 r  gqav7_z19p_system_i/pl_clock_buffer/inst/u_ibufds/DIFFINBUF_INST/O
                         net (fo=1, routed)           0.050     0.530    gqav7_z19p_system_i/pl_clock_buffer/inst/u_ibufds/OUT
    H21                  IBUFCTRL (Prop_IBUFCTRL_HPIOB_M_I_O)
                                                      0.000     0.530 r  gqav7_z19p_system_i/pl_clock_buffer/inst/u_ibufds/IBUFCTRL_INST/O
                         net (fo=1, routed)           0.181     0.711    gqav7_z19p_system_i/pl_clock_buffer/inst/clk_ibuf
    BUFGCE_X0Y168        BUFGCE (Prop_BUFCE_BUFGCE_I_O)
                                                      0.019     0.730 r  gqav7_z19p_system_i/pl_clock_buffer/inst/clk_ibuf_BUFGCE_inst/O
                         net (fo=20, routed)          0.616     1.346    gqav7_z19p_system_i/pl_ddr4_0/inst/u_ddr4_controller/inst/u_ddr4_infrastructure/mmcm_clk_in
    MMCM_X0Y6            MMCME4_ADV (Prop_MMCM_CLKIN1_CLKOUT0)
                                                     -0.295     1.051 r  gqav7_z19p_system_i/pl_ddr4_0/inst/u_ddr4_controller/inst/u_ddr4_infrastructure/gen_mmcme4.u_mmcme_adv_inst/CLKOUT0
                         net (fo=1, routed)           0.166     1.217    gqav7_z19p_system_i/pl_ddr4_0/inst/u_ddr4_controller/inst/u_ddr4_infrastructure/mmcm_clkout0
    BUFGCE_X0Y150        BUFGCE (Prop_BUFCE_BUFGCE_I_O)
                                                      0.019     1.236 r  gqav7_z19p_system_i/pl_ddr4_0/inst/u_ddr4_controller/inst/u_ddr4_infrastructure/u_bufg_divClk/O
    X2Y5 (CLOCK_ROOT)    net (fo=20545, routed)       1.282     2.519    gqav7_z19p_system_wrapper/gqav7_z19p_system/gqav7_z19p_system_pl_ddr4_0_0/gqav7_z19p_system_pl_ddr4_0_0_gqav5_pl_ddr4_axi_wrapper/ddr_clock_converter/ddr_clock_converter_axi_clock_converter_v2_1_35_axi_clock_converter/<hidden>/<hidden>/<hidden>/<hidden>/<hidden>/<hidden>
    SLICE_X39Y241        FDRE                                         r  gqav7_z19p_system_wrapper/gqav7_z19p_system/gqav7_z19p_system_pl_ddr4_0_0/gqav7_z19p_system_pl_ddr4_0_0_gqav5_pl_ddr4_axi_wrapper/ddr_clock_converter/ddr_clock_converter_axi_clock_converter_v2_1_35_axi_clock_converter/<hidden>/<hidden>/<hidden>/<hidden>/<hidden>/<hidden>





--------------------------------------------------------------------------------------
Path Group:  (none)
From Clock:  mmcm_clkout0
  To Clock:  mmcm_clkout0

Max Delay            10 Endpoints
Min Delay            10 Endpoints
--------------------------------------------------------------------------------------


Max Delay Paths
--------------------------------------------------------------------------------------
Slack:                    inf
  Source:                 gqav7_z19p_system_i/pl_ddr4_0/inst/c0_ddr4_aresetn_reg/C
                            (rising edge-triggered cell FDCE clocked by mmcm_clkout0  {rise@0.000ns fall@1.667ns period=3.333ns})
  Destination:            gqav7_z19p_system_wrapper/gqav7_z19p_system/gqav7_z19p_system_pl_ddr4_0_0/gqav7_z19p_system_pl_ddr4_0_0_gqav5_pl_ddr4_axi_wrapper/ddr_clock_converter/ddr_clock_converter_axi_clock_converter_v2_1_35_axi_clock_converter/<hidden>/<hidden>/<hidden>/<hidden>/<hidden>/<hidden>
                            (recovery check against rising-edge clock mmcm_clkout0  {rise@0.000ns fall@1.667ns period=3.333ns})
  Path Group:             (none)
  Path Type:              Recovery (Max at Slow Process Corner)
  Data Path Delay:        3.632ns  (logic 0.132ns (3.635%)  route 3.500ns (96.365%))
  Logic Levels:           1  (LUT2=1)
  Clock Path Skew:        0.178ns (DCD - SCD + CPR)
    Destination Clock Delay (DCD):    4.297ns
    Source Clock Delay      (SCD):    4.119ns
    Clock Pessimism Removal (CPR):    0.000ns
  Clock Uncertainty:      0.052ns  ((TSJ^2 + DJ^2)^1/2) / 2 + PE
    Total System Jitter     (TSJ):    0.071ns
    Discrete Jitter          (DJ):    0.077ns
    Phase Error              (PE):    0.000ns
  Clock Net Delay (Source):      1.968ns (routing 0.714ns, distribution 1.254ns)
  Clock Net Delay (Destination): 1.706ns (routing 0.648ns, distribution 1.058ns)
  Timing Exception:       False Path

    Location             Delay type                Incr(ns)  Path(ns)    Netlist Resource(s)
  -------------------------------------------------------------------    -------------------
                         (clock mmcm_clkout0 rise edge)
                                                      0.000     0.000 r  
    H21                                               0.000     0.000 r  PL_CLK0_clk_p (IN)
                         net (fo=0)                   0.100     0.100    gqav7_z19p_system_i/pl_clock_buffer/inst/u_ibufds/I
    HPIOBDIFFINBUF_X0Y179
                         DIFFINBUF (Prop_DIFFINBUF_HPIOBDIFFINBUF_DIFF_IN_P_O)
                                                      0.523     0.623 r  gqav7_z19p_system_i/pl_clock_buffer/inst/u_ibufds/DIFFINBUF_INST/O
                         net (fo=1, routed)           0.050     0.673    gqav7_z19p_system_i/pl_clock_buffer/inst/u_ibufds/OUT
    H21                  IBUFCTRL (Prop_IBUFCTRL_HPIOB_M_I_O)
                                                      0.000     0.673 r  gqav7_z19p_system_i/pl_clock_buffer/inst/u_ibufds/IBUFCTRL_INST/O
                         net (fo=1, routed)           0.323     0.996    gqav7_z19p_system_i/pl_clock_buffer/inst/clk_ibuf
    BUFGCE_X0Y168        BUFGCE (Prop_BUFCE_BUFGCE_I_O)
                                                      0.028     1.024 r  gqav7_z19p_system_i/pl_clock_buffer/inst/clk_ibuf_BUFGCE_inst/O
                         net (fo=20, routed)          0.981     2.005    gqav7_z19p_system_i/pl_ddr4_0/inst/u_ddr4_controller/inst/u_ddr4_infrastructure/mmcm_clk_in
    MMCM_X0Y6            MMCME4_ADV (Prop_MMCM_CLKIN1_CLKOUT0)
                                                     -0.127     1.878 r  gqav7_z19p_system_i/pl_ddr4_0/inst/u_ddr4_controller/inst/u_ddr4_infrastructure/gen_mmcme4.u_mmcme_adv_inst/CLKOUT0
                         net (fo=1, routed)           0.245     2.123    gqav7_z19p_system_i/pl_ddr4_0/inst/u_ddr4_controller/inst/u_ddr4_infrastructure/mmcm_clkout0
    BUFGCE_X0Y150        BUFGCE (Prop_BUFCE_BUFGCE_I_O)
                                                      0.028     2.151 r  gqav7_z19p_system_i/pl_ddr4_0/inst/u_ddr4_controller/inst/u_ddr4_infrastructure/u_bufg_divClk/O
    X2Y5 (CLOCK_ROOT)    net (fo=20545, routed)       1.968     4.119    gqav7_z19p_system_i/pl_ddr4_0/inst/c0_ddr4_ui_clk
    SLICE_X41Y404        FDCE                                         r  gqav7_z19p_system_i/pl_ddr4_0/inst/c0_ddr4_aresetn_reg/C
  -------------------------------------------------------------------    -------------------
    SLICE_X41Y404        FDCE (Prop_DFF2_SLICEL_C_Q)
                                                      0.081     4.200 r  gqav7_z19p_system_i/pl_ddr4_0/inst/c0_ddr4_aresetn_reg/Q
                         net (fo=3, routed)           0.320     4.520    gqav7_z19p_system_i/pl_ddr4_0/inst/u_ddr_clock_converter/inst/m_axi_aresetn
    SLICE_X40Y404        LUT2 (Prop_H6LUT_SLICEL_I1_O)
                                                      0.051     4.571 f  gqav7_z19p_system_i/pl_ddr4_0/inst/u_ddr_clock_converter/inst/gen_clock_conv.gen_async_conv.asyncfifo_axi_i_1/O
                         net (fo=20, routed)          3.180     7.751    gqav7_z19p_system_wrapper/gqav7_z19p_system/gqav7_z19p_system_pl_ddr4_0_0/gqav7_z19p_system_pl_ddr4_0_0_gqav5_pl_ddr4_axi_wrapper/ddr_clock_converter/ddr_clock_converter_axi_clock_converter_v2_1_35_axi_clock_converter/<hidden>/<hidden>/<hidden>/<hidden>/<hidden>/<hidden>
    SLICE_X54Y242        FDPE                                         f  gqav7_z19p_system_wrapper/gqav7_z19p_system/gqav7_z19p_system_pl_ddr4_0_0/gqav7_z19p_system_pl_ddr4_0_0_gqav5_pl_ddr4_axi_wrapper/ddr_clock_converter/ddr_clock_converter_axi_clock_converter_v2_1_35_axi_clock_converter/<hidden>/<hidden>/<hidden>/<hidden>/<hidden>/<hidden>
  -------------------------------------------------------------------    -------------------

                         (clock mmcm_clkout0 rise edge)
                                                      0.000     0.000 r  
    H21                                               0.000     0.000 r  PL_CLK0_clk_p (IN)
                         net (fo=0)                   0.079     0.079    gqav7_z19p_system_i/pl_clock_buffer/inst/u_ibufds/I
    HPIOBDIFFINBUF_X0Y179
                         DIFFINBUF (Prop_DIFFINBUF_HPIOBDIFFINBUF_DIFF_IN_P_O)
                                                      0.427     0.506 r  gqav7_z19p_system_i/pl_clock_buffer/inst/u_ibufds/DIFFINBUF_INST/O
                         net (fo=1, routed)           0.040     0.546    gqav7_z19p_system_i/pl_clock_buffer/inst/u_ibufds/OUT
    H21                  IBUFCTRL (Prop_IBUFCTRL_HPIOB_M_I_O)
                                                      0.000     0.546 r  gqav7_z19p_system_i/pl_clock_buffer/inst/u_ibufds/IBUFCTRL_INST/O
                         net (fo=1, routed)           0.286     0.832    gqav7_z19p_system_i/pl_clock_buffer/inst/clk_ibuf
    BUFGCE_X0Y168        BUFGCE (Prop_BUFCE_BUFGCE_I_O)
                                                      0.024     0.856 r  gqav7_z19p_system_i/pl_clock_buffer/inst/clk_ibuf_BUFGCE_inst/O
                         net (fo=20, routed)          0.866     1.722    gqav7_z19p_system_i/pl_ddr4_0/inst/u_ddr4_controller/inst/u_ddr4_infrastructure/mmcm_clk_in
    MMCM_X0Y6            MMCME4_ADV (Prop_MMCM_CLKIN1_CLKOUT0)
                                                      0.630     2.352 r  gqav7_z19p_system_i/pl_ddr4_0/inst/u_ddr4_controller/inst/u_ddr4_infrastructure/gen_mmcme4.u_mmcme_adv_inst/CLKOUT0
                         net (fo=1, routed)           0.215     2.567    gqav7_z19p_system_i/pl_ddr4_0/inst/u_ddr4_controller/inst/u_ddr4_infrastructure/mmcm_clkout0
    BUFGCE_X0Y150        BUFGCE (Prop_BUFCE_BUFGCE_I_O)
                                                      0.024     2.591 r  gqav7_z19p_system_i/pl_ddr4_0/inst/u_ddr4_controller/inst/u_ddr4_infrastructure/u_bufg_divClk/O
    X2Y5 (CLOCK_ROOT)    net (fo=20545, routed)       1.706     4.297    gqav7_z19p_system_wrapper/gqav7_z19p_system/gqav7_z19p_system_pl_ddr4_0_0/gqav7_z19p_system_pl_ddr4_0_0_gqav5_pl_ddr4_axi_wrapper/ddr_clock_converter/ddr_clock_converter_axi_clock_converter_v2_1_35_axi_clock_converter/<hidden>/<hidden>/<hidden>/<hidden>/<hidden>/<hidden>
    SLICE_X54Y242        FDPE                                         r  gqav7_z19p_system_wrapper/gqav7_z19p_system/gqav7_z19p_system_pl_ddr4_0_0/gqav7_z19p_system_pl_ddr4_0_0_gqav5_pl_ddr4_axi_wrapper/ddr_clock_converter/ddr_clock_converter_axi_clock_converter_v2_1_35_axi_clock_converter/<hidden>/<hidden>/<hidden>/<hidden>/<hidden>/<hidden>





Min Delay Paths
--------------------------------------------------------------------------------------
Slack:                    inf
  Source:                 gqav7_z19p_system_i/pl_ddr4_0/inst/c0_ddr4_aresetn_reg/C
                            (rising edge-triggered cell FDCE clocked by mmcm_clkout0  {rise@0.000ns fall@1.667ns period=3.333ns})
  Destination:            gqav7_z19p_system_wrapper/gqav7_z19p_system/gqav7_z19p_system_pl_ddr4_0_0/gqav7_z19p_system_pl_ddr4_0_0_gqav5_pl_ddr4_axi_wrapper/ddr_clock_converter/ddr_clock_converter_axi_clock_converter_v2_1_35_axi_clock_converter/<hidden>/<hidden>/<hidden>/<hidden>/<hidden>/<hidden>
                            (removal check against rising-edge clock mmcm_clkout0  {rise@0.000ns fall@1.667ns period=3.333ns})
  Path Group:             (none)
  Path Type:              Removal (Min at Fast Process Corner)
  Data Path Delay:        0.643ns  (logic 0.064ns (9.952%)  route 0.579ns (90.048%))
  Logic Levels:           1  (LUT2=1)
  Clock Path Skew:        -0.045ns (DCD - SCD - CPR)
    Destination Clock Delay (DCD):    2.533ns
    Source Clock Delay      (SCD):    2.578ns
    Clock Pessimism Removal (CPR):    -0.000ns
  Clock Uncertainty:      0.052ns  ((TSJ^2 + DJ^2)^1/2) / 2 + PE
    Total System Jitter     (TSJ):    0.071ns
    Discrete Jitter          (DJ):    0.077ns
    Phase Error              (PE):    0.000ns
  Clock Net Delay (Source):      1.077ns (routing 0.394ns, distribution 0.683ns)
  Clock Net Delay (Destination): 1.296ns (routing 0.442ns, distribution 0.854ns)
  Timing Exception:       False Path

    Location             Delay type                Incr(ns)  Path(ns)    Netlist Resource(s)
  -------------------------------------------------------------------    -------------------
                         (clock mmcm_clkout0 rise edge)
                                                      0.000     0.000 r  
    H21                                               0.000     0.000 r  PL_CLK0_clk_p (IN)
                         net (fo=0)                   0.079     0.079    gqav7_z19p_system_i/pl_clock_buffer/inst/u_ibufds/I
    HPIOBDIFFINBUF_X0Y179
                         DIFFINBUF (Prop_DIFFINBUF_HPIOBDIFFINBUF_DIFF_IN_P_O)
                                                      0.282     0.361 r  gqav7_z19p_system_i/pl_clock_buffer/inst/u_ibufds/DIFFINBUF_INST/O
                         net (fo=1, routed)           0.040     0.401    gqav7_z19p_system_i/pl_clock_buffer/inst/u_ibufds/OUT
    H21                  IBUFCTRL (Prop_IBUFCTRL_HPIOB_M_I_O)
                                                      0.000     0.401 r  gqav7_z19p_system_i/pl_clock_buffer/inst/u_ibufds/IBUFCTRL_INST/O
                         net (fo=1, routed)           0.144     0.545    gqav7_z19p_system_i/pl_clock_buffer/inst/clk_ibuf
    BUFGCE_X0Y168        BUFGCE (Prop_BUFCE_BUFGCE_I_O)
                                                      0.017     0.562 r  gqav7_z19p_system_i/pl_clock_buffer/inst/clk_ibuf_BUFGCE_inst/O
                         net (fo=20, routed)          0.546     1.108    gqav7_z19p_system_i/pl_ddr4_0/inst/u_ddr4_controller/inst/u_ddr4_infrastructure/mmcm_clk_in
    MMCM_X0Y6            MMCME4_ADV (Prop_MMCM_CLKIN1_CLKOUT0)
                                                      0.230     1.338 r  gqav7_z19p_system_i/pl_ddr4_0/inst/u_ddr4_controller/inst/u_ddr4_infrastructure/gen_mmcme4.u_mmcme_adv_inst/CLKOUT0
                         net (fo=1, routed)           0.146     1.484    gqav7_z19p_system_i/pl_ddr4_0/inst/u_ddr4_controller/inst/u_ddr4_infrastructure/mmcm_clkout0
    BUFGCE_X0Y150        BUFGCE (Prop_BUFCE_BUFGCE_I_O)
                                                      0.017     1.501 r  gqav7_z19p_system_i/pl_ddr4_0/inst/u_ddr4_controller/inst/u_ddr4_infrastructure/u_bufg_divClk/O
    X2Y5 (CLOCK_ROOT)    net (fo=20545, routed)       1.077     2.578    gqav7_z19p_system_i/pl_ddr4_0/inst/c0_ddr4_ui_clk
    SLICE_X41Y404        FDCE                                         r  gqav7_z19p_system_i/pl_ddr4_0/inst/c0_ddr4_aresetn_reg/C
  -------------------------------------------------------------------    -------------------
    SLICE_X41Y404        FDCE (Prop_DFF2_SLICEL_C_Q)
                                                      0.041     2.619 r  gqav7_z19p_system_i/pl_ddr4_0/inst/c0_ddr4_aresetn_reg/Q
                         net (fo=3, routed)           0.166     2.784    gqav7_z19p_system_i/pl_ddr4_0/inst/u_ddr_clock_converter/inst/m_axi_aresetn
    SLICE_X40Y404        LUT2 (Prop_H6LUT_SLICEL_I1_O)
                                                      0.023     2.807 f  gqav7_z19p_system_i/pl_ddr4_0/inst/u_ddr_clock_converter/inst/gen_clock_conv.gen_async_conv.asyncfifo_axi_i_1/O
                         net (fo=20, routed)          0.413     3.221    gqav7_z19p_system_wrapper/gqav7_z19p_system/gqav7_z19p_system_pl_ddr4_0_0/gqav7_z19p_system_pl_ddr4_0_0_gqav5_pl_ddr4_axi_wrapper/ddr_clock_converter/ddr_clock_converter_axi_clock_converter_v2_1_35_axi_clock_converter/<hidden>/<hidden>/<hidden>/<hidden>/<hidden>/<hidden>
    SLICE_X30Y393        FDPE                                         f  gqav7_z19p_system_wrapper/gqav7_z19p_system/gqav7_z19p_system_pl_ddr4_0_0/gqav7_z19p_system_pl_ddr4_0_0_gqav5_pl_ddr4_axi_wrapper/ddr_clock_converter/ddr_clock_converter_axi_clock_converter_v2_1_35_axi_clock_converter/<hidden>/<hidden>/<hidden>/<hidden>/<hidden>/<hidden>
  -------------------------------------------------------------------    -------------------

                         (clock mmcm_clkout0 rise edge)
                                                      0.000     0.000 r  
    H21                                               0.000     0.000 r  PL_CLK0_clk_p (IN)
                         net (fo=0)                   0.100     0.100    gqav7_z19p_system_i/pl_clock_buffer/inst/u_ibufds/I
    HPIOBDIFFINBUF_X0Y179
                         DIFFINBUF (Prop_DIFFINBUF_HPIOBDIFFINBUF_DIFF_IN_P_O)
                                                      0.380     0.480 r  gqav7_z19p_system_i/pl_clock_buffer/inst/u_ibufds/DIFFINBUF_INST/O
                         net (fo=1, routed)           0.050     0.530    gqav7_z19p_system_i/pl_clock_buffer/inst/u_ibufds/OUT
    H21                  IBUFCTRL (Prop_IBUFCTRL_HPIOB_M_I_O)
                                                      0.000     0.530 r  gqav7_z19p_system_i/pl_clock_buffer/inst/u_ibufds/IBUFCTRL_INST/O
                         net (fo=1, routed)           0.181     0.711    gqav7_z19p_system_i/pl_clock_buffer/inst/clk_ibuf
    BUFGCE_X0Y168        BUFGCE (Prop_BUFCE_BUFGCE_I_O)
                                                      0.019     0.730 r  gqav7_z19p_system_i/pl_clock_buffer/inst/clk_ibuf_BUFGCE_inst/O
                         net (fo=20, routed)          0.616     1.346    gqav7_z19p_system_i/pl_ddr4_0/inst/u_ddr4_controller/inst/u_ddr4_infrastructure/mmcm_clk_in
    MMCM_X0Y6            MMCME4_ADV (Prop_MMCM_CLKIN1_CLKOUT0)
                                                     -0.295     1.051 r  gqav7_z19p_system_i/pl_ddr4_0/inst/u_ddr4_controller/inst/u_ddr4_infrastructure/gen_mmcme4.u_mmcme_adv_inst/CLKOUT0
                         net (fo=1, routed)           0.166     1.217    gqav7_z19p_system_i/pl_ddr4_0/inst/u_ddr4_controller/inst/u_ddr4_infrastructure/mmcm_clkout0
    BUFGCE_X0Y150        BUFGCE (Prop_BUFCE_BUFGCE_I_O)
                                                      0.019     1.236 r  gqav7_z19p_system_i/pl_ddr4_0/inst/u_ddr4_controller/inst/u_ddr4_infrastructure/u_bufg_divClk/O
    X2Y5 (CLOCK_ROOT)    net (fo=20545, routed)       1.296     2.533    gqav7_z19p_system_wrapper/gqav7_z19p_system/gqav7_z19p_system_pl_ddr4_0_0/gqav7_z19p_system_pl_ddr4_0_0_gqav5_pl_ddr4_axi_wrapper/ddr_clock_converter/ddr_clock_converter_axi_clock_converter_v2_1_35_axi_clock_converter/<hidden>/<hidden>/<hidden>/<hidden>/<hidden>/<hidden>
    SLICE_X30Y393        FDPE                                         r  gqav7_z19p_system_wrapper/gqav7_z19p_system/gqav7_z19p_system_pl_ddr4_0_0/gqav7_z19p_system_pl_ddr4_0_0_gqav5_pl_ddr4_axi_wrapper/ddr_clock_converter/ddr_clock_converter_axi_clock_converter_v2_1_35_axi_clock_converter/<hidden>/<hidden>/<hidden>/<hidden>/<hidden>/<hidden>





--------------------------------------------------------------------------------------
Path Group:  (none)
From Clock:  mmcm_clkout5
  To Clock:  mmcm_clkout0

Max Delay             0 Endpoints
Min Delay            28 Endpoints
--------------------------------------------------------------------------------------


Min Delay Paths
--------------------------------------------------------------------------------------
Slack:                    inf
  Source:                 gqav7_z19p_system_i/pl_ddr4_0/inst/u_ddr4_controller/inst/u_ddr4_mem_intfc/u_ddr_cal_top/u_ddr_cal/u_xsdb_arbiter/slave_di_r_reg[0]/C
                            (rising edge-triggered cell FDRE clocked by mmcm_clkout5  {rise@0.000ns fall@6.667ns period=13.333ns})
  Destination:            gqav7_z19p_system_i/pl_ddr4_0/inst/u_ddr4_controller/inst/u_ddr4_mem_intfc/u_ddr_cal_top/u_ddr_cal/u_xsdb_arbiter/u_slave_di_sync/SYNC[0].sync_reg_reg[0]/D
                            (rising edge-triggered cell FDRE clocked by mmcm_clkout0  {rise@0.000ns fall@1.667ns period=3.333ns})
  Path Group:             (none)
  Path Type:              Hold (Min at Fast Process Corner)
  Data Path Delay:        0.096ns  (logic 0.040ns (41.667%)  route 0.056ns (58.333%))
  Logic Levels:           0  
  Clock Path Skew:        0.502ns (DCD - SCD - CPR)
    Destination Clock Delay (DCD):    2.444ns
    Source Clock Delay      (SCD):    1.941ns
    Clock Pessimism Removal (CPR):    -0.000ns
  Clock Uncertainty:      0.181ns  ((TSJ^2 + DJ^2)^1/2) / 2 + PE
    Total System Jitter     (TSJ):    0.071ns
    Discrete Jitter          (DJ):    0.100ns
    Phase Error              (PE):    0.120ns
  Clock Net Delay (Source):      0.446ns (routing 0.000ns, distribution 0.446ns)
  Clock Net Delay (Destination): 1.207ns (routing 0.442ns, distribution 0.765ns)
  Timing Exception:       False Path

    Location             Delay type                Incr(ns)  Path(ns)    Netlist Resource(s)
  -------------------------------------------------------------------    -------------------
                         (clock mmcm_clkout5 rise edge)
                                                      0.000     0.000 r  
    H21                                               0.000     0.000 r  PL_CLK0_clk_p (IN)
                         net (fo=0)                   0.079     0.079    gqav7_z19p_system_i/pl_clock_buffer/inst/u_ibufds/I
    HPIOBDIFFINBUF_X0Y179
                         DIFFINBUF (Prop_DIFFINBUF_HPIOBDIFFINBUF_DIFF_IN_P_O)
                                                      0.282     0.361 r  gqav7_z19p_system_i/pl_clock_buffer/inst/u_ibufds/DIFFINBUF_INST/O
                         net (fo=1, routed)           0.040     0.401    gqav7_z19p_system_i/pl_clock_buffer/inst/u_ibufds/OUT
    H21                  IBUFCTRL (Prop_IBUFCTRL_HPIOB_M_I_O)
                                                      0.000     0.401 r  gqav7_z19p_system_i/pl_clock_buffer/inst/u_ibufds/IBUFCTRL_INST/O
                         net (fo=1, routed)           0.144     0.545    gqav7_z19p_system_i/pl_clock_buffer/inst/clk_ibuf
    BUFGCE_X0Y168        BUFGCE (Prop_BUFCE_BUFGCE_I_O)
                                                      0.017     0.562 r  gqav7_z19p_system_i/pl_clock_buffer/inst/clk_ibuf_BUFGCE_inst/O
                         net (fo=20, routed)          0.546     1.108    gqav7_z19p_system_i/pl_ddr4_0/inst/u_ddr4_controller/inst/u_ddr4_infrastructure/mmcm_clk_in
    MMCM_X0Y6            MMCME4_ADV (Prop_MMCM_CLKIN1_CLKOUT5)
                                                      0.230     1.338 r  gqav7_z19p_system_i/pl_ddr4_0/inst/u_ddr4_controller/inst/u_ddr4_infrastructure/gen_mmcme4.u_mmcme_adv_inst/CLKOUT5
                         net (fo=1, routed)           0.140     1.478    gqav7_z19p_system_i/pl_ddr4_0/inst/u_ddr4_controller/inst/u_ddr4_infrastructure/mmcm_clkout5
    BUFGCE_X0Y161        BUFGCE (Prop_BUFCE_BUFGCE_I_O)
                                                      0.017     1.495 r  gqav7_z19p_system_i/pl_ddr4_0/inst/u_ddr4_controller/inst/u_ddr4_infrastructure/u_bufg_dbg_clk/O
    X2Y6 (CLOCK_ROOT)    net (fo=568, routed)         0.446     1.941    gqav7_z19p_system_i/pl_ddr4_0/inst/u_ddr4_controller/inst/u_ddr4_mem_intfc/u_ddr_cal_top/u_ddr_cal/u_xsdb_arbiter/CLK
    SLICE_X74Y395        FDRE                                         r  gqav7_z19p_system_i/pl_ddr4_0/inst/u_ddr4_controller/inst/u_ddr4_mem_intfc/u_ddr_cal_top/u_ddr_cal/u_xsdb_arbiter/slave_di_r_reg[0]/C
  -------------------------------------------------------------------    -------------------
    SLICE_X74Y395        FDRE (Prop_GFF2_SLICEL_C_Q)
                                                      0.040     1.981 r  gqav7_z19p_system_i/pl_ddr4_0/inst/u_ddr4_controller/inst/u_ddr4_mem_intfc/u_ddr_cal_top/u_ddr_cal/u_xsdb_arbiter/slave_di_r_reg[0]/Q
                         net (fo=1, routed)           0.056     2.037    gqav7_z19p_system_i/pl_ddr4_0/inst/u_ddr4_controller/inst/u_ddr4_mem_intfc/u_ddr_cal_top/u_ddr_cal/u_xsdb_arbiter/u_slave_di_sync/out[0]
    SLICE_X74Y394        FDRE                                         r  gqav7_z19p_system_i/pl_ddr4_0/inst/u_ddr4_controller/inst/u_ddr4_mem_intfc/u_ddr_cal_top/u_ddr_cal/u_xsdb_arbiter/u_slave_di_sync/SYNC[0].sync_reg_reg[0]/D
  -------------------------------------------------------------------    -------------------

                         (clock mmcm_clkout0 rise edge)
                                                      0.000     0.000 r  
    H21                                               0.000     0.000 r  PL_CLK0_clk_p (IN)
                         net (fo=0)                   0.100     0.100    gqav7_z19p_system_i/pl_clock_buffer/inst/u_ibufds/I
    HPIOBDIFFINBUF_X0Y179
                         DIFFINBUF (Prop_DIFFINBUF_HPIOBDIFFINBUF_DIFF_IN_P_O)
                                                      0.380     0.480 r  gqav7_z19p_system_i/pl_clock_buffer/inst/u_ibufds/DIFFINBUF_INST/O
                         net (fo=1, routed)           0.050     0.530    gqav7_z19p_system_i/pl_clock_buffer/inst/u_ibufds/OUT
    H21                  IBUFCTRL (Prop_IBUFCTRL_HPIOB_M_I_O)
                                                      0.000     0.530 r  gqav7_z19p_system_i/pl_clock_buffer/inst/u_ibufds/IBUFCTRL_INST/O
                         net (fo=1, routed)           0.181     0.711    gqav7_z19p_system_i/pl_clock_buffer/inst/clk_ibuf
    BUFGCE_X0Y168        BUFGCE (Prop_BUFCE_BUFGCE_I_O)
                                                      0.019     0.730 r  gqav7_z19p_system_i/pl_clock_buffer/inst/clk_ibuf_BUFGCE_inst/O
                         net (fo=20, routed)          0.616     1.346    gqav7_z19p_system_i/pl_ddr4_0/inst/u_ddr4_controller/inst/u_ddr4_infrastructure/mmcm_clk_in
    MMCM_X0Y6            MMCME4_ADV (Prop_MMCM_CLKIN1_CLKOUT0)
                                                     -0.295     1.051 r  gqav7_z19p_system_i/pl_ddr4_0/inst/u_ddr4_controller/inst/u_ddr4_infrastructure/gen_mmcme4.u_mmcme_adv_inst/CLKOUT0
                         net (fo=1, routed)           0.166     1.217    gqav7_z19p_system_i/pl_ddr4_0/inst/u_ddr4_controller/inst/u_ddr4_infrastructure/mmcm_clkout0
    BUFGCE_X0Y150        BUFGCE (Prop_BUFCE_BUFGCE_I_O)
                                                      0.019     1.236 r  gqav7_z19p_system_i/pl_ddr4_0/inst/u_ddr4_controller/inst/u_ddr4_infrastructure/u_bufg_divClk/O
    X2Y5 (CLOCK_ROOT)    net (fo=20545, routed)       1.207     2.444    gqav7_z19p_system_i/pl_ddr4_0/inst/u_ddr4_controller/inst/u_ddr4_mem_intfc/u_ddr_cal_top/u_ddr_cal/u_xsdb_arbiter/u_slave_di_sync/SYNC[8].sync_reg_reg[1]_0
    SLICE_X74Y394        FDRE                                         r  gqav7_z19p_system_i/pl_ddr4_0/inst/u_ddr4_controller/inst/u_ddr4_mem_intfc/u_ddr_cal_top/u_ddr_cal/u_xsdb_arbiter/u_slave_di_sync/SYNC[0].sync_reg_reg[0]/C





--------------------------------------------------------------------------------------
Path Group:  (none)
From Clock:  mmcm_clkout6
  To Clock:  mmcm_clkout0

Max Delay             0 Endpoints
Min Delay           129 Endpoints
--------------------------------------------------------------------------------------


Min Delay Paths
--------------------------------------------------------------------------------------
Slack:                    inf
  Source:                 gqav7_z19p_system_i/pl_ddr4_0/inst/u_ddr4_controller/inst/u_ddr4_mem_intfc/u_mig_ddr4_phy/inst/phy2clb_phy_rdy_low_riuclk_int_reg[2]/C
                            (rising edge-triggered cell FDRE clocked by mmcm_clkout6  {rise@0.000ns fall@3.333ns period=6.667ns})
  Destination:            gqav7_z19p_system_i/pl_ddr4_0/inst/u_ddr4_controller/inst/u_ddr4_mem_intfc/u_phy2clb_phy_rdy_low/SYNC[2].sync_reg_reg[0]/D
                            (rising edge-triggered cell FDRE clocked by mmcm_clkout0  {rise@0.000ns fall@1.667ns period=3.333ns})
  Path Group:             (none)
  Path Type:              Hold (Min at Fast Process Corner)
  Data Path Delay:        0.099ns  (logic 0.039ns (39.521%)  route 0.060ns (60.480%))
  Logic Levels:           0  
  Clock Path Skew:        -0.137ns (DCD - SCD - CPR)
    Destination Clock Delay (DCD):    2.402ns
    Source Clock Delay      (SCD):    2.539ns
    Clock Pessimism Removal (CPR):    -0.000ns
  Clock Uncertainty:      0.176ns  ((TSJ^2 + DJ^2)^1/2) / 2 + PE
    Total System Jitter     (TSJ):    0.071ns
    Discrete Jitter          (DJ):    0.088ns
    Phase Error              (PE):    0.120ns
  Clock Net Delay (Source):      1.029ns (routing 0.391ns, distribution 0.638ns)
  Clock Net Delay (Destination): 1.166ns (routing 0.442ns, distribution 0.724ns)
  Timing Exception:       False Path

    Location             Delay type                Incr(ns)  Path(ns)    Netlist Resource(s)
  -------------------------------------------------------------------    -------------------
                         (clock mmcm_clkout6 rise edge)
                                                      0.000     0.000 r  
    H21                                               0.000     0.000 r  PL_CLK0_clk_p (IN)
                         net (fo=0)                   0.079     0.079    gqav7_z19p_system_i/pl_clock_buffer/inst/u_ibufds/I
    HPIOBDIFFINBUF_X0Y179
                         DIFFINBUF (Prop_DIFFINBUF_HPIOBDIFFINBUF_DIFF_IN_P_O)
                                                      0.282     0.361 r  gqav7_z19p_system_i/pl_clock_buffer/inst/u_ibufds/DIFFINBUF_INST/O
                         net (fo=1, routed)           0.040     0.401    gqav7_z19p_system_i/pl_clock_buffer/inst/u_ibufds/OUT
    H21                  IBUFCTRL (Prop_IBUFCTRL_HPIOB_M_I_O)
                                                      0.000     0.401 r  gqav7_z19p_system_i/pl_clock_buffer/inst/u_ibufds/IBUFCTRL_INST/O
                         net (fo=1, routed)           0.144     0.545    gqav7_z19p_system_i/pl_clock_buffer/inst/clk_ibuf
    BUFGCE_X0Y168        BUFGCE (Prop_BUFCE_BUFGCE_I_O)
                                                      0.017     0.562 r  gqav7_z19p_system_i/pl_clock_buffer/inst/clk_ibuf_BUFGCE_inst/O
                         net (fo=20, routed)          0.546     1.108    gqav7_z19p_system_i/pl_ddr4_0/inst/u_ddr4_controller/inst/u_ddr4_infrastructure/mmcm_clk_in
    MMCM_X0Y6            MMCME4_ADV (Prop_MMCM_CLKIN1_CLKOUT6)
                                                      0.230     1.338 r  gqav7_z19p_system_i/pl_ddr4_0/inst/u_ddr4_controller/inst/u_ddr4_infrastructure/gen_mmcme4.u_mmcme_adv_inst/CLKOUT6
                         net (fo=1, routed)           0.155     1.493    gqav7_z19p_system_i/pl_ddr4_0/inst/u_ddr4_controller/inst/u_ddr4_infrastructure/mmcm_clkout6
    BUFGCE_X0Y146        BUFGCE (Prop_BUFCE_BUFGCE_I_O)
                                                      0.017     1.510 r  gqav7_z19p_system_i/pl_ddr4_0/inst/u_ddr4_controller/inst/u_ddr4_infrastructure/u_bufg_riuClk/O
    X2Y5 (CLOCK_ROOT)    net (fo=1744, routed)        1.029     2.539    gqav7_z19p_system_i/pl_ddr4_0/inst/u_ddr4_controller/inst/u_ddr4_mem_intfc/u_mig_ddr4_phy/inst/riu_clk
    SLICE_X41Y333        FDRE                                         r  gqav7_z19p_system_i/pl_ddr4_0/inst/u_ddr4_controller/inst/u_ddr4_mem_intfc/u_mig_ddr4_phy/inst/phy2clb_phy_rdy_low_riuclk_int_reg[2]/C
  -------------------------------------------------------------------    -------------------
    SLICE_X41Y333        FDRE (Prop_AFF_SLICEL_C_Q)
                                                      0.039     2.578 r  gqav7_z19p_system_i/pl_ddr4_0/inst/u_ddr4_controller/inst/u_ddr4_mem_intfc/u_mig_ddr4_phy/inst/phy2clb_phy_rdy_low_riuclk_int_reg[2]/Q
                         net (fo=2, routed)           0.060     2.638    gqav7_z19p_system_i/pl_ddr4_0/inst/u_ddr4_controller/inst/u_ddr4_mem_intfc/u_phy2clb_phy_rdy_low/phy2clb_phy_rdy_low_riuclk[2]
    SLICE_X41Y332        FDRE                                         r  gqav7_z19p_system_i/pl_ddr4_0/inst/u_ddr4_controller/inst/u_ddr4_mem_intfc/u_phy2clb_phy_rdy_low/SYNC[2].sync_reg_reg[0]/D
  -------------------------------------------------------------------    -------------------

                         (clock mmcm_clkout0 rise edge)
                                                      0.000     0.000 r  
    H21                                               0.000     0.000 r  PL_CLK0_clk_p (IN)
                         net (fo=0)                   0.100     0.100    gqav7_z19p_system_i/pl_clock_buffer/inst/u_ibufds/I
    HPIOBDIFFINBUF_X0Y179
                         DIFFINBUF (Prop_DIFFINBUF_HPIOBDIFFINBUF_DIFF_IN_P_O)
                                                      0.380     0.480 r  gqav7_z19p_system_i/pl_clock_buffer/inst/u_ibufds/DIFFINBUF_INST/O
                         net (fo=1, routed)           0.050     0.530    gqav7_z19p_system_i/pl_clock_buffer/inst/u_ibufds/OUT
    H21                  IBUFCTRL (Prop_IBUFCTRL_HPIOB_M_I_O)
                                                      0.000     0.530 r  gqav7_z19p_system_i/pl_clock_buffer/inst/u_ibufds/IBUFCTRL_INST/O
                         net (fo=1, routed)           0.181     0.711    gqav7_z19p_system_i/pl_clock_buffer/inst/clk_ibuf
    BUFGCE_X0Y168        BUFGCE (Prop_BUFCE_BUFGCE_I_O)
                                                      0.019     0.730 r  gqav7_z19p_system_i/pl_clock_buffer/inst/clk_ibuf_BUFGCE_inst/O
                         net (fo=20, routed)          0.616     1.346    gqav7_z19p_system_i/pl_ddr4_0/inst/u_ddr4_controller/inst/u_ddr4_infrastructure/mmcm_clk_in
    MMCM_X0Y6            MMCME4_ADV (Prop_MMCM_CLKIN1_CLKOUT0)
                                                     -0.295     1.051 r  gqav7_z19p_system_i/pl_ddr4_0/inst/u_ddr4_controller/inst/u_ddr4_infrastructure/gen_mmcme4.u_mmcme_adv_inst/CLKOUT0
                         net (fo=1, routed)           0.166     1.217    gqav7_z19p_system_i/pl_ddr4_0/inst/u_ddr4_controller/inst/u_ddr4_infrastructure/mmcm_clkout0
    BUFGCE_X0Y150        BUFGCE (Prop_BUFCE_BUFGCE_I_O)
                                                      0.019     1.236 r  gqav7_z19p_system_i/pl_ddr4_0/inst/u_ddr4_controller/inst/u_ddr4_infrastructure/u_bufg_divClk/O
    X2Y5 (CLOCK_ROOT)    net (fo=20545, routed)       1.166     2.402    gqav7_z19p_system_i/pl_ddr4_0/inst/u_ddr4_controller/inst/u_ddr4_mem_intfc/u_phy2clb_phy_rdy_low/SYNC[18].sync_reg_reg[1]_0
    SLICE_X41Y332        FDRE                                         r  gqav7_z19p_system_i/pl_ddr4_0/inst/u_ddr4_controller/inst/u_ddr4_mem_intfc/u_phy2clb_phy_rdy_low/SYNC[2].sync_reg_reg[0]/C





--------------------------------------------------------------------------------------
Path Group:  (none)
From Clock:  dbg_hub/inst/BSCANID.u_xsdbm_id/SWITCH_N_EXT_BSCAN.bscan_inst/SERIES7_BSCAN.bscan_inst/INTERNAL_TCK
  To Clock:  mmcm_clkout5

Max Delay            78 Endpoints
Min Delay            86 Endpoints
--------------------------------------------------------------------------------------


Max Delay Paths
--------------------------------------------------------------------------------------
Slack:                    inf
  Source:                 dbg_hub/inst/BSCANID.u_xsdbm_id/CORE_XSDB.UUT_MASTER/U_ICON_INTERFACE/U_CMD5/shift_reg_in_reg[6]/C
                            (rising edge-triggered cell FDRE clocked by dbg_hub/inst/BSCANID.u_xsdbm_id/SWITCH_N_EXT_BSCAN.bscan_inst/SERIES7_BSCAN.bscan_inst/INTERNAL_TCK  {rise@0.000ns fall@25.000ns period=50.000ns})
  Destination:            dbg_hub/inst/BSCANID.u_xsdbm_id/CORE_XSDB.UUT_MASTER/U_ICON_INTERFACE/U_CMD5/ctl_reg_reg[6]/D
                            (rising edge-triggered cell FDRE clocked by mmcm_clkout5  {rise@0.000ns fall@6.667ns period=13.333ns})
  Path Group:             (none)
  Path Type:              Setup (Max at Slow Process Corner)
  Data Path Delay:        1.315ns  (logic 0.079ns (6.009%)  route 1.236ns (93.991%))
  Logic Levels:           0  
  Clock Path Skew:        -9.665ns (DCD - SCD + CPR)
    Destination Clock Delay (DCD):    3.354ns
    Source Clock Delay      (SCD):    13.019ns
    Clock Pessimism Removal (CPR):    0.000ns
  Clock Uncertainty:      0.138ns  ((TSJ^2 + DJ^2)^1/2) / 2 + PE
    Total System Jitter     (TSJ):    0.071ns
    Discrete Jitter          (DJ):    0.100ns
    Phase Error              (PE):    0.077ns
  Clock Net Delay (Source):      3.660ns (routing 2.179ns, distribution 1.481ns)
  Clock Net Delay (Destination): 0.770ns (routing 0.001ns, distribution 0.769ns)
  Timing Exception:       False Path

    Location             Delay type                Incr(ns)  Path(ns)    Netlist Resource(s)
  -------------------------------------------------------------------    -------------------
                         (clock dbg_hub/inst/BSCANID.u_xsdbm_id/SWITCH_N_EXT_BSCAN.bscan_inst/SERIES7_BSCAN.bscan_inst/INTERNAL_TCK rise edge)
                                                      0.000     0.000 r  
    CONFIG_SITE_X0Y0     BSCANE2                      0.000     0.000 r  dbg_hub/inst/BSCANID.u_xsdbm_id/SWITCH_N_EXT_BSCAN.bscan_inst/SERIES7_BSCAN.bscan_inst/INTERNAL_TCK
    CONFIG_SITE_X0Y0     BSCANE2 (Prop_BSCAN1_CONFIG_SITE_INTERNAL_TCK_TCK)
                                                      4.300     4.300 r  dbg_hub/inst/BSCANID.u_xsdbm_id/SWITCH_N_EXT_BSCAN.bscan_inst/SERIES7_BSCAN.bscan_inst/TCK
                         net (fo=1, routed)           5.031     9.331    dbg_hub/inst/BSCANID.u_xsdbm_id/tck_bs
    BUFGCE_X0Y243        BUFGCE (Prop_BUFCE_BUFGCE_I_O)
                                                      0.028     9.359 r  dbg_hub/inst/BSCANID.u_xsdbm_id/SWITCH_N_EXT_BSCAN.u_bufg_icon_tck/O
    X3Y3 (CLOCK_ROOT)    net (fo=478, routed)         3.660    13.019    dbg_hub/inst/BSCANID.u_xsdbm_id/CORE_XSDB.UUT_MASTER/U_ICON_INTERFACE/U_CMD5/m_bscan_tck[0]
    SLICE_X93Y399        FDRE                                         r  dbg_hub/inst/BSCANID.u_xsdbm_id/CORE_XSDB.UUT_MASTER/U_ICON_INTERFACE/U_CMD5/shift_reg_in_reg[6]/C
  -------------------------------------------------------------------    -------------------
    SLICE_X93Y399        FDRE (Prop_EFF_SLICEL_C_Q)
                                                      0.079    13.098 r  dbg_hub/inst/BSCANID.u_xsdbm_id/CORE_XSDB.UUT_MASTER/U_ICON_INTERFACE/U_CMD5/shift_reg_in_reg[6]/Q
                         net (fo=2, routed)           1.236    14.334    dbg_hub/inst/BSCANID.u_xsdbm_id/CORE_XSDB.UUT_MASTER/U_ICON_INTERFACE/U_CMD5/shift_reg_in[6]
    SLICE_X90Y400        FDRE                                         r  dbg_hub/inst/BSCANID.u_xsdbm_id/CORE_XSDB.UUT_MASTER/U_ICON_INTERFACE/U_CMD5/ctl_reg_reg[6]/D
  -------------------------------------------------------------------    -------------------

                         (clock mmcm_clkout5 rise edge)
                                                      0.000     0.000 r  
    H21                                               0.000     0.000 r  PL_CLK0_clk_p (IN)
                         net (fo=0)                   0.079     0.079    gqav7_z19p_system_i/pl_clock_buffer/inst/u_ibufds/I
    HPIOBDIFFINBUF_X0Y179
                         DIFFINBUF (Prop_DIFFINBUF_HPIOBDIFFINBUF_DIFF_IN_P_O)
                                                      0.427     0.506 r  gqav7_z19p_system_i/pl_clock_buffer/inst/u_ibufds/DIFFINBUF_INST/O
                         net (fo=1, routed)           0.040     0.546    gqav7_z19p_system_i/pl_clock_buffer/inst/u_ibufds/OUT
    H21                  IBUFCTRL (Prop_IBUFCTRL_HPIOB_M_I_O)
                                                      0.000     0.546 r  gqav7_z19p_system_i/pl_clock_buffer/inst/u_ibufds/IBUFCTRL_INST/O
                         net (fo=1, routed)           0.286     0.832    gqav7_z19p_system_i/pl_clock_buffer/inst/clk_ibuf
    BUFGCE_X0Y168        BUFGCE (Prop_BUFCE_BUFGCE_I_O)
                                                      0.024     0.856 r  gqav7_z19p_system_i/pl_clock_buffer/inst/clk_ibuf_BUFGCE_inst/O
                         net (fo=20, routed)          0.866     1.722    gqav7_z19p_system_i/pl_ddr4_0/inst/u_ddr4_controller/inst/u_ddr4_infrastructure/mmcm_clk_in
    MMCM_X0Y6            MMCME4_ADV (Prop_MMCM_CLKIN1_CLKOUT5)
                                                      0.630     2.352 r  gqav7_z19p_system_i/pl_ddr4_0/inst/u_ddr4_controller/inst/u_ddr4_infrastructure/gen_mmcme4.u_mmcme_adv_inst/CLKOUT5
                         net (fo=1, routed)           0.208     2.560    gqav7_z19p_system_i/pl_ddr4_0/inst/u_ddr4_controller/inst/u_ddr4_infrastructure/mmcm_clkout5
    BUFGCE_X0Y161        BUFGCE (Prop_BUFCE_BUFGCE_I_O)
                                                      0.024     2.584 r  gqav7_z19p_system_i/pl_ddr4_0/inst/u_ddr4_controller/inst/u_ddr4_infrastructure/u_bufg_dbg_clk/O
    X2Y6 (CLOCK_ROOT)    net (fo=568, routed)         0.770     3.354    dbg_hub/inst/BSCANID.u_xsdbm_id/CORE_XSDB.UUT_MASTER/U_ICON_INTERFACE/U_CMD5/clk
    SLICE_X90Y400        FDRE                                         r  dbg_hub/inst/BSCANID.u_xsdbm_id/CORE_XSDB.UUT_MASTER/U_ICON_INTERFACE/U_CMD5/ctl_reg_reg[6]/C





Min Delay Paths
--------------------------------------------------------------------------------------
Slack:                    inf
  Source:                 dbg_hub/inst/BSCANID.u_xsdbm_id/CORE_XSDB.UUT_MASTER/U_ICON_INTERFACE/U_CMD6_WR/U_WR_FIFO/SUBCORE_FIFO.xsdbm_v3_0_5_wrfifo_inst/inst_fifo_gen/gconvfifo.rf/grf.rf/gntv_or_sync_fifo.gcx.clkx/gnxpm_cdc.wr_pntr_gc_reg[2]/C
                            (rising edge-triggered cell FDCE clocked by dbg_hub/inst/BSCANID.u_xsdbm_id/SWITCH_N_EXT_BSCAN.bscan_inst/SERIES7_BSCAN.bscan_inst/INTERNAL_TCK  {rise@0.000ns fall@25.000ns period=50.000ns})
  Destination:            dbg_hub/inst/BSCANID.u_xsdbm_id/CORE_XSDB.UUT_MASTER/U_ICON_INTERFACE/U_CMD6_WR/U_WR_FIFO/SUBCORE_FIFO.xsdbm_v3_0_5_wrfifo_inst/inst_fifo_gen/gconvfifo.rf/grf.rf/gntv_or_sync_fifo.gcx.clkx/gnxpm_cdc.gsync_stage[1].rd_stg_inst/Q_reg_reg[2]/D
                            (rising edge-triggered cell FDCE clocked by mmcm_clkout5  {rise@0.000ns fall@6.667ns period=13.333ns})
  Path Group:             (none)
  Path Type:              Hold (Min at Fast Process Corner)
  Data Path Delay:        0.101ns  (logic 0.038ns (37.624%)  route 0.063ns (62.376%))
  Logic Levels:           0  
  Clock Path Skew:        -3.289ns (DCD - SCD - CPR)
    Destination Clock Delay (DCD):    1.803ns
    Source Clock Delay      (SCD):    5.092ns
    Clock Pessimism Removal (CPR):    -0.000ns
  Clock Uncertainty:      0.138ns  ((TSJ^2 + DJ^2)^1/2) / 2 + PE
    Total System Jitter     (TSJ):    0.071ns
    Discrete Jitter          (DJ):    0.100ns
    Phase Error              (PE):    0.077ns
  Clock Net Delay (Source):      1.995ns (routing 1.195ns, distribution 0.800ns)
  Clock Net Delay (Destination): 0.572ns (routing 0.001ns, distribution 0.571ns)
  Timing Exception:       False Path

    Location             Delay type                Incr(ns)  Path(ns)    Netlist Resource(s)
  -------------------------------------------------------------------    -------------------
                         (clock dbg_hub/inst/BSCANID.u_xsdbm_id/SWITCH_N_EXT_BSCAN.bscan_inst/SERIES7_BSCAN.bscan_inst/INTERNAL_TCK rise edge)
                                                      0.000     0.000 r  
    CONFIG_SITE_X0Y0     BSCANE2                      0.000     0.000 r  dbg_hub/inst/BSCANID.u_xsdbm_id/SWITCH_N_EXT_BSCAN.bscan_inst/SERIES7_BSCAN.bscan_inst/INTERNAL_TCK
    CONFIG_SITE_X0Y0     BSCANE2 (Prop_BSCAN1_CONFIG_SITE_INTERNAL_TCK_TCK)
                                                      0.465     0.465 r  dbg_hub/inst/BSCANID.u_xsdbm_id/SWITCH_N_EXT_BSCAN.bscan_inst/SERIES7_BSCAN.bscan_inst/TCK
                         net (fo=1, routed)           2.615     3.080    dbg_hub/inst/BSCANID.u_xsdbm_id/tck_bs
    BUFGCE_X0Y243        BUFGCE (Prop_BUFCE_BUFGCE_I_O)
                                                      0.017     3.097 r  dbg_hub/inst/BSCANID.u_xsdbm_id/SWITCH_N_EXT_BSCAN.u_bufg_icon_tck/O
    X3Y3 (CLOCK_ROOT)    net (fo=478, routed)         1.995     5.092    dbg_hub/inst/BSCANID.u_xsdbm_id/CORE_XSDB.UUT_MASTER/U_ICON_INTERFACE/U_CMD6_WR/U_WR_FIFO/SUBCORE_FIFO.xsdbm_v3_0_5_wrfifo_inst/inst_fifo_gen/gconvfifo.rf/grf.rf/gntv_or_sync_fifo.gcx.clkx/wr_clk
    SLICE_X89Y407        FDCE                                         r  dbg_hub/inst/BSCANID.u_xsdbm_id/CORE_XSDB.UUT_MASTER/U_ICON_INTERFACE/U_CMD6_WR/U_WR_FIFO/SUBCORE_FIFO.xsdbm_v3_0_5_wrfifo_inst/inst_fifo_gen/gconvfifo.rf/grf.rf/gntv_or_sync_fifo.gcx.clkx/gnxpm_cdc.wr_pntr_gc_reg[2]/C
  -------------------------------------------------------------------    -------------------
    SLICE_X89Y407        FDCE (Prop_CFF_SLICEM_C_Q)
                                                      0.038     5.130 r  dbg_hub/inst/BSCANID.u_xsdbm_id/CORE_XSDB.UUT_MASTER/U_ICON_INTERFACE/U_CMD6_WR/U_WR_FIFO/SUBCORE_FIFO.xsdbm_v3_0_5_wrfifo_inst/inst_fifo_gen/gconvfifo.rf/grf.rf/gntv_or_sync_fifo.gcx.clkx/gnxpm_cdc.wr_pntr_gc_reg[2]/Q
                         net (fo=1, routed)           0.063     5.193    dbg_hub/inst/BSCANID.u_xsdbm_id/CORE_XSDB.UUT_MASTER/U_ICON_INTERFACE/U_CMD6_WR/U_WR_FIFO/SUBCORE_FIFO.xsdbm_v3_0_5_wrfifo_inst/inst_fifo_gen/gconvfifo.rf/grf.rf/gntv_or_sync_fifo.gcx.clkx/gnxpm_cdc.gsync_stage[1].rd_stg_inst/Q[2]
    SLICE_X89Y407        FDCE                                         r  dbg_hub/inst/BSCANID.u_xsdbm_id/CORE_XSDB.UUT_MASTER/U_ICON_INTERFACE/U_CMD6_WR/U_WR_FIFO/SUBCORE_FIFO.xsdbm_v3_0_5_wrfifo_inst/inst_fifo_gen/gconvfifo.rf/grf.rf/gntv_or_sync_fifo.gcx.clkx/gnxpm_cdc.gsync_stage[1].rd_stg_inst/Q_reg_reg[2]/D
  -------------------------------------------------------------------    -------------------

                         (clock mmcm_clkout5 rise edge)
                                                      0.000     0.000 r  
    H21                                               0.000     0.000 r  PL_CLK0_clk_p (IN)
                         net (fo=0)                   0.100     0.100    gqav7_z19p_system_i/pl_clock_buffer/inst/u_ibufds/I
    HPIOBDIFFINBUF_X0Y179
                         DIFFINBUF (Prop_DIFFINBUF_HPIOBDIFFINBUF_DIFF_IN_P_O)
                                                      0.380     0.480 r  gqav7_z19p_system_i/pl_clock_buffer/inst/u_ibufds/DIFFINBUF_INST/O
                         net (fo=1, routed)           0.050     0.530    gqav7_z19p_system_i/pl_clock_buffer/inst/u_ibufds/OUT
    H21                  IBUFCTRL (Prop_IBUFCTRL_HPIOB_M_I_O)
                                                      0.000     0.530 r  gqav7_z19p_system_i/pl_clock_buffer/inst/u_ibufds/IBUFCTRL_INST/O
                         net (fo=1, routed)           0.181     0.711    gqav7_z19p_system_i/pl_clock_buffer/inst/clk_ibuf
    BUFGCE_X0Y168        BUFGCE (Prop_BUFCE_BUFGCE_I_O)
                                                      0.019     0.730 r  gqav7_z19p_system_i/pl_clock_buffer/inst/clk_ibuf_BUFGCE_inst/O
                         net (fo=20, routed)          0.616     1.346    gqav7_z19p_system_i/pl_ddr4_0/inst/u_ddr4_controller/inst/u_ddr4_infrastructure/mmcm_clk_in
    MMCM_X0Y6            MMCME4_ADV (Prop_MMCM_CLKIN1_CLKOUT5)
                                                     -0.295     1.051 r  gqav7_z19p_system_i/pl_ddr4_0/inst/u_ddr4_controller/inst/u_ddr4_infrastructure/gen_mmcme4.u_mmcme_adv_inst/CLKOUT5
                         net (fo=1, routed)           0.160     1.211    gqav7_z19p_system_i/pl_ddr4_0/inst/u_ddr4_controller/inst/u_ddr4_infrastructure/mmcm_clkout5
    BUFGCE_X0Y161        BUFGCE (Prop_BUFCE_BUFGCE_I_O)
                                                      0.019     1.230 r  gqav7_z19p_system_i/pl_ddr4_0/inst/u_ddr4_controller/inst/u_ddr4_infrastructure/u_bufg_dbg_clk/O
    X2Y6 (CLOCK_ROOT)    net (fo=568, routed)         0.572     1.803    dbg_hub/inst/BSCANID.u_xsdbm_id/CORE_XSDB.UUT_MASTER/U_ICON_INTERFACE/U_CMD6_WR/U_WR_FIFO/SUBCORE_FIFO.xsdbm_v3_0_5_wrfifo_inst/inst_fifo_gen/gconvfifo.rf/grf.rf/gntv_or_sync_fifo.gcx.clkx/gnxpm_cdc.gsync_stage[1].rd_stg_inst/rd_clk
    SLICE_X89Y407        FDCE                                         r  dbg_hub/inst/BSCANID.u_xsdbm_id/CORE_XSDB.UUT_MASTER/U_ICON_INTERFACE/U_CMD6_WR/U_WR_FIFO/SUBCORE_FIFO.xsdbm_v3_0_5_wrfifo_inst/inst_fifo_gen/gconvfifo.rf/grf.rf/gntv_or_sync_fifo.gcx.clkx/gnxpm_cdc.gsync_stage[1].rd_stg_inst/Q_reg_reg[2]/C





--------------------------------------------------------------------------------------
Path Group:  (none)
From Clock:  mmcm_clkout0
  To Clock:  mmcm_clkout5

Max Delay             0 Endpoints
Min Delay            10 Endpoints
--------------------------------------------------------------------------------------


Min Delay Paths
--------------------------------------------------------------------------------------
Slack:                    inf
  Source:                 gqav7_z19p_system_i/pl_ddr4_0/inst/u_ddr4_controller/inst/u_ddr4_mem_intfc/u_ddr_cal_top/u_ddr_cal/u_xsdb_arbiter/slave_do_fclk_reg[4]/C
                            (rising edge-triggered cell FDRE clocked by mmcm_clkout0  {rise@0.000ns fall@1.667ns period=3.333ns})
  Destination:            gqav7_z19p_system_i/pl_ddr4_0/inst/u_ddr4_controller/inst/u_ddr4_mem_intfc/u_ddr_cal_top/u_ddr_cal/u_xsdb_arbiter/u_slave_do_sync/SYNC[4].sync_reg_reg[0]/D
                            (rising edge-triggered cell FDRE clocked by mmcm_clkout5  {rise@0.000ns fall@6.667ns period=13.333ns})
  Path Group:             (none)
  Path Type:              Hold (Min at Fast Process Corner)
  Data Path Delay:        0.095ns  (logic 0.039ns (41.053%)  route 0.056ns (58.947%))
  Logic Levels:           0  
  Clock Path Skew:        -0.840ns (DCD - SCD - CPR)
    Destination Clock Delay (DCD):    1.733ns
    Source Clock Delay      (SCD):    2.573ns
    Clock Pessimism Removal (CPR):    -0.000ns
  Clock Uncertainty:      0.181ns  ((TSJ^2 + DJ^2)^1/2) / 2 + PE
    Total System Jitter     (TSJ):    0.071ns
    Discrete Jitter          (DJ):    0.100ns
    Phase Error              (PE):    0.120ns
  Clock Net Delay (Source):      1.072ns (routing 0.394ns, distribution 0.678ns)
  Clock Net Delay (Destination): 0.503ns (routing 0.001ns, distribution 0.502ns)
  Timing Exception:       False Path

    Location             Delay type                Incr(ns)  Path(ns)    Netlist Resource(s)
  -------------------------------------------------------------------    -------------------
                         (clock mmcm_clkout0 rise edge)
                                                      0.000     0.000 r  
    H21                                               0.000     0.000 r  PL_CLK0_clk_p (IN)
                         net (fo=0)                   0.079     0.079    gqav7_z19p_system_i/pl_clock_buffer/inst/u_ibufds/I
    HPIOBDIFFINBUF_X0Y179
                         DIFFINBUF (Prop_DIFFINBUF_HPIOBDIFFINBUF_DIFF_IN_P_O)
                                                      0.282     0.361 r  gqav7_z19p_system_i/pl_clock_buffer/inst/u_ibufds/DIFFINBUF_INST/O
                         net (fo=1, routed)           0.040     0.401    gqav7_z19p_system_i/pl_clock_buffer/inst/u_ibufds/OUT
    H21                  IBUFCTRL (Prop_IBUFCTRL_HPIOB_M_I_O)
                                                      0.000     0.401 r  gqav7_z19p_system_i/pl_clock_buffer/inst/u_ibufds/IBUFCTRL_INST/O
                         net (fo=1, routed)           0.144     0.545    gqav7_z19p_system_i/pl_clock_buffer/inst/clk_ibuf
    BUFGCE_X0Y168        BUFGCE (Prop_BUFCE_BUFGCE_I_O)
                                                      0.017     0.562 r  gqav7_z19p_system_i/pl_clock_buffer/inst/clk_ibuf_BUFGCE_inst/O
                         net (fo=20, routed)          0.546     1.108    gqav7_z19p_system_i/pl_ddr4_0/inst/u_ddr4_controller/inst/u_ddr4_infrastructure/mmcm_clk_in
    MMCM_X0Y6            MMCME4_ADV (Prop_MMCM_CLKIN1_CLKOUT0)
                                                      0.230     1.338 r  gqav7_z19p_system_i/pl_ddr4_0/inst/u_ddr4_controller/inst/u_ddr4_infrastructure/gen_mmcme4.u_mmcme_adv_inst/CLKOUT0
                         net (fo=1, routed)           0.146     1.484    gqav7_z19p_system_i/pl_ddr4_0/inst/u_ddr4_controller/inst/u_ddr4_infrastructure/mmcm_clkout0
    BUFGCE_X0Y150        BUFGCE (Prop_BUFCE_BUFGCE_I_O)
                                                      0.017     1.501 r  gqav7_z19p_system_i/pl_ddr4_0/inst/u_ddr4_controller/inst/u_ddr4_infrastructure/u_bufg_divClk/O
    X2Y5 (CLOCK_ROOT)    net (fo=20545, routed)       1.072     2.573    gqav7_z19p_system_i/pl_ddr4_0/inst/u_ddr4_controller/inst/u_ddr4_mem_intfc/u_ddr_cal_top/u_ddr_cal/u_xsdb_arbiter/SYNC[0].sync_reg_reg[0]
    SLICE_X75Y395        FDRE                                         r  gqav7_z19p_system_i/pl_ddr4_0/inst/u_ddr4_controller/inst/u_ddr4_mem_intfc/u_ddr_cal_top/u_ddr_cal/u_xsdb_arbiter/slave_do_fclk_reg[4]/C
  -------------------------------------------------------------------    -------------------
    SLICE_X75Y395        FDRE (Prop_FFF_SLICEL_C_Q)
                                                      0.039     2.612 r  gqav7_z19p_system_i/pl_ddr4_0/inst/u_ddr4_controller/inst/u_ddr4_mem_intfc/u_ddr_cal_top/u_ddr_cal/u_xsdb_arbiter/slave_do_fclk_reg[4]/Q
                         net (fo=1, routed)           0.056     2.668    gqav7_z19p_system_i/pl_ddr4_0/inst/u_ddr4_controller/inst/u_ddr4_mem_intfc/u_ddr_cal_top/u_ddr_cal/u_xsdb_arbiter/u_slave_do_sync/out[4]
    SLICE_X75Y394        FDRE                                         r  gqav7_z19p_system_i/pl_ddr4_0/inst/u_ddr4_controller/inst/u_ddr4_mem_intfc/u_ddr_cal_top/u_ddr_cal/u_xsdb_arbiter/u_slave_do_sync/SYNC[4].sync_reg_reg[0]/D
  -------------------------------------------------------------------    -------------------

                         (clock mmcm_clkout5 rise edge)
                                                      0.000     0.000 r  
    H21                                               0.000     0.000 r  PL_CLK0_clk_p (IN)
                         net (fo=0)                   0.100     0.100    gqav7_z19p_system_i/pl_clock_buffer/inst/u_ibufds/I
    HPIOBDIFFINBUF_X0Y179
                         DIFFINBUF (Prop_DIFFINBUF_HPIOBDIFFINBUF_DIFF_IN_P_O)
                                                      0.380     0.480 r  gqav7_z19p_system_i/pl_clock_buffer/inst/u_ibufds/DIFFINBUF_INST/O
                         net (fo=1, routed)           0.050     0.530    gqav7_z19p_system_i/pl_clock_buffer/inst/u_ibufds/OUT
    H21                  IBUFCTRL (Prop_IBUFCTRL_HPIOB_M_I_O)
                                                      0.000     0.530 r  gqav7_z19p_system_i/pl_clock_buffer/inst/u_ibufds/IBUFCTRL_INST/O
                         net (fo=1, routed)           0.181     0.711    gqav7_z19p_system_i/pl_clock_buffer/inst/clk_ibuf
    BUFGCE_X0Y168        BUFGCE (Prop_BUFCE_BUFGCE_I_O)
                                                      0.019     0.730 r  gqav7_z19p_system_i/pl_clock_buffer/inst/clk_ibuf_BUFGCE_inst/O
                         net (fo=20, routed)          0.616     1.346    gqav7_z19p_system_i/pl_ddr4_0/inst/u_ddr4_controller/inst/u_ddr4_infrastructure/mmcm_clk_in
    MMCM_X0Y6            MMCME4_ADV (Prop_MMCM_CLKIN1_CLKOUT5)
                                                     -0.295     1.051 r  gqav7_z19p_system_i/pl_ddr4_0/inst/u_ddr4_controller/inst/u_ddr4_infrastructure/gen_mmcme4.u_mmcme_adv_inst/CLKOUT5
                         net (fo=1, routed)           0.160     1.211    gqav7_z19p_system_i/pl_ddr4_0/inst/u_ddr4_controller/inst/u_ddr4_infrastructure/mmcm_clkout5
    BUFGCE_X0Y161        BUFGCE (Prop_BUFCE_BUFGCE_I_O)
                                                      0.019     1.230 r  gqav7_z19p_system_i/pl_ddr4_0/inst/u_ddr4_controller/inst/u_ddr4_infrastructure/u_bufg_dbg_clk/O
    X2Y6 (CLOCK_ROOT)    net (fo=568, routed)         0.503     1.733    gqav7_z19p_system_i/pl_ddr4_0/inst/u_ddr4_controller/inst/u_ddr4_mem_intfc/u_ddr_cal_top/u_ddr_cal/u_xsdb_arbiter/u_slave_do_sync/CLK
    SLICE_X75Y394        FDRE                                         r  gqav7_z19p_system_i/pl_ddr4_0/inst/u_ddr4_controller/inst/u_ddr4_mem_intfc/u_ddr_cal_top/u_ddr_cal/u_xsdb_arbiter/u_slave_do_sync/SYNC[4].sync_reg_reg[0]/C





--------------------------------------------------------------------------------------
Path Group:  (none)
From Clock:  PL_CLK0_200M
  To Clock:  mmcm_clkout6

Max Delay             2 Endpoints
Min Delay             2 Endpoints
--------------------------------------------------------------------------------------


Max Delay Paths
--------------------------------------------------------------------------------------
Slack:                    inf
  Source:                 gqav7_z19p_system_i/pl_ddr4_0/inst/u_ddr4_controller/inst/u_ddr4_infrastructure/rst_async_riu_div_reg/C
                            (rising edge-triggered cell FDRE clocked by PL_CLK0_200M  {rise@0.000ns fall@2.500ns period=5.000ns})
  Destination:            gqav7_z19p_system_i/pl_ddr4_0/inst/u_ddr4_controller/inst/u_ddr4_infrastructure/rst_riu_sync_r_reg[0]/D
                            (rising edge-triggered cell FDRE clocked by mmcm_clkout6  {rise@0.000ns fall@3.333ns period=6.667ns})
  Path Group:             (none)
  Path Type:              Setup (Max at Slow Process Corner)
  Data Path Delay:        0.463ns  (logic 0.081ns (17.482%)  route 0.382ns (82.518%))
  Logic Levels:           0  
  Clock Path Skew:        2.124ns (DCD - SCD + CPR)
    Destination Clock Delay (DCD):    4.334ns
    Source Clock Delay      (SCD):    2.210ns
    Clock Pessimism Removal (CPR):    0.000ns
  Clock Uncertainty:      0.133ns  ((TSJ^2 + DJ^2)^1/2) / 2 + PE
    Total System Jitter     (TSJ):    0.071ns
    Discrete Jitter          (DJ):    0.088ns
    Phase Error              (PE):    0.077ns
  Clock Net Delay (Source):      1.186ns (routing 0.171ns, distribution 1.015ns)
  Clock Net Delay (Destination): 1.732ns (routing 0.639ns, distribution 1.093ns)
  Timing Exception:       False Path

    Location             Delay type                Incr(ns)  Path(ns)    Netlist Resource(s)
  -------------------------------------------------------------------    -------------------
                         (clock PL_CLK0_200M rise edge)
                                                      0.000     0.000 r  
    H21                                               0.000     0.000 r  PL_CLK0_clk_p (IN)
                         net (fo=0)                   0.100     0.100    gqav7_z19p_system_i/pl_clock_buffer/inst/u_ibufds/I
    HPIOBDIFFINBUF_X0Y179
                         DIFFINBUF (Prop_DIFFINBUF_HPIOBDIFFINBUF_DIFF_IN_P_O)
                                                      0.523     0.623 r  gqav7_z19p_system_i/pl_clock_buffer/inst/u_ibufds/DIFFINBUF_INST/O
                         net (fo=1, routed)           0.050     0.673    gqav7_z19p_system_i/pl_clock_buffer/inst/u_ibufds/OUT
    H21                  IBUFCTRL (Prop_IBUFCTRL_HPIOB_M_I_O)
                                                      0.000     0.673 r  gqav7_z19p_system_i/pl_clock_buffer/inst/u_ibufds/IBUFCTRL_INST/O
                         net (fo=1, routed)           0.323     0.996    gqav7_z19p_system_i/pl_clock_buffer/inst/clk_ibuf
    BUFGCE_X0Y168        BUFGCE (Prop_BUFCE_BUFGCE_I_O)
                                                      0.028     1.024 r  gqav7_z19p_system_i/pl_clock_buffer/inst/clk_ibuf_BUFGCE_inst/O
    X2Y7 (CLOCK_ROOT)    net (fo=20, routed)          1.186     2.210    gqav7_z19p_system_i/pl_ddr4_0/inst/u_ddr4_controller/inst/u_ddr4_infrastructure/sys_clk_in
    SLICE_X67Y396        FDRE                                         r  gqav7_z19p_system_i/pl_ddr4_0/inst/u_ddr4_controller/inst/u_ddr4_infrastructure/rst_async_riu_div_reg/C
  -------------------------------------------------------------------    -------------------
    SLICE_X67Y396        FDRE (Prop_AFF2_SLICEL_C_Q)
                                                      0.081     2.291 r  gqav7_z19p_system_i/pl_ddr4_0/inst/u_ddr4_controller/inst/u_ddr4_infrastructure/rst_async_riu_div_reg/Q
                         net (fo=2, routed)           0.382     2.674    gqav7_z19p_system_i/pl_ddr4_0/inst/u_ddr4_controller/inst/u_ddr4_infrastructure/rst_async_riu_div
    SLICE_X67Y407        FDRE                                         r  gqav7_z19p_system_i/pl_ddr4_0/inst/u_ddr4_controller/inst/u_ddr4_infrastructure/rst_riu_sync_r_reg[0]/D
  -------------------------------------------------------------------    -------------------

                         (clock mmcm_clkout6 rise edge)
                                                      0.000     0.000 r  
    H21                                               0.000     0.000 r  PL_CLK0_clk_p (IN)
                         net (fo=0)                   0.079     0.079    gqav7_z19p_system_i/pl_clock_buffer/inst/u_ibufds/I
    HPIOBDIFFINBUF_X0Y179
                         DIFFINBUF (Prop_DIFFINBUF_HPIOBDIFFINBUF_DIFF_IN_P_O)
                                                      0.427     0.506 r  gqav7_z19p_system_i/pl_clock_buffer/inst/u_ibufds/DIFFINBUF_INST/O
                         net (fo=1, routed)           0.040     0.546    gqav7_z19p_system_i/pl_clock_buffer/inst/u_ibufds/OUT
    H21                  IBUFCTRL (Prop_IBUFCTRL_HPIOB_M_I_O)
                                                      0.000     0.546 r  gqav7_z19p_system_i/pl_clock_buffer/inst/u_ibufds/IBUFCTRL_INST/O
                         net (fo=1, routed)           0.286     0.832    gqav7_z19p_system_i/pl_clock_buffer/inst/clk_ibuf
    BUFGCE_X0Y168        BUFGCE (Prop_BUFCE_BUFGCE_I_O)
                                                      0.024     0.856 r  gqav7_z19p_system_i/pl_clock_buffer/inst/clk_ibuf_BUFGCE_inst/O
                         net (fo=20, routed)          0.866     1.722    gqav7_z19p_system_i/pl_ddr4_0/inst/u_ddr4_controller/inst/u_ddr4_infrastructure/mmcm_clk_in
    MMCM_X0Y6            MMCME4_ADV (Prop_MMCM_CLKIN1_CLKOUT6)
                                                      0.630     2.352 r  gqav7_z19p_system_i/pl_ddr4_0/inst/u_ddr4_controller/inst/u_ddr4_infrastructure/gen_mmcme4.u_mmcme_adv_inst/CLKOUT6
                         net (fo=1, routed)           0.226     2.578    gqav7_z19p_system_i/pl_ddr4_0/inst/u_ddr4_controller/inst/u_ddr4_infrastructure/mmcm_clkout6
    BUFGCE_X0Y146        BUFGCE (Prop_BUFCE_BUFGCE_I_O)
                                                      0.024     2.602 r  gqav7_z19p_system_i/pl_ddr4_0/inst/u_ddr4_controller/inst/u_ddr4_infrastructure/u_bufg_riuClk/O
    X2Y5 (CLOCK_ROOT)    net (fo=1744, routed)        1.732     4.334    gqav7_z19p_system_i/pl_ddr4_0/inst/u_ddr4_controller/inst/u_ddr4_infrastructure/c0_riu_clk
    SLICE_X67Y407        FDRE                                         r  gqav7_z19p_system_i/pl_ddr4_0/inst/u_ddr4_controller/inst/u_ddr4_infrastructure/rst_riu_sync_r_reg[0]/C





Min Delay Paths
--------------------------------------------------------------------------------------
Slack:                    inf
  Source:                 gqav7_z19p_system_i/pl_ddr4_0/inst/u_ddr4_controller/inst/u_ddr4_infrastructure/rst_async_mb_reg/C
                            (rising edge-triggered cell FDRE clocked by PL_CLK0_200M  {rise@0.000ns fall@2.500ns period=5.000ns})
  Destination:            gqav7_z19p_system_i/pl_ddr4_0/inst/u_ddr4_controller/inst/u_ddr4_infrastructure/rst_mb_sync_r_reg[0]/D
                            (rising edge-triggered cell FDRE clocked by mmcm_clkout6  {rise@0.000ns fall@3.333ns period=6.667ns})
  Path Group:             (none)
  Path Type:              Hold (Min at Fast Process Corner)
  Data Path Delay:        0.119ns  (logic 0.040ns (33.613%)  route 0.079ns (66.387%))
  Logic Levels:           0  
  Clock Path Skew:        1.215ns (DCD - SCD - CPR)
    Destination Clock Delay (DCD):    2.451ns
    Source Clock Delay      (SCD):    1.236ns
    Clock Pessimism Removal (CPR):    -0.000ns
  Clock Uncertainty:      0.133ns  ((TSJ^2 + DJ^2)^1/2) / 2 + PE
    Total System Jitter     (TSJ):    0.071ns
    Discrete Jitter          (DJ):    0.088ns
    Phase Error              (PE):    0.077ns
  Clock Net Delay (Source):      0.674ns (routing 0.096ns, distribution 0.578ns)
  Clock Net Delay (Destination): 1.204ns (routing 0.435ns, distribution 0.769ns)
  Timing Exception:       False Path

    Location             Delay type                Incr(ns)  Path(ns)    Netlist Resource(s)
  -------------------------------------------------------------------    -------------------
                         (clock PL_CLK0_200M rise edge)
                                                      0.000     0.000 r  
    H21                                               0.000     0.000 r  PL_CLK0_clk_p (IN)
                         net (fo=0)                   0.079     0.079    gqav7_z19p_system_i/pl_clock_buffer/inst/u_ibufds/I
    HPIOBDIFFINBUF_X0Y179
                         DIFFINBUF (Prop_DIFFINBUF_HPIOBDIFFINBUF_DIFF_IN_P_O)
                                                      0.282     0.361 r  gqav7_z19p_system_i/pl_clock_buffer/inst/u_ibufds/DIFFINBUF_INST/O
                         net (fo=1, routed)           0.040     0.401    gqav7_z19p_system_i/pl_clock_buffer/inst/u_ibufds/OUT
    H21                  IBUFCTRL (Prop_IBUFCTRL_HPIOB_M_I_O)
                                                      0.000     0.401 r  gqav7_z19p_system_i/pl_clock_buffer/inst/u_ibufds/IBUFCTRL_INST/O
                         net (fo=1, routed)           0.144     0.545    gqav7_z19p_system_i/pl_clock_buffer/inst/clk_ibuf
    BUFGCE_X0Y168        BUFGCE (Prop_BUFCE_BUFGCE_I_O)
                                                      0.017     0.562 r  gqav7_z19p_system_i/pl_clock_buffer/inst/clk_ibuf_BUFGCE_inst/O
    X2Y7 (CLOCK_ROOT)    net (fo=20, routed)          0.674     1.236    gqav7_z19p_system_i/pl_ddr4_0/inst/u_ddr4_controller/inst/u_ddr4_infrastructure/sys_clk_in
    SLICE_X68Y395        FDRE                                         r  gqav7_z19p_system_i/pl_ddr4_0/inst/u_ddr4_controller/inst/u_ddr4_infrastructure/rst_async_mb_reg/C
  -------------------------------------------------------------------    -------------------
    SLICE_X68Y395        FDRE (Prop_AFF2_SLICEL_C_Q)
                                                      0.040     1.276 r  gqav7_z19p_system_i/pl_ddr4_0/inst/u_ddr4_controller/inst/u_ddr4_infrastructure/rst_async_mb_reg/Q
                         net (fo=1, routed)           0.079     1.355    gqav7_z19p_system_i/pl_ddr4_0/inst/u_ddr4_controller/inst/u_ddr4_infrastructure/rst_async_mb
    SLICE_X68Y396        FDRE                                         r  gqav7_z19p_system_i/pl_ddr4_0/inst/u_ddr4_controller/inst/u_ddr4_infrastructure/rst_mb_sync_r_reg[0]/D
  -------------------------------------------------------------------    -------------------

                         (clock mmcm_clkout6 rise edge)
                                                      0.000     0.000 r  
    H21                                               0.000     0.000 r  PL_CLK0_clk_p (IN)
                         net (fo=0)                   0.100     0.100    gqav7_z19p_system_i/pl_clock_buffer/inst/u_ibufds/I
    HPIOBDIFFINBUF_X0Y179
                         DIFFINBUF (Prop_DIFFINBUF_HPIOBDIFFINBUF_DIFF_IN_P_O)
                                                      0.380     0.480 r  gqav7_z19p_system_i/pl_clock_buffer/inst/u_ibufds/DIFFINBUF_INST/O
                         net (fo=1, routed)           0.050     0.530    gqav7_z19p_system_i/pl_clock_buffer/inst/u_ibufds/OUT
    H21                  IBUFCTRL (Prop_IBUFCTRL_HPIOB_M_I_O)
                                                      0.000     0.530 r  gqav7_z19p_system_i/pl_clock_buffer/inst/u_ibufds/IBUFCTRL_INST/O
                         net (fo=1, routed)           0.181     0.711    gqav7_z19p_system_i/pl_clock_buffer/inst/clk_ibuf
    BUFGCE_X0Y168        BUFGCE (Prop_BUFCE_BUFGCE_I_O)
                                                      0.019     0.730 r  gqav7_z19p_system_i/pl_clock_buffer/inst/clk_ibuf_BUFGCE_inst/O
                         net (fo=20, routed)          0.616     1.346    gqav7_z19p_system_i/pl_ddr4_0/inst/u_ddr4_controller/inst/u_ddr4_infrastructure/mmcm_clk_in
    MMCM_X0Y6            MMCME4_ADV (Prop_MMCM_CLKIN1_CLKOUT6)
                                                     -0.295     1.051 r  gqav7_z19p_system_i/pl_ddr4_0/inst/u_ddr4_controller/inst/u_ddr4_infrastructure/gen_mmcme4.u_mmcme_adv_inst/CLKOUT6
                         net (fo=1, routed)           0.176     1.227    gqav7_z19p_system_i/pl_ddr4_0/inst/u_ddr4_controller/inst/u_ddr4_infrastructure/mmcm_clkout6
    BUFGCE_X0Y146        BUFGCE (Prop_BUFCE_BUFGCE_I_O)
                                                      0.019     1.246 r  gqav7_z19p_system_i/pl_ddr4_0/inst/u_ddr4_controller/inst/u_ddr4_infrastructure/u_bufg_riuClk/O
    X2Y5 (CLOCK_ROOT)    net (fo=1744, routed)        1.204     2.451    gqav7_z19p_system_i/pl_ddr4_0/inst/u_ddr4_controller/inst/u_ddr4_infrastructure/c0_riu_clk
    SLICE_X68Y396        FDRE                                         r  gqav7_z19p_system_i/pl_ddr4_0/inst/u_ddr4_controller/inst/u_ddr4_infrastructure/rst_mb_sync_r_reg[0]/C





--------------------------------------------------------------------------------------
Path Group:  (none)
From Clock:  mmcm_clkout0
  To Clock:  mmcm_clkout6

Max Delay             0 Endpoints
Min Delay            35 Endpoints
--------------------------------------------------------------------------------------


Min Delay Paths
--------------------------------------------------------------------------------------
Slack:                    inf
  Source:                 gqav7_z19p_system_i/pl_ddr4_0/inst/u_ddr4_controller/inst/u_ddr4_mem_intfc/rst_r1_reg/C
                            (rising edge-triggered cell FDRE clocked by mmcm_clkout0  {rise@0.000ns fall@1.667ns period=3.333ns})
  Destination:            gqav7_z19p_system_i/pl_ddr4_0/inst/u_ddr4_controller/inst/u_ddr4_mem_intfc/u_fab_rst_sync/SYNC[0].sync_reg_reg[0]/D
                            (rising edge-triggered cell FDRE clocked by mmcm_clkout6  {rise@0.000ns fall@3.333ns period=6.667ns})
  Path Group:             (none)
  Path Type:              Hold (Min at Fast Process Corner)
  Data Path Delay:        0.095ns  (logic 0.039ns (41.053%)  route 0.056ns (58.947%))
  Logic Levels:           0  
  Clock Path Skew:        -0.126ns (DCD - SCD - CPR)
    Destination Clock Delay (DCD):    2.451ns
    Source Clock Delay      (SCD):    2.576ns
    Clock Pessimism Removal (CPR):    -0.000ns
  Clock Uncertainty:      0.176ns  ((TSJ^2 + DJ^2)^1/2) / 2 + PE
    Total System Jitter     (TSJ):    0.071ns
    Discrete Jitter          (DJ):    0.088ns
    Phase Error              (PE):    0.120ns
  Clock Net Delay (Source):      1.075ns (routing 0.394ns, distribution 0.681ns)
  Clock Net Delay (Destination): 1.204ns (routing 0.435ns, distribution 0.769ns)
  Timing Exception:       False Path

    Location             Delay type                Incr(ns)  Path(ns)    Netlist Resource(s)
  -------------------------------------------------------------------    -------------------
                         (clock mmcm_clkout0 rise edge)
                                                      0.000     0.000 r  
    H21                                               0.000     0.000 r  PL_CLK0_clk_p (IN)
                         net (fo=0)                   0.079     0.079    gqav7_z19p_system_i/pl_clock_buffer/inst/u_ibufds/I
    HPIOBDIFFINBUF_X0Y179
                         DIFFINBUF (Prop_DIFFINBUF_HPIOBDIFFINBUF_DIFF_IN_P_O)
                                                      0.282     0.361 r  gqav7_z19p_system_i/pl_clock_buffer/inst/u_ibufds/DIFFINBUF_INST/O
                         net (fo=1, routed)           0.040     0.401    gqav7_z19p_system_i/pl_clock_buffer/inst/u_ibufds/OUT
    H21                  IBUFCTRL (Prop_IBUFCTRL_HPIOB_M_I_O)
                                                      0.000     0.401 r  gqav7_z19p_system_i/pl_clock_buffer/inst/u_ibufds/IBUFCTRL_INST/O
                         net (fo=1, routed)           0.144     0.545    gqav7_z19p_system_i/pl_clock_buffer/inst/clk_ibuf
    BUFGCE_X0Y168        BUFGCE (Prop_BUFCE_BUFGCE_I_O)
                                                      0.017     0.562 r  gqav7_z19p_system_i/pl_clock_buffer/inst/clk_ibuf_BUFGCE_inst/O
                         net (fo=20, routed)          0.546     1.108    gqav7_z19p_system_i/pl_ddr4_0/inst/u_ddr4_controller/inst/u_ddr4_infrastructure/mmcm_clk_in
    MMCM_X0Y6            MMCME4_ADV (Prop_MMCM_CLKIN1_CLKOUT0)
                                                      0.230     1.338 r  gqav7_z19p_system_i/pl_ddr4_0/inst/u_ddr4_controller/inst/u_ddr4_infrastructure/gen_mmcme4.u_mmcme_adv_inst/CLKOUT0
                         net (fo=1, routed)           0.146     1.484    gqav7_z19p_system_i/pl_ddr4_0/inst/u_ddr4_controller/inst/u_ddr4_infrastructure/mmcm_clkout0
    BUFGCE_X0Y150        BUFGCE (Prop_BUFCE_BUFGCE_I_O)
                                                      0.017     1.501 r  gqav7_z19p_system_i/pl_ddr4_0/inst/u_ddr4_controller/inst/u_ddr4_infrastructure/u_bufg_divClk/O
    X2Y5 (CLOCK_ROOT)    net (fo=20545, routed)       1.075     2.576    gqav7_z19p_system_i/pl_ddr4_0/inst/u_ddr4_controller/inst/u_ddr4_mem_intfc/SYNC[18].sync_reg_reg[1]
    SLICE_X55Y409        FDRE                                         r  gqav7_z19p_system_i/pl_ddr4_0/inst/u_ddr4_controller/inst/u_ddr4_mem_intfc/rst_r1_reg/C
  -------------------------------------------------------------------    -------------------
    SLICE_X55Y409        FDRE (Prop_AFF_SLICEL_C_Q)
                                                      0.039     2.615 r  gqav7_z19p_system_i/pl_ddr4_0/inst/u_ddr4_controller/inst/u_ddr4_mem_intfc/rst_r1_reg/Q
                         net (fo=1, routed)           0.056     2.671    gqav7_z19p_system_i/pl_ddr4_0/inst/u_ddr4_controller/inst/u_ddr4_mem_intfc/u_fab_rst_sync/D[0]
    SLICE_X55Y408        FDRE                                         r  gqav7_z19p_system_i/pl_ddr4_0/inst/u_ddr4_controller/inst/u_ddr4_mem_intfc/u_fab_rst_sync/SYNC[0].sync_reg_reg[0]/D
  -------------------------------------------------------------------    -------------------

                         (clock mmcm_clkout6 rise edge)
                                                      0.000     0.000 r  
    H21                                               0.000     0.000 r  PL_CLK0_clk_p (IN)
                         net (fo=0)                   0.100     0.100    gqav7_z19p_system_i/pl_clock_buffer/inst/u_ibufds/I
    HPIOBDIFFINBUF_X0Y179
                         DIFFINBUF (Prop_DIFFINBUF_HPIOBDIFFINBUF_DIFF_IN_P_O)
                                                      0.380     0.480 r  gqav7_z19p_system_i/pl_clock_buffer/inst/u_ibufds/DIFFINBUF_INST/O
                         net (fo=1, routed)           0.050     0.530    gqav7_z19p_system_i/pl_clock_buffer/inst/u_ibufds/OUT
    H21                  IBUFCTRL (Prop_IBUFCTRL_HPIOB_M_I_O)
                                                      0.000     0.530 r  gqav7_z19p_system_i/pl_clock_buffer/inst/u_ibufds/IBUFCTRL_INST/O
                         net (fo=1, routed)           0.181     0.711    gqav7_z19p_system_i/pl_clock_buffer/inst/clk_ibuf
    BUFGCE_X0Y168        BUFGCE (Prop_BUFCE_BUFGCE_I_O)
                                                      0.019     0.730 r  gqav7_z19p_system_i/pl_clock_buffer/inst/clk_ibuf_BUFGCE_inst/O
                         net (fo=20, routed)          0.616     1.346    gqav7_z19p_system_i/pl_ddr4_0/inst/u_ddr4_controller/inst/u_ddr4_infrastructure/mmcm_clk_in
    MMCM_X0Y6            MMCME4_ADV (Prop_MMCM_CLKIN1_CLKOUT6)
                                                     -0.295     1.051 r  gqav7_z19p_system_i/pl_ddr4_0/inst/u_ddr4_controller/inst/u_ddr4_infrastructure/gen_mmcme4.u_mmcme_adv_inst/CLKOUT6
                         net (fo=1, routed)           0.176     1.227    gqav7_z19p_system_i/pl_ddr4_0/inst/u_ddr4_controller/inst/u_ddr4_infrastructure/mmcm_clkout6
    BUFGCE_X0Y146        BUFGCE (Prop_BUFCE_BUFGCE_I_O)
                                                      0.019     1.246 r  gqav7_z19p_system_i/pl_ddr4_0/inst/u_ddr4_controller/inst/u_ddr4_infrastructure/u_bufg_riuClk/O
    X2Y5 (CLOCK_ROOT)    net (fo=1744, routed)        1.204     2.451    gqav7_z19p_system_i/pl_ddr4_0/inst/u_ddr4_controller/inst/u_ddr4_mem_intfc/u_fab_rst_sync/CLK
    SLICE_X55Y408        FDRE                                         r  gqav7_z19p_system_i/pl_ddr4_0/inst/u_ddr4_controller/inst/u_ddr4_mem_intfc/u_fab_rst_sync/SYNC[0].sync_reg_reg[0]/C





--------------------------------------------------------------------------------------
Path Group:  (none)
From Clock:  mmcm_clkout6
  To Clock:  mmcm_clkout6

Max Delay             2 Endpoints
Min Delay           486 Endpoints
--------------------------------------------------------------------------------------


Max Delay Paths
--------------------------------------------------------------------------------------
Slack:                    inf
  Source:                 gqav7_z19p_system_i/pl_ddr4_0/inst/u_ddr4_controller/inst/u_ddr4_infrastructure/rst_mb_logic_r1_reg/C
                            (rising edge-triggered cell FDRE clocked by mmcm_clkout6  {rise@0.000ns fall@3.333ns period=6.667ns})
  Destination:            gqav7_z19p_system_i/pl_ddr4_0/inst/u_ddr4_controller/inst/u_ddr4_mem_intfc/u_ddr_cal_riu/mcs0/inst/rst_0/U0/EXT_LPF/ACTIVE_HIGH_EXT.ACT_HI_EXT/syncstages_ff_reg[0]/D
                            (rising edge-triggered cell FDRE clocked by mmcm_clkout6  {rise@0.000ns fall@3.333ns period=6.667ns})
  Path Group:             (none)
  Path Type:              Setup (Max at Slow Process Corner)
  Data Path Delay:        0.289ns  (logic 0.079ns (27.314%)  route 0.210ns (72.686%))
  Logic Levels:           0  
  Clock Path Skew:        0.218ns (DCD - SCD + CPR)
    Destination Clock Delay (DCD):    4.324ns
    Source Clock Delay      (SCD):    4.105ns
    Clock Pessimism Removal (CPR):    0.000ns
  Clock Uncertainty:      0.056ns  ((TSJ^2 + DJ^2)^1/2) / 2 + PE
    Total System Jitter     (TSJ):    0.071ns
    Discrete Jitter          (DJ):    0.088ns
    Phase Error              (PE):    0.000ns
  Clock Net Delay (Source):      1.938ns (routing 0.704ns, distribution 1.234ns)
  Clock Net Delay (Destination): 1.722ns (routing 0.639ns, distribution 1.083ns)
  Timing Exception:       False Path

    Location             Delay type                Incr(ns)  Path(ns)    Netlist Resource(s)
  -------------------------------------------------------------------    -------------------
                         (clock mmcm_clkout6 rise edge)
                                                      0.000     0.000 r  
    H21                                               0.000     0.000 r  PL_CLK0_clk_p (IN)
                         net (fo=0)                   0.100     0.100    gqav7_z19p_system_i/pl_clock_buffer/inst/u_ibufds/I
    HPIOBDIFFINBUF_X0Y179
                         DIFFINBUF (Prop_DIFFINBUF_HPIOBDIFFINBUF_DIFF_IN_P_O)
                                                      0.523     0.623 r  gqav7_z19p_system_i/pl_clock_buffer/inst/u_ibufds/DIFFINBUF_INST/O
                         net (fo=1, routed)           0.050     0.673    gqav7_z19p_system_i/pl_clock_buffer/inst/u_ibufds/OUT
    H21                  IBUFCTRL (Prop_IBUFCTRL_HPIOB_M_I_O)
                                                      0.000     0.673 r  gqav7_z19p_system_i/pl_clock_buffer/inst/u_ibufds/IBUFCTRL_INST/O
                         net (fo=1, routed)           0.323     0.996    gqav7_z19p_system_i/pl_clock_buffer/inst/clk_ibuf
    BUFGCE_X0Y168        BUFGCE (Prop_BUFCE_BUFGCE_I_O)
                                                      0.028     1.024 r  gqav7_z19p_system_i/pl_clock_buffer/inst/clk_ibuf_BUFGCE_inst/O
                         net (fo=20, routed)          0.981     2.005    gqav7_z19p_system_i/pl_ddr4_0/inst/u_ddr4_controller/inst/u_ddr4_infrastructure/mmcm_clk_in
    MMCM_X0Y6            MMCME4_ADV (Prop_MMCM_CLKIN1_CLKOUT6)
                                                     -0.127     1.878 r  gqav7_z19p_system_i/pl_ddr4_0/inst/u_ddr4_controller/inst/u_ddr4_infrastructure/gen_mmcme4.u_mmcme_adv_inst/CLKOUT6
                         net (fo=1, routed)           0.261     2.139    gqav7_z19p_system_i/pl_ddr4_0/inst/u_ddr4_controller/inst/u_ddr4_infrastructure/mmcm_clkout6
    BUFGCE_X0Y146        BUFGCE (Prop_BUFCE_BUFGCE_I_O)
                                                      0.028     2.167 r  gqav7_z19p_system_i/pl_ddr4_0/inst/u_ddr4_controller/inst/u_ddr4_infrastructure/u_bufg_riuClk/O
    X2Y5 (CLOCK_ROOT)    net (fo=1744, routed)        1.938     4.105    gqav7_z19p_system_i/pl_ddr4_0/inst/u_ddr4_controller/inst/u_ddr4_infrastructure/c0_riu_clk
    SLICE_X69Y394        FDRE                                         r  gqav7_z19p_system_i/pl_ddr4_0/inst/u_ddr4_controller/inst/u_ddr4_infrastructure/rst_mb_logic_r1_reg/C
  -------------------------------------------------------------------    -------------------
    SLICE_X69Y394        FDRE (Prop_AFF_SLICEL_C_Q)
                                                      0.079     4.184 r  gqav7_z19p_system_i/pl_ddr4_0/inst/u_ddr4_controller/inst/u_ddr4_infrastructure/rst_mb_logic_r1_reg/Q
                         net (fo=5, routed)           0.210     4.395    gqav7_z19p_system_i/pl_ddr4_0/inst/u_ddr4_controller/inst/u_ddr4_mem_intfc/u_ddr_cal_riu/mcs0/inst/rst_0/U0/EXT_LPF/ACTIVE_HIGH_EXT.ACT_HI_EXT/src_in
    SLICE_X69Y391        FDRE                                         r  gqav7_z19p_system_i/pl_ddr4_0/inst/u_ddr4_controller/inst/u_ddr4_mem_intfc/u_ddr_cal_riu/mcs0/inst/rst_0/U0/EXT_LPF/ACTIVE_HIGH_EXT.ACT_HI_EXT/syncstages_ff_reg[0]/D
  -------------------------------------------------------------------    -------------------

                         (clock mmcm_clkout6 rise edge)
                                                      0.000     0.000 r  
    H21                                               0.000     0.000 r  PL_CLK0_clk_p (IN)
                         net (fo=0)                   0.079     0.079    gqav7_z19p_system_i/pl_clock_buffer/inst/u_ibufds/I
    HPIOBDIFFINBUF_X0Y179
                         DIFFINBUF (Prop_DIFFINBUF_HPIOBDIFFINBUF_DIFF_IN_P_O)
                                                      0.427     0.506 r  gqav7_z19p_system_i/pl_clock_buffer/inst/u_ibufds/DIFFINBUF_INST/O
                         net (fo=1, routed)           0.040     0.546    gqav7_z19p_system_i/pl_clock_buffer/inst/u_ibufds/OUT
    H21                  IBUFCTRL (Prop_IBUFCTRL_HPIOB_M_I_O)
                                                      0.000     0.546 r  gqav7_z19p_system_i/pl_clock_buffer/inst/u_ibufds/IBUFCTRL_INST/O
                         net (fo=1, routed)           0.286     0.832    gqav7_z19p_system_i/pl_clock_buffer/inst/clk_ibuf
    BUFGCE_X0Y168        BUFGCE (Prop_BUFCE_BUFGCE_I_O)
                                                      0.024     0.856 r  gqav7_z19p_system_i/pl_clock_buffer/inst/clk_ibuf_BUFGCE_inst/O
                         net (fo=20, routed)          0.866     1.722    gqav7_z19p_system_i/pl_ddr4_0/inst/u_ddr4_controller/inst/u_ddr4_infrastructure/mmcm_clk_in
    MMCM_X0Y6            MMCME4_ADV (Prop_MMCM_CLKIN1_CLKOUT6)
                                                      0.630     2.352 r  gqav7_z19p_system_i/pl_ddr4_0/inst/u_ddr4_controller/inst/u_ddr4_infrastructure/gen_mmcme4.u_mmcme_adv_inst/CLKOUT6
                         net (fo=1, routed)           0.226     2.578    gqav7_z19p_system_i/pl_ddr4_0/inst/u_ddr4_controller/inst/u_ddr4_infrastructure/mmcm_clkout6
    BUFGCE_X0Y146        BUFGCE (Prop_BUFCE_BUFGCE_I_O)
                                                      0.024     2.602 r  gqav7_z19p_system_i/pl_ddr4_0/inst/u_ddr4_controller/inst/u_ddr4_infrastructure/u_bufg_riuClk/O
    X2Y5 (CLOCK_ROOT)    net (fo=1744, routed)        1.722     4.324    gqav7_z19p_system_i/pl_ddr4_0/inst/u_ddr4_controller/inst/u_ddr4_mem_intfc/u_ddr_cal_riu/mcs0/inst/rst_0/U0/EXT_LPF/ACTIVE_HIGH_EXT.ACT_HI_EXT/dest_clk
    SLICE_X69Y391        FDRE                                         r  gqav7_z19p_system_i/pl_ddr4_0/inst/u_ddr4_controller/inst/u_ddr4_mem_intfc/u_ddr_cal_riu/mcs0/inst/rst_0/U0/EXT_LPF/ACTIVE_HIGH_EXT.ACT_HI_EXT/syncstages_ff_reg[0]/C





Min Delay Paths
--------------------------------------------------------------------------------------
Slack:                    inf
  Source:                 gqav7_z19p_system_i/pl_ddr4_0/inst/u_ddr4_controller/inst/u_ddr4_mem_intfc/u_ddr_cal_riu/mcs0/inst/rst_0/U0/FDRE_inst/C
                            (rising edge-triggered cell FDRE clocked by mmcm_clkout6  {rise@0.000ns fall@3.333ns period=6.667ns})
  Destination:            gqav7_z19p_system_wrapper/gqav7_z19p_system/gqav7_z19p_system_pl_ddr4_0_0/gqav7_z19p_system_pl_ddr4_0_0_gqav5_pl_ddr4_axi_wrapper/ddr4_controller/ddr4_controller_ddr4/ddr4_controller_ddr4_mem_intfc/ddr4_controller_ddr4_cal_riu/ddr4_controller_microblaze_mcs/ddr4_controller_bd_a471/ddr4_controller_bd_a471_microblaze_I_0/<hidden>/<hidden>/<hidden>
                            (rising edge-triggered cell FDRE clocked by mmcm_clkout6  {rise@0.000ns fall@3.333ns period=6.667ns})
  Path Group:             (none)
  Path Type:              Hold (Min at Fast Process Corner)
  Data Path Delay:        0.116ns  (logic 0.040ns (34.483%)  route 0.076ns (65.517%))
  Logic Levels:           0  
  Clock Path Skew:        -0.132ns (DCD - SCD - CPR)
    Destination Clock Delay (DCD):    2.453ns
    Source Clock Delay      (SCD):    2.585ns
    Clock Pessimism Removal (CPR):    -0.000ns
  Clock Uncertainty:      0.056ns  ((TSJ^2 + DJ^2)^1/2) / 2 + PE
    Total System Jitter     (TSJ):    0.071ns
    Discrete Jitter          (DJ):    0.088ns
    Phase Error              (PE):    0.000ns
  Clock Net Delay (Source):      1.075ns (routing 0.391ns, distribution 0.684ns)
  Clock Net Delay (Destination): 1.206ns (routing 0.435ns, distribution 0.771ns)
  Timing Exception:       False Path

    Location             Delay type                Incr(ns)  Path(ns)    Netlist Resource(s)
  -------------------------------------------------------------------    -------------------
                         (clock mmcm_clkout6 rise edge)
                                                      0.000     0.000 r  
    H21                                               0.000     0.000 r  PL_CLK0_clk_p (IN)
                         net (fo=0)                   0.079     0.079    gqav7_z19p_system_i/pl_clock_buffer/inst/u_ibufds/I
    HPIOBDIFFINBUF_X0Y179
                         DIFFINBUF (Prop_DIFFINBUF_HPIOBDIFFINBUF_DIFF_IN_P_O)
                                                      0.282     0.361 r  gqav7_z19p_system_i/pl_clock_buffer/inst/u_ibufds/DIFFINBUF_INST/O
                         net (fo=1, routed)           0.040     0.401    gqav7_z19p_system_i/pl_clock_buffer/inst/u_ibufds/OUT
    H21                  IBUFCTRL (Prop_IBUFCTRL_HPIOB_M_I_O)
                                                      0.000     0.401 r  gqav7_z19p_system_i/pl_clock_buffer/inst/u_ibufds/IBUFCTRL_INST/O
                         net (fo=1, routed)           0.144     0.545    gqav7_z19p_system_i/pl_clock_buffer/inst/clk_ibuf
    BUFGCE_X0Y168        BUFGCE (Prop_BUFCE_BUFGCE_I_O)
                                                      0.017     0.562 r  gqav7_z19p_system_i/pl_clock_buffer/inst/clk_ibuf_BUFGCE_inst/O
                         net (fo=20, routed)          0.546     1.108    gqav7_z19p_system_i/pl_ddr4_0/inst/u_ddr4_controller/inst/u_ddr4_infrastructure/mmcm_clk_in
    MMCM_X0Y6            MMCME4_ADV (Prop_MMCM_CLKIN1_CLKOUT6)
                                                      0.230     1.338 r  gqav7_z19p_system_i/pl_ddr4_0/inst/u_ddr4_controller/inst/u_ddr4_infrastructure/gen_mmcme4.u_mmcme_adv_inst/CLKOUT6
                         net (fo=1, routed)           0.155     1.493    gqav7_z19p_system_i/pl_ddr4_0/inst/u_ddr4_controller/inst/u_ddr4_infrastructure/mmcm_clkout6
    BUFGCE_X0Y146        BUFGCE (Prop_BUFCE_BUFGCE_I_O)
                                                      0.017     1.510 r  gqav7_z19p_system_i/pl_ddr4_0/inst/u_ddr4_controller/inst/u_ddr4_infrastructure/u_bufg_riuClk/O
    X2Y5 (CLOCK_ROOT)    net (fo=1744, routed)        1.075     2.585    gqav7_z19p_system_i/pl_ddr4_0/inst/u_ddr4_controller/inst/u_ddr4_mem_intfc/u_ddr_cal_riu/mcs0/inst/rst_0/U0/slowest_sync_clk
    SLICE_X69Y389        FDRE                                         r  gqav7_z19p_system_i/pl_ddr4_0/inst/u_ddr4_controller/inst/u_ddr4_mem_intfc/u_ddr_cal_riu/mcs0/inst/rst_0/U0/FDRE_inst/C
  -------------------------------------------------------------------    -------------------
    SLICE_X69Y389        FDRE (Prop_EFF2_SLICEL_C_Q)
                                                      0.040     2.625 r  gqav7_z19p_system_i/pl_ddr4_0/inst/u_ddr4_controller/inst/u_ddr4_mem_intfc/u_ddr_cal_riu/mcs0/inst/rst_0/U0/FDRE_inst/Q
                         net (fo=1, routed)           0.076     2.701    gqav7_z19p_system_wrapper/gqav7_z19p_system/gqav7_z19p_system_pl_ddr4_0_0/gqav7_z19p_system_pl_ddr4_0_0_gqav5_pl_ddr4_axi_wrapper/ddr4_controller/ddr4_controller_ddr4/ddr4_controller_ddr4_mem_intfc/ddr4_controller_ddr4_cal_riu/ddr4_controller_microblaze_mcs/ddr4_controller_bd_a471/ddr4_controller_bd_a471_microblaze_I_0/<hidden>/<hidden>/<hidden>
    SLICE_X68Y389        FDRE                                         r  gqav7_z19p_system_wrapper/gqav7_z19p_system/gqav7_z19p_system_pl_ddr4_0_0/gqav7_z19p_system_pl_ddr4_0_0_gqav5_pl_ddr4_axi_wrapper/ddr4_controller/ddr4_controller_ddr4/ddr4_controller_ddr4_mem_intfc/ddr4_controller_ddr4_cal_riu/ddr4_controller_microblaze_mcs/ddr4_controller_bd_a471/ddr4_controller_bd_a471_microblaze_I_0/<hidden>/<hidden>/<hidden>
  -------------------------------------------------------------------    -------------------

                         (clock mmcm_clkout6 rise edge)
                                                      0.000     0.000 r  
    H21                                               0.000     0.000 r  PL_CLK0_clk_p (IN)
                         net (fo=0)                   0.100     0.100    gqav7_z19p_system_i/pl_clock_buffer/inst/u_ibufds/I
    HPIOBDIFFINBUF_X0Y179
                         DIFFINBUF (Prop_DIFFINBUF_HPIOBDIFFINBUF_DIFF_IN_P_O)
                                                      0.380     0.480 r  gqav7_z19p_system_i/pl_clock_buffer/inst/u_ibufds/DIFFINBUF_INST/O
                         net (fo=1, routed)           0.050     0.530    gqav7_z19p_system_i/pl_clock_buffer/inst/u_ibufds/OUT
    H21                  IBUFCTRL (Prop_IBUFCTRL_HPIOB_M_I_O)
                                                      0.000     0.530 r  gqav7_z19p_system_i/pl_clock_buffer/inst/u_ibufds/IBUFCTRL_INST/O
                         net (fo=1, routed)           0.181     0.711    gqav7_z19p_system_i/pl_clock_buffer/inst/clk_ibuf
    BUFGCE_X0Y168        BUFGCE (Prop_BUFCE_BUFGCE_I_O)
                                                      0.019     0.730 r  gqav7_z19p_system_i/pl_clock_buffer/inst/clk_ibuf_BUFGCE_inst/O
                         net (fo=20, routed)          0.616     1.346    gqav7_z19p_system_i/pl_ddr4_0/inst/u_ddr4_controller/inst/u_ddr4_infrastructure/mmcm_clk_in
    MMCM_X0Y6            MMCME4_ADV (Prop_MMCM_CLKIN1_CLKOUT6)
                                                     -0.295     1.051 r  gqav7_z19p_system_i/pl_ddr4_0/inst/u_ddr4_controller/inst/u_ddr4_infrastructure/gen_mmcme4.u_mmcme_adv_inst/CLKOUT6
                         net (fo=1, routed)           0.176     1.227    gqav7_z19p_system_i/pl_ddr4_0/inst/u_ddr4_controller/inst/u_ddr4_infrastructure/mmcm_clkout6
    BUFGCE_X0Y146        BUFGCE (Prop_BUFCE_BUFGCE_I_O)
                                                      0.019     1.246 r  gqav7_z19p_system_i/pl_ddr4_0/inst/u_ddr4_controller/inst/u_ddr4_infrastructure/u_bufg_riuClk/O
    X2Y5 (CLOCK_ROOT)    net (fo=1744, routed)        1.206     2.453    gqav7_z19p_system_wrapper/gqav7_z19p_system/gqav7_z19p_system_pl_ddr4_0_0/gqav7_z19p_system_pl_ddr4_0_0_gqav5_pl_ddr4_axi_wrapper/ddr4_controller/ddr4_controller_ddr4/ddr4_controller_ddr4_mem_intfc/ddr4_controller_ddr4_cal_riu/ddr4_controller_microblaze_mcs/ddr4_controller_bd_a471/ddr4_controller_bd_a471_microblaze_I_0/<hidden>/<hidden>/<hidden>
    SLICE_X68Y389        FDRE                                         r  gqav7_z19p_system_wrapper/gqav7_z19p_system/gqav7_z19p_system_pl_ddr4_0_0/gqav7_z19p_system_pl_ddr4_0_0_gqav5_pl_ddr4_axi_wrapper/ddr4_controller/ddr4_controller_ddr4/ddr4_controller_ddr4_mem_intfc/ddr4_controller_ddr4_cal_riu/ddr4_controller_microblaze_mcs/ddr4_controller_bd_a471/ddr4_controller_bd_a471_microblaze_I_0/<hidden>/<hidden>/<hidden>





--------------------------------------------------------------------------------------
Path Group:  (none)
From Clock:  mmcm_clkout0
  To Clock:  

Max Delay             1 Endpoint
Min Delay             1 Endpoint
--------------------------------------------------------------------------------------


Max Delay Paths
--------------------------------------------------------------------------------------
Slack:                    inf
  Source:                 gqav7_z19p_system_i/pl_ddr4_0/inst/u_ddr4_controller/inst/u_ddr4_mem_intfc/u_ddr_cal_top/cal_RESET_n_reg[0]/C
                            (rising edge-triggered cell FDRE clocked by mmcm_clkout0  {rise@0.000ns fall@1.667ns period=3.333ns})
  Destination:            c0_ddr4_reset_n
                            (output port)
  Path Group:             (none)
  Path Type:              Max at Slow Process Corner
  Data Path Delay:        2.883ns  (logic 0.918ns (31.831%)  route 1.965ns (68.169%))
  Logic Levels:           1  (OBUF=1)
  Clock Uncertainty:      0.123ns  ((TSJ^2 + DJ^2)^1/2) / 2 + PE
    Total System Jitter     (TSJ):    0.050ns
    Discrete Jitter          (DJ):    0.077ns
    Phase Error              (PE):    0.077ns
  Clock Net Delay (Source):      1.904ns (routing 0.714ns, distribution 1.190ns)

    Location             Delay type                Incr(ns)  Path(ns)    Netlist Resource(s)
  -------------------------------------------------------------------    -------------------
                         (clock mmcm_clkout0 rise edge)
                                                      0.000     0.000 r  
    H21                                               0.000     0.000 r  PL_CLK0_clk_p (IN)
                         net (fo=0)                   0.100     0.100    gqav7_z19p_system_i/pl_clock_buffer/inst/u_ibufds/I
    HPIOBDIFFINBUF_X0Y179
                         DIFFINBUF (Prop_DIFFINBUF_HPIOBDIFFINBUF_DIFF_IN_P_O)
                                                      0.523     0.623 r  gqav7_z19p_system_i/pl_clock_buffer/inst/u_ibufds/DIFFINBUF_INST/O
                         net (fo=1, routed)           0.050     0.673    gqav7_z19p_system_i/pl_clock_buffer/inst/u_ibufds/OUT
    H21                  IBUFCTRL (Prop_IBUFCTRL_HPIOB_M_I_O)
                                                      0.000     0.673 r  gqav7_z19p_system_i/pl_clock_buffer/inst/u_ibufds/IBUFCTRL_INST/O
                         net (fo=1, routed)           0.323     0.996    gqav7_z19p_system_i/pl_clock_buffer/inst/clk_ibuf
    BUFGCE_X0Y168        BUFGCE (Prop_BUFCE_BUFGCE_I_O)
                                                      0.028     1.024 r  gqav7_z19p_system_i/pl_clock_buffer/inst/clk_ibuf_BUFGCE_inst/O
                         net (fo=20, routed)          0.981     2.005    gqav7_z19p_system_i/pl_ddr4_0/inst/u_ddr4_controller/inst/u_ddr4_infrastructure/mmcm_clk_in
    MMCM_X0Y6            MMCME4_ADV (Prop_MMCM_CLKIN1_CLKOUT0)
                                                     -0.127     1.878 r  gqav7_z19p_system_i/pl_ddr4_0/inst/u_ddr4_controller/inst/u_ddr4_infrastructure/gen_mmcme4.u_mmcme_adv_inst/CLKOUT0
                         net (fo=1, routed)           0.245     2.123    gqav7_z19p_system_i/pl_ddr4_0/inst/u_ddr4_controller/inst/u_ddr4_infrastructure/mmcm_clkout0
    BUFGCE_X0Y150        BUFGCE (Prop_BUFCE_BUFGCE_I_O)
                                                      0.028     2.151 r  gqav7_z19p_system_i/pl_ddr4_0/inst/u_ddr4_controller/inst/u_ddr4_infrastructure/u_bufg_divClk/O
    X2Y5 (CLOCK_ROOT)    net (fo=20545, routed)       1.904     4.056    gqav7_z19p_system_i/pl_ddr4_0/inst/u_ddr4_controller/inst/u_ddr4_mem_intfc/u_ddr_cal_top/dReg_reg[13]
    SLICE_X55Y350        FDRE                                         r  gqav7_z19p_system_i/pl_ddr4_0/inst/u_ddr4_controller/inst/u_ddr4_mem_intfc/u_ddr_cal_top/cal_RESET_n_reg[0]/C
  -------------------------------------------------------------------    -------------------
    SLICE_X55Y350        FDRE (Prop_HFF_SLICEL_C_Q)
                                                      0.079     4.135 r  gqav7_z19p_system_i/pl_ddr4_0/inst/u_ddr4_controller/inst/u_ddr4_mem_intfc/u_ddr_cal_top/cal_RESET_n_reg[0]/Q
                         net (fo=1, routed)           1.965     6.100    gqav7_z19p_system_i/pl_ddr4_0/inst/u_ddr4_controller/inst/u_ddr4_mem_intfc/u_mig_ddr4_phy/inst/cal_RESET_n[0]
    F23                  OBUF (Prop_OUTBUF_HPIOB_M_I_O)
                                                      0.839     6.938 r  gqav7_z19p_system_i/pl_ddr4_0/inst/u_ddr4_controller/inst/u_ddr4_mem_intfc/u_mig_ddr4_phy/inst/OBUF_reset_n/O
                         net (fo=0)                   0.000     6.938    c0_ddr4_reset_n
    F23                                                               r  c0_ddr4_reset_n (OUT)
  -------------------------------------------------------------------    -------------------





Min Delay Paths
--------------------------------------------------------------------------------------
Slack:                    inf
  Source:                 gqav7_z19p_system_i/pl_ddr4_0/inst/u_ddr4_controller/inst/u_ddr4_mem_intfc/u_ddr_cal_top/cal_RESET_n_reg[0]/C
                            (rising edge-triggered cell FDRE clocked by mmcm_clkout0  {rise@0.000ns fall@1.667ns period=3.333ns})
  Destination:            c0_ddr4_reset_n
                            (output port)
  Path Group:             (none)
  Path Type:              Min at Fast Process Corner
  Data Path Delay:        1.382ns  (logic 0.451ns (32.646%)  route 0.931ns (67.354%))
  Logic Levels:           1  (OBUF=1)
  Clock Uncertainty:      0.123ns  ((TSJ^2 + DJ^2)^1/2) / 2 + PE
    Total System Jitter     (TSJ):    0.050ns
    Discrete Jitter          (DJ):    0.077ns
    Phase Error              (PE):    0.077ns
  Clock Net Delay (Source):      1.050ns (routing 0.394ns, distribution 0.656ns)

    Location             Delay type                Incr(ns)  Path(ns)    Netlist Resource(s)
  -------------------------------------------------------------------    -------------------
                         (clock mmcm_clkout0 rise edge)
                                                      0.000     0.000 r  
    H21                                               0.000     0.000 r  PL_CLK0_clk_p (IN)
                         net (fo=0)                   0.079     0.079    gqav7_z19p_system_i/pl_clock_buffer/inst/u_ibufds/I
    HPIOBDIFFINBUF_X0Y179
                         DIFFINBUF (Prop_DIFFINBUF_HPIOBDIFFINBUF_DIFF_IN_P_O)
                                                      0.282     0.361 r  gqav7_z19p_system_i/pl_clock_buffer/inst/u_ibufds/DIFFINBUF_INST/O
                         net (fo=1, routed)           0.040     0.401    gqav7_z19p_system_i/pl_clock_buffer/inst/u_ibufds/OUT
    H21                  IBUFCTRL (Prop_IBUFCTRL_HPIOB_M_I_O)
                                                      0.000     0.401 r  gqav7_z19p_system_i/pl_clock_buffer/inst/u_ibufds/IBUFCTRL_INST/O
                         net (fo=1, routed)           0.144     0.545    gqav7_z19p_system_i/pl_clock_buffer/inst/clk_ibuf
    BUFGCE_X0Y168        BUFGCE (Prop_BUFCE_BUFGCE_I_O)
                                                      0.017     0.562 r  gqav7_z19p_system_i/pl_clock_buffer/inst/clk_ibuf_BUFGCE_inst/O
                         net (fo=20, routed)          0.546     1.108    gqav7_z19p_system_i/pl_ddr4_0/inst/u_ddr4_controller/inst/u_ddr4_infrastructure/mmcm_clk_in
    MMCM_X0Y6            MMCME4_ADV (Prop_MMCM_CLKIN1_CLKOUT0)
                                                      0.230     1.338 r  gqav7_z19p_system_i/pl_ddr4_0/inst/u_ddr4_controller/inst/u_ddr4_infrastructure/gen_mmcme4.u_mmcme_adv_inst/CLKOUT0
                         net (fo=1, routed)           0.146     1.484    gqav7_z19p_system_i/pl_ddr4_0/inst/u_ddr4_controller/inst/u_ddr4_infrastructure/mmcm_clkout0
    BUFGCE_X0Y150        BUFGCE (Prop_BUFCE_BUFGCE_I_O)
                                                      0.017     1.501 r  gqav7_z19p_system_i/pl_ddr4_0/inst/u_ddr4_controller/inst/u_ddr4_infrastructure/u_bufg_divClk/O
    X2Y5 (CLOCK_ROOT)    net (fo=20545, routed)       1.050     2.551    gqav7_z19p_system_i/pl_ddr4_0/inst/u_ddr4_controller/inst/u_ddr4_mem_intfc/u_ddr_cal_top/dReg_reg[13]
    SLICE_X55Y350        FDRE                                         r  gqav7_z19p_system_i/pl_ddr4_0/inst/u_ddr4_controller/inst/u_ddr4_mem_intfc/u_ddr_cal_top/cal_RESET_n_reg[0]/C
  -------------------------------------------------------------------    -------------------
    SLICE_X55Y350        FDRE (Prop_HFF_SLICEL_C_Q)
                                                      0.039     2.590 r  gqav7_z19p_system_i/pl_ddr4_0/inst/u_ddr4_controller/inst/u_ddr4_mem_intfc/u_ddr_cal_top/cal_RESET_n_reg[0]/Q
                         net (fo=1, routed)           0.931     3.521    gqav7_z19p_system_i/pl_ddr4_0/inst/u_ddr4_controller/inst/u_ddr4_mem_intfc/u_mig_ddr4_phy/inst/cal_RESET_n[0]
    F23                  OBUF (Prop_OUTBUF_HPIOB_M_I_O)
                                                      0.412     3.933 r  gqav7_z19p_system_i/pl_ddr4_0/inst/u_ddr4_controller/inst/u_ddr4_mem_intfc/u_mig_ddr4_phy/inst/OBUF_reset_n/O
                         net (fo=0)                   0.000     3.933    c0_ddr4_reset_n
    F23                                                               r  c0_ddr4_reset_n (OUT)
  -------------------------------------------------------------------    -------------------





--------------------------------------------------------------------------------------
Path Group:  (none)
From Clock:  
  To Clock:  PL_CLK0_200M

Max Delay             2 Endpoints
Min Delay             2 Endpoints
--------------------------------------------------------------------------------------


Max Delay Paths
--------------------------------------------------------------------------------------
Slack:                    inf
  Source:                 gqav7_z19p_system_i/pl_ddr4_0/inst/u_ddr4_controller/inst/u_ddr4_mem_intfc/u_mig_ddr4_phy/inst/u_ddr4_phy_pll/plle_loop[0].gen_plle4.PLLE4_BASE_INST_OTHER/LOCKED
                            (internal pin)
  Destination:            gqav7_z19p_system_i/pl_ddr4_0/inst/u_ddr4_controller/inst/u_ddr4_infrastructure/rst_async_riu_div_reg/D
                            (rising edge-triggered cell FDRE clocked by PL_CLK0_200M  {rise@0.000ns fall@2.500ns period=5.000ns})
  Path Group:             (none)
  Path Type:              Setup (Max at Slow Process Corner)
  Data Path Delay:        1.812ns  (logic 0.308ns (16.998%)  route 1.504ns (83.002%))
  Logic Levels:           2  (LUT3=2)
  Clock Uncertainty:      0.025ns  ((TSJ^2 + TIJ^2)^1/2 + DJ) / 2 + PE
    Total System Jitter     (TSJ):    0.050ns
    Total Input Jitter      (TIJ):    0.000ns
    Discrete Jitter          (DJ):    0.000ns
    Phase Error              (PE):    0.000ns
  Clock Net Delay (Destination): 1.037ns (routing 0.155ns, distribution 0.882ns)

    Location             Delay type                Incr(ns)  Path(ns)    Netlist Resource(s)
  -------------------------------------------------------------------    -------------------
    PLL_X0Y11            PLLE4_ADV                    0.000     0.000 f  gqav7_z19p_system_i/pl_ddr4_0/inst/u_ddr4_controller/inst/u_ddr4_mem_intfc/u_mig_ddr4_phy/inst/u_ddr4_phy_pll/plle_loop[0].gen_plle4.PLLE4_BASE_INST_OTHER/LOCKED
                         net (fo=1, routed)           0.836     0.836    gqav7_z19p_system_i/pl_ddr4_0/inst/u_ddr4_controller/inst/u_ddr4_mem_intfc/u_mig_ddr4_phy/inst/u_ddr4_phy_pll/pll_lock_i[0]
    SLICE_X41Y388        LUT3 (Prop_F6LUT_SLICEL_I0_O)
                                                      0.148     0.984 f  gqav7_z19p_system_i/pl_ddr4_0/inst/u_ddr4_controller/inst/u_ddr4_mem_intfc/u_mig_ddr4_phy/inst/u_ddr4_phy_pll/pll_lock__0/O
                         net (fo=1, routed)           0.493     1.477    gqav7_z19p_system_i/pl_ddr4_0/inst/u_ddr4_controller/inst/u_ddr4_infrastructure/pll_lock
    SLICE_X67Y395        LUT3 (Prop_G5LUT_SLICEL_I2_O)
                                                      0.160     1.637 r  gqav7_z19p_system_i/pl_ddr4_0/inst/u_ddr4_controller/inst/u_ddr4_infrastructure/rst_async_riu_div_i_1/O
                         net (fo=1, routed)           0.175     1.812    gqav7_z19p_system_i/pl_ddr4_0/inst/u_ddr4_controller/inst/u_ddr4_infrastructure/rst_async_riu_div_reg0
    SLICE_X67Y396        FDRE                                         r  gqav7_z19p_system_i/pl_ddr4_0/inst/u_ddr4_controller/inst/u_ddr4_infrastructure/rst_async_riu_div_reg/D
  -------------------------------------------------------------------    -------------------

                         (clock PL_CLK0_200M rise edge)
                                                      0.000     0.000 r  
    H21                                               0.000     0.000 r  PL_CLK0_clk_p (IN)
                         net (fo=0)                   0.079     0.079    gqav7_z19p_system_i/pl_clock_buffer/inst/u_ibufds/I
    HPIOBDIFFINBUF_X0Y179
                         DIFFINBUF (Prop_DIFFINBUF_HPIOBDIFFINBUF_DIFF_IN_P_O)
                                                      0.427     0.506 r  gqav7_z19p_system_i/pl_clock_buffer/inst/u_ibufds/DIFFINBUF_INST/O
                         net (fo=1, routed)           0.040     0.546    gqav7_z19p_system_i/pl_clock_buffer/inst/u_ibufds/OUT
    H21                  IBUFCTRL (Prop_IBUFCTRL_HPIOB_M_I_O)
                                                      0.000     0.546 r  gqav7_z19p_system_i/pl_clock_buffer/inst/u_ibufds/IBUFCTRL_INST/O
                         net (fo=1, routed)           0.286     0.832    gqav7_z19p_system_i/pl_clock_buffer/inst/clk_ibuf
    BUFGCE_X0Y168        BUFGCE (Prop_BUFCE_BUFGCE_I_O)
                                                      0.024     0.856 r  gqav7_z19p_system_i/pl_clock_buffer/inst/clk_ibuf_BUFGCE_inst/O
    X2Y7 (CLOCK_ROOT)    net (fo=20, routed)          1.037     1.893    gqav7_z19p_system_i/pl_ddr4_0/inst/u_ddr4_controller/inst/u_ddr4_infrastructure/sys_clk_in
    SLICE_X67Y396        FDRE                                         r  gqav7_z19p_system_i/pl_ddr4_0/inst/u_ddr4_controller/inst/u_ddr4_infrastructure/rst_async_riu_div_reg/C





Min Delay Paths
--------------------------------------------------------------------------------------
Slack:                    inf
  Source:                 gqav7_z19p_system_i/pl_ddr4_0/inst/u_ddr4_controller/inst/u_ddr4_mem_intfc/u_mig_ddr4_phy/inst/u_ddr4_phy_pll/plle_loop[1].gen_plle4.PLLE4_BASE_INST_OTHER/LOCKED
                            (internal pin)
  Destination:            gqav7_z19p_system_i/pl_ddr4_0/inst/u_ddr4_controller/inst/u_ddr4_infrastructure/rst_async_riu_div_reg/D
                            (rising edge-triggered cell FDRE clocked by PL_CLK0_200M  {rise@0.000ns fall@2.500ns period=5.000ns})
  Path Group:             (none)
  Path Type:              Hold (Min at Fast Process Corner)
  Data Path Delay:        0.503ns  (logic 0.080ns (15.905%)  route 0.423ns (84.095%))
  Logic Levels:           2  (LUT3=2)
  Clock Uncertainty:      0.025ns  ((TSJ^2 + TIJ^2)^1/2 + DJ) / 2 + PE
    Total System Jitter     (TSJ):    0.050ns
    Total Input Jitter      (TIJ):    0.000ns
    Discrete Jitter          (DJ):    0.000ns
    Phase Error              (PE):    0.000ns
  Clock Net Delay (Destination): 0.757ns (routing 0.108ns, distribution 0.649ns)

    Location             Delay type                Incr(ns)  Path(ns)    Netlist Resource(s)
  -------------------------------------------------------------------    -------------------
    PLL_X0Y13            PLLE4_ADV                    0.000     0.000 f  gqav7_z19p_system_i/pl_ddr4_0/inst/u_ddr4_controller/inst/u_ddr4_mem_intfc/u_mig_ddr4_phy/inst/u_ddr4_phy_pll/plle_loop[1].gen_plle4.PLLE4_BASE_INST_OTHER/LOCKED
                         net (fo=1, routed)           0.095     0.095    gqav7_z19p_system_i/pl_ddr4_0/inst/u_ddr4_controller/inst/u_ddr4_mem_intfc/u_mig_ddr4_phy/inst/u_ddr4_phy_pll/pll_lock_i[1]
    SLICE_X41Y388        LUT3 (Prop_F6LUT_SLICEL_I2_O)
                                                      0.022     0.117 f  gqav7_z19p_system_i/pl_ddr4_0/inst/u_ddr4_controller/inst/u_ddr4_mem_intfc/u_mig_ddr4_phy/inst/u_ddr4_phy_pll/pll_lock__0/O
                         net (fo=1, routed)           0.256     0.373    gqav7_z19p_system_i/pl_ddr4_0/inst/u_ddr4_controller/inst/u_ddr4_infrastructure/pll_lock
    SLICE_X67Y395        LUT3 (Prop_G5LUT_SLICEL_I2_O)
                                                      0.058     0.431 r  gqav7_z19p_system_i/pl_ddr4_0/inst/u_ddr4_controller/inst/u_ddr4_infrastructure/rst_async_riu_div_i_1/O
                         net (fo=1, routed)           0.072     0.503    gqav7_z19p_system_i/pl_ddr4_0/inst/u_ddr4_controller/inst/u_ddr4_infrastructure/rst_async_riu_div_reg0
    SLICE_X67Y396        FDRE                                         r  gqav7_z19p_system_i/pl_ddr4_0/inst/u_ddr4_controller/inst/u_ddr4_infrastructure/rst_async_riu_div_reg/D
  -------------------------------------------------------------------    -------------------

                         (clock PL_CLK0_200M rise edge)
                                                      0.000     0.000 r  
    H21                                               0.000     0.000 r  PL_CLK0_clk_p (IN)
                         net (fo=0)                   0.100     0.100    gqav7_z19p_system_i/pl_clock_buffer/inst/u_ibufds/I
    HPIOBDIFFINBUF_X0Y179
                         DIFFINBUF (Prop_DIFFINBUF_HPIOBDIFFINBUF_DIFF_IN_P_O)
                                                      0.380     0.480 r  gqav7_z19p_system_i/pl_clock_buffer/inst/u_ibufds/DIFFINBUF_INST/O
                         net (fo=1, routed)           0.050     0.530    gqav7_z19p_system_i/pl_clock_buffer/inst/u_ibufds/OUT
    H21                  IBUFCTRL (Prop_IBUFCTRL_HPIOB_M_I_O)
                                                      0.000     0.530 r  gqav7_z19p_system_i/pl_clock_buffer/inst/u_ibufds/IBUFCTRL_INST/O
                         net (fo=1, routed)           0.181     0.711    gqav7_z19p_system_i/pl_clock_buffer/inst/clk_ibuf
    BUFGCE_X0Y168        BUFGCE (Prop_BUFCE_BUFGCE_I_O)
                                                      0.019     0.730 r  gqav7_z19p_system_i/pl_clock_buffer/inst/clk_ibuf_BUFGCE_inst/O
    X2Y7 (CLOCK_ROOT)    net (fo=20, routed)          0.757     1.487    gqav7_z19p_system_i/pl_ddr4_0/inst/u_ddr4_controller/inst/u_ddr4_infrastructure/sys_clk_in
    SLICE_X67Y396        FDRE                                         r  gqav7_z19p_system_i/pl_ddr4_0/inst/u_ddr4_controller/inst/u_ddr4_infrastructure/rst_async_riu_div_reg/C





--------------------------------------------------------------------------------------
Path Group:  (none)
From Clock:  
  To Clock:  clk_core_235_unbuf

Max Delay           273 Endpoints
Min Delay           273 Endpoints
--------------------------------------------------------------------------------------


Max Delay Paths
--------------------------------------------------------------------------------------
Slack:                    inf
  Source:                 gqav7_z19p_system_i/gqav7_accelerator_0/inst/u_accelerator/i_core/i_pipeline/i_downstream/i_softmax/gen_exp2_scale[8].i_scale/significand_product_w/DSP_A_B_DATA_INST/A2_DATA[3]
                            (internal pin)
  Destination:            gqav7_z19p_system_i/gqav7_accelerator_0/inst/u_accelerator/i_core/i_pipeline/i_downstream/i_softmax/gen_exp2_scale[8].i_scale/s0_q_reg[significand_product][3]/D
                            (rising edge-triggered cell FDRE clocked by clk_core_235_unbuf  {rise@0.000ns fall@2.128ns period=4.255ns})
  Path Group:             (none)
  Path Type:              Setup (Max at Slow Process Corner)
  Data Path Delay:        2.666ns  (logic 1.322ns (49.587%)  route 1.344ns (50.413%))
  Logic Levels:           5  (DSP_ALU=1 DSP_M_DATA=1 DSP_MULTIPLIER=1 DSP_OUTPUT=1 DSP_PREADD_DATA=1)
  Clock Uncertainty:      0.143ns  ((TSJ^2 + DJ^2)^1/2) / 2 + PE
    Total System Jitter     (TSJ):    0.050ns
    Discrete Jitter          (DJ):    0.099ns
    Phase Error              (PE):    0.088ns
  Clock Net Delay (Destination): 2.536ns (routing 1.318ns, distribution 1.218ns)

    Location             Delay type                Incr(ns)  Path(ns)    Netlist Resource(s)
  -------------------------------------------------------------------    -------------------
    DSP48E2_X5Y68        DSP_A_B_DATA                 0.000     0.000 r  gqav7_z19p_system_i/gqav7_accelerator_0/inst/u_accelerator/i_core/i_pipeline/i_downstream/i_softmax/gen_exp2_scale[8].i_scale/significand_product_w/DSP_A_B_DATA_INST/A2_DATA[3]
                         net (fo=1, routed)           0.000     0.000    gqav7_z19p_system_i/gqav7_accelerator_0/inst/u_accelerator/i_core/i_pipeline/i_downstream/i_softmax/gen_exp2_scale[8].i_scale/significand_product_w/DSP_A_B_DATA.A2_DATA<3>
    DSP48E2_X5Y68        DSP_PREADD_DATA (Prop_DSP_PREADD_DATA_DSP48E2_A2_DATA[3]_A2A1[3])
                                                      0.076     0.076 r  gqav7_z19p_system_i/gqav7_accelerator_0/inst/u_accelerator/i_core/i_pipeline/i_downstream/i_softmax/gen_exp2_scale[8].i_scale/significand_product_w/DSP_PREADD_DATA_INST/A2A1[3]
                         net (fo=1, routed)           0.000     0.076    gqav7_z19p_system_i/gqav7_accelerator_0/inst/u_accelerator/i_core/i_pipeline/i_downstream/i_softmax/gen_exp2_scale[8].i_scale/significand_product_w/DSP_PREADD_DATA.A2A1<3>
    DSP48E2_X5Y68        DSP_MULTIPLIER (Prop_DSP_MULTIPLIER_DSP48E2_A2A1[3]_U[3])
                                                      0.505     0.581 f  gqav7_z19p_system_i/gqav7_accelerator_0/inst/u_accelerator/i_core/i_pipeline/i_downstream/i_softmax/gen_exp2_scale[8].i_scale/significand_product_w/DSP_MULTIPLIER_INST/U[3]
                         net (fo=1, routed)           0.000     0.581    gqav7_z19p_system_i/gqav7_accelerator_0/inst/u_accelerator/i_core/i_pipeline/i_downstream/i_softmax/gen_exp2_scale[8].i_scale/significand_product_w/DSP_MULTIPLIER.U<3>
    DSP48E2_X5Y68        DSP_M_DATA (Prop_DSP_M_DATA_DSP48E2_U[3]_U_DATA[3])
                                                      0.047     0.628 r  gqav7_z19p_system_i/gqav7_accelerator_0/inst/u_accelerator/i_core/i_pipeline/i_downstream/i_softmax/gen_exp2_scale[8].i_scale/significand_product_w/DSP_M_DATA_INST/U_DATA[3]
                         net (fo=1, routed)           0.000     0.628    gqav7_z19p_system_i/gqav7_accelerator_0/inst/u_accelerator/i_core/i_pipeline/i_downstream/i_softmax/gen_exp2_scale[8].i_scale/significand_product_w/DSP_M_DATA.U_DATA<3>
    DSP48E2_X5Y68        DSP_ALU (Prop_DSP_ALU_DSP48E2_U_DATA[3]_ALU_OUT[3])
                                                      0.585     1.213 f  gqav7_z19p_system_i/gqav7_accelerator_0/inst/u_accelerator/i_core/i_pipeline/i_downstream/i_softmax/gen_exp2_scale[8].i_scale/significand_product_w/DSP_ALU_INST/ALU_OUT[3]
                         net (fo=1, routed)           0.000     1.213    gqav7_z19p_system_i/gqav7_accelerator_0/inst/u_accelerator/i_core/i_pipeline/i_downstream/i_softmax/gen_exp2_scale[8].i_scale/significand_product_w/DSP_ALU.ALU_OUT<3>
    DSP48E2_X5Y68        DSP_OUTPUT (Prop_DSP_OUTPUT_DSP48E2_ALU_OUT[3]_P[3])
                                                      0.109     1.322 r  gqav7_z19p_system_i/gqav7_accelerator_0/inst/u_accelerator/i_core/i_pipeline/i_downstream/i_softmax/gen_exp2_scale[8].i_scale/significand_product_w/DSP_OUTPUT_INST/P[3]
                         net (fo=1, routed)           1.344     2.666    gqav7_z19p_system_i/gqav7_accelerator_0/inst/u_accelerator/i_core/i_pipeline/i_downstream/i_softmax/gen_exp2_scale[8].i_scale/significand_product_w_n_102
    SLICE_X38Y169        FDRE                                         r  gqav7_z19p_system_i/gqav7_accelerator_0/inst/u_accelerator/i_core/i_pipeline/i_downstream/i_softmax/gen_exp2_scale[8].i_scale/s0_q_reg[significand_product][3]/D
  -------------------------------------------------------------------    -------------------

                         (clock clk_core_235_unbuf rise edge)
                                                      0.000     0.000 r  
    H21                                               0.000     0.000 r  PL_CLK0_clk_p (IN)
                         net (fo=0)                   0.079     0.079    gqav7_z19p_system_i/pl_clock_buffer/inst/u_ibufds/I
    HPIOBDIFFINBUF_X0Y179
                         DIFFINBUF (Prop_DIFFINBUF_HPIOBDIFFINBUF_DIFF_IN_P_O)
                                                      0.427     0.506 r  gqav7_z19p_system_i/pl_clock_buffer/inst/u_ibufds/DIFFINBUF_INST/O
                         net (fo=1, routed)           0.040     0.546    gqav7_z19p_system_i/pl_clock_buffer/inst/u_ibufds/OUT
    H21                  IBUFCTRL (Prop_IBUFCTRL_HPIOB_M_I_O)
                                                      0.000     0.546 r  gqav7_z19p_system_i/pl_clock_buffer/inst/u_ibufds/IBUFCTRL_INST/O
                         net (fo=1, routed)           0.286     0.832    gqav7_z19p_system_i/pl_clock_buffer/inst/clk_ibuf
    BUFGCE_X0Y168        BUFGCE (Prop_BUFCE_BUFGCE_I_O)
                                                      0.024     0.856 r  gqav7_z19p_system_i/pl_clock_buffer/inst/clk_ibuf_BUFGCE_inst/O
                         net (fo=20, routed)          0.855     1.711    gqav7_z19p_system_i/pl_clock_buffer/inst/clk_ibuf_BUFGCE
    MMCM_X0Y7            MMCME4_ADV (Prop_MMCM_CLKIN1_CLKOUT0)
                                                     -2.755    -1.044 r  gqav7_z19p_system_i/pl_clock_buffer/inst/u_mmcm_core_235m/CLKOUT0
                         net (fo=1, routed)           0.216    -0.828    gqav7_z19p_system_i/pl_clock_buffer/inst/clk_core_235_unbuf
    BUFGCE_X0Y191        BUFGCE (Prop_BUFCE_BUFGCE_I_O)
                                                      0.024    -0.804 r  gqav7_z19p_system_i/pl_clock_buffer/inst/u_bufg_core_235m/O
    X1Y3 (CLOCK_ROOT)    net (fo=152508, routed)      2.536     1.732    gqav7_z19p_system_i/gqav7_accelerator_0/inst/u_accelerator/i_core/i_pipeline/i_downstream/i_softmax/gen_exp2_scale[8].i_scale/aclk
    SLICE_X38Y169        FDRE                                         r  gqav7_z19p_system_i/gqav7_accelerator_0/inst/u_accelerator/i_core/i_pipeline/i_downstream/i_softmax/gen_exp2_scale[8].i_scale/s0_q_reg[significand_product][3]/C





Min Delay Paths
--------------------------------------------------------------------------------------
Slack:                    inf
  Source:                 gqav7_z19p_system_i/gqav7_accelerator_0/inst/u_accelerator/i_core/i_pipeline/i_downstream/i_sidecar/gen_scale[6].i_scale/significand_product_w/DSP_A_B_DATA_INST/A2_DATA[3]
                            (internal pin)
  Destination:            gqav7_z19p_system_i/gqav7_accelerator_0/inst/u_accelerator/i_core/i_pipeline/i_downstream/i_sidecar/gen_scale[6].i_scale/s0_q_reg[significand_product][3]/D
                            (rising edge-triggered cell FDRE clocked by clk_core_235_unbuf  {rise@0.000ns fall@2.128ns period=4.255ns})
  Path Group:             (none)
  Path Type:              Hold (Min at Fast Process Corner)
  Data Path Delay:        0.312ns  (logic 0.240ns (76.923%)  route 0.072ns (23.077%))
  Logic Levels:           5  (DSP_ALU=1 DSP_M_DATA=1 DSP_MULTIPLIER=1 DSP_OUTPUT=1 DSP_PREADD_DATA=1)
  Clock Uncertainty:      0.143ns  ((TSJ^2 + DJ^2)^1/2) / 2 + PE
    Total System Jitter     (TSJ):    0.050ns
    Discrete Jitter          (DJ):    0.099ns
    Phase Error              (PE):    0.088ns
  Clock Net Delay (Destination): 1.916ns (routing 0.896ns, distribution 1.020ns)

    Location             Delay type                Incr(ns)  Path(ns)    Netlist Resource(s)
  -------------------------------------------------------------------    -------------------
    DSP48E2_X7Y84        DSP_A_B_DATA                 0.000     0.000 r  gqav7_z19p_system_i/gqav7_accelerator_0/inst/u_accelerator/i_core/i_pipeline/i_downstream/i_sidecar/gen_scale[6].i_scale/significand_product_w/DSP_A_B_DATA_INST/A2_DATA[3]
                         net (fo=1, routed)           0.000     0.000    gqav7_z19p_system_i/gqav7_accelerator_0/inst/u_accelerator/i_core/i_pipeline/i_downstream/i_sidecar/gen_scale[6].i_scale/significand_product_w/DSP_A_B_DATA.A2_DATA<3>
    DSP48E2_X7Y84        DSP_PREADD_DATA (Prop_DSP_PREADD_DATA_DSP48E2_A2_DATA[3]_A2A1[3])
                                                      0.019     0.019 r  gqav7_z19p_system_i/gqav7_accelerator_0/inst/u_accelerator/i_core/i_pipeline/i_downstream/i_sidecar/gen_scale[6].i_scale/significand_product_w/DSP_PREADD_DATA_INST/A2A1[3]
                         net (fo=1, routed)           0.000     0.019    gqav7_z19p_system_i/gqav7_accelerator_0/inst/u_accelerator/i_core/i_pipeline/i_downstream/i_sidecar/gen_scale[6].i_scale/significand_product_w/DSP_PREADD_DATA.A2A1<3>
    DSP48E2_X7Y84        DSP_MULTIPLIER (Prop_DSP_MULTIPLIER_DSP48E2_A2A1[3]_U[3])
                                                      0.066     0.085 f  gqav7_z19p_system_i/gqav7_accelerator_0/inst/u_accelerator/i_core/i_pipeline/i_downstream/i_sidecar/gen_scale[6].i_scale/significand_product_w/DSP_MULTIPLIER_INST/U[3]
                         net (fo=1, routed)           0.000     0.085    gqav7_z19p_system_i/gqav7_accelerator_0/inst/u_accelerator/i_core/i_pipeline/i_downstream/i_sidecar/gen_scale[6].i_scale/significand_product_w/DSP_MULTIPLIER.U<3>
    DSP48E2_X7Y84        DSP_M_DATA (Prop_DSP_M_DATA_DSP48E2_U[3]_U_DATA[3])
                                                      0.012     0.097 r  gqav7_z19p_system_i/gqav7_accelerator_0/inst/u_accelerator/i_core/i_pipeline/i_downstream/i_sidecar/gen_scale[6].i_scale/significand_product_w/DSP_M_DATA_INST/U_DATA[3]
                         net (fo=1, routed)           0.000     0.097    gqav7_z19p_system_i/gqav7_accelerator_0/inst/u_accelerator/i_core/i_pipeline/i_downstream/i_sidecar/gen_scale[6].i_scale/significand_product_w/DSP_M_DATA.U_DATA<3>
    DSP48E2_X7Y84        DSP_ALU (Prop_DSP_ALU_DSP48E2_U_DATA[3]_ALU_OUT[3])
                                                      0.113     0.210 f  gqav7_z19p_system_i/gqav7_accelerator_0/inst/u_accelerator/i_core/i_pipeline/i_downstream/i_sidecar/gen_scale[6].i_scale/significand_product_w/DSP_ALU_INST/ALU_OUT[3]
                         net (fo=1, routed)           0.000     0.210    gqav7_z19p_system_i/gqav7_accelerator_0/inst/u_accelerator/i_core/i_pipeline/i_downstream/i_sidecar/gen_scale[6].i_scale/significand_product_w/DSP_ALU.ALU_OUT<3>
    DSP48E2_X7Y84        DSP_OUTPUT (Prop_DSP_OUTPUT_DSP48E2_ALU_OUT[3]_P[3])
                                                      0.030     0.240 r  gqav7_z19p_system_i/gqav7_accelerator_0/inst/u_accelerator/i_core/i_pipeline/i_downstream/i_sidecar/gen_scale[6].i_scale/significand_product_w/DSP_OUTPUT_INST/P[3]
                         net (fo=1, routed)           0.072     0.312    gqav7_z19p_system_i/gqav7_accelerator_0/inst/u_accelerator/i_core/i_pipeline/i_downstream/i_sidecar/gen_scale[6].i_scale/significand_product_w_n_102
    SLICE_X97Y210        FDRE                                         r  gqav7_z19p_system_i/gqav7_accelerator_0/inst/u_accelerator/i_core/i_pipeline/i_downstream/i_sidecar/gen_scale[6].i_scale/s0_q_reg[significand_product][3]/D
  -------------------------------------------------------------------    -------------------

                         (clock clk_core_235_unbuf rise edge)
                                                      0.000     0.000 r  
    H21                                               0.000     0.000 r  PL_CLK0_clk_p (IN)
                         net (fo=0)                   0.100     0.100    gqav7_z19p_system_i/pl_clock_buffer/inst/u_ibufds/I
    HPIOBDIFFINBUF_X0Y179
                         DIFFINBUF (Prop_DIFFINBUF_HPIOBDIFFINBUF_DIFF_IN_P_O)
                                                      0.380     0.480 r  gqav7_z19p_system_i/pl_clock_buffer/inst/u_ibufds/DIFFINBUF_INST/O
                         net (fo=1, routed)           0.050     0.530    gqav7_z19p_system_i/pl_clock_buffer/inst/u_ibufds/OUT
    H21                  IBUFCTRL (Prop_IBUFCTRL_HPIOB_M_I_O)
                                                      0.000     0.530 r  gqav7_z19p_system_i/pl_clock_buffer/inst/u_ibufds/IBUFCTRL_INST/O
                         net (fo=1, routed)           0.181     0.711    gqav7_z19p_system_i/pl_clock_buffer/inst/clk_ibuf
    BUFGCE_X0Y168        BUFGCE (Prop_BUFCE_BUFGCE_I_O)
                                                      0.019     0.730 r  gqav7_z19p_system_i/pl_clock_buffer/inst/clk_ibuf_BUFGCE_inst/O
                         net (fo=20, routed)          0.617     1.347    gqav7_z19p_system_i/pl_clock_buffer/inst/clk_ibuf_BUFGCE
    MMCM_X0Y7            MMCME4_ADV (Prop_MMCM_CLKIN1_CLKOUT0)
                                                     -2.043    -0.696 r  gqav7_z19p_system_i/pl_clock_buffer/inst/u_mmcm_core_235m/CLKOUT0
                         net (fo=1, routed)           0.166    -0.530    gqav7_z19p_system_i/pl_clock_buffer/inst/clk_core_235_unbuf
    BUFGCE_X0Y191        BUFGCE (Prop_BUFCE_BUFGCE_I_O)
                                                      0.019    -0.511 r  gqav7_z19p_system_i/pl_clock_buffer/inst/u_bufg_core_235m/O
    X1Y3 (CLOCK_ROOT)    net (fo=152508, routed)      1.916     1.406    gqav7_z19p_system_i/gqav7_accelerator_0/inst/u_accelerator/i_core/i_pipeline/i_downstream/i_sidecar/gen_scale[6].i_scale/aclk
    SLICE_X97Y210        FDRE                                         r  gqav7_z19p_system_i/gqav7_accelerator_0/inst/u_accelerator/i_core/i_pipeline/i_downstream/i_sidecar/gen_scale[6].i_scale/s0_q_reg[significand_product][3]/C





--------------------------------------------------------------------------------------
Path Group:  (none)
From Clock:  
  To Clock:  dbg_hub/inst/BSCANID.u_xsdbm_id/SWITCH_N_EXT_BSCAN.bscan_inst/SERIES7_BSCAN.bscan_inst/INTERNAL_TCK

Max Delay             4 Endpoints
Min Delay             4 Endpoints
--------------------------------------------------------------------------------------


Max Delay Paths
--------------------------------------------------------------------------------------
Slack:                    inf
  Source:                 dbg_hub/inst/BSCANID.u_xsdbm_id/SWITCH_N_EXT_BSCAN.bscan_inst/SERIES7_BSCAN.bscan_inst/INTERNAL_TDI
                            (internal pin)
  Destination:            dbg_hub/inst/BSCANID.u_xsdbm_id/CORE_XSDB.U_ICON/iTDI_reg_reg/D
                            (rising edge-triggered cell FDRE clocked by dbg_hub/inst/BSCANID.u_xsdbm_id/SWITCH_N_EXT_BSCAN.bscan_inst/SERIES7_BSCAN.bscan_inst/INTERNAL_TCK  {rise@0.000ns fall@25.000ns period=50.000ns})
  Path Group:             (none)
  Path Type:              Setup (Max at Slow Process Corner)
  Data Path Delay:        7.423ns  (logic 4.300ns (57.930%)  route 3.123ns (42.070%))
  Logic Levels:           1  (BSCANE2=1)
  Clock Uncertainty:      0.025ns  ((TSJ^2 + TIJ^2)^1/2 + DJ) / 2 + PE
    Total System Jitter     (TSJ):    0.050ns
    Total Input Jitter      (TIJ):    0.000ns
    Discrete Jitter          (DJ):    0.000ns
    Phase Error              (PE):    0.000ns
  Clock Net Delay (Destination): 3.278ns (routing 1.976ns, distribution 1.302ns)

    Location             Delay type                Incr(ns)  Path(ns)    Netlist Resource(s)
  -------------------------------------------------------------------    -------------------
    CONFIG_SITE_X0Y0     BSCANE2                      0.000     0.000 r  dbg_hub/inst/BSCANID.u_xsdbm_id/SWITCH_N_EXT_BSCAN.bscan_inst/SERIES7_BSCAN.bscan_inst/INTERNAL_TDI
    CONFIG_SITE_X0Y0     BSCANE2 (Prop_BSCAN1_CONFIG_SITE_INTERNAL_TDI_TDI)
                                                      4.300     4.300 r  dbg_hub/inst/BSCANID.u_xsdbm_id/SWITCH_N_EXT_BSCAN.bscan_inst/SERIES7_BSCAN.bscan_inst/TDI
                         net (fo=4, routed)           3.123     7.423    dbg_hub/inst/BSCANID.u_xsdbm_id/CORE_XSDB.U_ICON/out
    SLICE_X98Y394        FDRE                                         r  dbg_hub/inst/BSCANID.u_xsdbm_id/CORE_XSDB.U_ICON/iTDI_reg_reg/D
  -------------------------------------------------------------------    -------------------

                         (clock dbg_hub/inst/BSCANID.u_xsdbm_id/SWITCH_N_EXT_BSCAN.bscan_inst/SERIES7_BSCAN.bscan_inst/INTERNAL_TCK rise edge)
                                                      0.000     0.000 r  
    CONFIG_SITE_X0Y0     BSCANE2                      0.000     0.000 r  dbg_hub/inst/BSCANID.u_xsdbm_id/SWITCH_N_EXT_BSCAN.bscan_inst/SERIES7_BSCAN.bscan_inst/INTERNAL_TCK
    CONFIG_SITE_X0Y0     BSCANE2 (Prop_BSCAN1_CONFIG_SITE_INTERNAL_TCK_TCK)
                                                      0.465     0.465 r  dbg_hub/inst/BSCANID.u_xsdbm_id/SWITCH_N_EXT_BSCAN.bscan_inst/SERIES7_BSCAN.bscan_inst/TCK
                         net (fo=1, routed)           3.304     3.769    dbg_hub/inst/BSCANID.u_xsdbm_id/tck_bs
    BUFGCE_X0Y243        BUFGCE (Prop_BUFCE_BUFGCE_I_O)
                                                      0.024     3.793 r  dbg_hub/inst/BSCANID.u_xsdbm_id/SWITCH_N_EXT_BSCAN.u_bufg_icon_tck/O
    X3Y3 (CLOCK_ROOT)    net (fo=478, routed)         3.278     7.071    dbg_hub/inst/BSCANID.u_xsdbm_id/CORE_XSDB.U_ICON/m_bscan_tck[0]
    SLICE_X98Y394        FDRE                                         r  dbg_hub/inst/BSCANID.u_xsdbm_id/CORE_XSDB.U_ICON/iTDI_reg_reg/C





Min Delay Paths
--------------------------------------------------------------------------------------
Slack:                    inf
  Source:                 dbg_hub/inst/BSCANID.u_xsdbm_id/SWITCH_N_EXT_BSCAN.bscan_inst/SERIES7_BSCAN.bscan_inst/INTERNAL_TDI
                            (internal pin)
  Destination:            dbg_hub/inst/BSCANID.u_xsdbm_id/SWITCH_N_EXT_BSCAN.bscanid_reg[31]/D
                            (rising edge-triggered cell FDRE clocked by dbg_hub/inst/BSCANID.u_xsdbm_id/SWITCH_N_EXT_BSCAN.bscan_inst/SERIES7_BSCAN.bscan_inst/INTERNAL_TCK  {rise@0.000ns fall@25.000ns period=50.000ns})
  Path Group:             (none)
  Path Type:              Hold (Min at Fast Process Corner)
  Data Path Delay:        1.038ns  (logic 0.487ns (46.900%)  route 0.551ns (53.100%))
  Logic Levels:           2  (BSCANE2=1 LUT4=1)
  Clock Uncertainty:      0.025ns  ((TSJ^2 + TIJ^2)^1/2 + DJ) / 2 + PE
    Total System Jitter     (TSJ):    0.050ns
    Total Input Jitter      (TIJ):    0.000ns
    Discrete Jitter          (DJ):    0.000ns
    Phase Error              (PE):    0.000ns
  Clock Net Delay (Destination): 2.253ns (routing 1.343ns, distribution 0.910ns)

    Location             Delay type                Incr(ns)  Path(ns)    Netlist Resource(s)
  -------------------------------------------------------------------    -------------------
    CONFIG_SITE_X0Y0     BSCANE2                      0.000     0.000 r  dbg_hub/inst/BSCANID.u_xsdbm_id/SWITCH_N_EXT_BSCAN.bscan_inst/SERIES7_BSCAN.bscan_inst/INTERNAL_TDI
    CONFIG_SITE_X0Y0     BSCANE2 (Prop_BSCAN1_CONFIG_SITE_INTERNAL_TDI_TDI)
                                                      0.465     0.465 r  dbg_hub/inst/BSCANID.u_xsdbm_id/SWITCH_N_EXT_BSCAN.bscan_inst/SERIES7_BSCAN.bscan_inst/TDI
                         net (fo=4, routed)           0.535     1.000    dbg_hub/inst/BSCANID.u_xsdbm_id/TDI
    SLICE_X93Y37         LUT4 (Prop_G6LUT_SLICEL_I3_O)
                                                      0.022     1.022 r  dbg_hub/inst/BSCANID.u_xsdbm_id/SWITCH_N_EXT_BSCAN.bscanid[31]_i_1/O
                         net (fo=1, routed)           0.016     1.038    dbg_hub/inst/BSCANID.u_xsdbm_id/p_2_in[31]
    SLICE_X93Y37         FDRE                                         r  dbg_hub/inst/BSCANID.u_xsdbm_id/SWITCH_N_EXT_BSCAN.bscanid_reg[31]/D
  -------------------------------------------------------------------    -------------------

                         (clock dbg_hub/inst/BSCANID.u_xsdbm_id/SWITCH_N_EXT_BSCAN.bscan_inst/SERIES7_BSCAN.bscan_inst/INTERNAL_TCK rise edge)
                                                      0.000     0.000 r  
    CONFIG_SITE_X0Y0     BSCANE2                      0.000     0.000 r  dbg_hub/inst/BSCANID.u_xsdbm_id/SWITCH_N_EXT_BSCAN.bscan_inst/SERIES7_BSCAN.bscan_inst/INTERNAL_TCK
    CONFIG_SITE_X0Y0     BSCANE2 (Prop_BSCAN1_CONFIG_SITE_INTERNAL_TCK_TCK)
                                                      4.300     4.300 r  dbg_hub/inst/BSCANID.u_xsdbm_id/SWITCH_N_EXT_BSCAN.bscan_inst/SERIES7_BSCAN.bscan_inst/TCK
                         net (fo=1, routed)           3.428     7.728    dbg_hub/inst/BSCANID.u_xsdbm_id/tck_bs
    BUFGCE_X0Y243        BUFGCE (Prop_BUFCE_BUFGCE_I_O)
                                                      0.019     7.747 r  dbg_hub/inst/BSCANID.u_xsdbm_id/SWITCH_N_EXT_BSCAN.u_bufg_icon_tck/O
    X3Y3 (CLOCK_ROOT)    net (fo=478, routed)         2.253    10.000    dbg_hub/inst/BSCANID.u_xsdbm_id/itck_i
    SLICE_X93Y37         FDRE                                         r  dbg_hub/inst/BSCANID.u_xsdbm_id/SWITCH_N_EXT_BSCAN.bscanid_reg[31]/C





