Copyright 1986-2022 Xilinx, Inc. All Rights Reserved. Copyright 2022-2025 Advanced Micro Devices, Inc. All Rights Reserved.
---------------------------------------------------------------------------------------------------------------------------------------------
| Tool Version : Vivado v.2025.2 (win64) Build 6299465 Fri Nov 14 19:35:11 GMT 2025
| Date         : Sat Aug  8 17:28:02 2026
| Host         : DESKTOP-608D0QK running 64-bit major release  (build 9200)
| Command      : report_drc -file R:/source/vivado/output/FPGAtten_2025_2_235MHz_core_300MHz_remote_validation/reports/report_drc.rpt
| Design       : gqav7_z19p_system_wrapper
| Device       : xczu19eg-ffvc1760-2-i
| Speed File   : -2
| Design State : Fully Routed
---------------------------------------------------------------------------------------------------------------------------------------------

Report DRC

Table of Contents
-----------------
1. REPORT SUMMARY
2. REPORT DETAILS

1. REPORT SUMMARY
-----------------
            Netlist: netlist
          Floorplan: impl_1
      Design limits: <entire design considered>
           Ruledeck: default
             Max checks: <unlimited>
             Checks found: 472
+-----------+----------+--------------------------------------+--------+
| Rule      | Severity | Description                          | Checks |
+-----------+----------+--------------------------------------+--------+
| DPIP-2    | Warning  | Input pipelining                     | 153    |
| DPOP-3    | Warning  | PREG Output pipelining               | 65     |
| DPOP-4    | Warning  | MREG Output pipelining               | 246    |
| PDCN-1569 | Warning  | LUT equation term check              | 3      |
| REQP-1935 | Warning  | RAMB36E2_nochange_collision_advisory | 4      |
| RTSTAT-10 | Warning  | No routable loads                    | 1      |
+-----------+----------+--------------------------------------+--------+

2. REPORT DETAILS
-----------------
DPIP-2#1 Warning
Input pipelining  
DSP gqav7_z19p_system_i/gqav7_accelerator_0/inst/u_accelerator/i_core/i_address/head_offset_q0 input gqav7_z19p_system_i/gqav7_accelerator_0/inst/u_accelerator/i_core/i_address/head_offset_q0/A[29:0] is not pipelined. Pipelining DSP48 input will improve performance.
Related violations: <none>

DPIP-2#2 Warning
Input pipelining  
DSP gqav7_z19p_system_i/gqav7_accelerator_0/inst/u_accelerator/i_core/i_address/head_offset_q0 input gqav7_z19p_system_i/gqav7_accelerator_0/inst/u_accelerator/i_core/i_address/head_offset_q0/B[17:0] is not pipelined. Pipelining DSP48 input will improve performance.
Related violations: <none>

DPIP-2#3 Warning
Input pipelining  
DSP gqav7_z19p_system_i/gqav7_accelerator_0/inst/u_accelerator/i_core/i_address/head_offset_q_reg input gqav7_z19p_system_i/gqav7_accelerator_0/inst/u_accelerator/i_core/i_address/head_offset_q_reg/A[29:0] is not pipelined. Pipelining DSP48 input will improve performance.
Related violations: <none>

DPIP-2#4 Warning
Input pipelining  
DSP gqav7_z19p_system_i/gqav7_accelerator_0/inst/u_accelerator/i_core/i_address/token_offset_q0 input gqav7_z19p_system_i/gqav7_accelerator_0/inst/u_accelerator/i_core/i_address/token_offset_q0/A[29:0] is not pipelined. Pipelining DSP48 input will improve performance.
Related violations: <none>

DPIP-2#5 Warning
Input pipelining  
DSP gqav7_z19p_system_i/gqav7_accelerator_0/inst/u_accelerator/i_core/i_address/token_offset_q0 input gqav7_z19p_system_i/gqav7_accelerator_0/inst/u_accelerator/i_core/i_address/token_offset_q0/B[17:0] is not pipelined. Pipelining DSP48 input will improve performance.
Related violations: <none>

DPIP-2#6 Warning
Input pipelining  
DSP gqav7_z19p_system_i/gqav7_accelerator_0/inst/u_accelerator/i_core/i_address/token_offset_q_reg input gqav7_z19p_system_i/gqav7_accelerator_0/inst/u_accelerator/i_core/i_address/token_offset_q_reg/A[29:0] is not pipelined. Pipelining DSP48 input will improve performance.
Related violations: <none>

DPIP-2#7 Warning
Input pipelining  
DSP gqav7_z19p_system_i/gqav7_accelerator_0/inst/u_accelerator/i_core/i_address/token_offset_q_reg input gqav7_z19p_system_i/gqav7_accelerator_0/inst/u_accelerator/i_core/i_address/token_offset_q_reg/B[17:0] is not pipelined. Pipelining DSP48 input will improve performance.
Related violations: <none>

DPIP-2#8 Warning
Input pipelining  
DSP gqav7_z19p_system_i/gqav7_accelerator_0/inst/u_accelerator/i_core/i_pipeline/i_downstream/i_normalize/gen_normalize_lane[0].i_normalize/s0_q_reg[significand_product] input gqav7_z19p_system_i/gqav7_accelerator_0/inst/u_accelerator/i_core/i_pipeline/i_downstream/i_normalize/gen_normalize_lane[0].i_normalize/s0_q_reg[significand_product]/A[29:0] is not pipelined. Pipelining DSP48 input will improve performance.
Related violations: <none>

DPIP-2#9 Warning
Input pipelining  
DSP gqav7_z19p_system_i/gqav7_accelerator_0/inst/u_accelerator/i_core/i_pipeline/i_downstream/i_normalize/gen_normalize_lane[0].i_normalize/s0_q_reg[significand_product] input gqav7_z19p_system_i/gqav7_accelerator_0/inst/u_accelerator/i_core/i_pipeline/i_downstream/i_normalize/gen_normalize_lane[0].i_normalize/s0_q_reg[significand_product]/B[17:0] is not pipelined. Pipelining DSP48 input will improve performance.
Related violations: <none>

DPIP-2#10 Warning
Input pipelining  
DSP gqav7_z19p_system_i/gqav7_accelerator_0/inst/u_accelerator/i_core/i_pipeline/i_downstream/i_normalize/gen_normalize_lane[0].i_normalize/significand_product_w input gqav7_z19p_system_i/gqav7_accelerator_0/inst/u_accelerator/i_core/i_pipeline/i_downstream/i_normalize/gen_normalize_lane[0].i_normalize/significand_product_w/A[29:0] is not pipelined. Pipelining DSP48 input will improve performance.
Related violations: <none>

DPIP-2#11 Warning
Input pipelining  
DSP gqav7_z19p_system_i/gqav7_accelerator_0/inst/u_accelerator/i_core/i_pipeline/i_downstream/i_normalize/gen_normalize_lane[1].i_normalize/s0_q_reg[significand_product] input gqav7_z19p_system_i/gqav7_accelerator_0/inst/u_accelerator/i_core/i_pipeline/i_downstream/i_normalize/gen_normalize_lane[1].i_normalize/s0_q_reg[significand_product]/A[29:0] is not pipelined. Pipelining DSP48 input will improve performance.
Related violations: <none>

DPIP-2#12 Warning
Input pipelining  
DSP gqav7_z19p_system_i/gqav7_accelerator_0/inst/u_accelerator/i_core/i_pipeline/i_downstream/i_normalize/gen_normalize_lane[1].i_normalize/s0_q_reg[significand_product] input gqav7_z19p_system_i/gqav7_accelerator_0/inst/u_accelerator/i_core/i_pipeline/i_downstream/i_normalize/gen_normalize_lane[1].i_normalize/s0_q_reg[significand_product]/B[17:0] is not pipelined. Pipelining DSP48 input will improve performance.
Related violations: <none>

DPIP-2#13 Warning
Input pipelining  
DSP gqav7_z19p_system_i/gqav7_accelerator_0/inst/u_accelerator/i_core/i_pipeline/i_downstream/i_normalize/gen_normalize_lane[1].i_normalize/significand_product_w input gqav7_z19p_system_i/gqav7_accelerator_0/inst/u_accelerator/i_core/i_pipeline/i_downstream/i_normalize/gen_normalize_lane[1].i_normalize/significand_product_w/A[29:0] is not pipelined. Pipelining DSP48 input will improve performance.
Related violations: <none>

DPIP-2#14 Warning
Input pipelining  
DSP gqav7_z19p_system_i/gqav7_accelerator_0/inst/u_accelerator/i_core/i_pipeline/i_downstream/i_normalize/gen_normalize_lane[2].i_normalize/s0_q_reg[significand_product] input gqav7_z19p_system_i/gqav7_accelerator_0/inst/u_accelerator/i_core/i_pipeline/i_downstream/i_normalize/gen_normalize_lane[2].i_normalize/s0_q_reg[significand_product]/A[29:0] is not pipelined. Pipelining DSP48 input will improve performance.
Related violations: <none>

DPIP-2#15 Warning
Input pipelining  
DSP gqav7_z19p_system_i/gqav7_accelerator_0/inst/u_accelerator/i_core/i_pipeline/i_downstream/i_normalize/gen_normalize_lane[2].i_normalize/s0_q_reg[significand_product] input gqav7_z19p_system_i/gqav7_accelerator_0/inst/u_accelerator/i_core/i_pipeline/i_downstream/i_normalize/gen_normalize_lane[2].i_normalize/s0_q_reg[significand_product]/B[17:0] is not pipelined. Pipelining DSP48 input will improve performance.
Related violations: <none>

DPIP-2#16 Warning
Input pipelining  
DSP gqav7_z19p_system_i/gqav7_accelerator_0/inst/u_accelerator/i_core/i_pipeline/i_downstream/i_normalize/gen_normalize_lane[2].i_normalize/significand_product_w input gqav7_z19p_system_i/gqav7_accelerator_0/inst/u_accelerator/i_core/i_pipeline/i_downstream/i_normalize/gen_normalize_lane[2].i_normalize/significand_product_w/A[29:0] is not pipelined. Pipelining DSP48 input will improve performance.
Related violations: <none>

DPIP-2#17 Warning
Input pipelining  
DSP gqav7_z19p_system_i/gqav7_accelerator_0/inst/u_accelerator/i_core/i_pipeline/i_downstream/i_normalize/gen_normalize_lane[3].i_normalize/s0_q_reg[significand_product] input gqav7_z19p_system_i/gqav7_accelerator_0/inst/u_accelerator/i_core/i_pipeline/i_downstream/i_normalize/gen_normalize_lane[3].i_normalize/s0_q_reg[significand_product]/A[29:0] is not pipelined. Pipelining DSP48 input will improve performance.
Related violations: <none>

DPIP-2#18 Warning
Input pipelining  
DSP gqav7_z19p_system_i/gqav7_accelerator_0/inst/u_accelerator/i_core/i_pipeline/i_downstream/i_normalize/gen_normalize_lane[3].i_normalize/s0_q_reg[significand_product] input gqav7_z19p_system_i/gqav7_accelerator_0/inst/u_accelerator/i_core/i_pipeline/i_downstream/i_normalize/gen_normalize_lane[3].i_normalize/s0_q_reg[significand_product]/B[17:0] is not pipelined. Pipelining DSP48 input will improve performance.
Related violations: <none>

DPIP-2#19 Warning
Input pipelining  
DSP gqav7_z19p_system_i/gqav7_accelerator_0/inst/u_accelerator/i_core/i_pipeline/i_downstream/i_normalize/gen_normalize_lane[3].i_normalize/significand_product_w input gqav7_z19p_system_i/gqav7_accelerator_0/inst/u_accelerator/i_core/i_pipeline/i_downstream/i_normalize/gen_normalize_lane[3].i_normalize/significand_product_w/A[29:0] is not pipelined. Pipelining DSP48 input will improve performance.
Related violations: <none>

DPIP-2#20 Warning
Input pipelining  
DSP gqav7_z19p_system_i/gqav7_accelerator_0/inst/u_accelerator/i_core/i_pipeline/i_downstream/i_normalize/gen_normalize_lane[4].i_normalize/s0_q_reg[significand_product] input gqav7_z19p_system_i/gqav7_accelerator_0/inst/u_accelerator/i_core/i_pipeline/i_downstream/i_normalize/gen_normalize_lane[4].i_normalize/s0_q_reg[significand_product]/A[29:0] is not pipelined. Pipelining DSP48 input will improve performance.
Related violations: <none>

DPIP-2#21 Warning
Input pipelining  
DSP gqav7_z19p_system_i/gqav7_accelerator_0/inst/u_accelerator/i_core/i_pipeline/i_downstream/i_normalize/gen_normalize_lane[4].i_normalize/s0_q_reg[significand_product] input gqav7_z19p_system_i/gqav7_accelerator_0/inst/u_accelerator/i_core/i_pipeline/i_downstream/i_normalize/gen_normalize_lane[4].i_normalize/s0_q_reg[significand_product]/B[17:0] is not pipelined. Pipelining DSP48 input will improve performance.
Related violations: <none>

DPIP-2#22 Warning
Input pipelining  
DSP gqav7_z19p_system_i/gqav7_accelerator_0/inst/u_accelerator/i_core/i_pipeline/i_downstream/i_normalize/gen_normalize_lane[4].i_normalize/significand_product_w input gqav7_z19p_system_i/gqav7_accelerator_0/inst/u_accelerator/i_core/i_pipeline/i_downstream/i_normalize/gen_normalize_lane[4].i_normalize/significand_product_w/A[29:0] is not pipelined. Pipelining DSP48 input will improve performance.
Related violations: <none>

DPIP-2#23 Warning
Input pipelining  
DSP gqav7_z19p_system_i/gqav7_accelerator_0/inst/u_accelerator/i_core/i_pipeline/i_downstream/i_normalize/gen_normalize_lane[5].i_normalize/s0_q_reg[significand_product] input gqav7_z19p_system_i/gqav7_accelerator_0/inst/u_accelerator/i_core/i_pipeline/i_downstream/i_normalize/gen_normalize_lane[5].i_normalize/s0_q_reg[significand_product]/A[29:0] is not pipelined. Pipelining DSP48 input will improve performance.
Related violations: <none>

DPIP-2#24 Warning
Input pipelining  
DSP gqav7_z19p_system_i/gqav7_accelerator_0/inst/u_accelerator/i_core/i_pipeline/i_downstream/i_normalize/gen_normalize_lane[5].i_normalize/s0_q_reg[significand_product] input gqav7_z19p_system_i/gqav7_accelerator_0/inst/u_accelerator/i_core/i_pipeline/i_downstream/i_normalize/gen_normalize_lane[5].i_normalize/s0_q_reg[significand_product]/B[17:0] is not pipelined. Pipelining DSP48 input will improve performance.
Related violations: <none>

DPIP-2#25 Warning
Input pipelining  
DSP gqav7_z19p_system_i/gqav7_accelerator_0/inst/u_accelerator/i_core/i_pipeline/i_downstream/i_normalize/gen_normalize_lane[5].i_normalize/significand_product_w input gqav7_z19p_system_i/gqav7_accelerator_0/inst/u_accelerator/i_core/i_pipeline/i_downstream/i_normalize/gen_normalize_lane[5].i_normalize/significand_product_w/A[29:0] is not pipelined. Pipelining DSP48 input will improve performance.
Related violations: <none>

DPIP-2#26 Warning
Input pipelining  
DSP gqav7_z19p_system_i/gqav7_accelerator_0/inst/u_accelerator/i_core/i_pipeline/i_downstream/i_normalize/gen_normalize_lane[6].i_normalize/s0_q_reg[significand_product] input gqav7_z19p_system_i/gqav7_accelerator_0/inst/u_accelerator/i_core/i_pipeline/i_downstream/i_normalize/gen_normalize_lane[6].i_normalize/s0_q_reg[significand_product]/A[29:0] is not pipelined. Pipelining DSP48 input will improve performance.
Related violations: <none>

DPIP-2#27 Warning
Input pipelining  
DSP gqav7_z19p_system_i/gqav7_accelerator_0/inst/u_accelerator/i_core/i_pipeline/i_downstream/i_normalize/gen_normalize_lane[6].i_normalize/s0_q_reg[significand_product] input gqav7_z19p_system_i/gqav7_accelerator_0/inst/u_accelerator/i_core/i_pipeline/i_downstream/i_normalize/gen_normalize_lane[6].i_normalize/s0_q_reg[significand_product]/B[17:0] is not pipelined. Pipelining DSP48 input will improve performance.
Related violations: <none>

DPIP-2#28 Warning
Input pipelining  
DSP gqav7_z19p_system_i/gqav7_accelerator_0/inst/u_accelerator/i_core/i_pipeline/i_downstream/i_normalize/gen_normalize_lane[6].i_normalize/significand_product_w input gqav7_z19p_system_i/gqav7_accelerator_0/inst/u_accelerator/i_core/i_pipeline/i_downstream/i_normalize/gen_normalize_lane[6].i_normalize/significand_product_w/A[29:0] is not pipelined. Pipelining DSP48 input will improve performance.
Related violations: <none>

DPIP-2#29 Warning
Input pipelining  
DSP gqav7_z19p_system_i/gqav7_accelerator_0/inst/u_accelerator/i_core/i_pipeline/i_downstream/i_normalize/gen_normalize_lane[7].i_normalize/s0_q_reg[significand_product] input gqav7_z19p_system_i/gqav7_accelerator_0/inst/u_accelerator/i_core/i_pipeline/i_downstream/i_normalize/gen_normalize_lane[7].i_normalize/s0_q_reg[significand_product]/A[29:0] is not pipelined. Pipelining DSP48 input will improve performance.
Related violations: <none>

DPIP-2#30 Warning
Input pipelining  
DSP gqav7_z19p_system_i/gqav7_accelerator_0/inst/u_accelerator/i_core/i_pipeline/i_downstream/i_normalize/gen_normalize_lane[7].i_normalize/s0_q_reg[significand_product] input gqav7_z19p_system_i/gqav7_accelerator_0/inst/u_accelerator/i_core/i_pipeline/i_downstream/i_normalize/gen_normalize_lane[7].i_normalize/s0_q_reg[significand_product]/B[17:0] is not pipelined. Pipelining DSP48 input will improve performance.
Related violations: <none>

DPIP-2#31 Warning
Input pipelining  
DSP gqav7_z19p_system_i/gqav7_accelerator_0/inst/u_accelerator/i_core/i_pipeline/i_downstream/i_normalize/gen_normalize_lane[7].i_normalize/significand_product_w input gqav7_z19p_system_i/gqav7_accelerator_0/inst/u_accelerator/i_core/i_pipeline/i_downstream/i_normalize/gen_normalize_lane[7].i_normalize/significand_product_w/A[29:0] is not pipelined. Pipelining DSP48 input will improve performance.
Related violations: <none>

DPIP-2#32 Warning
Input pipelining  
DSP gqav7_z19p_system_i/gqav7_accelerator_0/inst/u_accelerator/i_core/i_pipeline/i_downstream/i_output_update/gen_update_lane[0].i_scale_alternate/s0_q_reg[significand_product] input gqav7_z19p_system_i/gqav7_accelerator_0/inst/u_accelerator/i_core/i_pipeline/i_downstream/i_output_update/gen_update_lane[0].i_scale_alternate/s0_q_reg[significand_product]/A[29:0] is not pipelined. Pipelining DSP48 input will improve performance.
Related violations: <none>

DPIP-2#33 Warning
Input pipelining  
DSP gqav7_z19p_system_i/gqav7_accelerator_0/inst/u_accelerator/i_core/i_pipeline/i_downstream/i_output_update/gen_update_lane[0].i_scale_alternate/s0_q_reg[significand_product] input gqav7_z19p_system_i/gqav7_accelerator_0/inst/u_accelerator/i_core/i_pipeline/i_downstream/i_output_update/gen_update_lane[0].i_scale_alternate/s0_q_reg[significand_product]/B[17:0] is not pipelined. Pipelining DSP48 input will improve performance.
Related violations: <none>

DPIP-2#34 Warning
Input pipelining  
DSP gqav7_z19p_system_i/gqav7_accelerator_0/inst/u_accelerator/i_core/i_pipeline/i_downstream/i_output_update/gen_update_lane[0].i_scale_alternate/significand_product_w input gqav7_z19p_system_i/gqav7_accelerator_0/inst/u_accelerator/i_core/i_pipeline/i_downstream/i_output_update/gen_update_lane[0].i_scale_alternate/significand_product_w/A[29:0] is not pipelined. Pipelining DSP48 input will improve performance.
Related violations: <none>

DPIP-2#35 Warning
Input pipelining  
DSP gqav7_z19p_system_i/gqav7_accelerator_0/inst/u_accelerator/i_core/i_pipeline/i_downstream/i_output_update/gen_update_lane[0].i_scale_state/s0_q_reg[significand_product] input gqav7_z19p_system_i/gqav7_accelerator_0/inst/u_accelerator/i_core/i_pipeline/i_downstream/i_output_update/gen_update_lane[0].i_scale_state/s0_q_reg[significand_product]/A[29:0] is not pipelined. Pipelining DSP48 input will improve performance.
Related violations: <none>

DPIP-2#36 Warning
Input pipelining  
DSP gqav7_z19p_system_i/gqav7_accelerator_0/inst/u_accelerator/i_core/i_pipeline/i_downstream/i_output_update/gen_update_lane[0].i_scale_state/s0_q_reg[significand_product] input gqav7_z19p_system_i/gqav7_accelerator_0/inst/u_accelerator/i_core/i_pipeline/i_downstream/i_output_update/gen_update_lane[0].i_scale_state/s0_q_reg[significand_product]/B[17:0] is not pipelined. Pipelining DSP48 input will improve performance.
Related violations: <none>

DPIP-2#37 Warning
Input pipelining  
DSP gqav7_z19p_system_i/gqav7_accelerator_0/inst/u_accelerator/i_core/i_pipeline/i_downstream/i_output_update/gen_update_lane[0].i_scale_state/significand_product_w input gqav7_z19p_system_i/gqav7_accelerator_0/inst/u_accelerator/i_core/i_pipeline/i_downstream/i_output_update/gen_update_lane[0].i_scale_state/significand_product_w/A[29:0] is not pipelined. Pipelining DSP48 input will improve performance.
Related violations: <none>

DPIP-2#38 Warning
Input pipelining  
DSP gqav7_z19p_system_i/gqav7_accelerator_0/inst/u_accelerator/i_core/i_pipeline/i_downstream/i_output_update/gen_update_lane[1].i_scale_alternate/s0_q_reg[significand_product] input gqav7_z19p_system_i/gqav7_accelerator_0/inst/u_accelerator/i_core/i_pipeline/i_downstream/i_output_update/gen_update_lane[1].i_scale_alternate/s0_q_reg[significand_product]/A[29:0] is not pipelined. Pipelining DSP48 input will improve performance.
Related violations: <none>

DPIP-2#39 Warning
Input pipelining  
DSP gqav7_z19p_system_i/gqav7_accelerator_0/inst/u_accelerator/i_core/i_pipeline/i_downstream/i_output_update/gen_update_lane[1].i_scale_alternate/s0_q_reg[significand_product] input gqav7_z19p_system_i/gqav7_accelerator_0/inst/u_accelerator/i_core/i_pipeline/i_downstream/i_output_update/gen_update_lane[1].i_scale_alternate/s0_q_reg[significand_product]/B[17:0] is not pipelined. Pipelining DSP48 input will improve performance.
Related violations: <none>

DPIP-2#40 Warning
Input pipelining  
DSP gqav7_z19p_system_i/gqav7_accelerator_0/inst/u_accelerator/i_core/i_pipeline/i_downstream/i_output_update/gen_update_lane[1].i_scale_alternate/significand_product_w input gqav7_z19p_system_i/gqav7_accelerator_0/inst/u_accelerator/i_core/i_pipeline/i_downstream/i_output_update/gen_update_lane[1].i_scale_alternate/significand_product_w/A[29:0] is not pipelined. Pipelining DSP48 input will improve performance.
Related violations: <none>

DPIP-2#41 Warning
Input pipelining  
DSP gqav7_z19p_system_i/gqav7_accelerator_0/inst/u_accelerator/i_core/i_pipeline/i_downstream/i_output_update/gen_update_lane[1].i_scale_state/s0_q_reg[significand_product] input gqav7_z19p_system_i/gqav7_accelerator_0/inst/u_accelerator/i_core/i_pipeline/i_downstream/i_output_update/gen_update_lane[1].i_scale_state/s0_q_reg[significand_product]/A[29:0] is not pipelined. Pipelining DSP48 input will improve performance.
Related violations: <none>

DPIP-2#42 Warning
Input pipelining  
DSP gqav7_z19p_system_i/gqav7_accelerator_0/inst/u_accelerator/i_core/i_pipeline/i_downstream/i_output_update/gen_update_lane[1].i_scale_state/s0_q_reg[significand_product] input gqav7_z19p_system_i/gqav7_accelerator_0/inst/u_accelerator/i_core/i_pipeline/i_downstream/i_output_update/gen_update_lane[1].i_scale_state/s0_q_reg[significand_product]/B[17:0] is not pipelined. Pipelining DSP48 input will improve performance.
Related violations: <none>

DPIP-2#43 Warning
Input pipelining  
DSP gqav7_z19p_system_i/gqav7_accelerator_0/inst/u_accelerator/i_core/i_pipeline/i_downstream/i_output_update/gen_update_lane[1].i_scale_state/significand_product_w input gqav7_z19p_system_i/gqav7_accelerator_0/inst/u_accelerator/i_core/i_pipeline/i_downstream/i_output_update/gen_update_lane[1].i_scale_state/significand_product_w/A[29:0] is not pipelined. Pipelining DSP48 input will improve performance.
Related violations: <none>

DPIP-2#44 Warning
Input pipelining  
DSP gqav7_z19p_system_i/gqav7_accelerator_0/inst/u_accelerator/i_core/i_pipeline/i_downstream/i_output_update/gen_update_lane[2].i_scale_alternate/s0_q_reg[significand_product] input gqav7_z19p_system_i/gqav7_accelerator_0/inst/u_accelerator/i_core/i_pipeline/i_downstream/i_output_update/gen_update_lane[2].i_scale_alternate/s0_q_reg[significand_product]/A[29:0] is not pipelined. Pipelining DSP48 input will improve performance.
Related violations: <none>

DPIP-2#45 Warning
Input pipelining  
DSP gqav7_z19p_system_i/gqav7_accelerator_0/inst/u_accelerator/i_core/i_pipeline/i_downstream/i_output_update/gen_update_lane[2].i_scale_alternate/s0_q_reg[significand_product] input gqav7_z19p_system_i/gqav7_accelerator_0/inst/u_accelerator/i_core/i_pipeline/i_downstream/i_output_update/gen_update_lane[2].i_scale_alternate/s0_q_reg[significand_product]/B[17:0] is not pipelined. Pipelining DSP48 input will improve performance.
Related violations: <none>

DPIP-2#46 Warning
Input pipelining  
DSP gqav7_z19p_system_i/gqav7_accelerator_0/inst/u_accelerator/i_core/i_pipeline/i_downstream/i_output_update/gen_update_lane[2].i_scale_alternate/significand_product_w input gqav7_z19p_system_i/gqav7_accelerator_0/inst/u_accelerator/i_core/i_pipeline/i_downstream/i_output_update/gen_update_lane[2].i_scale_alternate/significand_product_w/A[29:0] is not pipelined. Pipelining DSP48 input will improve performance.
Related violations: <none>

DPIP-2#47 Warning
Input pipelining  
DSP gqav7_z19p_system_i/gqav7_accelerator_0/inst/u_accelerator/i_core/i_pipeline/i_downstream/i_output_update/gen_update_lane[2].i_scale_state/s0_q_reg[significand_product] input gqav7_z19p_system_i/gqav7_accelerator_0/inst/u_accelerator/i_core/i_pipeline/i_downstream/i_output_update/gen_update_lane[2].i_scale_state/s0_q_reg[significand_product]/A[29:0] is not pipelined. Pipelining DSP48 input will improve performance.
Related violations: <none>

DPIP-2#48 Warning
Input pipelining  
DSP gqav7_z19p_system_i/gqav7_accelerator_0/inst/u_accelerator/i_core/i_pipeline/i_downstream/i_output_update/gen_update_lane[2].i_scale_state/s0_q_reg[significand_product] input gqav7_z19p_system_i/gqav7_accelerator_0/inst/u_accelerator/i_core/i_pipeline/i_downstream/i_output_update/gen_update_lane[2].i_scale_state/s0_q_reg[significand_product]/B[17:0] is not pipelined. Pipelining DSP48 input will improve performance.
Related violations: <none>

DPIP-2#49 Warning
Input pipelining  
DSP gqav7_z19p_system_i/gqav7_accelerator_0/inst/u_accelerator/i_core/i_pipeline/i_downstream/i_output_update/gen_update_lane[2].i_scale_state/significand_product_w input gqav7_z19p_system_i/gqav7_accelerator_0/inst/u_accelerator/i_core/i_pipeline/i_downstream/i_output_update/gen_update_lane[2].i_scale_state/significand_product_w/A[29:0] is not pipelined. Pipelining DSP48 input will improve performance.
Related violations: <none>

DPIP-2#50 Warning
Input pipelining  
DSP gqav7_z19p_system_i/gqav7_accelerator_0/inst/u_accelerator/i_core/i_pipeline/i_downstream/i_output_update/gen_update_lane[3].i_scale_alternate/s0_q_reg[significand_product] input gqav7_z19p_system_i/gqav7_accelerator_0/inst/u_accelerator/i_core/i_pipeline/i_downstream/i_output_update/gen_update_lane[3].i_scale_alternate/s0_q_reg[significand_product]/A[29:0] is not pipelined. Pipelining DSP48 input will improve performance.
Related violations: <none>

DPIP-2#51 Warning
Input pipelining  
DSP gqav7_z19p_system_i/gqav7_accelerator_0/inst/u_accelerator/i_core/i_pipeline/i_downstream/i_output_update/gen_update_lane[3].i_scale_alternate/s0_q_reg[significand_product] input gqav7_z19p_system_i/gqav7_accelerator_0/inst/u_accelerator/i_core/i_pipeline/i_downstream/i_output_update/gen_update_lane[3].i_scale_alternate/s0_q_reg[significand_product]/B[17:0] is not pipelined. Pipelining DSP48 input will improve performance.
Related violations: <none>

DPIP-2#52 Warning
Input pipelining  
DSP gqav7_z19p_system_i/gqav7_accelerator_0/inst/u_accelerator/i_core/i_pipeline/i_downstream/i_output_update/gen_update_lane[3].i_scale_alternate/significand_product_w input gqav7_z19p_system_i/gqav7_accelerator_0/inst/u_accelerator/i_core/i_pipeline/i_downstream/i_output_update/gen_update_lane[3].i_scale_alternate/significand_product_w/A[29:0] is not pipelined. Pipelining DSP48 input will improve performance.
Related violations: <none>

DPIP-2#53 Warning
Input pipelining  
DSP gqav7_z19p_system_i/gqav7_accelerator_0/inst/u_accelerator/i_core/i_pipeline/i_downstream/i_output_update/gen_update_lane[3].i_scale_state/s0_q_reg[significand_product] input gqav7_z19p_system_i/gqav7_accelerator_0/inst/u_accelerator/i_core/i_pipeline/i_downstream/i_output_update/gen_update_lane[3].i_scale_state/s0_q_reg[significand_product]/A[29:0] is not pipelined. Pipelining DSP48 input will improve performance.
Related violations: <none>

DPIP-2#54 Warning
Input pipelining  
DSP gqav7_z19p_system_i/gqav7_accelerator_0/inst/u_accelerator/i_core/i_pipeline/i_downstream/i_output_update/gen_update_lane[3].i_scale_state/s0_q_reg[significand_product] input gqav7_z19p_system_i/gqav7_accelerator_0/inst/u_accelerator/i_core/i_pipeline/i_downstream/i_output_update/gen_update_lane[3].i_scale_state/s0_q_reg[significand_product]/B[17:0] is not pipelined. Pipelining DSP48 input will improve performance.
Related violations: <none>

DPIP-2#55 Warning
Input pipelining  
DSP gqav7_z19p_system_i/gqav7_accelerator_0/inst/u_accelerator/i_core/i_pipeline/i_downstream/i_output_update/gen_update_lane[3].i_scale_state/significand_product_w input gqav7_z19p_system_i/gqav7_accelerator_0/inst/u_accelerator/i_core/i_pipeline/i_downstream/i_output_update/gen_update_lane[3].i_scale_state/significand_product_w/A[29:0] is not pipelined. Pipelining DSP48 input will improve performance.
Related violations: <none>

DPIP-2#56 Warning
Input pipelining  
DSP gqav7_z19p_system_i/gqav7_accelerator_0/inst/u_accelerator/i_core/i_pipeline/i_downstream/i_output_update/gen_update_lane[4].i_scale_alternate/s0_q_reg[significand_product] input gqav7_z19p_system_i/gqav7_accelerator_0/inst/u_accelerator/i_core/i_pipeline/i_downstream/i_output_update/gen_update_lane[4].i_scale_alternate/s0_q_reg[significand_product]/A[29:0] is not pipelined. Pipelining DSP48 input will improve performance.
Related violations: <none>

DPIP-2#57 Warning
Input pipelining  
DSP gqav7_z19p_system_i/gqav7_accelerator_0/inst/u_accelerator/i_core/i_pipeline/i_downstream/i_output_update/gen_update_lane[4].i_scale_alternate/s0_q_reg[significand_product] input gqav7_z19p_system_i/gqav7_accelerator_0/inst/u_accelerator/i_core/i_pipeline/i_downstream/i_output_update/gen_update_lane[4].i_scale_alternate/s0_q_reg[significand_product]/B[17:0] is not pipelined. Pipelining DSP48 input will improve performance.
Related violations: <none>

DPIP-2#58 Warning
Input pipelining  
DSP gqav7_z19p_system_i/gqav7_accelerator_0/inst/u_accelerator/i_core/i_pipeline/i_downstream/i_output_update/gen_update_lane[4].i_scale_alternate/significand_product_w input gqav7_z19p_system_i/gqav7_accelerator_0/inst/u_accelerator/i_core/i_pipeline/i_downstream/i_output_update/gen_update_lane[4].i_scale_alternate/significand_product_w/A[29:0] is not pipelined. Pipelining DSP48 input will improve performance.
Related violations: <none>

DPIP-2#59 Warning
Input pipelining  
DSP gqav7_z19p_system_i/gqav7_accelerator_0/inst/u_accelerator/i_core/i_pipeline/i_downstream/i_output_update/gen_update_lane[4].i_scale_state/s0_q_reg[significand_product] input gqav7_z19p_system_i/gqav7_accelerator_0/inst/u_accelerator/i_core/i_pipeline/i_downstream/i_output_update/gen_update_lane[4].i_scale_state/s0_q_reg[significand_product]/A[29:0] is not pipelined. Pipelining DSP48 input will improve performance.
Related violations: <none>

DPIP-2#60 Warning
Input pipelining  
DSP gqav7_z19p_system_i/gqav7_accelerator_0/inst/u_accelerator/i_core/i_pipeline/i_downstream/i_output_update/gen_update_lane[4].i_scale_state/s0_q_reg[significand_product] input gqav7_z19p_system_i/gqav7_accelerator_0/inst/u_accelerator/i_core/i_pipeline/i_downstream/i_output_update/gen_update_lane[4].i_scale_state/s0_q_reg[significand_product]/B[17:0] is not pipelined. Pipelining DSP48 input will improve performance.
Related violations: <none>

DPIP-2#61 Warning
Input pipelining  
DSP gqav7_z19p_system_i/gqav7_accelerator_0/inst/u_accelerator/i_core/i_pipeline/i_downstream/i_output_update/gen_update_lane[4].i_scale_state/significand_product_w input gqav7_z19p_system_i/gqav7_accelerator_0/inst/u_accelerator/i_core/i_pipeline/i_downstream/i_output_update/gen_update_lane[4].i_scale_state/significand_product_w/A[29:0] is not pipelined. Pipelining DSP48 input will improve performance.
Related violations: <none>

DPIP-2#62 Warning
Input pipelining  
DSP gqav7_z19p_system_i/gqav7_accelerator_0/inst/u_accelerator/i_core/i_pipeline/i_downstream/i_output_update/gen_update_lane[5].i_scale_alternate/s0_q_reg[significand_product] input gqav7_z19p_system_i/gqav7_accelerator_0/inst/u_accelerator/i_core/i_pipeline/i_downstream/i_output_update/gen_update_lane[5].i_scale_alternate/s0_q_reg[significand_product]/A[29:0] is not pipelined. Pipelining DSP48 input will improve performance.
Related violations: <none>

DPIP-2#63 Warning
Input pipelining  
DSP gqav7_z19p_system_i/gqav7_accelerator_0/inst/u_accelerator/i_core/i_pipeline/i_downstream/i_output_update/gen_update_lane[5].i_scale_alternate/s0_q_reg[significand_product] input gqav7_z19p_system_i/gqav7_accelerator_0/inst/u_accelerator/i_core/i_pipeline/i_downstream/i_output_update/gen_update_lane[5].i_scale_alternate/s0_q_reg[significand_product]/B[17:0] is not pipelined. Pipelining DSP48 input will improve performance.
Related violations: <none>

DPIP-2#64 Warning
Input pipelining  
DSP gqav7_z19p_system_i/gqav7_accelerator_0/inst/u_accelerator/i_core/i_pipeline/i_downstream/i_output_update/gen_update_lane[5].i_scale_alternate/significand_product_w input gqav7_z19p_system_i/gqav7_accelerator_0/inst/u_accelerator/i_core/i_pipeline/i_downstream/i_output_update/gen_update_lane[5].i_scale_alternate/significand_product_w/A[29:0] is not pipelined. Pipelining DSP48 input will improve performance.
Related violations: <none>

DPIP-2#65 Warning
Input pipelining  
DSP gqav7_z19p_system_i/gqav7_accelerator_0/inst/u_accelerator/i_core/i_pipeline/i_downstream/i_output_update/gen_update_lane[5].i_scale_state/s0_q_reg[significand_product] input gqav7_z19p_system_i/gqav7_accelerator_0/inst/u_accelerator/i_core/i_pipeline/i_downstream/i_output_update/gen_update_lane[5].i_scale_state/s0_q_reg[significand_product]/A[29:0] is not pipelined. Pipelining DSP48 input will improve performance.
Related violations: <none>

DPIP-2#66 Warning
Input pipelining  
DSP gqav7_z19p_system_i/gqav7_accelerator_0/inst/u_accelerator/i_core/i_pipeline/i_downstream/i_output_update/gen_update_lane[5].i_scale_state/s0_q_reg[significand_product] input gqav7_z19p_system_i/gqav7_accelerator_0/inst/u_accelerator/i_core/i_pipeline/i_downstream/i_output_update/gen_update_lane[5].i_scale_state/s0_q_reg[significand_product]/B[17:0] is not pipelined. Pipelining DSP48 input will improve performance.
Related violations: <none>

DPIP-2#67 Warning
Input pipelining  
DSP gqav7_z19p_system_i/gqav7_accelerator_0/inst/u_accelerator/i_core/i_pipeline/i_downstream/i_output_update/gen_update_lane[5].i_scale_state/significand_product_w input gqav7_z19p_system_i/gqav7_accelerator_0/inst/u_accelerator/i_core/i_pipeline/i_downstream/i_output_update/gen_update_lane[5].i_scale_state/significand_product_w/A[29:0] is not pipelined. Pipelining DSP48 input will improve performance.
Related violations: <none>

DPIP-2#68 Warning
Input pipelining  
DSP gqav7_z19p_system_i/gqav7_accelerator_0/inst/u_accelerator/i_core/i_pipeline/i_downstream/i_output_update/gen_update_lane[6].i_scale_alternate/s0_q_reg[significand_product] input gqav7_z19p_system_i/gqav7_accelerator_0/inst/u_accelerator/i_core/i_pipeline/i_downstream/i_output_update/gen_update_lane[6].i_scale_alternate/s0_q_reg[significand_product]/A[29:0] is not pipelined. Pipelining DSP48 input will improve performance.
Related violations: <none>

DPIP-2#69 Warning
Input pipelining  
DSP gqav7_z19p_system_i/gqav7_accelerator_0/inst/u_accelerator/i_core/i_pipeline/i_downstream/i_output_update/gen_update_lane[6].i_scale_alternate/s0_q_reg[significand_product] input gqav7_z19p_system_i/gqav7_accelerator_0/inst/u_accelerator/i_core/i_pipeline/i_downstream/i_output_update/gen_update_lane[6].i_scale_alternate/s0_q_reg[significand_product]/B[17:0] is not pipelined. Pipelining DSP48 input will improve performance.
Related violations: <none>

DPIP-2#70 Warning
Input pipelining  
DSP gqav7_z19p_system_i/gqav7_accelerator_0/inst/u_accelerator/i_core/i_pipeline/i_downstream/i_output_update/gen_update_lane[6].i_scale_alternate/significand_product_w input gqav7_z19p_system_i/gqav7_accelerator_0/inst/u_accelerator/i_core/i_pipeline/i_downstream/i_output_update/gen_update_lane[6].i_scale_alternate/significand_product_w/A[29:0] is not pipelined. Pipelining DSP48 input will improve performance.
Related violations: <none>

DPIP-2#71 Warning
Input pipelining  
DSP gqav7_z19p_system_i/gqav7_accelerator_0/inst/u_accelerator/i_core/i_pipeline/i_downstream/i_output_update/gen_update_lane[6].i_scale_state/s0_q_reg[significand_product] input gqav7_z19p_system_i/gqav7_accelerator_0/inst/u_accelerator/i_core/i_pipeline/i_downstream/i_output_update/gen_update_lane[6].i_scale_state/s0_q_reg[significand_product]/A[29:0] is not pipelined. Pipelining DSP48 input will improve performance.
Related violations: <none>

DPIP-2#72 Warning
Input pipelining  
DSP gqav7_z19p_system_i/gqav7_accelerator_0/inst/u_accelerator/i_core/i_pipeline/i_downstream/i_output_update/gen_update_lane[6].i_scale_state/s0_q_reg[significand_product] input gqav7_z19p_system_i/gqav7_accelerator_0/inst/u_accelerator/i_core/i_pipeline/i_downstream/i_output_update/gen_update_lane[6].i_scale_state/s0_q_reg[significand_product]/B[17:0] is not pipelined. Pipelining DSP48 input will improve performance.
Related violations: <none>

DPIP-2#73 Warning
Input pipelining  
DSP gqav7_z19p_system_i/gqav7_accelerator_0/inst/u_accelerator/i_core/i_pipeline/i_downstream/i_output_update/gen_update_lane[6].i_scale_state/significand_product_w input gqav7_z19p_system_i/gqav7_accelerator_0/inst/u_accelerator/i_core/i_pipeline/i_downstream/i_output_update/gen_update_lane[6].i_scale_state/significand_product_w/A[29:0] is not pipelined. Pipelining DSP48 input will improve performance.
Related violations: <none>

DPIP-2#74 Warning
Input pipelining  
DSP gqav7_z19p_system_i/gqav7_accelerator_0/inst/u_accelerator/i_core/i_pipeline/i_downstream/i_output_update/gen_update_lane[7].i_scale_alternate/s0_q_reg[significand_product] input gqav7_z19p_system_i/gqav7_accelerator_0/inst/u_accelerator/i_core/i_pipeline/i_downstream/i_output_update/gen_update_lane[7].i_scale_alternate/s0_q_reg[significand_product]/A[29:0] is not pipelined. Pipelining DSP48 input will improve performance.
Related violations: <none>

DPIP-2#75 Warning
Input pipelining  
DSP gqav7_z19p_system_i/gqav7_accelerator_0/inst/u_accelerator/i_core/i_pipeline/i_downstream/i_output_update/gen_update_lane[7].i_scale_alternate/s0_q_reg[significand_product] input gqav7_z19p_system_i/gqav7_accelerator_0/inst/u_accelerator/i_core/i_pipeline/i_downstream/i_output_update/gen_update_lane[7].i_scale_alternate/s0_q_reg[significand_product]/B[17:0] is not pipelined. Pipelining DSP48 input will improve performance.
Related violations: <none>

DPIP-2#76 Warning
Input pipelining  
DSP gqav7_z19p_system_i/gqav7_accelerator_0/inst/u_accelerator/i_core/i_pipeline/i_downstream/i_output_update/gen_update_lane[7].i_scale_alternate/significand_product_w input gqav7_z19p_system_i/gqav7_accelerator_0/inst/u_accelerator/i_core/i_pipeline/i_downstream/i_output_update/gen_update_lane[7].i_scale_alternate/significand_product_w/A[29:0] is not pipelined. Pipelining DSP48 input will improve performance.
Related violations: <none>

DPIP-2#77 Warning
Input pipelining  
DSP gqav7_z19p_system_i/gqav7_accelerator_0/inst/u_accelerator/i_core/i_pipeline/i_downstream/i_output_update/gen_update_lane[7].i_scale_state/s0_q_reg[significand_product] input gqav7_z19p_system_i/gqav7_accelerator_0/inst/u_accelerator/i_core/i_pipeline/i_downstream/i_output_update/gen_update_lane[7].i_scale_state/s0_q_reg[significand_product]/A[29:0] is not pipelined. Pipelining DSP48 input will improve performance.
Related violations: <none>

DPIP-2#78 Warning
Input pipelining  
DSP gqav7_z19p_system_i/gqav7_accelerator_0/inst/u_accelerator/i_core/i_pipeline/i_downstream/i_output_update/gen_update_lane[7].i_scale_state/s0_q_reg[significand_product] input gqav7_z19p_system_i/gqav7_accelerator_0/inst/u_accelerator/i_core/i_pipeline/i_downstream/i_output_update/gen_update_lane[7].i_scale_state/s0_q_reg[significand_product]/B[17:0] is not pipelined. Pipelining DSP48 input will improve performance.
Related violations: <none>

DPIP-2#79 Warning
Input pipelining  
DSP gqav7_z19p_system_i/gqav7_accelerator_0/inst/u_accelerator/i_core/i_pipeline/i_downstream/i_output_update/gen_update_lane[7].i_scale_state/significand_product_w input gqav7_z19p_system_i/gqav7_accelerator_0/inst/u_accelerator/i_core/i_pipeline/i_downstream/i_output_update/gen_update_lane[7].i_scale_state/significand_product_w/A[29:0] is not pipelined. Pipelining DSP48 input will improve performance.
Related violations: <none>

DPIP-2#80 Warning
Input pipelining  
DSP gqav7_z19p_system_i/gqav7_accelerator_0/inst/u_accelerator/i_core/i_pipeline/i_downstream/i_pair_rescale/gen_rescale_lane[0].i_rescale/s0_q_reg[significand_product] input gqav7_z19p_system_i/gqav7_accelerator_0/inst/u_accelerator/i_core/i_pipeline/i_downstream/i_pair_rescale/gen_rescale_lane[0].i_rescale/s0_q_reg[significand_product]/A[29:0] is not pipelined. Pipelining DSP48 input will improve performance.
Related violations: <none>

DPIP-2#81 Warning
Input pipelining  
DSP gqav7_z19p_system_i/gqav7_accelerator_0/inst/u_accelerator/i_core/i_pipeline/i_downstream/i_pair_rescale/gen_rescale_lane[0].i_rescale/s0_q_reg[significand_product] input gqav7_z19p_system_i/gqav7_accelerator_0/inst/u_accelerator/i_core/i_pipeline/i_downstream/i_pair_rescale/gen_rescale_lane[0].i_rescale/s0_q_reg[significand_product]/B[17:0] is not pipelined. Pipelining DSP48 input will improve performance.
Related violations: <none>

DPIP-2#82 Warning
Input pipelining  
DSP gqav7_z19p_system_i/gqav7_accelerator_0/inst/u_accelerator/i_core/i_pipeline/i_downstream/i_pair_rescale/gen_rescale_lane[0].i_rescale/significand_product_w input gqav7_z19p_system_i/gqav7_accelerator_0/inst/u_accelerator/i_core/i_pipeline/i_downstream/i_pair_rescale/gen_rescale_lane[0].i_rescale/significand_product_w/A[29:0] is not pipelined. Pipelining DSP48 input will improve performance.
Related violations: <none>

DPIP-2#83 Warning
Input pipelining  
DSP gqav7_z19p_system_i/gqav7_accelerator_0/inst/u_accelerator/i_core/i_pipeline/i_downstream/i_pair_rescale/gen_rescale_lane[0].i_rescale/significand_product_w input gqav7_z19p_system_i/gqav7_accelerator_0/inst/u_accelerator/i_core/i_pipeline/i_downstream/i_pair_rescale/gen_rescale_lane[0].i_rescale/significand_product_w/B[17:0] is not pipelined. Pipelining DSP48 input will improve performance.
Related violations: <none>

DPIP-2#84 Warning
Input pipelining  
DSP gqav7_z19p_system_i/gqav7_accelerator_0/inst/u_accelerator/i_core/i_pipeline/i_downstream/i_pair_rescale/gen_rescale_lane[1].i_rescale/s0_q_reg[significand_product] input gqav7_z19p_system_i/gqav7_accelerator_0/inst/u_accelerator/i_core/i_pipeline/i_downstream/i_pair_rescale/gen_rescale_lane[1].i_rescale/s0_q_reg[significand_product]/A[29:0] is not pipelined. Pipelining DSP48 input will improve performance.
Related violations: <none>

DPIP-2#85 Warning
Input pipelining  
DSP gqav7_z19p_system_i/gqav7_accelerator_0/inst/u_accelerator/i_core/i_pipeline/i_downstream/i_pair_rescale/gen_rescale_lane[1].i_rescale/s0_q_reg[significand_product] input gqav7_z19p_system_i/gqav7_accelerator_0/inst/u_accelerator/i_core/i_pipeline/i_downstream/i_pair_rescale/gen_rescale_lane[1].i_rescale/s0_q_reg[significand_product]/B[17:0] is not pipelined. Pipelining DSP48 input will improve performance.
Related violations: <none>

DPIP-2#86 Warning
Input pipelining  
DSP gqav7_z19p_system_i/gqav7_accelerator_0/inst/u_accelerator/i_core/i_pipeline/i_downstream/i_pair_rescale/gen_rescale_lane[1].i_rescale/significand_product_w input gqav7_z19p_system_i/gqav7_accelerator_0/inst/u_accelerator/i_core/i_pipeline/i_downstream/i_pair_rescale/gen_rescale_lane[1].i_rescale/significand_product_w/A[29:0] is not pipelined. Pipelining DSP48 input will improve performance.
Related violations: <none>

DPIP-2#87 Warning
Input pipelining  
DSP gqav7_z19p_system_i/gqav7_accelerator_0/inst/u_accelerator/i_core/i_pipeline/i_downstream/i_pair_rescale/gen_rescale_lane[1].i_rescale/significand_product_w input gqav7_z19p_system_i/gqav7_accelerator_0/inst/u_accelerator/i_core/i_pipeline/i_downstream/i_pair_rescale/gen_rescale_lane[1].i_rescale/significand_product_w/B[17:0] is not pipelined. Pipelining DSP48 input will improve performance.
Related violations: <none>

DPIP-2#88 Warning
Input pipelining  
DSP gqav7_z19p_system_i/gqav7_accelerator_0/inst/u_accelerator/i_core/i_pipeline/i_downstream/i_pair_rescale/gen_rescale_lane[2].i_rescale/s0_q_reg[significand_product] input gqav7_z19p_system_i/gqav7_accelerator_0/inst/u_accelerator/i_core/i_pipeline/i_downstream/i_pair_rescale/gen_rescale_lane[2].i_rescale/s0_q_reg[significand_product]/A[29:0] is not pipelined. Pipelining DSP48 input will improve performance.
Related violations: <none>

DPIP-2#89 Warning
Input pipelining  
DSP gqav7_z19p_system_i/gqav7_accelerator_0/inst/u_accelerator/i_core/i_pipeline/i_downstream/i_pair_rescale/gen_rescale_lane[2].i_rescale/s0_q_reg[significand_product] input gqav7_z19p_system_i/gqav7_accelerator_0/inst/u_accelerator/i_core/i_pipeline/i_downstream/i_pair_rescale/gen_rescale_lane[2].i_rescale/s0_q_reg[significand_product]/B[17:0] is not pipelined. Pipelining DSP48 input will improve performance.
Related violations: <none>

DPIP-2#90 Warning
Input pipelining  
DSP gqav7_z19p_system_i/gqav7_accelerator_0/inst/u_accelerator/i_core/i_pipeline/i_downstream/i_pair_rescale/gen_rescale_lane[2].i_rescale/significand_product_w input gqav7_z19p_system_i/gqav7_accelerator_0/inst/u_accelerator/i_core/i_pipeline/i_downstream/i_pair_rescale/gen_rescale_lane[2].i_rescale/significand_product_w/A[29:0] is not pipelined. Pipelining DSP48 input will improve performance.
Related violations: <none>

DPIP-2#91 Warning
Input pipelining  
DSP gqav7_z19p_system_i/gqav7_accelerator_0/inst/u_accelerator/i_core/i_pipeline/i_downstream/i_pair_rescale/gen_rescale_lane[2].i_rescale/significand_product_w input gqav7_z19p_system_i/gqav7_accelerator_0/inst/u_accelerator/i_core/i_pipeline/i_downstream/i_pair_rescale/gen_rescale_lane[2].i_rescale/significand_product_w/B[17:0] is not pipelined. Pipelining DSP48 input will improve performance.
Related violations: <none>

DPIP-2#92 Warning
Input pipelining  
DSP gqav7_z19p_system_i/gqav7_accelerator_0/inst/u_accelerator/i_core/i_pipeline/i_downstream/i_pair_rescale/gen_rescale_lane[3].i_rescale/s0_q_reg[significand_product] input gqav7_z19p_system_i/gqav7_accelerator_0/inst/u_accelerator/i_core/i_pipeline/i_downstream/i_pair_rescale/gen_rescale_lane[3].i_rescale/s0_q_reg[significand_product]/A[29:0] is not pipelined. Pipelining DSP48 input will improve performance.
Related violations: <none>

DPIP-2#93 Warning
Input pipelining  
DSP gqav7_z19p_system_i/gqav7_accelerator_0/inst/u_accelerator/i_core/i_pipeline/i_downstream/i_pair_rescale/gen_rescale_lane[3].i_rescale/s0_q_reg[significand_product] input gqav7_z19p_system_i/gqav7_accelerator_0/inst/u_accelerator/i_core/i_pipeline/i_downstream/i_pair_rescale/gen_rescale_lane[3].i_rescale/s0_q_reg[significand_product]/B[17:0] is not pipelined. Pipelining DSP48 input will improve performance.
Related violations: <none>

DPIP-2#94 Warning
Input pipelining  
DSP gqav7_z19p_system_i/gqav7_accelerator_0/inst/u_accelerator/i_core/i_pipeline/i_downstream/i_pair_rescale/gen_rescale_lane[3].i_rescale/significand_product_w input gqav7_z19p_system_i/gqav7_accelerator_0/inst/u_accelerator/i_core/i_pipeline/i_downstream/i_pair_rescale/gen_rescale_lane[3].i_rescale/significand_product_w/A[29:0] is not pipelined. Pipelining DSP48 input will improve performance.
Related violations: <none>

DPIP-2#95 Warning
Input pipelining  
DSP gqav7_z19p_system_i/gqav7_accelerator_0/inst/u_accelerator/i_core/i_pipeline/i_downstream/i_pair_rescale/gen_rescale_lane[3].i_rescale/significand_product_w input gqav7_z19p_system_i/gqav7_accelerator_0/inst/u_accelerator/i_core/i_pipeline/i_downstream/i_pair_rescale/gen_rescale_lane[3].i_rescale/significand_product_w/B[17:0] is not pipelined. Pipelining DSP48 input will improve performance.
Related violations: <none>

DPIP-2#96 Warning
Input pipelining  
DSP gqav7_z19p_system_i/gqav7_accelerator_0/inst/u_accelerator/i_core/i_pipeline/i_downstream/i_pair_rescale/gen_rescale_lane[4].i_rescale/s0_q_reg[significand_product] input gqav7_z19p_system_i/gqav7_accelerator_0/inst/u_accelerator/i_core/i_pipeline/i_downstream/i_pair_rescale/gen_rescale_lane[4].i_rescale/s0_q_reg[significand_product]/A[29:0] is not pipelined. Pipelining DSP48 input will improve performance.
Related violations: <none>

DPIP-2#97 Warning
Input pipelining  
DSP gqav7_z19p_system_i/gqav7_accelerator_0/inst/u_accelerator/i_core/i_pipeline/i_downstream/i_pair_rescale/gen_rescale_lane[4].i_rescale/s0_q_reg[significand_product] input gqav7_z19p_system_i/gqav7_accelerator_0/inst/u_accelerator/i_core/i_pipeline/i_downstream/i_pair_rescale/gen_rescale_lane[4].i_rescale/s0_q_reg[significand_product]/B[17:0] is not pipelined. Pipelining DSP48 input will improve performance.
Related violations: <none>

DPIP-2#98 Warning
Input pipelining  
DSP gqav7_z19p_system_i/gqav7_accelerator_0/inst/u_accelerator/i_core/i_pipeline/i_downstream/i_pair_rescale/gen_rescale_lane[4].i_rescale/significand_product_w input gqav7_z19p_system_i/gqav7_accelerator_0/inst/u_accelerator/i_core/i_pipeline/i_downstream/i_pair_rescale/gen_rescale_lane[4].i_rescale/significand_product_w/A[29:0] is not pipelined. Pipelining DSP48 input will improve performance.
Related violations: <none>

DPIP-2#99 Warning
Input pipelining  
DSP gqav7_z19p_system_i/gqav7_accelerator_0/inst/u_accelerator/i_core/i_pipeline/i_downstream/i_pair_rescale/gen_rescale_lane[4].i_rescale/significand_product_w input gqav7_z19p_system_i/gqav7_accelerator_0/inst/u_accelerator/i_core/i_pipeline/i_downstream/i_pair_rescale/gen_rescale_lane[4].i_rescale/significand_product_w/B[17:0] is not pipelined. Pipelining DSP48 input will improve performance.
Related violations: <none>

DPIP-2#100 Warning
Input pipelining  
DSP gqav7_z19p_system_i/gqav7_accelerator_0/inst/u_accelerator/i_core/i_pipeline/i_downstream/i_pair_rescale/gen_rescale_lane[5].i_rescale/s0_q_reg[significand_product] input gqav7_z19p_system_i/gqav7_accelerator_0/inst/u_accelerator/i_core/i_pipeline/i_downstream/i_pair_rescale/gen_rescale_lane[5].i_rescale/s0_q_reg[significand_product]/A[29:0] is not pipelined. Pipelining DSP48 input will improve performance.
Related violations: <none>

DPIP-2#101 Warning
Input pipelining  
DSP gqav7_z19p_system_i/gqav7_accelerator_0/inst/u_accelerator/i_core/i_pipeline/i_downstream/i_pair_rescale/gen_rescale_lane[5].i_rescale/s0_q_reg[significand_product] input gqav7_z19p_system_i/gqav7_accelerator_0/inst/u_accelerator/i_core/i_pipeline/i_downstream/i_pair_rescale/gen_rescale_lane[5].i_rescale/s0_q_reg[significand_product]/B[17:0] is not pipelined. Pipelining DSP48 input will improve performance.
Related violations: <none>

DPIP-2#102 Warning
Input pipelining  
DSP gqav7_z19p_system_i/gqav7_accelerator_0/inst/u_accelerator/i_core/i_pipeline/i_downstream/i_pair_rescale/gen_rescale_lane[5].i_rescale/significand_product_w input gqav7_z19p_system_i/gqav7_accelerator_0/inst/u_accelerator/i_core/i_pipeline/i_downstream/i_pair_rescale/gen_rescale_lane[5].i_rescale/significand_product_w/A[29:0] is not pipelined. Pipelining DSP48 input will improve performance.
Related violations: <none>

DPIP-2#103 Warning
Input pipelining  
DSP gqav7_z19p_system_i/gqav7_accelerator_0/inst/u_accelerator/i_core/i_pipeline/i_downstream/i_pair_rescale/gen_rescale_lane[5].i_rescale/significand_product_w input gqav7_z19p_system_i/gqav7_accelerator_0/inst/u_accelerator/i_core/i_pipeline/i_downstream/i_pair_rescale/gen_rescale_lane[5].i_rescale/significand_product_w/B[17:0] is not pipelined. Pipelining DSP48 input will improve performance.
Related violations: <none>

DPIP-2#104 Warning
Input pipelining  
DSP gqav7_z19p_system_i/gqav7_accelerator_0/inst/u_accelerator/i_core/i_pipeline/i_downstream/i_pair_rescale/gen_rescale_lane[6].i_rescale/s0_q_reg[significand_product] input gqav7_z19p_system_i/gqav7_accelerator_0/inst/u_accelerator/i_core/i_pipeline/i_downstream/i_pair_rescale/gen_rescale_lane[6].i_rescale/s0_q_reg[significand_product]/A[29:0] is not pipelined. Pipelining DSP48 input will improve performance.
Related violations: <none>

DPIP-2#105 Warning
Input pipelining  
DSP gqav7_z19p_system_i/gqav7_accelerator_0/inst/u_accelerator/i_core/i_pipeline/i_downstream/i_pair_rescale/gen_rescale_lane[6].i_rescale/s0_q_reg[significand_product] input gqav7_z19p_system_i/gqav7_accelerator_0/inst/u_accelerator/i_core/i_pipeline/i_downstream/i_pair_rescale/gen_rescale_lane[6].i_rescale/s0_q_reg[significand_product]/B[17:0] is not pipelined. Pipelining DSP48 input will improve performance.
Related violations: <none>

DPIP-2#106 Warning
Input pipelining  
DSP gqav7_z19p_system_i/gqav7_accelerator_0/inst/u_accelerator/i_core/i_pipeline/i_downstream/i_pair_rescale/gen_rescale_lane[6].i_rescale/significand_product_w input gqav7_z19p_system_i/gqav7_accelerator_0/inst/u_accelerator/i_core/i_pipeline/i_downstream/i_pair_rescale/gen_rescale_lane[6].i_rescale/significand_product_w/A[29:0] is not pipelined. Pipelining DSP48 input will improve performance.
Related violations: <none>

DPIP-2#107 Warning
Input pipelining  
DSP gqav7_z19p_system_i/gqav7_accelerator_0/inst/u_accelerator/i_core/i_pipeline/i_downstream/i_pair_rescale/gen_rescale_lane[6].i_rescale/significand_product_w input gqav7_z19p_system_i/gqav7_accelerator_0/inst/u_accelerator/i_core/i_pipeline/i_downstream/i_pair_rescale/gen_rescale_lane[6].i_rescale/significand_product_w/B[17:0] is not pipelined. Pipelining DSP48 input will improve performance.
Related violations: <none>

DPIP-2#108 Warning
Input pipelining  
DSP gqav7_z19p_system_i/gqav7_accelerator_0/inst/u_accelerator/i_core/i_pipeline/i_downstream/i_pair_rescale/gen_rescale_lane[7].i_rescale/s0_q_reg[significand_product] input gqav7_z19p_system_i/gqav7_accelerator_0/inst/u_accelerator/i_core/i_pipeline/i_downstream/i_pair_rescale/gen_rescale_lane[7].i_rescale/s0_q_reg[significand_product]/A[29:0] is not pipelined. Pipelining DSP48 input will improve performance.
Related violations: <none>

DPIP-2#109 Warning
Input pipelining  
DSP gqav7_z19p_system_i/gqav7_accelerator_0/inst/u_accelerator/i_core/i_pipeline/i_downstream/i_pair_rescale/gen_rescale_lane[7].i_rescale/s0_q_reg[significand_product] input gqav7_z19p_system_i/gqav7_accelerator_0/inst/u_accelerator/i_core/i_pipeline/i_downstream/i_pair_rescale/gen_rescale_lane[7].i_rescale/s0_q_reg[significand_product]/B[17:0] is not pipelined. Pipelining DSP48 input will improve performance.
Related violations: <none>

DPIP-2#110 Warning
Input pipelining  
DSP gqav7_z19p_system_i/gqav7_accelerator_0/inst/u_accelerator/i_core/i_pipeline/i_downstream/i_pair_rescale/gen_rescale_lane[7].i_rescale/significand_product_w input gqav7_z19p_system_i/gqav7_accelerator_0/inst/u_accelerator/i_core/i_pipeline/i_downstream/i_pair_rescale/gen_rescale_lane[7].i_rescale/significand_product_w/A[29:0] is not pipelined. Pipelining DSP48 input will improve performance.
Related violations: <none>

DPIP-2#111 Warning
Input pipelining  
DSP gqav7_z19p_system_i/gqav7_accelerator_0/inst/u_accelerator/i_core/i_pipeline/i_downstream/i_pair_rescale/gen_rescale_lane[7].i_rescale/significand_product_w input gqav7_z19p_system_i/gqav7_accelerator_0/inst/u_accelerator/i_core/i_pipeline/i_downstream/i_pair_rescale/gen_rescale_lane[7].i_rescale/significand_product_w/B[17:0] is not pipelined. Pipelining DSP48 input will improve performance.
Related violations: <none>

DPIP-2#112 Warning
Input pipelining  
DSP gqav7_z19p_system_i/gqav7_accelerator_0/inst/u_accelerator/i_core/i_pipeline/i_downstream/i_pair_rescale/i_combine_alpha/s0_q_reg[significand_product] input gqav7_z19p_system_i/gqav7_accelerator_0/inst/u_accelerator/i_core/i_pipeline/i_downstream/i_pair_rescale/i_combine_alpha/s0_q_reg[significand_product]/A[29:0] is not pipelined. Pipelining DSP48 input will improve performance.
Related violations: <none>

DPIP-2#113 Warning
Input pipelining  
DSP gqav7_z19p_system_i/gqav7_accelerator_0/inst/u_accelerator/i_core/i_pipeline/i_downstream/i_pair_rescale/i_combine_alpha/s0_q_reg[significand_product] input gqav7_z19p_system_i/gqav7_accelerator_0/inst/u_accelerator/i_core/i_pipeline/i_downstream/i_pair_rescale/i_combine_alpha/s0_q_reg[significand_product]/B[17:0] is not pipelined. Pipelining DSP48 input will improve performance.
Related violations: <none>

DPIP-2#114 Warning
Input pipelining  
DSP gqav7_z19p_system_i/gqav7_accelerator_0/inst/u_accelerator/i_core/i_pipeline/i_downstream/i_pair_rescale/i_combine_alpha/significand_product_w input gqav7_z19p_system_i/gqav7_accelerator_0/inst/u_accelerator/i_core/i_pipeline/i_downstream/i_pair_rescale/i_combine_alpha/significand_product_w/A[29:0] is not pipelined. Pipelining DSP48 input will improve performance.
Related violations: <none>

DPIP-2#115 Warning
Input pipelining  
DSP gqav7_z19p_system_i/gqav7_accelerator_0/inst/u_accelerator/i_core/i_pipeline/i_downstream/i_pair_rescale/i_combine_alpha/significand_product_w input gqav7_z19p_system_i/gqav7_accelerator_0/inst/u_accelerator/i_core/i_pipeline/i_downstream/i_pair_rescale/i_combine_alpha/significand_product_w/B[17:0] is not pipelined. Pipelining DSP48 input will improve performance.
Related violations: <none>

DPIP-2#116 Warning
Input pipelining  
DSP gqav7_z19p_system_i/gqav7_accelerator_0/inst/u_accelerator/i_core/i_pipeline/i_downstream/i_pv/i_compute_capture/i_qk/i_engine/gen_row[0].gen_col[5].i_multiply/s1_product_q_reg input gqav7_z19p_system_i/gqav7_accelerator_0/inst/u_accelerator/i_core/i_pipeline/i_downstream/i_pv/i_compute_capture/i_qk/i_engine/gen_row[0].gen_col[5].i_multiply/s1_product_q_reg/B[17:0] is not pipelined. Pipelining DSP48 input will improve performance.
Related violations: <none>

DPIP-2#117 Warning
Input pipelining  
DSP gqav7_z19p_system_i/gqav7_accelerator_0/inst/u_accelerator/i_core/i_pipeline/i_downstream/i_pv/i_compute_capture/i_qk/i_engine/gen_row[4].gen_col[2].i_multiply/s1_product_q_reg input gqav7_z19p_system_i/gqav7_accelerator_0/inst/u_accelerator/i_core/i_pipeline/i_downstream/i_pv/i_compute_capture/i_qk/i_engine/gen_row[4].gen_col[2].i_multiply/s1_product_q_reg/A[29:0] is not pipelined. Pipelining DSP48 input will improve performance.
Related violations: <none>

DPIP-2#118 Warning
Input pipelining  
DSP gqav7_z19p_system_i/gqav7_accelerator_0/inst/u_accelerator/i_core/i_pipeline/i_downstream/i_sidecar/gen_scale[0].i_scale/s0_q_reg[significand_product] input gqav7_z19p_system_i/gqav7_accelerator_0/inst/u_accelerator/i_core/i_pipeline/i_downstream/i_sidecar/gen_scale[0].i_scale/s0_q_reg[significand_product]/A[29:0] is not pipelined. Pipelining DSP48 input will improve performance.
Related violations: <none>

DPIP-2#119 Warning
Input pipelining  
DSP gqav7_z19p_system_i/gqav7_accelerator_0/inst/u_accelerator/i_core/i_pipeline/i_downstream/i_sidecar/gen_scale[0].i_scale/s0_q_reg[significand_product] input gqav7_z19p_system_i/gqav7_accelerator_0/inst/u_accelerator/i_core/i_pipeline/i_downstream/i_sidecar/gen_scale[0].i_scale/s0_q_reg[significand_product]/B[17:0] is not pipelined. Pipelining DSP48 input will improve performance.
Related violations: <none>

DPIP-2#120 Warning
Input pipelining  
DSP gqav7_z19p_system_i/gqav7_accelerator_0/inst/u_accelerator/i_core/i_pipeline/i_downstream/i_sidecar/gen_scale[0].i_scale/significand_product_w input gqav7_z19p_system_i/gqav7_accelerator_0/inst/u_accelerator/i_core/i_pipeline/i_downstream/i_sidecar/gen_scale[0].i_scale/significand_product_w/A[29:0] is not pipelined. Pipelining DSP48 input will improve performance.
Related violations: <none>

DPIP-2#121 Warning
Input pipelining  
DSP gqav7_z19p_system_i/gqav7_accelerator_0/inst/u_accelerator/i_core/i_pipeline/i_downstream/i_sidecar/gen_scale[1].i_scale/s0_q_reg[significand_product] input gqav7_z19p_system_i/gqav7_accelerator_0/inst/u_accelerator/i_core/i_pipeline/i_downstream/i_sidecar/gen_scale[1].i_scale/s0_q_reg[significand_product]/A[29:0] is not pipelined. Pipelining DSP48 input will improve performance.
Related violations: <none>

DPIP-2#122 Warning
Input pipelining  
DSP gqav7_z19p_system_i/gqav7_accelerator_0/inst/u_accelerator/i_core/i_pipeline/i_downstream/i_sidecar/gen_scale[1].i_scale/s0_q_reg[significand_product] input gqav7_z19p_system_i/gqav7_accelerator_0/inst/u_accelerator/i_core/i_pipeline/i_downstream/i_sidecar/gen_scale[1].i_scale/s0_q_reg[significand_product]/B[17:0] is not pipelined. Pipelining DSP48 input will improve performance.
Related violations: <none>

DPIP-2#123 Warning
Input pipelining  
DSP gqav7_z19p_system_i/gqav7_accelerator_0/inst/u_accelerator/i_core/i_pipeline/i_downstream/i_sidecar/gen_scale[1].i_scale/significand_product_w input gqav7_z19p_system_i/gqav7_accelerator_0/inst/u_accelerator/i_core/i_pipeline/i_downstream/i_sidecar/gen_scale[1].i_scale/significand_product_w/A[29:0] is not pipelined. Pipelining DSP48 input will improve performance.
Related violations: <none>

DPIP-2#124 Warning
Input pipelining  
DSP gqav7_z19p_system_i/gqav7_accelerator_0/inst/u_accelerator/i_core/i_pipeline/i_downstream/i_sidecar/gen_scale[2].i_scale/s0_q_reg[significand_product] input gqav7_z19p_system_i/gqav7_accelerator_0/inst/u_accelerator/i_core/i_pipeline/i_downstream/i_sidecar/gen_scale[2].i_scale/s0_q_reg[significand_product]/A[29:0] is not pipelined. Pipelining DSP48 input will improve performance.
Related violations: <none>

DPIP-2#125 Warning
Input pipelining  
DSP gqav7_z19p_system_i/gqav7_accelerator_0/inst/u_accelerator/i_core/i_pipeline/i_downstream/i_sidecar/gen_scale[2].i_scale/s0_q_reg[significand_product] input gqav7_z19p_system_i/gqav7_accelerator_0/inst/u_accelerator/i_core/i_pipeline/i_downstream/i_sidecar/gen_scale[2].i_scale/s0_q_reg[significand_product]/B[17:0] is not pipelined. Pipelining DSP48 input will improve performance.
Related violations: <none>

DPIP-2#126 Warning
Input pipelining  
DSP gqav7_z19p_system_i/gqav7_accelerator_0/inst/u_accelerator/i_core/i_pipeline/i_downstream/i_sidecar/gen_scale[2].i_scale/significand_product_w input gqav7_z19p_system_i/gqav7_accelerator_0/inst/u_accelerator/i_core/i_pipeline/i_downstream/i_sidecar/gen_scale[2].i_scale/significand_product_w/A[29:0] is not pipelined. Pipelining DSP48 input will improve performance.
Related violations: <none>

DPIP-2#127 Warning
Input pipelining  
DSP gqav7_z19p_system_i/gqav7_accelerator_0/inst/u_accelerator/i_core/i_pipeline/i_downstream/i_sidecar/gen_scale[3].i_scale/s0_q_reg[significand_product] input gqav7_z19p_system_i/gqav7_accelerator_0/inst/u_accelerator/i_core/i_pipeline/i_downstream/i_sidecar/gen_scale[3].i_scale/s0_q_reg[significand_product]/A[29:0] is not pipelined. Pipelining DSP48 input will improve performance.
Related violations: <none>

DPIP-2#128 Warning
Input pipelining  
DSP gqav7_z19p_system_i/gqav7_accelerator_0/inst/u_accelerator/i_core/i_pipeline/i_downstream/i_sidecar/gen_scale[3].i_scale/s0_q_reg[significand_product] input gqav7_z19p_system_i/gqav7_accelerator_0/inst/u_accelerator/i_core/i_pipeline/i_downstream/i_sidecar/gen_scale[3].i_scale/s0_q_reg[significand_product]/B[17:0] is not pipelined. Pipelining DSP48 input will improve performance.
Related violations: <none>

DPIP-2#129 Warning
Input pipelining  
DSP gqav7_z19p_system_i/gqav7_accelerator_0/inst/u_accelerator/i_core/i_pipeline/i_downstream/i_sidecar/gen_scale[3].i_scale/significand_product_w input gqav7_z19p_system_i/gqav7_accelerator_0/inst/u_accelerator/i_core/i_pipeline/i_downstream/i_sidecar/gen_scale[3].i_scale/significand_product_w/A[29:0] is not pipelined. Pipelining DSP48 input will improve performance.
Related violations: <none>

DPIP-2#130 Warning
Input pipelining  
DSP gqav7_z19p_system_i/gqav7_accelerator_0/inst/u_accelerator/i_core/i_pipeline/i_downstream/i_sidecar/gen_scale[4].i_scale/s0_q_reg[significand_product] input gqav7_z19p_system_i/gqav7_accelerator_0/inst/u_accelerator/i_core/i_pipeline/i_downstream/i_sidecar/gen_scale[4].i_scale/s0_q_reg[significand_product]/A[29:0] is not pipelined. Pipelining DSP48 input will improve performance.
Related violations: <none>

DPIP-2#131 Warning
Input pipelining  
DSP gqav7_z19p_system_i/gqav7_accelerator_0/inst/u_accelerator/i_core/i_pipeline/i_downstream/i_sidecar/gen_scale[4].i_scale/s0_q_reg[significand_product] input gqav7_z19p_system_i/gqav7_accelerator_0/inst/u_accelerator/i_core/i_pipeline/i_downstream/i_sidecar/gen_scale[4].i_scale/s0_q_reg[significand_product]/B[17:0] is not pipelined. Pipelining DSP48 input will improve performance.
Related violations: <none>

DPIP-2#132 Warning
Input pipelining  
DSP gqav7_z19p_system_i/gqav7_accelerator_0/inst/u_accelerator/i_core/i_pipeline/i_downstream/i_sidecar/gen_scale[4].i_scale/significand_product_w input gqav7_z19p_system_i/gqav7_accelerator_0/inst/u_accelerator/i_core/i_pipeline/i_downstream/i_sidecar/gen_scale[4].i_scale/significand_product_w/A[29:0] is not pipelined. Pipelining DSP48 input will improve performance.
Related violations: <none>

DPIP-2#133 Warning
Input pipelining  
DSP gqav7_z19p_system_i/gqav7_accelerator_0/inst/u_accelerator/i_core/i_pipeline/i_downstream/i_sidecar/gen_scale[5].i_scale/s0_q_reg[significand_product] input gqav7_z19p_system_i/gqav7_accelerator_0/inst/u_accelerator/i_core/i_pipeline/i_downstream/i_sidecar/gen_scale[5].i_scale/s0_q_reg[significand_product]/A[29:0] is not pipelined. Pipelining DSP48 input will improve performance.
Related violations: <none>

DPIP-2#134 Warning
Input pipelining  
DSP gqav7_z19p_system_i/gqav7_accelerator_0/inst/u_accelerator/i_core/i_pipeline/i_downstream/i_sidecar/gen_scale[5].i_scale/s0_q_reg[significand_product] input gqav7_z19p_system_i/gqav7_accelerator_0/inst/u_accelerator/i_core/i_pipeline/i_downstream/i_sidecar/gen_scale[5].i_scale/s0_q_reg[significand_product]/B[17:0] is not pipelined. Pipelining DSP48 input will improve performance.
Related violations: <none>

DPIP-2#135 Warning
Input pipelining  
DSP gqav7_z19p_system_i/gqav7_accelerator_0/inst/u_accelerator/i_core/i_pipeline/i_downstream/i_sidecar/gen_scale[5].i_scale/significand_product_w input gqav7_z19p_system_i/gqav7_accelerator_0/inst/u_accelerator/i_core/i_pipeline/i_downstream/i_sidecar/gen_scale[5].i_scale/significand_product_w/A[29:0] is not pipelined. Pipelining DSP48 input will improve performance.
Related violations: <none>

DPIP-2#136 Warning
Input pipelining  
DSP gqav7_z19p_system_i/gqav7_accelerator_0/inst/u_accelerator/i_core/i_pipeline/i_downstream/i_sidecar/gen_scale[6].i_scale/s0_q_reg[significand_product] input gqav7_z19p_system_i/gqav7_accelerator_0/inst/u_accelerator/i_core/i_pipeline/i_downstream/i_sidecar/gen_scale[6].i_scale/s0_q_reg[significand_product]/A[29:0] is not pipelined. Pipelining DSP48 input will improve performance.
Related violations: <none>

DPIP-2#137 Warning
Input pipelining  
DSP gqav7_z19p_system_i/gqav7_accelerator_0/inst/u_accelerator/i_core/i_pipeline/i_downstream/i_sidecar/gen_scale[6].i_scale/s0_q_reg[significand_product] input gqav7_z19p_system_i/gqav7_accelerator_0/inst/u_accelerator/i_core/i_pipeline/i_downstream/i_sidecar/gen_scale[6].i_scale/s0_q_reg[significand_product]/B[17:0] is not pipelined. Pipelining DSP48 input will improve performance.
Related violations: <none>

DPIP-2#138 Warning
Input pipelining  
DSP gqav7_z19p_system_i/gqav7_accelerator_0/inst/u_accelerator/i_core/i_pipeline/i_downstream/i_sidecar/gen_scale[6].i_scale/significand_product_w input gqav7_z19p_system_i/gqav7_accelerator_0/inst/u_accelerator/i_core/i_pipeline/i_downstream/i_sidecar/gen_scale[6].i_scale/significand_product_w/A[29:0] is not pipelined. Pipelining DSP48 input will improve performance.
Related violations: <none>

DPIP-2#139 Warning
Input pipelining  
DSP gqav7_z19p_system_i/gqav7_accelerator_0/inst/u_accelerator/i_core/i_pipeline/i_downstream/i_sidecar/gen_scale[7].i_scale/s0_q_reg[significand_product] input gqav7_z19p_system_i/gqav7_accelerator_0/inst/u_accelerator/i_core/i_pipeline/i_downstream/i_sidecar/gen_scale[7].i_scale/s0_q_reg[significand_product]/A[29:0] is not pipelined. Pipelining DSP48 input will improve performance.
Related violations: <none>

DPIP-2#140 Warning
Input pipelining  
DSP gqav7_z19p_system_i/gqav7_accelerator_0/inst/u_accelerator/i_core/i_pipeline/i_downstream/i_sidecar/gen_scale[7].i_scale/s0_q_reg[significand_product] input gqav7_z19p_system_i/gqav7_accelerator_0/inst/u_accelerator/i_core/i_pipeline/i_downstream/i_sidecar/gen_scale[7].i_scale/s0_q_reg[significand_product]/B[17:0] is not pipelined. Pipelining DSP48 input will improve performance.
Related violations: <none>

DPIP-2#141 Warning
Input pipelining  
DSP gqav7_z19p_system_i/gqav7_accelerator_0/inst/u_accelerator/i_core/i_pipeline/i_downstream/i_sidecar/gen_scale[7].i_scale/significand_product_w input gqav7_z19p_system_i/gqav7_accelerator_0/inst/u_accelerator/i_core/i_pipeline/i_downstream/i_sidecar/gen_scale[7].i_scale/significand_product_w/A[29:0] is not pipelined. Pipelining DSP48 input will improve performance.
Related violations: <none>

DPIP-2#142 Warning
Input pipelining  
DSP gqav7_z19p_system_i/gqav7_accelerator_0/inst/u_accelerator/i_core/i_pipeline/i_downstream/i_softmax/gen_exp2_scale[0].i_scale/s0_q_reg[significand_product] input gqav7_z19p_system_i/gqav7_accelerator_0/inst/u_accelerator/i_core/i_pipeline/i_downstream/i_softmax/gen_exp2_scale[0].i_scale/s0_q_reg[significand_product]/B[17:0] is not pipelined. Pipelining DSP48 input will improve performance.
Related violations: <none>

DPIP-2#143 Warning
Input pipelining  
DSP gqav7_z19p_system_i/gqav7_accelerator_0/inst/u_accelerator/i_core/i_pipeline/i_downstream/i_softmax/gen_exp2_scale[1].i_scale/s0_q_reg[significand_product] input gqav7_z19p_system_i/gqav7_accelerator_0/inst/u_accelerator/i_core/i_pipeline/i_downstream/i_softmax/gen_exp2_scale[1].i_scale/s0_q_reg[significand_product]/B[17:0] is not pipelined. Pipelining DSP48 input will improve performance.
Related violations: <none>

DPIP-2#144 Warning
Input pipelining  
DSP gqav7_z19p_system_i/gqav7_accelerator_0/inst/u_accelerator/i_core/i_pipeline/i_downstream/i_softmax/gen_exp2_scale[2].i_scale/s0_q_reg[significand_product] input gqav7_z19p_system_i/gqav7_accelerator_0/inst/u_accelerator/i_core/i_pipeline/i_downstream/i_softmax/gen_exp2_scale[2].i_scale/s0_q_reg[significand_product]/B[17:0] is not pipelined. Pipelining DSP48 input will improve performance.
Related violations: <none>

DPIP-2#145 Warning
Input pipelining  
DSP gqav7_z19p_system_i/gqav7_accelerator_0/inst/u_accelerator/i_core/i_pipeline/i_downstream/i_softmax/gen_exp2_scale[3].i_scale/s0_q_reg[significand_product] input gqav7_z19p_system_i/gqav7_accelerator_0/inst/u_accelerator/i_core/i_pipeline/i_downstream/i_softmax/gen_exp2_scale[3].i_scale/s0_q_reg[significand_product]/B[17:0] is not pipelined. Pipelining DSP48 input will improve performance.
Related violations: <none>

DPIP-2#146 Warning
Input pipelining  
DSP gqav7_z19p_system_i/gqav7_accelerator_0/inst/u_accelerator/i_core/i_pipeline/i_downstream/i_softmax/gen_exp2_scale[4].i_scale/s0_q_reg[significand_product] input gqav7_z19p_system_i/gqav7_accelerator_0/inst/u_accelerator/i_core/i_pipeline/i_downstream/i_softmax/gen_exp2_scale[4].i_scale/s0_q_reg[significand_product]/B[17:0] is not pipelined. Pipelining DSP48 input will improve performance.
Related violations: <none>

DPIP-2#147 Warning
Input pipelining  
DSP gqav7_z19p_system_i/gqav7_accelerator_0/inst/u_accelerator/i_core/i_pipeline/i_downstream/i_softmax/gen_exp2_scale[5].i_scale/s0_q_reg[significand_product] input gqav7_z19p_system_i/gqav7_accelerator_0/inst/u_accelerator/i_core/i_pipeline/i_downstream/i_softmax/gen_exp2_scale[5].i_scale/s0_q_reg[significand_product]/B[17:0] is not pipelined. Pipelining DSP48 input will improve performance.
Related violations: <none>

DPIP-2#148 Warning
Input pipelining  
DSP gqav7_z19p_system_i/gqav7_accelerator_0/inst/u_accelerator/i_core/i_pipeline/i_downstream/i_softmax/gen_exp2_scale[6].i_scale/s0_q_reg[significand_product] input gqav7_z19p_system_i/gqav7_accelerator_0/inst/u_accelerator/i_core/i_pipeline/i_downstream/i_softmax/gen_exp2_scale[6].i_scale/s0_q_reg[significand_product]/B[17:0] is not pipelined. Pipelining DSP48 input will improve performance.
Related violations: <none>

DPIP-2#149 Warning
Input pipelining  
DSP gqav7_z19p_system_i/gqav7_accelerator_0/inst/u_accelerator/i_core/i_pipeline/i_downstream/i_softmax/gen_exp2_scale[7].i_scale/s0_q_reg[significand_product] input gqav7_z19p_system_i/gqav7_accelerator_0/inst/u_accelerator/i_core/i_pipeline/i_downstream/i_softmax/gen_exp2_scale[7].i_scale/s0_q_reg[significand_product]/B[17:0] is not pipelined. Pipelining DSP48 input will improve performance.
Related violations: <none>

DPIP-2#150 Warning
Input pipelining  
DSP gqav7_z19p_system_i/gqav7_accelerator_0/inst/u_accelerator/i_core/i_pipeline/i_downstream/i_softmax/gen_exp2_scale[8].i_scale/s0_q_reg[significand_product] input gqav7_z19p_system_i/gqav7_accelerator_0/inst/u_accelerator/i_core/i_pipeline/i_downstream/i_softmax/gen_exp2_scale[8].i_scale/s0_q_reg[significand_product]/B[17:0] is not pipelined. Pipelining DSP48 input will improve performance.
Related violations: <none>

DPIP-2#151 Warning
Input pipelining  
DSP gqav7_z19p_system_i/gqav7_accelerator_0/inst/u_accelerator/i_core/i_pipeline/i_downstream/i_softmax/i_weight_old_sum/s0_q_reg[significand_product] input gqav7_z19p_system_i/gqav7_accelerator_0/inst/u_accelerator/i_core/i_pipeline/i_downstream/i_softmax/i_weight_old_sum/s0_q_reg[significand_product]/A[29:0] is not pipelined. Pipelining DSP48 input will improve performance.
Related violations: <none>

DPIP-2#152 Warning
Input pipelining  
DSP gqav7_z19p_system_i/gqav7_accelerator_0/inst/u_accelerator/i_core/i_pipeline/i_downstream/i_softmax/i_weight_old_sum/s0_q_reg[significand_product] input gqav7_z19p_system_i/gqav7_accelerator_0/inst/u_accelerator/i_core/i_pipeline/i_downstream/i_softmax/i_weight_old_sum/s0_q_reg[significand_product]/B[17:0] is not pipelined. Pipelining DSP48 input will improve performance.
Related violations: <none>

DPIP-2#153 Warning
Input pipelining  
DSP gqav7_z19p_system_i/gqav7_accelerator_0/inst/u_accelerator/i_core/i_pipeline/i_downstream/i_softmax/i_weight_old_sum/significand_product_w input gqav7_z19p_system_i/gqav7_accelerator_0/inst/u_accelerator/i_core/i_pipeline/i_downstream/i_softmax/i_weight_old_sum/significand_product_w/A[29:0] is not pipelined. Pipelining DSP48 input will improve performance.
Related violations: <none>

DPOP-3#1 Warning
PREG Output pipelining  
DSP gqav7_z19p_system_i/gqav7_accelerator_0/inst/u_accelerator/i_core/i_address/head_offset_q0 output gqav7_z19p_system_i/gqav7_accelerator_0/inst/u_accelerator/i_core/i_address/head_offset_q0/P[47:0] is not pipelined (PREG=0). Pipelining the DSP48 output will improve performance and often saves power so it is suggested whenever possible to fully pipeline this function.  If this DSP48 function was inferred, it is suggested to describe an additional register stage after this function.  If the DSP48 was instantiated in the design, it is suggested to set the PREG attribute to 1.
Related violations: <none>

DPOP-3#2 Warning
PREG Output pipelining  
DSP gqav7_z19p_system_i/gqav7_accelerator_0/inst/u_accelerator/i_core/i_address/token_offset_q0 output gqav7_z19p_system_i/gqav7_accelerator_0/inst/u_accelerator/i_core/i_address/token_offset_q0/P[47:0] is not pipelined (PREG=0). Pipelining the DSP48 output will improve performance and often saves power so it is suggested whenever possible to fully pipeline this function.  If this DSP48 function was inferred, it is suggested to describe an additional register stage after this function.  If the DSP48 was instantiated in the design, it is suggested to set the PREG attribute to 1.
Related violations: <none>

DPOP-3#3 Warning
PREG Output pipelining  
DSP gqav7_z19p_system_i/gqav7_accelerator_0/inst/u_accelerator/i_core/i_pipeline/i_downstream/i_normalize/gen_normalize_lane[0].i_normalize/significand_product_w output gqav7_z19p_system_i/gqav7_accelerator_0/inst/u_accelerator/i_core/i_pipeline/i_downstream/i_normalize/gen_normalize_lane[0].i_normalize/significand_product_w/P[47:0] is not pipelined (PREG=0). Pipelining the DSP48 output will improve performance and often saves power so it is suggested whenever possible to fully pipeline this function.  If this DSP48 function was inferred, it is suggested to describe an additional register stage after this function.  If the DSP48 was instantiated in the design, it is suggested to set the PREG attribute to 1.
Related violations: <none>

DPOP-3#4 Warning
PREG Output pipelining  
DSP gqav7_z19p_system_i/gqav7_accelerator_0/inst/u_accelerator/i_core/i_pipeline/i_downstream/i_normalize/gen_normalize_lane[1].i_normalize/significand_product_w output gqav7_z19p_system_i/gqav7_accelerator_0/inst/u_accelerator/i_core/i_pipeline/i_downstream/i_normalize/gen_normalize_lane[1].i_normalize/significand_product_w/P[47:0] is not pipelined (PREG=0). Pipelining the DSP48 output will improve performance and often saves power so it is suggested whenever possible to fully pipeline this function.  If this DSP48 function was inferred, it is suggested to describe an additional register stage after this function.  If the DSP48 was instantiated in the design, it is suggested to set the PREG attribute to 1.
Related violations: <none>

DPOP-3#5 Warning
PREG Output pipelining  
DSP gqav7_z19p_system_i/gqav7_accelerator_0/inst/u_accelerator/i_core/i_pipeline/i_downstream/i_normalize/gen_normalize_lane[2].i_normalize/significand_product_w output gqav7_z19p_system_i/gqav7_accelerator_0/inst/u_accelerator/i_core/i_pipeline/i_downstream/i_normalize/gen_normalize_lane[2].i_normalize/significand_product_w/P[47:0] is not pipelined (PREG=0). Pipelining the DSP48 output will improve performance and often saves power so it is suggested whenever possible to fully pipeline this function.  If this DSP48 function was inferred, it is suggested to describe an additional register stage after this function.  If the DSP48 was instantiated in the design, it is suggested to set the PREG attribute to 1.
Related violations: <none>

DPOP-3#6 Warning
PREG Output pipelining  
DSP gqav7_z19p_system_i/gqav7_accelerator_0/inst/u_accelerator/i_core/i_pipeline/i_downstream/i_normalize/gen_normalize_lane[3].i_normalize/significand_product_w output gqav7_z19p_system_i/gqav7_accelerator_0/inst/u_accelerator/i_core/i_pipeline/i_downstream/i_normalize/gen_normalize_lane[3].i_normalize/significand_product_w/P[47:0] is not pipelined (PREG=0). Pipelining the DSP48 output will improve performance and often saves power so it is suggested whenever possible to fully pipeline this function.  If this DSP48 function was inferred, it is suggested to describe an additional register stage after this function.  If the DSP48 was instantiated in the design, it is suggested to set the PREG attribute to 1.
Related violations: <none>

DPOP-3#7 Warning
PREG Output pipelining  
DSP gqav7_z19p_system_i/gqav7_accelerator_0/inst/u_accelerator/i_core/i_pipeline/i_downstream/i_normalize/gen_normalize_lane[4].i_normalize/significand_product_w output gqav7_z19p_system_i/gqav7_accelerator_0/inst/u_accelerator/i_core/i_pipeline/i_downstream/i_normalize/gen_normalize_lane[4].i_normalize/significand_product_w/P[47:0] is not pipelined (PREG=0). Pipelining the DSP48 output will improve performance and often saves power so it is suggested whenever possible to fully pipeline this function.  If this DSP48 function was inferred, it is suggested to describe an additional register stage after this function.  If the DSP48 was instantiated in the design, it is suggested to set the PREG attribute to 1.
Related violations: <none>

DPOP-3#8 Warning
PREG Output pipelining  
DSP gqav7_z19p_system_i/gqav7_accelerator_0/inst/u_accelerator/i_core/i_pipeline/i_downstream/i_normalize/gen_normalize_lane[5].i_normalize/significand_product_w output gqav7_z19p_system_i/gqav7_accelerator_0/inst/u_accelerator/i_core/i_pipeline/i_downstream/i_normalize/gen_normalize_lane[5].i_normalize/significand_product_w/P[47:0] is not pipelined (PREG=0). Pipelining the DSP48 output will improve performance and often saves power so it is suggested whenever possible to fully pipeline this function.  If this DSP48 function was inferred, it is suggested to describe an additional register stage after this function.  If the DSP48 was instantiated in the design, it is suggested to set the PREG attribute to 1.
Related violations: <none>

DPOP-3#9 Warning
PREG Output pipelining  
DSP gqav7_z19p_system_i/gqav7_accelerator_0/inst/u_accelerator/i_core/i_pipeline/i_downstream/i_normalize/gen_normalize_lane[6].i_normalize/significand_product_w output gqav7_z19p_system_i/gqav7_accelerator_0/inst/u_accelerator/i_core/i_pipeline/i_downstream/i_normalize/gen_normalize_lane[6].i_normalize/significand_product_w/P[47:0] is not pipelined (PREG=0). Pipelining the DSP48 output will improve performance and often saves power so it is suggested whenever possible to fully pipeline this function.  If this DSP48 function was inferred, it is suggested to describe an additional register stage after this function.  If the DSP48 was instantiated in the design, it is suggested to set the PREG attribute to 1.
Related violations: <none>

DPOP-3#10 Warning
PREG Output pipelining  
DSP gqav7_z19p_system_i/gqav7_accelerator_0/inst/u_accelerator/i_core/i_pipeline/i_downstream/i_normalize/gen_normalize_lane[7].i_normalize/significand_product_w output gqav7_z19p_system_i/gqav7_accelerator_0/inst/u_accelerator/i_core/i_pipeline/i_downstream/i_normalize/gen_normalize_lane[7].i_normalize/significand_product_w/P[47:0] is not pipelined (PREG=0). Pipelining the DSP48 output will improve performance and often saves power so it is suggested whenever possible to fully pipeline this function.  If this DSP48 function was inferred, it is suggested to describe an additional register stage after this function.  If the DSP48 was instantiated in the design, it is suggested to set the PREG attribute to 1.
Related violations: <none>

DPOP-3#11 Warning
PREG Output pipelining  
DSP gqav7_z19p_system_i/gqav7_accelerator_0/inst/u_accelerator/i_core/i_pipeline/i_downstream/i_normalize/i_reciprocal/multiply_q0 output gqav7_z19p_system_i/gqav7_accelerator_0/inst/u_accelerator/i_core/i_pipeline/i_downstream/i_normalize/i_reciprocal/multiply_q0/P[47:0] is not pipelined (PREG=0). Pipelining the DSP48 output will improve performance and often saves power so it is suggested whenever possible to fully pipeline this function.  If this DSP48 function was inferred, it is suggested to describe an additional register stage after this function.  If the DSP48 was instantiated in the design, it is suggested to set the PREG attribute to 1.
Related violations: <none>

DPOP-3#12 Warning
PREG Output pipelining  
DSP gqav7_z19p_system_i/gqav7_accelerator_0/inst/u_accelerator/i_core/i_pipeline/i_downstream/i_normalize/i_reciprocal/multiply_q0__0 output gqav7_z19p_system_i/gqav7_accelerator_0/inst/u_accelerator/i_core/i_pipeline/i_downstream/i_normalize/i_reciprocal/multiply_q0__0/P[47:0] is not pipelined (PREG=0). Pipelining the DSP48 output will improve performance and often saves power so it is suggested whenever possible to fully pipeline this function.  If this DSP48 function was inferred, it is suggested to describe an additional register stage after this function.  If the DSP48 was instantiated in the design, it is suggested to set the PREG attribute to 1.
Related violations: <none>

DPOP-3#13 Warning
PREG Output pipelining  
DSP gqav7_z19p_system_i/gqav7_accelerator_0/inst/u_accelerator/i_core/i_pipeline/i_downstream/i_normalize/i_reciprocal/multiply_q0__1 output gqav7_z19p_system_i/gqav7_accelerator_0/inst/u_accelerator/i_core/i_pipeline/i_downstream/i_normalize/i_reciprocal/multiply_q0__1/P[47:0] is not pipelined (PREG=0). Pipelining the DSP48 output will improve performance and often saves power so it is suggested whenever possible to fully pipeline this function.  If this DSP48 function was inferred, it is suggested to describe an additional register stage after this function.  If the DSP48 was instantiated in the design, it is suggested to set the PREG attribute to 1.
Related violations: <none>

DPOP-3#14 Warning
PREG Output pipelining  
DSP gqav7_z19p_system_i/gqav7_accelerator_0/inst/u_accelerator/i_core/i_pipeline/i_downstream/i_normalize/i_reciprocal/multiply_q0__10 output gqav7_z19p_system_i/gqav7_accelerator_0/inst/u_accelerator/i_core/i_pipeline/i_downstream/i_normalize/i_reciprocal/multiply_q0__10/P[47:0] is not pipelined (PREG=0). Pipelining the DSP48 output will improve performance and often saves power so it is suggested whenever possible to fully pipeline this function.  If this DSP48 function was inferred, it is suggested to describe an additional register stage after this function.  If the DSP48 was instantiated in the design, it is suggested to set the PREG attribute to 1.
Related violations: <none>

DPOP-3#15 Warning
PREG Output pipelining  
DSP gqav7_z19p_system_i/gqav7_accelerator_0/inst/u_accelerator/i_core/i_pipeline/i_downstream/i_normalize/i_reciprocal/multiply_q0__2 output gqav7_z19p_system_i/gqav7_accelerator_0/inst/u_accelerator/i_core/i_pipeline/i_downstream/i_normalize/i_reciprocal/multiply_q0__2/P[47:0] is not pipelined (PREG=0). Pipelining the DSP48 output will improve performance and often saves power so it is suggested whenever possible to fully pipeline this function.  If this DSP48 function was inferred, it is suggested to describe an additional register stage after this function.  If the DSP48 was instantiated in the design, it is suggested to set the PREG attribute to 1.
Related violations: <none>

DPOP-3#16 Warning
PREG Output pipelining  
DSP gqav7_z19p_system_i/gqav7_accelerator_0/inst/u_accelerator/i_core/i_pipeline/i_downstream/i_normalize/i_reciprocal/multiply_q0__3 output gqav7_z19p_system_i/gqav7_accelerator_0/inst/u_accelerator/i_core/i_pipeline/i_downstream/i_normalize/i_reciprocal/multiply_q0__3/P[47:0] is not pipelined (PREG=0). Pipelining the DSP48 output will improve performance and often saves power so it is suggested whenever possible to fully pipeline this function.  If this DSP48 function was inferred, it is suggested to describe an additional register stage after this function.  If the DSP48 was instantiated in the design, it is suggested to set the PREG attribute to 1.
Related violations: <none>

DPOP-3#17 Warning
PREG Output pipelining  
DSP gqav7_z19p_system_i/gqav7_accelerator_0/inst/u_accelerator/i_core/i_pipeline/i_downstream/i_normalize/i_reciprocal/multiply_q0__4 output gqav7_z19p_system_i/gqav7_accelerator_0/inst/u_accelerator/i_core/i_pipeline/i_downstream/i_normalize/i_reciprocal/multiply_q0__4/P[47:0] is not pipelined (PREG=0). Pipelining the DSP48 output will improve performance and often saves power so it is suggested whenever possible to fully pipeline this function.  If this DSP48 function was inferred, it is suggested to describe an additional register stage after this function.  If the DSP48 was instantiated in the design, it is suggested to set the PREG attribute to 1.
Related violations: <none>

DPOP-3#18 Warning
PREG Output pipelining  
DSP gqav7_z19p_system_i/gqav7_accelerator_0/inst/u_accelerator/i_core/i_pipeline/i_downstream/i_normalize/i_reciprocal/multiply_q0__5 output gqav7_z19p_system_i/gqav7_accelerator_0/inst/u_accelerator/i_core/i_pipeline/i_downstream/i_normalize/i_reciprocal/multiply_q0__5/P[47:0] is not pipelined (PREG=0). Pipelining the DSP48 output will improve performance and often saves power so it is suggested whenever possible to fully pipeline this function.  If this DSP48 function was inferred, it is suggested to describe an additional register stage after this function.  If the DSP48 was instantiated in the design, it is suggested to set the PREG attribute to 1.
Related violations: <none>

DPOP-3#19 Warning
PREG Output pipelining  
DSP gqav7_z19p_system_i/gqav7_accelerator_0/inst/u_accelerator/i_core/i_pipeline/i_downstream/i_normalize/i_reciprocal/multiply_q0__6 output gqav7_z19p_system_i/gqav7_accelerator_0/inst/u_accelerator/i_core/i_pipeline/i_downstream/i_normalize/i_reciprocal/multiply_q0__6/P[47:0] is not pipelined (PREG=0). Pipelining the DSP48 output will improve performance and often saves power so it is suggested whenever possible to fully pipeline this function.  If this DSP48 function was inferred, it is suggested to describe an additional register stage after this function.  If the DSP48 was instantiated in the design, it is suggested to set the PREG attribute to 1.
Related violations: <none>

DPOP-3#20 Warning
PREG Output pipelining  
DSP gqav7_z19p_system_i/gqav7_accelerator_0/inst/u_accelerator/i_core/i_pipeline/i_downstream/i_normalize/i_reciprocal/multiply_q0__7 output gqav7_z19p_system_i/gqav7_accelerator_0/inst/u_accelerator/i_core/i_pipeline/i_downstream/i_normalize/i_reciprocal/multiply_q0__7/P[47:0] is not pipelined (PREG=0). Pipelining the DSP48 output will improve performance and often saves power so it is suggested whenever possible to fully pipeline this function.  If this DSP48 function was inferred, it is suggested to describe an additional register stage after this function.  If the DSP48 was instantiated in the design, it is suggested to set the PREG attribute to 1.
Related violations: <none>

DPOP-3#21 Warning
PREG Output pipelining  
DSP gqav7_z19p_system_i/gqav7_accelerator_0/inst/u_accelerator/i_core/i_pipeline/i_downstream/i_normalize/i_reciprocal/multiply_q0__8 output gqav7_z19p_system_i/gqav7_accelerator_0/inst/u_accelerator/i_core/i_pipeline/i_downstream/i_normalize/i_reciprocal/multiply_q0__8/P[47:0] is not pipelined (PREG=0). Pipelining the DSP48 output will improve performance and often saves power so it is suggested whenever possible to fully pipeline this function.  If this DSP48 function was inferred, it is suggested to describe an additional register stage after this function.  If the DSP48 was instantiated in the design, it is suggested to set the PREG attribute to 1.
Related violations: <none>

DPOP-3#22 Warning
PREG Output pipelining  
DSP gqav7_z19p_system_i/gqav7_accelerator_0/inst/u_accelerator/i_core/i_pipeline/i_downstream/i_normalize/i_reciprocal/multiply_q0__9 output gqav7_z19p_system_i/gqav7_accelerator_0/inst/u_accelerator/i_core/i_pipeline/i_downstream/i_normalize/i_reciprocal/multiply_q0__9/P[47:0] is not pipelined (PREG=0). Pipelining the DSP48 output will improve performance and often saves power so it is suggested whenever possible to fully pipeline this function.  If this DSP48 function was inferred, it is suggested to describe an additional register stage after this function.  If the DSP48 was instantiated in the design, it is suggested to set the PREG attribute to 1.
Related violations: <none>

DPOP-3#23 Warning
PREG Output pipelining  
DSP gqav7_z19p_system_i/gqav7_accelerator_0/inst/u_accelerator/i_core/i_pipeline/i_downstream/i_output_update/gen_update_lane[0].i_scale_alternate/significand_product_w output gqav7_z19p_system_i/gqav7_accelerator_0/inst/u_accelerator/i_core/i_pipeline/i_downstream/i_output_update/gen_update_lane[0].i_scale_alternate/significand_product_w/P[47:0] is not pipelined (PREG=0). Pipelining the DSP48 output will improve performance and often saves power so it is suggested whenever possible to fully pipeline this function.  If this DSP48 function was inferred, it is suggested to describe an additional register stage after this function.  If the DSP48 was instantiated in the design, it is suggested to set the PREG attribute to 1.
Related violations: <none>

DPOP-3#24 Warning
PREG Output pipelining  
DSP gqav7_z19p_system_i/gqav7_accelerator_0/inst/u_accelerator/i_core/i_pipeline/i_downstream/i_output_update/gen_update_lane[0].i_scale_state/significand_product_w output gqav7_z19p_system_i/gqav7_accelerator_0/inst/u_accelerator/i_core/i_pipeline/i_downstream/i_output_update/gen_update_lane[0].i_scale_state/significand_product_w/P[47:0] is not pipelined (PREG=0). Pipelining the DSP48 output will improve performance and often saves power so it is suggested whenever possible to fully pipeline this function.  If this DSP48 function was inferred, it is suggested to describe an additional register stage after this function.  If the DSP48 was instantiated in the design, it is suggested to set the PREG attribute to 1.
Related violations: <none>

DPOP-3#25 Warning
PREG Output pipelining  
DSP gqav7_z19p_system_i/gqav7_accelerator_0/inst/u_accelerator/i_core/i_pipeline/i_downstream/i_output_update/gen_update_lane[1].i_scale_alternate/significand_product_w output gqav7_z19p_system_i/gqav7_accelerator_0/inst/u_accelerator/i_core/i_pipeline/i_downstream/i_output_update/gen_update_lane[1].i_scale_alternate/significand_product_w/P[47:0] is not pipelined (PREG=0). Pipelining the DSP48 output will improve performance and often saves power so it is suggested whenever possible to fully pipeline this function.  If this DSP48 function was inferred, it is suggested to describe an additional register stage after this function.  If the DSP48 was instantiated in the design, it is suggested to set the PREG attribute to 1.
Related violations: <none>

DPOP-3#26 Warning
PREG Output pipelining  
DSP gqav7_z19p_system_i/gqav7_accelerator_0/inst/u_accelerator/i_core/i_pipeline/i_downstream/i_output_update/gen_update_lane[1].i_scale_state/significand_product_w output gqav7_z19p_system_i/gqav7_accelerator_0/inst/u_accelerator/i_core/i_pipeline/i_downstream/i_output_update/gen_update_lane[1].i_scale_state/significand_product_w/P[47:0] is not pipelined (PREG=0). Pipelining the DSP48 output will improve performance and often saves power so it is suggested whenever possible to fully pipeline this function.  If this DSP48 function was inferred, it is suggested to describe an additional register stage after this function.  If the DSP48 was instantiated in the design, it is suggested to set the PREG attribute to 1.
Related violations: <none>

DPOP-3#27 Warning
PREG Output pipelining  
DSP gqav7_z19p_system_i/gqav7_accelerator_0/inst/u_accelerator/i_core/i_pipeline/i_downstream/i_output_update/gen_update_lane[2].i_scale_alternate/significand_product_w output gqav7_z19p_system_i/gqav7_accelerator_0/inst/u_accelerator/i_core/i_pipeline/i_downstream/i_output_update/gen_update_lane[2].i_scale_alternate/significand_product_w/P[47:0] is not pipelined (PREG=0). Pipelining the DSP48 output will improve performance and often saves power so it is suggested whenever possible to fully pipeline this function.  If this DSP48 function was inferred, it is suggested to describe an additional register stage after this function.  If the DSP48 was instantiated in the design, it is suggested to set the PREG attribute to 1.
Related violations: <none>

DPOP-3#28 Warning
PREG Output pipelining  
DSP gqav7_z19p_system_i/gqav7_accelerator_0/inst/u_accelerator/i_core/i_pipeline/i_downstream/i_output_update/gen_update_lane[2].i_scale_state/significand_product_w output gqav7_z19p_system_i/gqav7_accelerator_0/inst/u_accelerator/i_core/i_pipeline/i_downstream/i_output_update/gen_update_lane[2].i_scale_state/significand_product_w/P[47:0] is not pipelined (PREG=0). Pipelining the DSP48 output will improve performance and often saves power so it is suggested whenever possible to fully pipeline this function.  If this DSP48 function was inferred, it is suggested to describe an additional register stage after this function.  If the DSP48 was instantiated in the design, it is suggested to set the PREG attribute to 1.
Related violations: <none>

DPOP-3#29 Warning
PREG Output pipelining  
DSP gqav7_z19p_system_i/gqav7_accelerator_0/inst/u_accelerator/i_core/i_pipeline/i_downstream/i_output_update/gen_update_lane[3].i_scale_alternate/significand_product_w output gqav7_z19p_system_i/gqav7_accelerator_0/inst/u_accelerator/i_core/i_pipeline/i_downstream/i_output_update/gen_update_lane[3].i_scale_alternate/significand_product_w/P[47:0] is not pipelined (PREG=0). Pipelining the DSP48 output will improve performance and often saves power so it is suggested whenever possible to fully pipeline this function.  If this DSP48 function was inferred, it is suggested to describe an additional register stage after this function.  If the DSP48 was instantiated in the design, it is suggested to set the PREG attribute to 1.
Related violations: <none>

DPOP-3#30 Warning
PREG Output pipelining  
DSP gqav7_z19p_system_i/gqav7_accelerator_0/inst/u_accelerator/i_core/i_pipeline/i_downstream/i_output_update/gen_update_lane[3].i_scale_state/significand_product_w output gqav7_z19p_system_i/gqav7_accelerator_0/inst/u_accelerator/i_core/i_pipeline/i_downstream/i_output_update/gen_update_lane[3].i_scale_state/significand_product_w/P[47:0] is not pipelined (PREG=0). Pipelining the DSP48 output will improve performance and often saves power so it is suggested whenever possible to fully pipeline this function.  If this DSP48 function was inferred, it is suggested to describe an additional register stage after this function.  If the DSP48 was instantiated in the design, it is suggested to set the PREG attribute to 1.
Related violations: <none>

DPOP-3#31 Warning
PREG Output pipelining  
DSP gqav7_z19p_system_i/gqav7_accelerator_0/inst/u_accelerator/i_core/i_pipeline/i_downstream/i_output_update/gen_update_lane[4].i_scale_alternate/significand_product_w output gqav7_z19p_system_i/gqav7_accelerator_0/inst/u_accelerator/i_core/i_pipeline/i_downstream/i_output_update/gen_update_lane[4].i_scale_alternate/significand_product_w/P[47:0] is not pipelined (PREG=0). Pipelining the DSP48 output will improve performance and often saves power so it is suggested whenever possible to fully pipeline this function.  If this DSP48 function was inferred, it is suggested to describe an additional register stage after this function.  If the DSP48 was instantiated in the design, it is suggested to set the PREG attribute to 1.
Related violations: <none>

DPOP-3#32 Warning
PREG Output pipelining  
DSP gqav7_z19p_system_i/gqav7_accelerator_0/inst/u_accelerator/i_core/i_pipeline/i_downstream/i_output_update/gen_update_lane[4].i_scale_state/significand_product_w output gqav7_z19p_system_i/gqav7_accelerator_0/inst/u_accelerator/i_core/i_pipeline/i_downstream/i_output_update/gen_update_lane[4].i_scale_state/significand_product_w/P[47:0] is not pipelined (PREG=0). Pipelining the DSP48 output will improve performance and often saves power so it is suggested whenever possible to fully pipeline this function.  If this DSP48 function was inferred, it is suggested to describe an additional register stage after this function.  If the DSP48 was instantiated in the design, it is suggested to set the PREG attribute to 1.
Related violations: <none>

DPOP-3#33 Warning
PREG Output pipelining  
DSP gqav7_z19p_system_i/gqav7_accelerator_0/inst/u_accelerator/i_core/i_pipeline/i_downstream/i_output_update/gen_update_lane[5].i_scale_alternate/significand_product_w output gqav7_z19p_system_i/gqav7_accelerator_0/inst/u_accelerator/i_core/i_pipeline/i_downstream/i_output_update/gen_update_lane[5].i_scale_alternate/significand_product_w/P[47:0] is not pipelined (PREG=0). Pipelining the DSP48 output will improve performance and often saves power so it is suggested whenever possible to fully pipeline this function.  If this DSP48 function was inferred, it is suggested to describe an additional register stage after this function.  If the DSP48 was instantiated in the design, it is suggested to set the PREG attribute to 1.
Related violations: <none>

DPOP-3#34 Warning
PREG Output pipelining  
DSP gqav7_z19p_system_i/gqav7_accelerator_0/inst/u_accelerator/i_core/i_pipeline/i_downstream/i_output_update/gen_update_lane[5].i_scale_state/significand_product_w output gqav7_z19p_system_i/gqav7_accelerator_0/inst/u_accelerator/i_core/i_pipeline/i_downstream/i_output_update/gen_update_lane[5].i_scale_state/significand_product_w/P[47:0] is not pipelined (PREG=0). Pipelining the DSP48 output will improve performance and often saves power so it is suggested whenever possible to fully pipeline this function.  If this DSP48 function was inferred, it is suggested to describe an additional register stage after this function.  If the DSP48 was instantiated in the design, it is suggested to set the PREG attribute to 1.
Related violations: <none>

DPOP-3#35 Warning
PREG Output pipelining  
DSP gqav7_z19p_system_i/gqav7_accelerator_0/inst/u_accelerator/i_core/i_pipeline/i_downstream/i_output_update/gen_update_lane[6].i_scale_alternate/significand_product_w output gqav7_z19p_system_i/gqav7_accelerator_0/inst/u_accelerator/i_core/i_pipeline/i_downstream/i_output_update/gen_update_lane[6].i_scale_alternate/significand_product_w/P[47:0] is not pipelined (PREG=0). Pipelining the DSP48 output will improve performance and often saves power so it is suggested whenever possible to fully pipeline this function.  If this DSP48 function was inferred, it is suggested to describe an additional register stage after this function.  If the DSP48 was instantiated in the design, it is suggested to set the PREG attribute to 1.
Related violations: <none>

DPOP-3#36 Warning
PREG Output pipelining  
DSP gqav7_z19p_system_i/gqav7_accelerator_0/inst/u_accelerator/i_core/i_pipeline/i_downstream/i_output_update/gen_update_lane[6].i_scale_state/significand_product_w output gqav7_z19p_system_i/gqav7_accelerator_0/inst/u_accelerator/i_core/i_pipeline/i_downstream/i_output_update/gen_update_lane[6].i_scale_state/significand_product_w/P[47:0] is not pipelined (PREG=0). Pipelining the DSP48 output will improve performance and often saves power so it is suggested whenever possible to fully pipeline this function.  If this DSP48 function was inferred, it is suggested to describe an additional register stage after this function.  If the DSP48 was instantiated in the design, it is suggested to set the PREG attribute to 1.
Related violations: <none>

DPOP-3#37 Warning
PREG Output pipelining  
DSP gqav7_z19p_system_i/gqav7_accelerator_0/inst/u_accelerator/i_core/i_pipeline/i_downstream/i_output_update/gen_update_lane[7].i_scale_alternate/significand_product_w output gqav7_z19p_system_i/gqav7_accelerator_0/inst/u_accelerator/i_core/i_pipeline/i_downstream/i_output_update/gen_update_lane[7].i_scale_alternate/significand_product_w/P[47:0] is not pipelined (PREG=0). Pipelining the DSP48 output will improve performance and often saves power so it is suggested whenever possible to fully pipeline this function.  If this DSP48 function was inferred, it is suggested to describe an additional register stage after this function.  If the DSP48 was instantiated in the design, it is suggested to set the PREG attribute to 1.
Related violations: <none>

DPOP-3#38 Warning
PREG Output pipelining  
DSP gqav7_z19p_system_i/gqav7_accelerator_0/inst/u_accelerator/i_core/i_pipeline/i_downstream/i_output_update/gen_update_lane[7].i_scale_state/significand_product_w output gqav7_z19p_system_i/gqav7_accelerator_0/inst/u_accelerator/i_core/i_pipeline/i_downstream/i_output_update/gen_update_lane[7].i_scale_state/significand_product_w/P[47:0] is not pipelined (PREG=0). Pipelining the DSP48 output will improve performance and often saves power so it is suggested whenever possible to fully pipeline this function.  If this DSP48 function was inferred, it is suggested to describe an additional register stage after this function.  If the DSP48 was instantiated in the design, it is suggested to set the PREG attribute to 1.
Related violations: <none>

DPOP-3#39 Warning
PREG Output pipelining  
DSP gqav7_z19p_system_i/gqav7_accelerator_0/inst/u_accelerator/i_core/i_pipeline/i_downstream/i_pair_rescale/gen_rescale_lane[0].i_rescale/significand_product_w output gqav7_z19p_system_i/gqav7_accelerator_0/inst/u_accelerator/i_core/i_pipeline/i_downstream/i_pair_rescale/gen_rescale_lane[0].i_rescale/significand_product_w/P[47:0] is not pipelined (PREG=0). Pipelining the DSP48 output will improve performance and often saves power so it is suggested whenever possible to fully pipeline this function.  If this DSP48 function was inferred, it is suggested to describe an additional register stage after this function.  If the DSP48 was instantiated in the design, it is suggested to set the PREG attribute to 1.
Related violations: <none>

DPOP-3#40 Warning
PREG Output pipelining  
DSP gqav7_z19p_system_i/gqav7_accelerator_0/inst/u_accelerator/i_core/i_pipeline/i_downstream/i_pair_rescale/gen_rescale_lane[1].i_rescale/significand_product_w output gqav7_z19p_system_i/gqav7_accelerator_0/inst/u_accelerator/i_core/i_pipeline/i_downstream/i_pair_rescale/gen_rescale_lane[1].i_rescale/significand_product_w/P[47:0] is not pipelined (PREG=0). Pipelining the DSP48 output will improve performance and often saves power so it is suggested whenever possible to fully pipeline this function.  If this DSP48 function was inferred, it is suggested to describe an additional register stage after this function.  If the DSP48 was instantiated in the design, it is suggested to set the PREG attribute to 1.
Related violations: <none>

DPOP-3#41 Warning
PREG Output pipelining  
DSP gqav7_z19p_system_i/gqav7_accelerator_0/inst/u_accelerator/i_core/i_pipeline/i_downstream/i_pair_rescale/gen_rescale_lane[2].i_rescale/significand_product_w output gqav7_z19p_system_i/gqav7_accelerator_0/inst/u_accelerator/i_core/i_pipeline/i_downstream/i_pair_rescale/gen_rescale_lane[2].i_rescale/significand_product_w/P[47:0] is not pipelined (PREG=0). Pipelining the DSP48 output will improve performance and often saves power so it is suggested whenever possible to fully pipeline this function.  If this DSP48 function was inferred, it is suggested to describe an additional register stage after this function.  If the DSP48 was instantiated in the design, it is suggested to set the PREG attribute to 1.
Related violations: <none>

DPOP-3#42 Warning
PREG Output pipelining  
DSP gqav7_z19p_system_i/gqav7_accelerator_0/inst/u_accelerator/i_core/i_pipeline/i_downstream/i_pair_rescale/gen_rescale_lane[3].i_rescale/significand_product_w output gqav7_z19p_system_i/gqav7_accelerator_0/inst/u_accelerator/i_core/i_pipeline/i_downstream/i_pair_rescale/gen_rescale_lane[3].i_rescale/significand_product_w/P[47:0] is not pipelined (PREG=0). Pipelining the DSP48 output will improve performance and often saves power so it is suggested whenever possible to fully pipeline this function.  If this DSP48 function was inferred, it is suggested to describe an additional register stage after this function.  If the DSP48 was instantiated in the design, it is suggested to set the PREG attribute to 1.
Related violations: <none>

DPOP-3#43 Warning
PREG Output pipelining  
DSP gqav7_z19p_system_i/gqav7_accelerator_0/inst/u_accelerator/i_core/i_pipeline/i_downstream/i_pair_rescale/gen_rescale_lane[4].i_rescale/significand_product_w output gqav7_z19p_system_i/gqav7_accelerator_0/inst/u_accelerator/i_core/i_pipeline/i_downstream/i_pair_rescale/gen_rescale_lane[4].i_rescale/significand_product_w/P[47:0] is not pipelined (PREG=0). Pipelining the DSP48 output will improve performance and often saves power so it is suggested whenever possible to fully pipeline this function.  If this DSP48 function was inferred, it is suggested to describe an additional register stage after this function.  If the DSP48 was instantiated in the design, it is suggested to set the PREG attribute to 1.
Related violations: <none>

DPOP-3#44 Warning
PREG Output pipelining  
DSP gqav7_z19p_system_i/gqav7_accelerator_0/inst/u_accelerator/i_core/i_pipeline/i_downstream/i_pair_rescale/gen_rescale_lane[5].i_rescale/significand_product_w output gqav7_z19p_system_i/gqav7_accelerator_0/inst/u_accelerator/i_core/i_pipeline/i_downstream/i_pair_rescale/gen_rescale_lane[5].i_rescale/significand_product_w/P[47:0] is not pipelined (PREG=0). Pipelining the DSP48 output will improve performance and often saves power so it is suggested whenever possible to fully pipeline this function.  If this DSP48 function was inferred, it is suggested to describe an additional register stage after this function.  If the DSP48 was instantiated in the design, it is suggested to set the PREG attribute to 1.
Related violations: <none>

DPOP-3#45 Warning
PREG Output pipelining  
DSP gqav7_z19p_system_i/gqav7_accelerator_0/inst/u_accelerator/i_core/i_pipeline/i_downstream/i_pair_rescale/gen_rescale_lane[6].i_rescale/significand_product_w output gqav7_z19p_system_i/gqav7_accelerator_0/inst/u_accelerator/i_core/i_pipeline/i_downstream/i_pair_rescale/gen_rescale_lane[6].i_rescale/significand_product_w/P[47:0] is not pipelined (PREG=0). Pipelining the DSP48 output will improve performance and often saves power so it is suggested whenever possible to fully pipeline this function.  If this DSP48 function was inferred, it is suggested to describe an additional register stage after this function.  If the DSP48 was instantiated in the design, it is suggested to set the PREG attribute to 1.
Related violations: <none>

DPOP-3#46 Warning
PREG Output pipelining  
DSP gqav7_z19p_system_i/gqav7_accelerator_0/inst/u_accelerator/i_core/i_pipeline/i_downstream/i_pair_rescale/gen_rescale_lane[7].i_rescale/significand_product_w output gqav7_z19p_system_i/gqav7_accelerator_0/inst/u_accelerator/i_core/i_pipeline/i_downstream/i_pair_rescale/gen_rescale_lane[7].i_rescale/significand_product_w/P[47:0] is not pipelined (PREG=0). Pipelining the DSP48 output will improve performance and often saves power so it is suggested whenever possible to fully pipeline this function.  If this DSP48 function was inferred, it is suggested to describe an additional register stage after this function.  If the DSP48 was instantiated in the design, it is suggested to set the PREG attribute to 1.
Related violations: <none>

DPOP-3#47 Warning
PREG Output pipelining  
DSP gqav7_z19p_system_i/gqav7_accelerator_0/inst/u_accelerator/i_core/i_pipeline/i_downstream/i_pair_rescale/i_combine_alpha/significand_product_w output gqav7_z19p_system_i/gqav7_accelerator_0/inst/u_accelerator/i_core/i_pipeline/i_downstream/i_pair_rescale/i_combine_alpha/significand_product_w/P[47:0] is not pipelined (PREG=0). Pipelining the DSP48 output will improve performance and often saves power so it is suggested whenever possible to fully pipeline this function.  If this DSP48 function was inferred, it is suggested to describe an additional register stage after this function.  If the DSP48 was instantiated in the design, it is suggested to set the PREG attribute to 1.
Related violations: <none>

DPOP-3#48 Warning
PREG Output pipelining  
DSP gqav7_z19p_system_i/gqav7_accelerator_0/inst/u_accelerator/i_core/i_pipeline/i_downstream/i_sidecar/gen_scale[0].i_scale/significand_product_w output gqav7_z19p_system_i/gqav7_accelerator_0/inst/u_accelerator/i_core/i_pipeline/i_downstream/i_sidecar/gen_scale[0].i_scale/significand_product_w/P[47:0] is not pipelined (PREG=0). Pipelining the DSP48 output will improve performance and often saves power so it is suggested whenever possible to fully pipeline this function.  If this DSP48 function was inferred, it is suggested to describe an additional register stage after this function.  If the DSP48 was instantiated in the design, it is suggested to set the PREG attribute to 1.
Related violations: <none>

DPOP-3#49 Warning
PREG Output pipelining  
DSP gqav7_z19p_system_i/gqav7_accelerator_0/inst/u_accelerator/i_core/i_pipeline/i_downstream/i_sidecar/gen_scale[1].i_scale/significand_product_w output gqav7_z19p_system_i/gqav7_accelerator_0/inst/u_accelerator/i_core/i_pipeline/i_downstream/i_sidecar/gen_scale[1].i_scale/significand_product_w/P[47:0] is not pipelined (PREG=0). Pipelining the DSP48 output will improve performance and often saves power so it is suggested whenever possible to fully pipeline this function.  If this DSP48 function was inferred, it is suggested to describe an additional register stage after this function.  If the DSP48 was instantiated in the design, it is suggested to set the PREG attribute to 1.
Related violations: <none>

DPOP-3#50 Warning
PREG Output pipelining  
DSP gqav7_z19p_system_i/gqav7_accelerator_0/inst/u_accelerator/i_core/i_pipeline/i_downstream/i_sidecar/gen_scale[2].i_scale/significand_product_w output gqav7_z19p_system_i/gqav7_accelerator_0/inst/u_accelerator/i_core/i_pipeline/i_downstream/i_sidecar/gen_scale[2].i_scale/significand_product_w/P[47:0] is not pipelined (PREG=0). Pipelining the DSP48 output will improve performance and often saves power so it is suggested whenever possible to fully pipeline this function.  If this DSP48 function was inferred, it is suggested to describe an additional register stage after this function.  If the DSP48 was instantiated in the design, it is suggested to set the PREG attribute to 1.
Related violations: <none>

DPOP-3#51 Warning
PREG Output pipelining  
DSP gqav7_z19p_system_i/gqav7_accelerator_0/inst/u_accelerator/i_core/i_pipeline/i_downstream/i_sidecar/gen_scale[3].i_scale/significand_product_w output gqav7_z19p_system_i/gqav7_accelerator_0/inst/u_accelerator/i_core/i_pipeline/i_downstream/i_sidecar/gen_scale[3].i_scale/significand_product_w/P[47:0] is not pipelined (PREG=0). Pipelining the DSP48 output will improve performance and often saves power so it is suggested whenever possible to fully pipeline this function.  If this DSP48 function was inferred, it is suggested to describe an additional register stage after this function.  If the DSP48 was instantiated in the design, it is suggested to set the PREG attribute to 1.
Related violations: <none>

DPOP-3#52 Warning
PREG Output pipelining  
DSP gqav7_z19p_system_i/gqav7_accelerator_0/inst/u_accelerator/i_core/i_pipeline/i_downstream/i_sidecar/gen_scale[4].i_scale/significand_product_w output gqav7_z19p_system_i/gqav7_accelerator_0/inst/u_accelerator/i_core/i_pipeline/i_downstream/i_sidecar/gen_scale[4].i_scale/significand_product_w/P[47:0] is not pipelined (PREG=0). Pipelining the DSP48 output will improve performance and often saves power so it is suggested whenever possible to fully pipeline this function.  If this DSP48 function was inferred, it is suggested to describe an additional register stage after this function.  If the DSP48 was instantiated in the design, it is suggested to set the PREG attribute to 1.
Related violations: <none>

DPOP-3#53 Warning
PREG Output pipelining  
DSP gqav7_z19p_system_i/gqav7_accelerator_0/inst/u_accelerator/i_core/i_pipeline/i_downstream/i_sidecar/gen_scale[5].i_scale/significand_product_w output gqav7_z19p_system_i/gqav7_accelerator_0/inst/u_accelerator/i_core/i_pipeline/i_downstream/i_sidecar/gen_scale[5].i_scale/significand_product_w/P[47:0] is not pipelined (PREG=0). Pipelining the DSP48 output will improve performance and often saves power so it is suggested whenever possible to fully pipeline this function.  If this DSP48 function was inferred, it is suggested to describe an additional register stage after this function.  If the DSP48 was instantiated in the design, it is suggested to set the PREG attribute to 1.
Related violations: <none>

DPOP-3#54 Warning
PREG Output pipelining  
DSP gqav7_z19p_system_i/gqav7_accelerator_0/inst/u_accelerator/i_core/i_pipeline/i_downstream/i_sidecar/gen_scale[6].i_scale/significand_product_w output gqav7_z19p_system_i/gqav7_accelerator_0/inst/u_accelerator/i_core/i_pipeline/i_downstream/i_sidecar/gen_scale[6].i_scale/significand_product_w/P[47:0] is not pipelined (PREG=0). Pipelining the DSP48 output will improve performance and often saves power so it is suggested whenever possible to fully pipeline this function.  If this DSP48 function was inferred, it is suggested to describe an additional register stage after this function.  If the DSP48 was instantiated in the design, it is suggested to set the PREG attribute to 1.
Related violations: <none>

DPOP-3#55 Warning
PREG Output pipelining  
DSP gqav7_z19p_system_i/gqav7_accelerator_0/inst/u_accelerator/i_core/i_pipeline/i_downstream/i_sidecar/gen_scale[7].i_scale/significand_product_w output gqav7_z19p_system_i/gqav7_accelerator_0/inst/u_accelerator/i_core/i_pipeline/i_downstream/i_sidecar/gen_scale[7].i_scale/significand_product_w/P[47:0] is not pipelined (PREG=0). Pipelining the DSP48 output will improve performance and often saves power so it is suggested whenever possible to fully pipeline this function.  If this DSP48 function was inferred, it is suggested to describe an additional register stage after this function.  If the DSP48 was instantiated in the design, it is suggested to set the PREG attribute to 1.
Related violations: <none>

DPOP-3#56 Warning
PREG Output pipelining  
DSP gqav7_z19p_system_i/gqav7_accelerator_0/inst/u_accelerator/i_core/i_pipeline/i_downstream/i_softmax/gen_exp2_scale[0].i_scale/significand_product_w output gqav7_z19p_system_i/gqav7_accelerator_0/inst/u_accelerator/i_core/i_pipeline/i_downstream/i_softmax/gen_exp2_scale[0].i_scale/significand_product_w/P[47:0] is not pipelined (PREG=0). Pipelining the DSP48 output will improve performance and often saves power so it is suggested whenever possible to fully pipeline this function.  If this DSP48 function was inferred, it is suggested to describe an additional register stage after this function.  If the DSP48 was instantiated in the design, it is suggested to set the PREG attribute to 1.
Related violations: <none>

DPOP-3#57 Warning
PREG Output pipelining  
DSP gqav7_z19p_system_i/gqav7_accelerator_0/inst/u_accelerator/i_core/i_pipeline/i_downstream/i_softmax/gen_exp2_scale[1].i_scale/significand_product_w output gqav7_z19p_system_i/gqav7_accelerator_0/inst/u_accelerator/i_core/i_pipeline/i_downstream/i_softmax/gen_exp2_scale[1].i_scale/significand_product_w/P[47:0] is not pipelined (PREG=0). Pipelining the DSP48 output will improve performance and often saves power so it is suggested whenever possible to fully pipeline this function.  If this DSP48 function was inferred, it is suggested to describe an additional register stage after this function.  If the DSP48 was instantiated in the design, it is suggested to set the PREG attribute to 1.
Related violations: <none>

DPOP-3#58 Warning
PREG Output pipelining  
DSP gqav7_z19p_system_i/gqav7_accelerator_0/inst/u_accelerator/i_core/i_pipeline/i_downstream/i_softmax/gen_exp2_scale[2].i_scale/significand_product_w output gqav7_z19p_system_i/gqav7_accelerator_0/inst/u_accelerator/i_core/i_pipeline/i_downstream/i_softmax/gen_exp2_scale[2].i_scale/significand_product_w/P[47:0] is not pipelined (PREG=0). Pipelining the DSP48 output will improve performance and often saves power so it is suggested whenever possible to fully pipeline this function.  If this DSP48 function was inferred, it is suggested to describe an additional register stage after this function.  If the DSP48 was instantiated in the design, it is suggested to set the PREG attribute to 1.
Related violations: <none>

DPOP-3#59 Warning
PREG Output pipelining  
DSP gqav7_z19p_system_i/gqav7_accelerator_0/inst/u_accelerator/i_core/i_pipeline/i_downstream/i_softmax/gen_exp2_scale[3].i_scale/significand_product_w output gqav7_z19p_system_i/gqav7_accelerator_0/inst/u_accelerator/i_core/i_pipeline/i_downstream/i_softmax/gen_exp2_scale[3].i_scale/significand_product_w/P[47:0] is not pipelined (PREG=0). Pipelining the DSP48 output will improve performance and often saves power so it is suggested whenever possible to fully pipeline this function.  If this DSP48 function was inferred, it is suggested to describe an additional register stage after this function.  If the DSP48 was instantiated in the design, it is suggested to set the PREG attribute to 1.
Related violations: <none>

DPOP-3#60 Warning
PREG Output pipelining  
DSP gqav7_z19p_system_i/gqav7_accelerator_0/inst/u_accelerator/i_core/i_pipeline/i_downstream/i_softmax/gen_exp2_scale[4].i_scale/significand_product_w output gqav7_z19p_system_i/gqav7_accelerator_0/inst/u_accelerator/i_core/i_pipeline/i_downstream/i_softmax/gen_exp2_scale[4].i_scale/significand_product_w/P[47:0] is not pipelined (PREG=0). Pipelining the DSP48 output will improve performance and often saves power so it is suggested whenever possible to fully pipeline this function.  If this DSP48 function was inferred, it is suggested to describe an additional register stage after this function.  If the DSP48 was instantiated in the design, it is suggested to set the PREG attribute to 1.
Related violations: <none>

DPOP-3#61 Warning
PREG Output pipelining  
DSP gqav7_z19p_system_i/gqav7_accelerator_0/inst/u_accelerator/i_core/i_pipeline/i_downstream/i_softmax/gen_exp2_scale[5].i_scale/significand_product_w output gqav7_z19p_system_i/gqav7_accelerator_0/inst/u_accelerator/i_core/i_pipeline/i_downstream/i_softmax/gen_exp2_scale[5].i_scale/significand_product_w/P[47:0] is not pipelined (PREG=0). Pipelining the DSP48 output will improve performance and often saves power so it is suggested whenever possible to fully pipeline this function.  If this DSP48 function was inferred, it is suggested to describe an additional register stage after this function.  If the DSP48 was instantiated in the design, it is suggested to set the PREG attribute to 1.
Related violations: <none>

DPOP-3#62 Warning
PREG Output pipelining  
DSP gqav7_z19p_system_i/gqav7_accelerator_0/inst/u_accelerator/i_core/i_pipeline/i_downstream/i_softmax/gen_exp2_scale[6].i_scale/significand_product_w output gqav7_z19p_system_i/gqav7_accelerator_0/inst/u_accelerator/i_core/i_pipeline/i_downstream/i_softmax/gen_exp2_scale[6].i_scale/significand_product_w/P[47:0] is not pipelined (PREG=0). Pipelining the DSP48 output will improve performance and often saves power so it is suggested whenever possible to fully pipeline this function.  If this DSP48 function was inferred, it is suggested to describe an additional register stage after this function.  If the DSP48 was instantiated in the design, it is suggested to set the PREG attribute to 1.
Related violations: <none>

DPOP-3#63 Warning
PREG Output pipelining  
DSP gqav7_z19p_system_i/gqav7_accelerator_0/inst/u_accelerator/i_core/i_pipeline/i_downstream/i_softmax/gen_exp2_scale[7].i_scale/significand_product_w output gqav7_z19p_system_i/gqav7_accelerator_0/inst/u_accelerator/i_core/i_pipeline/i_downstream/i_softmax/gen_exp2_scale[7].i_scale/significand_product_w/P[47:0] is not pipelined (PREG=0). Pipelining the DSP48 output will improve performance and often saves power so it is suggested whenever possible to fully pipeline this function.  If this DSP48 function was inferred, it is suggested to describe an additional register stage after this function.  If the DSP48 was instantiated in the design, it is suggested to set the PREG attribute to 1.
Related violations: <none>

DPOP-3#64 Warning
PREG Output pipelining  
DSP gqav7_z19p_system_i/gqav7_accelerator_0/inst/u_accelerator/i_core/i_pipeline/i_downstream/i_softmax/gen_exp2_scale[8].i_scale/significand_product_w output gqav7_z19p_system_i/gqav7_accelerator_0/inst/u_accelerator/i_core/i_pipeline/i_downstream/i_softmax/gen_exp2_scale[8].i_scale/significand_product_w/P[47:0] is not pipelined (PREG=0). Pipelining the DSP48 output will improve performance and often saves power so it is suggested whenever possible to fully pipeline this function.  If this DSP48 function was inferred, it is suggested to describe an additional register stage after this function.  If the DSP48 was instantiated in the design, it is suggested to set the PREG attribute to 1.
Related violations: <none>

DPOP-3#65 Warning
PREG Output pipelining  
DSP gqav7_z19p_system_i/gqav7_accelerator_0/inst/u_accelerator/i_core/i_pipeline/i_downstream/i_softmax/i_weight_old_sum/significand_product_w output gqav7_z19p_system_i/gqav7_accelerator_0/inst/u_accelerator/i_core/i_pipeline/i_downstream/i_softmax/i_weight_old_sum/significand_product_w/P[47:0] is not pipelined (PREG=0). Pipelining the DSP48 output will improve performance and often saves power so it is suggested whenever possible to fully pipeline this function.  If this DSP48 function was inferred, it is suggested to describe an additional register stage after this function.  If the DSP48 was instantiated in the design, it is suggested to set the PREG attribute to 1.
Related violations: <none>

DPOP-4#1 Warning
MREG Output pipelining  
DSP gqav7_z19p_system_i/gqav7_accelerator_0/inst/u_accelerator/i_core/i_address/head_offset_q0 multiplier stage gqav7_z19p_system_i/gqav7_accelerator_0/inst/u_accelerator/i_core/i_address/head_offset_q0/P[47:0] is not pipelined (MREG=0). Pipelining the multiplier function will improve performance and will save significant power so it is suggested whenever possible to fully pipeline this function.  If this multiplier was inferred, it is suggested to describe an additional register stage after this function.  If there is no registered adder/accumulator following the multiply function, two pipeline stages are suggested to allow both the MREG and PREG registers to be used.  If the DSP48 was instantiated in the design, it is suggested to set both the MREG and PREG attributes to 1 when performing multiply functions.
Related violations: <none>

DPOP-4#2 Warning
MREG Output pipelining  
DSP gqav7_z19p_system_i/gqav7_accelerator_0/inst/u_accelerator/i_core/i_address/head_offset_q_reg multiplier stage gqav7_z19p_system_i/gqav7_accelerator_0/inst/u_accelerator/i_core/i_address/head_offset_q_reg/P[47:0] is not pipelined (MREG=0). Pipelining the multiplier function will improve performance and will save significant power so it is suggested whenever possible to fully pipeline this function.  If this multiplier was inferred, it is suggested to describe an additional register stage after this function.  If there is no registered adder/accumulator following the multiply function, two pipeline stages are suggested to allow both the MREG and PREG registers to be used.  If the DSP48 was instantiated in the design, it is suggested to set both the MREG and PREG attributes to 1 when performing multiply functions.
Related violations: <none>

DPOP-4#3 Warning
MREG Output pipelining  
DSP gqav7_z19p_system_i/gqav7_accelerator_0/inst/u_accelerator/i_core/i_address/token_offset_q0 multiplier stage gqav7_z19p_system_i/gqav7_accelerator_0/inst/u_accelerator/i_core/i_address/token_offset_q0/P[47:0] is not pipelined (MREG=0). Pipelining the multiplier function will improve performance and will save significant power so it is suggested whenever possible to fully pipeline this function.  If this multiplier was inferred, it is suggested to describe an additional register stage after this function.  If there is no registered adder/accumulator following the multiply function, two pipeline stages are suggested to allow both the MREG and PREG registers to be used.  If the DSP48 was instantiated in the design, it is suggested to set both the MREG and PREG attributes to 1 when performing multiply functions.
Related violations: <none>

DPOP-4#4 Warning
MREG Output pipelining  
DSP gqav7_z19p_system_i/gqav7_accelerator_0/inst/u_accelerator/i_core/i_address/token_offset_q_reg multiplier stage gqav7_z19p_system_i/gqav7_accelerator_0/inst/u_accelerator/i_core/i_address/token_offset_q_reg/P[47:0] is not pipelined (MREG=0). Pipelining the multiplier function will improve performance and will save significant power so it is suggested whenever possible to fully pipeline this function.  If this multiplier was inferred, it is suggested to describe an additional register stage after this function.  If there is no registered adder/accumulator following the multiply function, two pipeline stages are suggested to allow both the MREG and PREG registers to be used.  If the DSP48 was instantiated in the design, it is suggested to set both the MREG and PREG attributes to 1 when performing multiply functions.
Related violations: <none>

DPOP-4#5 Warning
MREG Output pipelining  
DSP gqav7_z19p_system_i/gqav7_accelerator_0/inst/u_accelerator/i_core/i_pipeline/i_downstream/i_normalize/gen_normalize_lane[0].i_normalize/s0_q_reg[significand_product] multiplier stage gqav7_z19p_system_i/gqav7_accelerator_0/inst/u_accelerator/i_core/i_pipeline/i_downstream/i_normalize/gen_normalize_lane[0].i_normalize/s0_q_reg[significand_product]/P[47:0] is not pipelined (MREG=0). Pipelining the multiplier function will improve performance and will save significant power so it is suggested whenever possible to fully pipeline this function.  If this multiplier was inferred, it is suggested to describe an additional register stage after this function.  If there is no registered adder/accumulator following the multiply function, two pipeline stages are suggested to allow both the MREG and PREG registers to be used.  If the DSP48 was instantiated in the design, it is suggested to set both the MREG and PREG attributes to 1 when performing multiply functions.
Related violations: <none>

DPOP-4#6 Warning
MREG Output pipelining  
DSP gqav7_z19p_system_i/gqav7_accelerator_0/inst/u_accelerator/i_core/i_pipeline/i_downstream/i_normalize/gen_normalize_lane[0].i_normalize/significand_product_w multiplier stage gqav7_z19p_system_i/gqav7_accelerator_0/inst/u_accelerator/i_core/i_pipeline/i_downstream/i_normalize/gen_normalize_lane[0].i_normalize/significand_product_w/P[47:0] is not pipelined (MREG=0). Pipelining the multiplier function will improve performance and will save significant power so it is suggested whenever possible to fully pipeline this function.  If this multiplier was inferred, it is suggested to describe an additional register stage after this function.  If there is no registered adder/accumulator following the multiply function, two pipeline stages are suggested to allow both the MREG and PREG registers to be used.  If the DSP48 was instantiated in the design, it is suggested to set both the MREG and PREG attributes to 1 when performing multiply functions.
Related violations: <none>

DPOP-4#7 Warning
MREG Output pipelining  
DSP gqav7_z19p_system_i/gqav7_accelerator_0/inst/u_accelerator/i_core/i_pipeline/i_downstream/i_normalize/gen_normalize_lane[1].i_normalize/s0_q_reg[significand_product] multiplier stage gqav7_z19p_system_i/gqav7_accelerator_0/inst/u_accelerator/i_core/i_pipeline/i_downstream/i_normalize/gen_normalize_lane[1].i_normalize/s0_q_reg[significand_product]/P[47:0] is not pipelined (MREG=0). Pipelining the multiplier function will improve performance and will save significant power so it is suggested whenever possible to fully pipeline this function.  If this multiplier was inferred, it is suggested to describe an additional register stage after this function.  If there is no registered adder/accumulator following the multiply function, two pipeline stages are suggested to allow both the MREG and PREG registers to be used.  If the DSP48 was instantiated in the design, it is suggested to set both the MREG and PREG attributes to 1 when performing multiply functions.
Related violations: <none>

DPOP-4#8 Warning
MREG Output pipelining  
DSP gqav7_z19p_system_i/gqav7_accelerator_0/inst/u_accelerator/i_core/i_pipeline/i_downstream/i_normalize/gen_normalize_lane[1].i_normalize/significand_product_w multiplier stage gqav7_z19p_system_i/gqav7_accelerator_0/inst/u_accelerator/i_core/i_pipeline/i_downstream/i_normalize/gen_normalize_lane[1].i_normalize/significand_product_w/P[47:0] is not pipelined (MREG=0). Pipelining the multiplier function will improve performance and will save significant power so it is suggested whenever possible to fully pipeline this function.  If this multiplier was inferred, it is suggested to describe an additional register stage after this function.  If there is no registered adder/accumulator following the multiply function, two pipeline stages are suggested to allow both the MREG and PREG registers to be used.  If the DSP48 was instantiated in the design, it is suggested to set both the MREG and PREG attributes to 1 when performing multiply functions.
Related violations: <none>

DPOP-4#9 Warning
MREG Output pipelining  
DSP gqav7_z19p_system_i/gqav7_accelerator_0/inst/u_accelerator/i_core/i_pipeline/i_downstream/i_normalize/gen_normalize_lane[2].i_normalize/s0_q_reg[significand_product] multiplier stage gqav7_z19p_system_i/gqav7_accelerator_0/inst/u_accelerator/i_core/i_pipeline/i_downstream/i_normalize/gen_normalize_lane[2].i_normalize/s0_q_reg[significand_product]/P[47:0] is not pipelined (MREG=0). Pipelining the multiplier function will improve performance and will save significant power so it is suggested whenever possible to fully pipeline this function.  If this multiplier was inferred, it is suggested to describe an additional register stage after this function.  If there is no registered adder/accumulator following the multiply function, two pipeline stages are suggested to allow both the MREG and PREG registers to be used.  If the DSP48 was instantiated in the design, it is suggested to set both the MREG and PREG attributes to 1 when performing multiply functions.
Related violations: <none>

DPOP-4#10 Warning
MREG Output pipelining  
DSP gqav7_z19p_system_i/gqav7_accelerator_0/inst/u_accelerator/i_core/i_pipeline/i_downstream/i_normalize/gen_normalize_lane[2].i_normalize/significand_product_w multiplier stage gqav7_z19p_system_i/gqav7_accelerator_0/inst/u_accelerator/i_core/i_pipeline/i_downstream/i_normalize/gen_normalize_lane[2].i_normalize/significand_product_w/P[47:0] is not pipelined (MREG=0). Pipelining the multiplier function will improve performance and will save significant power so it is suggested whenever possible to fully pipeline this function.  If this multiplier was inferred, it is suggested to describe an additional register stage after this function.  If there is no registered adder/accumulator following the multiply function, two pipeline stages are suggested to allow both the MREG and PREG registers to be used.  If the DSP48 was instantiated in the design, it is suggested to set both the MREG and PREG attributes to 1 when performing multiply functions.
Related violations: <none>

DPOP-4#11 Warning
MREG Output pipelining  
DSP gqav7_z19p_system_i/gqav7_accelerator_0/inst/u_accelerator/i_core/i_pipeline/i_downstream/i_normalize/gen_normalize_lane[3].i_normalize/s0_q_reg[significand_product] multiplier stage gqav7_z19p_system_i/gqav7_accelerator_0/inst/u_accelerator/i_core/i_pipeline/i_downstream/i_normalize/gen_normalize_lane[3].i_normalize/s0_q_reg[significand_product]/P[47:0] is not pipelined (MREG=0). Pipelining the multiplier function will improve performance and will save significant power so it is suggested whenever possible to fully pipeline this function.  If this multiplier was inferred, it is suggested to describe an additional register stage after this function.  If there is no registered adder/accumulator following the multiply function, two pipeline stages are suggested to allow both the MREG and PREG registers to be used.  If the DSP48 was instantiated in the design, it is suggested to set both the MREG and PREG attributes to 1 when performing multiply functions.
Related violations: <none>

DPOP-4#12 Warning
MREG Output pipelining  
DSP gqav7_z19p_system_i/gqav7_accelerator_0/inst/u_accelerator/i_core/i_pipeline/i_downstream/i_normalize/gen_normalize_lane[3].i_normalize/significand_product_w multiplier stage gqav7_z19p_system_i/gqav7_accelerator_0/inst/u_accelerator/i_core/i_pipeline/i_downstream/i_normalize/gen_normalize_lane[3].i_normalize/significand_product_w/P[47:0] is not pipelined (MREG=0). Pipelining the multiplier function will improve performance and will save significant power so it is suggested whenever possible to fully pipeline this function.  If this multiplier was inferred, it is suggested to describe an additional register stage after this function.  If there is no registered adder/accumulator following the multiply function, two pipeline stages are suggested to allow both the MREG and PREG registers to be used.  If the DSP48 was instantiated in the design, it is suggested to set both the MREG and PREG attributes to 1 when performing multiply functions.
Related violations: <none>

DPOP-4#13 Warning
MREG Output pipelining  
DSP gqav7_z19p_system_i/gqav7_accelerator_0/inst/u_accelerator/i_core/i_pipeline/i_downstream/i_normalize/gen_normalize_lane[4].i_normalize/s0_q_reg[significand_product] multiplier stage gqav7_z19p_system_i/gqav7_accelerator_0/inst/u_accelerator/i_core/i_pipeline/i_downstream/i_normalize/gen_normalize_lane[4].i_normalize/s0_q_reg[significand_product]/P[47:0] is not pipelined (MREG=0). Pipelining the multiplier function will improve performance and will save significant power so it is suggested whenever possible to fully pipeline this function.  If this multiplier was inferred, it is suggested to describe an additional register stage after this function.  If there is no registered adder/accumulator following the multiply function, two pipeline stages are suggested to allow both the MREG and PREG registers to be used.  If the DSP48 was instantiated in the design, it is suggested to set both the MREG and PREG attributes to 1 when performing multiply functions.
Related violations: <none>

DPOP-4#14 Warning
MREG Output pipelining  
DSP gqav7_z19p_system_i/gqav7_accelerator_0/inst/u_accelerator/i_core/i_pipeline/i_downstream/i_normalize/gen_normalize_lane[4].i_normalize/significand_product_w multiplier stage gqav7_z19p_system_i/gqav7_accelerator_0/inst/u_accelerator/i_core/i_pipeline/i_downstream/i_normalize/gen_normalize_lane[4].i_normalize/significand_product_w/P[47:0] is not pipelined (MREG=0). Pipelining the multiplier function will improve performance and will save significant power so it is suggested whenever possible to fully pipeline this function.  If this multiplier was inferred, it is suggested to describe an additional register stage after this function.  If there is no registered adder/accumulator following the multiply function, two pipeline stages are suggested to allow both the MREG and PREG registers to be used.  If the DSP48 was instantiated in the design, it is suggested to set both the MREG and PREG attributes to 1 when performing multiply functions.
Related violations: <none>

DPOP-4#15 Warning
MREG Output pipelining  
DSP gqav7_z19p_system_i/gqav7_accelerator_0/inst/u_accelerator/i_core/i_pipeline/i_downstream/i_normalize/gen_normalize_lane[5].i_normalize/s0_q_reg[significand_product] multiplier stage gqav7_z19p_system_i/gqav7_accelerator_0/inst/u_accelerator/i_core/i_pipeline/i_downstream/i_normalize/gen_normalize_lane[5].i_normalize/s0_q_reg[significand_product]/P[47:0] is not pipelined (MREG=0). Pipelining the multiplier function will improve performance and will save significant power so it is suggested whenever possible to fully pipeline this function.  If this multiplier was inferred, it is suggested to describe an additional register stage after this function.  If there is no registered adder/accumulator following the multiply function, two pipeline stages are suggested to allow both the MREG and PREG registers to be used.  If the DSP48 was instantiated in the design, it is suggested to set both the MREG and PREG attributes to 1 when performing multiply functions.
Related violations: <none>

DPOP-4#16 Warning
MREG Output pipelining  
DSP gqav7_z19p_system_i/gqav7_accelerator_0/inst/u_accelerator/i_core/i_pipeline/i_downstream/i_normalize/gen_normalize_lane[5].i_normalize/significand_product_w multiplier stage gqav7_z19p_system_i/gqav7_accelerator_0/inst/u_accelerator/i_core/i_pipeline/i_downstream/i_normalize/gen_normalize_lane[5].i_normalize/significand_product_w/P[47:0] is not pipelined (MREG=0). Pipelining the multiplier function will improve performance and will save significant power so it is suggested whenever possible to fully pipeline this function.  If this multiplier was inferred, it is suggested to describe an additional register stage after this function.  If there is no registered adder/accumulator following the multiply function, two pipeline stages are suggested to allow both the MREG and PREG registers to be used.  If the DSP48 was instantiated in the design, it is suggested to set both the MREG and PREG attributes to 1 when performing multiply functions.
Related violations: <none>

DPOP-4#17 Warning
MREG Output pipelining  
DSP gqav7_z19p_system_i/gqav7_accelerator_0/inst/u_accelerator/i_core/i_pipeline/i_downstream/i_normalize/gen_normalize_lane[6].i_normalize/s0_q_reg[significand_product] multiplier stage gqav7_z19p_system_i/gqav7_accelerator_0/inst/u_accelerator/i_core/i_pipeline/i_downstream/i_normalize/gen_normalize_lane[6].i_normalize/s0_q_reg[significand_product]/P[47:0] is not pipelined (MREG=0). Pipelining the multiplier function will improve performance and will save significant power so it is suggested whenever possible to fully pipeline this function.  If this multiplier was inferred, it is suggested to describe an additional register stage after this function.  If there is no registered adder/accumulator following the multiply function, two pipeline stages are suggested to allow both the MREG and PREG registers to be used.  If the DSP48 was instantiated in the design, it is suggested to set both the MREG and PREG attributes to 1 when performing multiply functions.
Related violations: <none>

DPOP-4#18 Warning
MREG Output pipelining  
DSP gqav7_z19p_system_i/gqav7_accelerator_0/inst/u_accelerator/i_core/i_pipeline/i_downstream/i_normalize/gen_normalize_lane[6].i_normalize/significand_product_w multiplier stage gqav7_z19p_system_i/gqav7_accelerator_0/inst/u_accelerator/i_core/i_pipeline/i_downstream/i_normalize/gen_normalize_lane[6].i_normalize/significand_product_w/P[47:0] is not pipelined (MREG=0). Pipelining the multiplier function will improve performance and will save significant power so it is suggested whenever possible to fully pipeline this function.  If this multiplier was inferred, it is suggested to describe an additional register stage after this function.  If there is no registered adder/accumulator following the multiply function, two pipeline stages are suggested to allow both the MREG and PREG registers to be used.  If the DSP48 was instantiated in the design, it is suggested to set both the MREG and PREG attributes to 1 when performing multiply functions.
Related violations: <none>

DPOP-4#19 Warning
MREG Output pipelining  
DSP gqav7_z19p_system_i/gqav7_accelerator_0/inst/u_accelerator/i_core/i_pipeline/i_downstream/i_normalize/gen_normalize_lane[7].i_normalize/s0_q_reg[significand_product] multiplier stage gqav7_z19p_system_i/gqav7_accelerator_0/inst/u_accelerator/i_core/i_pipeline/i_downstream/i_normalize/gen_normalize_lane[7].i_normalize/s0_q_reg[significand_product]/P[47:0] is not pipelined (MREG=0). Pipelining the multiplier function will improve performance and will save significant power so it is suggested whenever possible to fully pipeline this function.  If this multiplier was inferred, it is suggested to describe an additional register stage after this function.  If there is no registered adder/accumulator following the multiply function, two pipeline stages are suggested to allow both the MREG and PREG registers to be used.  If the DSP48 was instantiated in the design, it is suggested to set both the MREG and PREG attributes to 1 when performing multiply functions.
Related violations: <none>

DPOP-4#20 Warning
MREG Output pipelining  
DSP gqav7_z19p_system_i/gqav7_accelerator_0/inst/u_accelerator/i_core/i_pipeline/i_downstream/i_normalize/gen_normalize_lane[7].i_normalize/significand_product_w multiplier stage gqav7_z19p_system_i/gqav7_accelerator_0/inst/u_accelerator/i_core/i_pipeline/i_downstream/i_normalize/gen_normalize_lane[7].i_normalize/significand_product_w/P[47:0] is not pipelined (MREG=0). Pipelining the multiplier function will improve performance and will save significant power so it is suggested whenever possible to fully pipeline this function.  If this multiplier was inferred, it is suggested to describe an additional register stage after this function.  If there is no registered adder/accumulator following the multiply function, two pipeline stages are suggested to allow both the MREG and PREG registers to be used.  If the DSP48 was instantiated in the design, it is suggested to set both the MREG and PREG attributes to 1 when performing multiply functions.
Related violations: <none>

DPOP-4#21 Warning
MREG Output pipelining  
DSP gqav7_z19p_system_i/gqav7_accelerator_0/inst/u_accelerator/i_core/i_pipeline/i_downstream/i_normalize/i_reciprocal/multiply_q0 multiplier stage gqav7_z19p_system_i/gqav7_accelerator_0/inst/u_accelerator/i_core/i_pipeline/i_downstream/i_normalize/i_reciprocal/multiply_q0/P[47:0] is not pipelined (MREG=0). Pipelining the multiplier function will improve performance and will save significant power so it is suggested whenever possible to fully pipeline this function.  If this multiplier was inferred, it is suggested to describe an additional register stage after this function.  If there is no registered adder/accumulator following the multiply function, two pipeline stages are suggested to allow both the MREG and PREG registers to be used.  If the DSP48 was instantiated in the design, it is suggested to set both the MREG and PREG attributes to 1 when performing multiply functions.
Related violations: <none>

DPOP-4#22 Warning
MREG Output pipelining  
DSP gqav7_z19p_system_i/gqav7_accelerator_0/inst/u_accelerator/i_core/i_pipeline/i_downstream/i_normalize/i_reciprocal/multiply_q0__0 multiplier stage gqav7_z19p_system_i/gqav7_accelerator_0/inst/u_accelerator/i_core/i_pipeline/i_downstream/i_normalize/i_reciprocal/multiply_q0__0/P[47:0] is not pipelined (MREG=0). Pipelining the multiplier function will improve performance and will save significant power so it is suggested whenever possible to fully pipeline this function.  If this multiplier was inferred, it is suggested to describe an additional register stage after this function.  If there is no registered adder/accumulator following the multiply function, two pipeline stages are suggested to allow both the MREG and PREG registers to be used.  If the DSP48 was instantiated in the design, it is suggested to set both the MREG and PREG attributes to 1 when performing multiply functions.
Related violations: <none>

DPOP-4#23 Warning
MREG Output pipelining  
DSP gqav7_z19p_system_i/gqav7_accelerator_0/inst/u_accelerator/i_core/i_pipeline/i_downstream/i_normalize/i_reciprocal/multiply_q0__1 multiplier stage gqav7_z19p_system_i/gqav7_accelerator_0/inst/u_accelerator/i_core/i_pipeline/i_downstream/i_normalize/i_reciprocal/multiply_q0__1/P[47:0] is not pipelined (MREG=0). Pipelining the multiplier function will improve performance and will save significant power so it is suggested whenever possible to fully pipeline this function.  If this multiplier was inferred, it is suggested to describe an additional register stage after this function.  If there is no registered adder/accumulator following the multiply function, two pipeline stages are suggested to allow both the MREG and PREG registers to be used.  If the DSP48 was instantiated in the design, it is suggested to set both the MREG and PREG attributes to 1 when performing multiply functions.
Related violations: <none>

DPOP-4#24 Warning
MREG Output pipelining  
DSP gqav7_z19p_system_i/gqav7_accelerator_0/inst/u_accelerator/i_core/i_pipeline/i_downstream/i_normalize/i_reciprocal/multiply_q0__10 multiplier stage gqav7_z19p_system_i/gqav7_accelerator_0/inst/u_accelerator/i_core/i_pipeline/i_downstream/i_normalize/i_reciprocal/multiply_q0__10/P[47:0] is not pipelined (MREG=0). Pipelining the multiplier function will improve performance and will save significant power so it is suggested whenever possible to fully pipeline this function.  If this multiplier was inferred, it is suggested to describe an additional register stage after this function.  If there is no registered adder/accumulator following the multiply function, two pipeline stages are suggested to allow both the MREG and PREG registers to be used.  If the DSP48 was instantiated in the design, it is suggested to set both the MREG and PREG attributes to 1 when performing multiply functions.
Related violations: <none>

DPOP-4#25 Warning
MREG Output pipelining  
DSP gqav7_z19p_system_i/gqav7_accelerator_0/inst/u_accelerator/i_core/i_pipeline/i_downstream/i_normalize/i_reciprocal/multiply_q0__2 multiplier stage gqav7_z19p_system_i/gqav7_accelerator_0/inst/u_accelerator/i_core/i_pipeline/i_downstream/i_normalize/i_reciprocal/multiply_q0__2/P[47:0] is not pipelined (MREG=0). Pipelining the multiplier function will improve performance and will save significant power so it is suggested whenever possible to fully pipeline this function.  If this multiplier was inferred, it is suggested to describe an additional register stage after this function.  If there is no registered adder/accumulator following the multiply function, two pipeline stages are suggested to allow both the MREG and PREG registers to be used.  If the DSP48 was instantiated in the design, it is suggested to set both the MREG and PREG attributes to 1 when performing multiply functions.
Related violations: <none>

DPOP-4#26 Warning
MREG Output pipelining  
DSP gqav7_z19p_system_i/gqav7_accelerator_0/inst/u_accelerator/i_core/i_pipeline/i_downstream/i_normalize/i_reciprocal/multiply_q0__3 multiplier stage gqav7_z19p_system_i/gqav7_accelerator_0/inst/u_accelerator/i_core/i_pipeline/i_downstream/i_normalize/i_reciprocal/multiply_q0__3/P[47:0] is not pipelined (MREG=0). Pipelining the multiplier function will improve performance and will save significant power so it is suggested whenever possible to fully pipeline this function.  If this multiplier was inferred, it is suggested to describe an additional register stage after this function.  If there is no registered adder/accumulator following the multiply function, two pipeline stages are suggested to allow both the MREG and PREG registers to be used.  If the DSP48 was instantiated in the design, it is suggested to set both the MREG and PREG attributes to 1 when performing multiply functions.
Related violations: <none>

DPOP-4#27 Warning
MREG Output pipelining  
DSP gqav7_z19p_system_i/gqav7_accelerator_0/inst/u_accelerator/i_core/i_pipeline/i_downstream/i_normalize/i_reciprocal/multiply_q0__4 multiplier stage gqav7_z19p_system_i/gqav7_accelerator_0/inst/u_accelerator/i_core/i_pipeline/i_downstream/i_normalize/i_reciprocal/multiply_q0__4/P[47:0] is not pipelined (MREG=0). Pipelining the multiplier function will improve performance and will save significant power so it is suggested whenever possible to fully pipeline this function.  If this multiplier was inferred, it is suggested to describe an additional register stage after this function.  If there is no registered adder/accumulator following the multiply function, two pipeline stages are suggested to allow both the MREG and PREG registers to be used.  If the DSP48 was instantiated in the design, it is suggested to set both the MREG and PREG attributes to 1 when performing multiply functions.
Related violations: <none>

DPOP-4#28 Warning
MREG Output pipelining  
DSP gqav7_z19p_system_i/gqav7_accelerator_0/inst/u_accelerator/i_core/i_pipeline/i_downstream/i_normalize/i_reciprocal/multiply_q0__5 multiplier stage gqav7_z19p_system_i/gqav7_accelerator_0/inst/u_accelerator/i_core/i_pipeline/i_downstream/i_normalize/i_reciprocal/multiply_q0__5/P[47:0] is not pipelined (MREG=0). Pipelining the multiplier function will improve performance and will save significant power so it is suggested whenever possible to fully pipeline this function.  If this multiplier was inferred, it is suggested to describe an additional register stage after this function.  If there is no registered adder/accumulator following the multiply function, two pipeline stages are suggested to allow both the MREG and PREG registers to be used.  If the DSP48 was instantiated in the design, it is suggested to set both the MREG and PREG attributes to 1 when performing multiply functions.
Related violations: <none>

DPOP-4#29 Warning
MREG Output pipelining  
DSP gqav7_z19p_system_i/gqav7_accelerator_0/inst/u_accelerator/i_core/i_pipeline/i_downstream/i_normalize/i_reciprocal/multiply_q0__6 multiplier stage gqav7_z19p_system_i/gqav7_accelerator_0/inst/u_accelerator/i_core/i_pipeline/i_downstream/i_normalize/i_reciprocal/multiply_q0__6/P[47:0] is not pipelined (MREG=0). Pipelining the multiplier function will improve performance and will save significant power so it is suggested whenever possible to fully pipeline this function.  If this multiplier was inferred, it is suggested to describe an additional register stage after this function.  If there is no registered adder/accumulator following the multiply function, two pipeline stages are suggested to allow both the MREG and PREG registers to be used.  If the DSP48 was instantiated in the design, it is suggested to set both the MREG and PREG attributes to 1 when performing multiply functions.
Related violations: <none>

DPOP-4#30 Warning
MREG Output pipelining  
DSP gqav7_z19p_system_i/gqav7_accelerator_0/inst/u_accelerator/i_core/i_pipeline/i_downstream/i_normalize/i_reciprocal/multiply_q0__7 multiplier stage gqav7_z19p_system_i/gqav7_accelerator_0/inst/u_accelerator/i_core/i_pipeline/i_downstream/i_normalize/i_reciprocal/multiply_q0__7/P[47:0] is not pipelined (MREG=0). Pipelining the multiplier function will improve performance and will save significant power so it is suggested whenever possible to fully pipeline this function.  If this multiplier was inferred, it is suggested to describe an additional register stage after this function.  If there is no registered adder/accumulator following the multiply function, two pipeline stages are suggested to allow both the MREG and PREG registers to be used.  If the DSP48 was instantiated in the design, it is suggested to set both the MREG and PREG attributes to 1 when performing multiply functions.
Related violations: <none>

DPOP-4#31 Warning
MREG Output pipelining  
DSP gqav7_z19p_system_i/gqav7_accelerator_0/inst/u_accelerator/i_core/i_pipeline/i_downstream/i_normalize/i_reciprocal/multiply_q0__8 multiplier stage gqav7_z19p_system_i/gqav7_accelerator_0/inst/u_accelerator/i_core/i_pipeline/i_downstream/i_normalize/i_reciprocal/multiply_q0__8/P[47:0] is not pipelined (MREG=0). Pipelining the multiplier function will improve performance and will save significant power so it is suggested whenever possible to fully pipeline this function.  If this multiplier was inferred, it is suggested to describe an additional register stage after this function.  If there is no registered adder/accumulator following the multiply function, two pipeline stages are suggested to allow both the MREG and PREG registers to be used.  If the DSP48 was instantiated in the design, it is suggested to set both the MREG and PREG attributes to 1 when performing multiply functions.
Related violations: <none>

DPOP-4#32 Warning
MREG Output pipelining  
DSP gqav7_z19p_system_i/gqav7_accelerator_0/inst/u_accelerator/i_core/i_pipeline/i_downstream/i_normalize/i_reciprocal/multiply_q0__9 multiplier stage gqav7_z19p_system_i/gqav7_accelerator_0/inst/u_accelerator/i_core/i_pipeline/i_downstream/i_normalize/i_reciprocal/multiply_q0__9/P[47:0] is not pipelined (MREG=0). Pipelining the multiplier function will improve performance and will save significant power so it is suggested whenever possible to fully pipeline this function.  If this multiplier was inferred, it is suggested to describe an additional register stage after this function.  If there is no registered adder/accumulator following the multiply function, two pipeline stages are suggested to allow both the MREG and PREG registers to be used.  If the DSP48 was instantiated in the design, it is suggested to set both the MREG and PREG attributes to 1 when performing multiply functions.
Related violations: <none>

DPOP-4#33 Warning
MREG Output pipelining  
DSP gqav7_z19p_system_i/gqav7_accelerator_0/inst/u_accelerator/i_core/i_pipeline/i_downstream/i_output_update/gen_update_lane[0].i_scale_alternate/s0_q_reg[significand_product] multiplier stage gqav7_z19p_system_i/gqav7_accelerator_0/inst/u_accelerator/i_core/i_pipeline/i_downstream/i_output_update/gen_update_lane[0].i_scale_alternate/s0_q_reg[significand_product]/P[47:0] is not pipelined (MREG=0). Pipelining the multiplier function will improve performance and will save significant power so it is suggested whenever possible to fully pipeline this function.  If this multiplier was inferred, it is suggested to describe an additional register stage after this function.  If there is no registered adder/accumulator following the multiply function, two pipeline stages are suggested to allow both the MREG and PREG registers to be used.  If the DSP48 was instantiated in the design, it is suggested to set both the MREG and PREG attributes to 1 when performing multiply functions.
Related violations: <none>

DPOP-4#34 Warning
MREG Output pipelining  
DSP gqav7_z19p_system_i/gqav7_accelerator_0/inst/u_accelerator/i_core/i_pipeline/i_downstream/i_output_update/gen_update_lane[0].i_scale_alternate/significand_product_w multiplier stage gqav7_z19p_system_i/gqav7_accelerator_0/inst/u_accelerator/i_core/i_pipeline/i_downstream/i_output_update/gen_update_lane[0].i_scale_alternate/significand_product_w/P[47:0] is not pipelined (MREG=0). Pipelining the multiplier function will improve performance and will save significant power so it is suggested whenever possible to fully pipeline this function.  If this multiplier was inferred, it is suggested to describe an additional register stage after this function.  If there is no registered adder/accumulator following the multiply function, two pipeline stages are suggested to allow both the MREG and PREG registers to be used.  If the DSP48 was instantiated in the design, it is suggested to set both the MREG and PREG attributes to 1 when performing multiply functions.
Related violations: <none>

DPOP-4#35 Warning
MREG Output pipelining  
DSP gqav7_z19p_system_i/gqav7_accelerator_0/inst/u_accelerator/i_core/i_pipeline/i_downstream/i_output_update/gen_update_lane[0].i_scale_state/s0_q_reg[significand_product] multiplier stage gqav7_z19p_system_i/gqav7_accelerator_0/inst/u_accelerator/i_core/i_pipeline/i_downstream/i_output_update/gen_update_lane[0].i_scale_state/s0_q_reg[significand_product]/P[47:0] is not pipelined (MREG=0). Pipelining the multiplier function will improve performance and will save significant power so it is suggested whenever possible to fully pipeline this function.  If this multiplier was inferred, it is suggested to describe an additional register stage after this function.  If there is no registered adder/accumulator following the multiply function, two pipeline stages are suggested to allow both the MREG and PREG registers to be used.  If the DSP48 was instantiated in the design, it is suggested to set both the MREG and PREG attributes to 1 when performing multiply functions.
Related violations: <none>

DPOP-4#36 Warning
MREG Output pipelining  
DSP gqav7_z19p_system_i/gqav7_accelerator_0/inst/u_accelerator/i_core/i_pipeline/i_downstream/i_output_update/gen_update_lane[0].i_scale_state/significand_product_w multiplier stage gqav7_z19p_system_i/gqav7_accelerator_0/inst/u_accelerator/i_core/i_pipeline/i_downstream/i_output_update/gen_update_lane[0].i_scale_state/significand_product_w/P[47:0] is not pipelined (MREG=0). Pipelining the multiplier function will improve performance and will save significant power so it is suggested whenever possible to fully pipeline this function.  If this multiplier was inferred, it is suggested to describe an additional register stage after this function.  If there is no registered adder/accumulator following the multiply function, two pipeline stages are suggested to allow both the MREG and PREG registers to be used.  If the DSP48 was instantiated in the design, it is suggested to set both the MREG and PREG attributes to 1 when performing multiply functions.
Related violations: <none>

DPOP-4#37 Warning
MREG Output pipelining  
DSP gqav7_z19p_system_i/gqav7_accelerator_0/inst/u_accelerator/i_core/i_pipeline/i_downstream/i_output_update/gen_update_lane[1].i_scale_alternate/s0_q_reg[significand_product] multiplier stage gqav7_z19p_system_i/gqav7_accelerator_0/inst/u_accelerator/i_core/i_pipeline/i_downstream/i_output_update/gen_update_lane[1].i_scale_alternate/s0_q_reg[significand_product]/P[47:0] is not pipelined (MREG=0). Pipelining the multiplier function will improve performance and will save significant power so it is suggested whenever possible to fully pipeline this function.  If this multiplier was inferred, it is suggested to describe an additional register stage after this function.  If there is no registered adder/accumulator following the multiply function, two pipeline stages are suggested to allow both the MREG and PREG registers to be used.  If the DSP48 was instantiated in the design, it is suggested to set both the MREG and PREG attributes to 1 when performing multiply functions.
Related violations: <none>

DPOP-4#38 Warning
MREG Output pipelining  
DSP gqav7_z19p_system_i/gqav7_accelerator_0/inst/u_accelerator/i_core/i_pipeline/i_downstream/i_output_update/gen_update_lane[1].i_scale_alternate/significand_product_w multiplier stage gqav7_z19p_system_i/gqav7_accelerator_0/inst/u_accelerator/i_core/i_pipeline/i_downstream/i_output_update/gen_update_lane[1].i_scale_alternate/significand_product_w/P[47:0] is not pipelined (MREG=0). Pipelining the multiplier function will improve performance and will save significant power so it is suggested whenever possible to fully pipeline this function.  If this multiplier was inferred, it is suggested to describe an additional register stage after this function.  If there is no registered adder/accumulator following the multiply function, two pipeline stages are suggested to allow both the MREG and PREG registers to be used.  If the DSP48 was instantiated in the design, it is suggested to set both the MREG and PREG attributes to 1 when performing multiply functions.
Related violations: <none>

DPOP-4#39 Warning
MREG Output pipelining  
DSP gqav7_z19p_system_i/gqav7_accelerator_0/inst/u_accelerator/i_core/i_pipeline/i_downstream/i_output_update/gen_update_lane[1].i_scale_state/s0_q_reg[significand_product] multiplier stage gqav7_z19p_system_i/gqav7_accelerator_0/inst/u_accelerator/i_core/i_pipeline/i_downstream/i_output_update/gen_update_lane[1].i_scale_state/s0_q_reg[significand_product]/P[47:0] is not pipelined (MREG=0). Pipelining the multiplier function will improve performance and will save significant power so it is suggested whenever possible to fully pipeline this function.  If this multiplier was inferred, it is suggested to describe an additional register stage after this function.  If there is no registered adder/accumulator following the multiply function, two pipeline stages are suggested to allow both the MREG and PREG registers to be used.  If the DSP48 was instantiated in the design, it is suggested to set both the MREG and PREG attributes to 1 when performing multiply functions.
Related violations: <none>

DPOP-4#40 Warning
MREG Output pipelining  
DSP gqav7_z19p_system_i/gqav7_accelerator_0/inst/u_accelerator/i_core/i_pipeline/i_downstream/i_output_update/gen_update_lane[1].i_scale_state/significand_product_w multiplier stage gqav7_z19p_system_i/gqav7_accelerator_0/inst/u_accelerator/i_core/i_pipeline/i_downstream/i_output_update/gen_update_lane[1].i_scale_state/significand_product_w/P[47:0] is not pipelined (MREG=0). Pipelining the multiplier function will improve performance and will save significant power so it is suggested whenever possible to fully pipeline this function.  If this multiplier was inferred, it is suggested to describe an additional register stage after this function.  If there is no registered adder/accumulator following the multiply function, two pipeline stages are suggested to allow both the MREG and PREG registers to be used.  If the DSP48 was instantiated in the design, it is suggested to set both the MREG and PREG attributes to 1 when performing multiply functions.
Related violations: <none>

DPOP-4#41 Warning
MREG Output pipelining  
DSP gqav7_z19p_system_i/gqav7_accelerator_0/inst/u_accelerator/i_core/i_pipeline/i_downstream/i_output_update/gen_update_lane[2].i_scale_alternate/s0_q_reg[significand_product] multiplier stage gqav7_z19p_system_i/gqav7_accelerator_0/inst/u_accelerator/i_core/i_pipeline/i_downstream/i_output_update/gen_update_lane[2].i_scale_alternate/s0_q_reg[significand_product]/P[47:0] is not pipelined (MREG=0). Pipelining the multiplier function will improve performance and will save significant power so it is suggested whenever possible to fully pipeline this function.  If this multiplier was inferred, it is suggested to describe an additional register stage after this function.  If there is no registered adder/accumulator following the multiply function, two pipeline stages are suggested to allow both the MREG and PREG registers to be used.  If the DSP48 was instantiated in the design, it is suggested to set both the MREG and PREG attributes to 1 when performing multiply functions.
Related violations: <none>

DPOP-4#42 Warning
MREG Output pipelining  
DSP gqav7_z19p_system_i/gqav7_accelerator_0/inst/u_accelerator/i_core/i_pipeline/i_downstream/i_output_update/gen_update_lane[2].i_scale_alternate/significand_product_w multiplier stage gqav7_z19p_system_i/gqav7_accelerator_0/inst/u_accelerator/i_core/i_pipeline/i_downstream/i_output_update/gen_update_lane[2].i_scale_alternate/significand_product_w/P[47:0] is not pipelined (MREG=0). Pipelining the multiplier function will improve performance and will save significant power so it is suggested whenever possible to fully pipeline this function.  If this multiplier was inferred, it is suggested to describe an additional register stage after this function.  If there is no registered adder/accumulator following the multiply function, two pipeline stages are suggested to allow both the MREG and PREG registers to be used.  If the DSP48 was instantiated in the design, it is suggested to set both the MREG and PREG attributes to 1 when performing multiply functions.
Related violations: <none>

DPOP-4#43 Warning
MREG Output pipelining  
DSP gqav7_z19p_system_i/gqav7_accelerator_0/inst/u_accelerator/i_core/i_pipeline/i_downstream/i_output_update/gen_update_lane[2].i_scale_state/s0_q_reg[significand_product] multiplier stage gqav7_z19p_system_i/gqav7_accelerator_0/inst/u_accelerator/i_core/i_pipeline/i_downstream/i_output_update/gen_update_lane[2].i_scale_state/s0_q_reg[significand_product]/P[47:0] is not pipelined (MREG=0). Pipelining the multiplier function will improve performance and will save significant power so it is suggested whenever possible to fully pipeline this function.  If this multiplier was inferred, it is suggested to describe an additional register stage after this function.  If there is no registered adder/accumulator following the multiply function, two pipeline stages are suggested to allow both the MREG and PREG registers to be used.  If the DSP48 was instantiated in the design, it is suggested to set both the MREG and PREG attributes to 1 when performing multiply functions.
Related violations: <none>

DPOP-4#44 Warning
MREG Output pipelining  
DSP gqav7_z19p_system_i/gqav7_accelerator_0/inst/u_accelerator/i_core/i_pipeline/i_downstream/i_output_update/gen_update_lane[2].i_scale_state/significand_product_w multiplier stage gqav7_z19p_system_i/gqav7_accelerator_0/inst/u_accelerator/i_core/i_pipeline/i_downstream/i_output_update/gen_update_lane[2].i_scale_state/significand_product_w/P[47:0] is not pipelined (MREG=0). Pipelining the multiplier function will improve performance and will save significant power so it is suggested whenever possible to fully pipeline this function.  If this multiplier was inferred, it is suggested to describe an additional register stage after this function.  If there is no registered adder/accumulator following the multiply function, two pipeline stages are suggested to allow both the MREG and PREG registers to be used.  If the DSP48 was instantiated in the design, it is suggested to set both the MREG and PREG attributes to 1 when performing multiply functions.
Related violations: <none>

DPOP-4#45 Warning
MREG Output pipelining  
DSP gqav7_z19p_system_i/gqav7_accelerator_0/inst/u_accelerator/i_core/i_pipeline/i_downstream/i_output_update/gen_update_lane[3].i_scale_alternate/s0_q_reg[significand_product] multiplier stage gqav7_z19p_system_i/gqav7_accelerator_0/inst/u_accelerator/i_core/i_pipeline/i_downstream/i_output_update/gen_update_lane[3].i_scale_alternate/s0_q_reg[significand_product]/P[47:0] is not pipelined (MREG=0). Pipelining the multiplier function will improve performance and will save significant power so it is suggested whenever possible to fully pipeline this function.  If this multiplier was inferred, it is suggested to describe an additional register stage after this function.  If there is no registered adder/accumulator following the multiply function, two pipeline stages are suggested to allow both the MREG and PREG registers to be used.  If the DSP48 was instantiated in the design, it is suggested to set both the MREG and PREG attributes to 1 when performing multiply functions.
Related violations: <none>

DPOP-4#46 Warning
MREG Output pipelining  
DSP gqav7_z19p_system_i/gqav7_accelerator_0/inst/u_accelerator/i_core/i_pipeline/i_downstream/i_output_update/gen_update_lane[3].i_scale_alternate/significand_product_w multiplier stage gqav7_z19p_system_i/gqav7_accelerator_0/inst/u_accelerator/i_core/i_pipeline/i_downstream/i_output_update/gen_update_lane[3].i_scale_alternate/significand_product_w/P[47:0] is not pipelined (MREG=0). Pipelining the multiplier function will improve performance and will save significant power so it is suggested whenever possible to fully pipeline this function.  If this multiplier was inferred, it is suggested to describe an additional register stage after this function.  If there is no registered adder/accumulator following the multiply function, two pipeline stages are suggested to allow both the MREG and PREG registers to be used.  If the DSP48 was instantiated in the design, it is suggested to set both the MREG and PREG attributes to 1 when performing multiply functions.
Related violations: <none>

DPOP-4#47 Warning
MREG Output pipelining  
DSP gqav7_z19p_system_i/gqav7_accelerator_0/inst/u_accelerator/i_core/i_pipeline/i_downstream/i_output_update/gen_update_lane[3].i_scale_state/s0_q_reg[significand_product] multiplier stage gqav7_z19p_system_i/gqav7_accelerator_0/inst/u_accelerator/i_core/i_pipeline/i_downstream/i_output_update/gen_update_lane[3].i_scale_state/s0_q_reg[significand_product]/P[47:0] is not pipelined (MREG=0). Pipelining the multiplier function will improve performance and will save significant power so it is suggested whenever possible to fully pipeline this function.  If this multiplier was inferred, it is suggested to describe an additional register stage after this function.  If there is no registered adder/accumulator following the multiply function, two pipeline stages are suggested to allow both the MREG and PREG registers to be used.  If the DSP48 was instantiated in the design, it is suggested to set both the MREG and PREG attributes to 1 when performing multiply functions.
Related violations: <none>

DPOP-4#48 Warning
MREG Output pipelining  
DSP gqav7_z19p_system_i/gqav7_accelerator_0/inst/u_accelerator/i_core/i_pipeline/i_downstream/i_output_update/gen_update_lane[3].i_scale_state/significand_product_w multiplier stage gqav7_z19p_system_i/gqav7_accelerator_0/inst/u_accelerator/i_core/i_pipeline/i_downstream/i_output_update/gen_update_lane[3].i_scale_state/significand_product_w/P[47:0] is not pipelined (MREG=0). Pipelining the multiplier function will improve performance and will save significant power so it is suggested whenever possible to fully pipeline this function.  If this multiplier was inferred, it is suggested to describe an additional register stage after this function.  If there is no registered adder/accumulator following the multiply function, two pipeline stages are suggested to allow both the MREG and PREG registers to be used.  If the DSP48 was instantiated in the design, it is suggested to set both the MREG and PREG attributes to 1 when performing multiply functions.
Related violations: <none>

DPOP-4#49 Warning
MREG Output pipelining  
DSP gqav7_z19p_system_i/gqav7_accelerator_0/inst/u_accelerator/i_core/i_pipeline/i_downstream/i_output_update/gen_update_lane[4].i_scale_alternate/s0_q_reg[significand_product] multiplier stage gqav7_z19p_system_i/gqav7_accelerator_0/inst/u_accelerator/i_core/i_pipeline/i_downstream/i_output_update/gen_update_lane[4].i_scale_alternate/s0_q_reg[significand_product]/P[47:0] is not pipelined (MREG=0). Pipelining the multiplier function will improve performance and will save significant power so it is suggested whenever possible to fully pipeline this function.  If this multiplier was inferred, it is suggested to describe an additional register stage after this function.  If there is no registered adder/accumulator following the multiply function, two pipeline stages are suggested to allow both the MREG and PREG registers to be used.  If the DSP48 was instantiated in the design, it is suggested to set both the MREG and PREG attributes to 1 when performing multiply functions.
Related violations: <none>

DPOP-4#50 Warning
MREG Output pipelining  
DSP gqav7_z19p_system_i/gqav7_accelerator_0/inst/u_accelerator/i_core/i_pipeline/i_downstream/i_output_update/gen_update_lane[4].i_scale_alternate/significand_product_w multiplier stage gqav7_z19p_system_i/gqav7_accelerator_0/inst/u_accelerator/i_core/i_pipeline/i_downstream/i_output_update/gen_update_lane[4].i_scale_alternate/significand_product_w/P[47:0] is not pipelined (MREG=0). Pipelining the multiplier function will improve performance and will save significant power so it is suggested whenever possible to fully pipeline this function.  If this multiplier was inferred, it is suggested to describe an additional register stage after this function.  If there is no registered adder/accumulator following the multiply function, two pipeline stages are suggested to allow both the MREG and PREG registers to be used.  If the DSP48 was instantiated in the design, it is suggested to set both the MREG and PREG attributes to 1 when performing multiply functions.
Related violations: <none>

DPOP-4#51 Warning
MREG Output pipelining  
DSP gqav7_z19p_system_i/gqav7_accelerator_0/inst/u_accelerator/i_core/i_pipeline/i_downstream/i_output_update/gen_update_lane[4].i_scale_state/s0_q_reg[significand_product] multiplier stage gqav7_z19p_system_i/gqav7_accelerator_0/inst/u_accelerator/i_core/i_pipeline/i_downstream/i_output_update/gen_update_lane[4].i_scale_state/s0_q_reg[significand_product]/P[47:0] is not pipelined (MREG=0). Pipelining the multiplier function will improve performance and will save significant power so it is suggested whenever possible to fully pipeline this function.  If this multiplier was inferred, it is suggested to describe an additional register stage after this function.  If there is no registered adder/accumulator following the multiply function, two pipeline stages are suggested to allow both the MREG and PREG registers to be used.  If the DSP48 was instantiated in the design, it is suggested to set both the MREG and PREG attributes to 1 when performing multiply functions.
Related violations: <none>

DPOP-4#52 Warning
MREG Output pipelining  
DSP gqav7_z19p_system_i/gqav7_accelerator_0/inst/u_accelerator/i_core/i_pipeline/i_downstream/i_output_update/gen_update_lane[4].i_scale_state/significand_product_w multiplier stage gqav7_z19p_system_i/gqav7_accelerator_0/inst/u_accelerator/i_core/i_pipeline/i_downstream/i_output_update/gen_update_lane[4].i_scale_state/significand_product_w/P[47:0] is not pipelined (MREG=0). Pipelining the multiplier function will improve performance and will save significant power so it is suggested whenever possible to fully pipeline this function.  If this multiplier was inferred, it is suggested to describe an additional register stage after this function.  If there is no registered adder/accumulator following the multiply function, two pipeline stages are suggested to allow both the MREG and PREG registers to be used.  If the DSP48 was instantiated in the design, it is suggested to set both the MREG and PREG attributes to 1 when performing multiply functions.
Related violations: <none>

DPOP-4#53 Warning
MREG Output pipelining  
DSP gqav7_z19p_system_i/gqav7_accelerator_0/inst/u_accelerator/i_core/i_pipeline/i_downstream/i_output_update/gen_update_lane[5].i_scale_alternate/s0_q_reg[significand_product] multiplier stage gqav7_z19p_system_i/gqav7_accelerator_0/inst/u_accelerator/i_core/i_pipeline/i_downstream/i_output_update/gen_update_lane[5].i_scale_alternate/s0_q_reg[significand_product]/P[47:0] is not pipelined (MREG=0). Pipelining the multiplier function will improve performance and will save significant power so it is suggested whenever possible to fully pipeline this function.  If this multiplier was inferred, it is suggested to describe an additional register stage after this function.  If there is no registered adder/accumulator following the multiply function, two pipeline stages are suggested to allow both the MREG and PREG registers to be used.  If the DSP48 was instantiated in the design, it is suggested to set both the MREG and PREG attributes to 1 when performing multiply functions.
Related violations: <none>

DPOP-4#54 Warning
MREG Output pipelining  
DSP gqav7_z19p_system_i/gqav7_accelerator_0/inst/u_accelerator/i_core/i_pipeline/i_downstream/i_output_update/gen_update_lane[5].i_scale_alternate/significand_product_w multiplier stage gqav7_z19p_system_i/gqav7_accelerator_0/inst/u_accelerator/i_core/i_pipeline/i_downstream/i_output_update/gen_update_lane[5].i_scale_alternate/significand_product_w/P[47:0] is not pipelined (MREG=0). Pipelining the multiplier function will improve performance and will save significant power so it is suggested whenever possible to fully pipeline this function.  If this multiplier was inferred, it is suggested to describe an additional register stage after this function.  If there is no registered adder/accumulator following the multiply function, two pipeline stages are suggested to allow both the MREG and PREG registers to be used.  If the DSP48 was instantiated in the design, it is suggested to set both the MREG and PREG attributes to 1 when performing multiply functions.
Related violations: <none>

DPOP-4#55 Warning
MREG Output pipelining  
DSP gqav7_z19p_system_i/gqav7_accelerator_0/inst/u_accelerator/i_core/i_pipeline/i_downstream/i_output_update/gen_update_lane[5].i_scale_state/s0_q_reg[significand_product] multiplier stage gqav7_z19p_system_i/gqav7_accelerator_0/inst/u_accelerator/i_core/i_pipeline/i_downstream/i_output_update/gen_update_lane[5].i_scale_state/s0_q_reg[significand_product]/P[47:0] is not pipelined (MREG=0). Pipelining the multiplier function will improve performance and will save significant power so it is suggested whenever possible to fully pipeline this function.  If this multiplier was inferred, it is suggested to describe an additional register stage after this function.  If there is no registered adder/accumulator following the multiply function, two pipeline stages are suggested to allow both the MREG and PREG registers to be used.  If the DSP48 was instantiated in the design, it is suggested to set both the MREG and PREG attributes to 1 when performing multiply functions.
Related violations: <none>

DPOP-4#56 Warning
MREG Output pipelining  
DSP gqav7_z19p_system_i/gqav7_accelerator_0/inst/u_accelerator/i_core/i_pipeline/i_downstream/i_output_update/gen_update_lane[5].i_scale_state/significand_product_w multiplier stage gqav7_z19p_system_i/gqav7_accelerator_0/inst/u_accelerator/i_core/i_pipeline/i_downstream/i_output_update/gen_update_lane[5].i_scale_state/significand_product_w/P[47:0] is not pipelined (MREG=0). Pipelining the multiplier function will improve performance and will save significant power so it is suggested whenever possible to fully pipeline this function.  If this multiplier was inferred, it is suggested to describe an additional register stage after this function.  If there is no registered adder/accumulator following the multiply function, two pipeline stages are suggested to allow both the MREG and PREG registers to be used.  If the DSP48 was instantiated in the design, it is suggested to set both the MREG and PREG attributes to 1 when performing multiply functions.
Related violations: <none>

DPOP-4#57 Warning
MREG Output pipelining  
DSP gqav7_z19p_system_i/gqav7_accelerator_0/inst/u_accelerator/i_core/i_pipeline/i_downstream/i_output_update/gen_update_lane[6].i_scale_alternate/s0_q_reg[significand_product] multiplier stage gqav7_z19p_system_i/gqav7_accelerator_0/inst/u_accelerator/i_core/i_pipeline/i_downstream/i_output_update/gen_update_lane[6].i_scale_alternate/s0_q_reg[significand_product]/P[47:0] is not pipelined (MREG=0). Pipelining the multiplier function will improve performance and will save significant power so it is suggested whenever possible to fully pipeline this function.  If this multiplier was inferred, it is suggested to describe an additional register stage after this function.  If there is no registered adder/accumulator following the multiply function, two pipeline stages are suggested to allow both the MREG and PREG registers to be used.  If the DSP48 was instantiated in the design, it is suggested to set both the MREG and PREG attributes to 1 when performing multiply functions.
Related violations: <none>

DPOP-4#58 Warning
MREG Output pipelining  
DSP gqav7_z19p_system_i/gqav7_accelerator_0/inst/u_accelerator/i_core/i_pipeline/i_downstream/i_output_update/gen_update_lane[6].i_scale_alternate/significand_product_w multiplier stage gqav7_z19p_system_i/gqav7_accelerator_0/inst/u_accelerator/i_core/i_pipeline/i_downstream/i_output_update/gen_update_lane[6].i_scale_alternate/significand_product_w/P[47:0] is not pipelined (MREG=0). Pipelining the multiplier function will improve performance and will save significant power so it is suggested whenever possible to fully pipeline this function.  If this multiplier was inferred, it is suggested to describe an additional register stage after this function.  If there is no registered adder/accumulator following the multiply function, two pipeline stages are suggested to allow both the MREG and PREG registers to be used.  If the DSP48 was instantiated in the design, it is suggested to set both the MREG and PREG attributes to 1 when performing multiply functions.
Related violations: <none>

DPOP-4#59 Warning
MREG Output pipelining  
DSP gqav7_z19p_system_i/gqav7_accelerator_0/inst/u_accelerator/i_core/i_pipeline/i_downstream/i_output_update/gen_update_lane[6].i_scale_state/s0_q_reg[significand_product] multiplier stage gqav7_z19p_system_i/gqav7_accelerator_0/inst/u_accelerator/i_core/i_pipeline/i_downstream/i_output_update/gen_update_lane[6].i_scale_state/s0_q_reg[significand_product]/P[47:0] is not pipelined (MREG=0). Pipelining the multiplier function will improve performance and will save significant power so it is suggested whenever possible to fully pipeline this function.  If this multiplier was inferred, it is suggested to describe an additional register stage after this function.  If there is no registered adder/accumulator following the multiply function, two pipeline stages are suggested to allow both the MREG and PREG registers to be used.  If the DSP48 was instantiated in the design, it is suggested to set both the MREG and PREG attributes to 1 when performing multiply functions.
Related violations: <none>

DPOP-4#60 Warning
MREG Output pipelining  
DSP gqav7_z19p_system_i/gqav7_accelerator_0/inst/u_accelerator/i_core/i_pipeline/i_downstream/i_output_update/gen_update_lane[6].i_scale_state/significand_product_w multiplier stage gqav7_z19p_system_i/gqav7_accelerator_0/inst/u_accelerator/i_core/i_pipeline/i_downstream/i_output_update/gen_update_lane[6].i_scale_state/significand_product_w/P[47:0] is not pipelined (MREG=0). Pipelining the multiplier function will improve performance and will save significant power so it is suggested whenever possible to fully pipeline this function.  If this multiplier was inferred, it is suggested to describe an additional register stage after this function.  If there is no registered adder/accumulator following the multiply function, two pipeline stages are suggested to allow both the MREG and PREG registers to be used.  If the DSP48 was instantiated in the design, it is suggested to set both the MREG and PREG attributes to 1 when performing multiply functions.
Related violations: <none>

DPOP-4#61 Warning
MREG Output pipelining  
DSP gqav7_z19p_system_i/gqav7_accelerator_0/inst/u_accelerator/i_core/i_pipeline/i_downstream/i_output_update/gen_update_lane[7].i_scale_alternate/s0_q_reg[significand_product] multiplier stage gqav7_z19p_system_i/gqav7_accelerator_0/inst/u_accelerator/i_core/i_pipeline/i_downstream/i_output_update/gen_update_lane[7].i_scale_alternate/s0_q_reg[significand_product]/P[47:0] is not pipelined (MREG=0). Pipelining the multiplier function will improve performance and will save significant power so it is suggested whenever possible to fully pipeline this function.  If this multiplier was inferred, it is suggested to describe an additional register stage after this function.  If there is no registered adder/accumulator following the multiply function, two pipeline stages are suggested to allow both the MREG and PREG registers to be used.  If the DSP48 was instantiated in the design, it is suggested to set both the MREG and PREG attributes to 1 when performing multiply functions.
Related violations: <none>

DPOP-4#62 Warning
MREG Output pipelining  
DSP gqav7_z19p_system_i/gqav7_accelerator_0/inst/u_accelerator/i_core/i_pipeline/i_downstream/i_output_update/gen_update_lane[7].i_scale_alternate/significand_product_w multiplier stage gqav7_z19p_system_i/gqav7_accelerator_0/inst/u_accelerator/i_core/i_pipeline/i_downstream/i_output_update/gen_update_lane[7].i_scale_alternate/significand_product_w/P[47:0] is not pipelined (MREG=0). Pipelining the multiplier function will improve performance and will save significant power so it is suggested whenever possible to fully pipeline this function.  If this multiplier was inferred, it is suggested to describe an additional register stage after this function.  If there is no registered adder/accumulator following the multiply function, two pipeline stages are suggested to allow both the MREG and PREG registers to be used.  If the DSP48 was instantiated in the design, it is suggested to set both the MREG and PREG attributes to 1 when performing multiply functions.
Related violations: <none>

DPOP-4#63 Warning
MREG Output pipelining  
DSP gqav7_z19p_system_i/gqav7_accelerator_0/inst/u_accelerator/i_core/i_pipeline/i_downstream/i_output_update/gen_update_lane[7].i_scale_state/s0_q_reg[significand_product] multiplier stage gqav7_z19p_system_i/gqav7_accelerator_0/inst/u_accelerator/i_core/i_pipeline/i_downstream/i_output_update/gen_update_lane[7].i_scale_state/s0_q_reg[significand_product]/P[47:0] is not pipelined (MREG=0). Pipelining the multiplier function will improve performance and will save significant power so it is suggested whenever possible to fully pipeline this function.  If this multiplier was inferred, it is suggested to describe an additional register stage after this function.  If there is no registered adder/accumulator following the multiply function, two pipeline stages are suggested to allow both the MREG and PREG registers to be used.  If the DSP48 was instantiated in the design, it is suggested to set both the MREG and PREG attributes to 1 when performing multiply functions.
Related violations: <none>

DPOP-4#64 Warning
MREG Output pipelining  
DSP gqav7_z19p_system_i/gqav7_accelerator_0/inst/u_accelerator/i_core/i_pipeline/i_downstream/i_output_update/gen_update_lane[7].i_scale_state/significand_product_w multiplier stage gqav7_z19p_system_i/gqav7_accelerator_0/inst/u_accelerator/i_core/i_pipeline/i_downstream/i_output_update/gen_update_lane[7].i_scale_state/significand_product_w/P[47:0] is not pipelined (MREG=0). Pipelining the multiplier function will improve performance and will save significant power so it is suggested whenever possible to fully pipeline this function.  If this multiplier was inferred, it is suggested to describe an additional register stage after this function.  If there is no registered adder/accumulator following the multiply function, two pipeline stages are suggested to allow both the MREG and PREG registers to be used.  If the DSP48 was instantiated in the design, it is suggested to set both the MREG and PREG attributes to 1 when performing multiply functions.
Related violations: <none>

DPOP-4#65 Warning
MREG Output pipelining  
DSP gqav7_z19p_system_i/gqav7_accelerator_0/inst/u_accelerator/i_core/i_pipeline/i_downstream/i_pair_rescale/gen_rescale_lane[0].i_rescale/s0_q_reg[significand_product] multiplier stage gqav7_z19p_system_i/gqav7_accelerator_0/inst/u_accelerator/i_core/i_pipeline/i_downstream/i_pair_rescale/gen_rescale_lane[0].i_rescale/s0_q_reg[significand_product]/P[47:0] is not pipelined (MREG=0). Pipelining the multiplier function will improve performance and will save significant power so it is suggested whenever possible to fully pipeline this function.  If this multiplier was inferred, it is suggested to describe an additional register stage after this function.  If there is no registered adder/accumulator following the multiply function, two pipeline stages are suggested to allow both the MREG and PREG registers to be used.  If the DSP48 was instantiated in the design, it is suggested to set both the MREG and PREG attributes to 1 when performing multiply functions.
Related violations: <none>

DPOP-4#66 Warning
MREG Output pipelining  
DSP gqav7_z19p_system_i/gqav7_accelerator_0/inst/u_accelerator/i_core/i_pipeline/i_downstream/i_pair_rescale/gen_rescale_lane[0].i_rescale/significand_product_w multiplier stage gqav7_z19p_system_i/gqav7_accelerator_0/inst/u_accelerator/i_core/i_pipeline/i_downstream/i_pair_rescale/gen_rescale_lane[0].i_rescale/significand_product_w/P[47:0] is not pipelined (MREG=0). Pipelining the multiplier function will improve performance and will save significant power so it is suggested whenever possible to fully pipeline this function.  If this multiplier was inferred, it is suggested to describe an additional register stage after this function.  If there is no registered adder/accumulator following the multiply function, two pipeline stages are suggested to allow both the MREG and PREG registers to be used.  If the DSP48 was instantiated in the design, it is suggested to set both the MREG and PREG attributes to 1 when performing multiply functions.
Related violations: <none>

DPOP-4#67 Warning
MREG Output pipelining  
DSP gqav7_z19p_system_i/gqav7_accelerator_0/inst/u_accelerator/i_core/i_pipeline/i_downstream/i_pair_rescale/gen_rescale_lane[1].i_rescale/s0_q_reg[significand_product] multiplier stage gqav7_z19p_system_i/gqav7_accelerator_0/inst/u_accelerator/i_core/i_pipeline/i_downstream/i_pair_rescale/gen_rescale_lane[1].i_rescale/s0_q_reg[significand_product]/P[47:0] is not pipelined (MREG=0). Pipelining the multiplier function will improve performance and will save significant power so it is suggested whenever possible to fully pipeline this function.  If this multiplier was inferred, it is suggested to describe an additional register stage after this function.  If there is no registered adder/accumulator following the multiply function, two pipeline stages are suggested to allow both the MREG and PREG registers to be used.  If the DSP48 was instantiated in the design, it is suggested to set both the MREG and PREG attributes to 1 when performing multiply functions.
Related violations: <none>

DPOP-4#68 Warning
MREG Output pipelining  
DSP gqav7_z19p_system_i/gqav7_accelerator_0/inst/u_accelerator/i_core/i_pipeline/i_downstream/i_pair_rescale/gen_rescale_lane[1].i_rescale/significand_product_w multiplier stage gqav7_z19p_system_i/gqav7_accelerator_0/inst/u_accelerator/i_core/i_pipeline/i_downstream/i_pair_rescale/gen_rescale_lane[1].i_rescale/significand_product_w/P[47:0] is not pipelined (MREG=0). Pipelining the multiplier function will improve performance and will save significant power so it is suggested whenever possible to fully pipeline this function.  If this multiplier was inferred, it is suggested to describe an additional register stage after this function.  If there is no registered adder/accumulator following the multiply function, two pipeline stages are suggested to allow both the MREG and PREG registers to be used.  If the DSP48 was instantiated in the design, it is suggested to set both the MREG and PREG attributes to 1 when performing multiply functions.
Related violations: <none>

DPOP-4#69 Warning
MREG Output pipelining  
DSP gqav7_z19p_system_i/gqav7_accelerator_0/inst/u_accelerator/i_core/i_pipeline/i_downstream/i_pair_rescale/gen_rescale_lane[2].i_rescale/s0_q_reg[significand_product] multiplier stage gqav7_z19p_system_i/gqav7_accelerator_0/inst/u_accelerator/i_core/i_pipeline/i_downstream/i_pair_rescale/gen_rescale_lane[2].i_rescale/s0_q_reg[significand_product]/P[47:0] is not pipelined (MREG=0). Pipelining the multiplier function will improve performance and will save significant power so it is suggested whenever possible to fully pipeline this function.  If this multiplier was inferred, it is suggested to describe an additional register stage after this function.  If there is no registered adder/accumulator following the multiply function, two pipeline stages are suggested to allow both the MREG and PREG registers to be used.  If the DSP48 was instantiated in the design, it is suggested to set both the MREG and PREG attributes to 1 when performing multiply functions.
Related violations: <none>

DPOP-4#70 Warning
MREG Output pipelining  
DSP gqav7_z19p_system_i/gqav7_accelerator_0/inst/u_accelerator/i_core/i_pipeline/i_downstream/i_pair_rescale/gen_rescale_lane[2].i_rescale/significand_product_w multiplier stage gqav7_z19p_system_i/gqav7_accelerator_0/inst/u_accelerator/i_core/i_pipeline/i_downstream/i_pair_rescale/gen_rescale_lane[2].i_rescale/significand_product_w/P[47:0] is not pipelined (MREG=0). Pipelining the multiplier function will improve performance and will save significant power so it is suggested whenever possible to fully pipeline this function.  If this multiplier was inferred, it is suggested to describe an additional register stage after this function.  If there is no registered adder/accumulator following the multiply function, two pipeline stages are suggested to allow both the MREG and PREG registers to be used.  If the DSP48 was instantiated in the design, it is suggested to set both the MREG and PREG attributes to 1 when performing multiply functions.
Related violations: <none>

DPOP-4#71 Warning
MREG Output pipelining  
DSP gqav7_z19p_system_i/gqav7_accelerator_0/inst/u_accelerator/i_core/i_pipeline/i_downstream/i_pair_rescale/gen_rescale_lane[3].i_rescale/s0_q_reg[significand_product] multiplier stage gqav7_z19p_system_i/gqav7_accelerator_0/inst/u_accelerator/i_core/i_pipeline/i_downstream/i_pair_rescale/gen_rescale_lane[3].i_rescale/s0_q_reg[significand_product]/P[47:0] is not pipelined (MREG=0). Pipelining the multiplier function will improve performance and will save significant power so it is suggested whenever possible to fully pipeline this function.  If this multiplier was inferred, it is suggested to describe an additional register stage after this function.  If there is no registered adder/accumulator following the multiply function, two pipeline stages are suggested to allow both the MREG and PREG registers to be used.  If the DSP48 was instantiated in the design, it is suggested to set both the MREG and PREG attributes to 1 when performing multiply functions.
Related violations: <none>

DPOP-4#72 Warning
MREG Output pipelining  
DSP gqav7_z19p_system_i/gqav7_accelerator_0/inst/u_accelerator/i_core/i_pipeline/i_downstream/i_pair_rescale/gen_rescale_lane[3].i_rescale/significand_product_w multiplier stage gqav7_z19p_system_i/gqav7_accelerator_0/inst/u_accelerator/i_core/i_pipeline/i_downstream/i_pair_rescale/gen_rescale_lane[3].i_rescale/significand_product_w/P[47:0] is not pipelined (MREG=0). Pipelining the multiplier function will improve performance and will save significant power so it is suggested whenever possible to fully pipeline this function.  If this multiplier was inferred, it is suggested to describe an additional register stage after this function.  If there is no registered adder/accumulator following the multiply function, two pipeline stages are suggested to allow both the MREG and PREG registers to be used.  If the DSP48 was instantiated in the design, it is suggested to set both the MREG and PREG attributes to 1 when performing multiply functions.
Related violations: <none>

DPOP-4#73 Warning
MREG Output pipelining  
DSP gqav7_z19p_system_i/gqav7_accelerator_0/inst/u_accelerator/i_core/i_pipeline/i_downstream/i_pair_rescale/gen_rescale_lane[4].i_rescale/s0_q_reg[significand_product] multiplier stage gqav7_z19p_system_i/gqav7_accelerator_0/inst/u_accelerator/i_core/i_pipeline/i_downstream/i_pair_rescale/gen_rescale_lane[4].i_rescale/s0_q_reg[significand_product]/P[47:0] is not pipelined (MREG=0). Pipelining the multiplier function will improve performance and will save significant power so it is suggested whenever possible to fully pipeline this function.  If this multiplier was inferred, it is suggested to describe an additional register stage after this function.  If there is no registered adder/accumulator following the multiply function, two pipeline stages are suggested to allow both the MREG and PREG registers to be used.  If the DSP48 was instantiated in the design, it is suggested to set both the MREG and PREG attributes to 1 when performing multiply functions.
Related violations: <none>

DPOP-4#74 Warning
MREG Output pipelining  
DSP gqav7_z19p_system_i/gqav7_accelerator_0/inst/u_accelerator/i_core/i_pipeline/i_downstream/i_pair_rescale/gen_rescale_lane[4].i_rescale/significand_product_w multiplier stage gqav7_z19p_system_i/gqav7_accelerator_0/inst/u_accelerator/i_core/i_pipeline/i_downstream/i_pair_rescale/gen_rescale_lane[4].i_rescale/significand_product_w/P[47:0] is not pipelined (MREG=0). Pipelining the multiplier function will improve performance and will save significant power so it is suggested whenever possible to fully pipeline this function.  If this multiplier was inferred, it is suggested to describe an additional register stage after this function.  If there is no registered adder/accumulator following the multiply function, two pipeline stages are suggested to allow both the MREG and PREG registers to be used.  If the DSP48 was instantiated in the design, it is suggested to set both the MREG and PREG attributes to 1 when performing multiply functions.
Related violations: <none>

DPOP-4#75 Warning
MREG Output pipelining  
DSP gqav7_z19p_system_i/gqav7_accelerator_0/inst/u_accelerator/i_core/i_pipeline/i_downstream/i_pair_rescale/gen_rescale_lane[5].i_rescale/s0_q_reg[significand_product] multiplier stage gqav7_z19p_system_i/gqav7_accelerator_0/inst/u_accelerator/i_core/i_pipeline/i_downstream/i_pair_rescale/gen_rescale_lane[5].i_rescale/s0_q_reg[significand_product]/P[47:0] is not pipelined (MREG=0). Pipelining the multiplier function will improve performance and will save significant power so it is suggested whenever possible to fully pipeline this function.  If this multiplier was inferred, it is suggested to describe an additional register stage after this function.  If there is no registered adder/accumulator following the multiply function, two pipeline stages are suggested to allow both the MREG and PREG registers to be used.  If the DSP48 was instantiated in the design, it is suggested to set both the MREG and PREG attributes to 1 when performing multiply functions.
Related violations: <none>

DPOP-4#76 Warning
MREG Output pipelining  
DSP gqav7_z19p_system_i/gqav7_accelerator_0/inst/u_accelerator/i_core/i_pipeline/i_downstream/i_pair_rescale/gen_rescale_lane[5].i_rescale/significand_product_w multiplier stage gqav7_z19p_system_i/gqav7_accelerator_0/inst/u_accelerator/i_core/i_pipeline/i_downstream/i_pair_rescale/gen_rescale_lane[5].i_rescale/significand_product_w/P[47:0] is not pipelined (MREG=0). Pipelining the multiplier function will improve performance and will save significant power so it is suggested whenever possible to fully pipeline this function.  If this multiplier was inferred, it is suggested to describe an additional register stage after this function.  If there is no registered adder/accumulator following the multiply function, two pipeline stages are suggested to allow both the MREG and PREG registers to be used.  If the DSP48 was instantiated in the design, it is suggested to set both the MREG and PREG attributes to 1 when performing multiply functions.
Related violations: <none>

DPOP-4#77 Warning
MREG Output pipelining  
DSP gqav7_z19p_system_i/gqav7_accelerator_0/inst/u_accelerator/i_core/i_pipeline/i_downstream/i_pair_rescale/gen_rescale_lane[6].i_rescale/s0_q_reg[significand_product] multiplier stage gqav7_z19p_system_i/gqav7_accelerator_0/inst/u_accelerator/i_core/i_pipeline/i_downstream/i_pair_rescale/gen_rescale_lane[6].i_rescale/s0_q_reg[significand_product]/P[47:0] is not pipelined (MREG=0). Pipelining the multiplier function will improve performance and will save significant power so it is suggested whenever possible to fully pipeline this function.  If this multiplier was inferred, it is suggested to describe an additional register stage after this function.  If there is no registered adder/accumulator following the multiply function, two pipeline stages are suggested to allow both the MREG and PREG registers to be used.  If the DSP48 was instantiated in the design, it is suggested to set both the MREG and PREG attributes to 1 when performing multiply functions.
Related violations: <none>

DPOP-4#78 Warning
MREG Output pipelining  
DSP gqav7_z19p_system_i/gqav7_accelerator_0/inst/u_accelerator/i_core/i_pipeline/i_downstream/i_pair_rescale/gen_rescale_lane[6].i_rescale/significand_product_w multiplier stage gqav7_z19p_system_i/gqav7_accelerator_0/inst/u_accelerator/i_core/i_pipeline/i_downstream/i_pair_rescale/gen_rescale_lane[6].i_rescale/significand_product_w/P[47:0] is not pipelined (MREG=0). Pipelining the multiplier function will improve performance and will save significant power so it is suggested whenever possible to fully pipeline this function.  If this multiplier was inferred, it is suggested to describe an additional register stage after this function.  If there is no registered adder/accumulator following the multiply function, two pipeline stages are suggested to allow both the MREG and PREG registers to be used.  If the DSP48 was instantiated in the design, it is suggested to set both the MREG and PREG attributes to 1 when performing multiply functions.
Related violations: <none>

DPOP-4#79 Warning
MREG Output pipelining  
DSP gqav7_z19p_system_i/gqav7_accelerator_0/inst/u_accelerator/i_core/i_pipeline/i_downstream/i_pair_rescale/gen_rescale_lane[7].i_rescale/s0_q_reg[significand_product] multiplier stage gqav7_z19p_system_i/gqav7_accelerator_0/inst/u_accelerator/i_core/i_pipeline/i_downstream/i_pair_rescale/gen_rescale_lane[7].i_rescale/s0_q_reg[significand_product]/P[47:0] is not pipelined (MREG=0). Pipelining the multiplier function will improve performance and will save significant power so it is suggested whenever possible to fully pipeline this function.  If this multiplier was inferred, it is suggested to describe an additional register stage after this function.  If there is no registered adder/accumulator following the multiply function, two pipeline stages are suggested to allow both the MREG and PREG registers to be used.  If the DSP48 was instantiated in the design, it is suggested to set both the MREG and PREG attributes to 1 when performing multiply functions.
Related violations: <none>

DPOP-4#80 Warning
MREG Output pipelining  
DSP gqav7_z19p_system_i/gqav7_accelerator_0/inst/u_accelerator/i_core/i_pipeline/i_downstream/i_pair_rescale/gen_rescale_lane[7].i_rescale/significand_product_w multiplier stage gqav7_z19p_system_i/gqav7_accelerator_0/inst/u_accelerator/i_core/i_pipeline/i_downstream/i_pair_rescale/gen_rescale_lane[7].i_rescale/significand_product_w/P[47:0] is not pipelined (MREG=0). Pipelining the multiplier function will improve performance and will save significant power so it is suggested whenever possible to fully pipeline this function.  If this multiplier was inferred, it is suggested to describe an additional register stage after this function.  If there is no registered adder/accumulator following the multiply function, two pipeline stages are suggested to allow both the MREG and PREG registers to be used.  If the DSP48 was instantiated in the design, it is suggested to set both the MREG and PREG attributes to 1 when performing multiply functions.
Related violations: <none>

DPOP-4#81 Warning
MREG Output pipelining  
DSP gqav7_z19p_system_i/gqav7_accelerator_0/inst/u_accelerator/i_core/i_pipeline/i_downstream/i_pair_rescale/i_combine_alpha/s0_q_reg[significand_product] multiplier stage gqav7_z19p_system_i/gqav7_accelerator_0/inst/u_accelerator/i_core/i_pipeline/i_downstream/i_pair_rescale/i_combine_alpha/s0_q_reg[significand_product]/P[47:0] is not pipelined (MREG=0). Pipelining the multiplier function will improve performance and will save significant power so it is suggested whenever possible to fully pipeline this function.  If this multiplier was inferred, it is suggested to describe an additional register stage after this function.  If there is no registered adder/accumulator following the multiply function, two pipeline stages are suggested to allow both the MREG and PREG registers to be used.  If the DSP48 was instantiated in the design, it is suggested to set both the MREG and PREG attributes to 1 when performing multiply functions.
Related violations: <none>

DPOP-4#82 Warning
MREG Output pipelining  
DSP gqav7_z19p_system_i/gqav7_accelerator_0/inst/u_accelerator/i_core/i_pipeline/i_downstream/i_pair_rescale/i_combine_alpha/significand_product_w multiplier stage gqav7_z19p_system_i/gqav7_accelerator_0/inst/u_accelerator/i_core/i_pipeline/i_downstream/i_pair_rescale/i_combine_alpha/significand_product_w/P[47:0] is not pipelined (MREG=0). Pipelining the multiplier function will improve performance and will save significant power so it is suggested whenever possible to fully pipeline this function.  If this multiplier was inferred, it is suggested to describe an additional register stage after this function.  If there is no registered adder/accumulator following the multiply function, two pipeline stages are suggested to allow both the MREG and PREG registers to be used.  If the DSP48 was instantiated in the design, it is suggested to set both the MREG and PREG attributes to 1 when performing multiply functions.
Related violations: <none>

DPOP-4#83 Warning
MREG Output pipelining  
DSP gqav7_z19p_system_i/gqav7_accelerator_0/inst/u_accelerator/i_core/i_pipeline/i_downstream/i_pv/i_compute_capture/i_qk/i_engine/gen_row[0].gen_col[0].i_multiply/s1_product_q_reg multiplier stage gqav7_z19p_system_i/gqav7_accelerator_0/inst/u_accelerator/i_core/i_pipeline/i_downstream/i_pv/i_compute_capture/i_qk/i_engine/gen_row[0].gen_col[0].i_multiply/s1_product_q_reg/P[47:0] is not pipelined (MREG=0). Pipelining the multiplier function will improve performance and will save significant power so it is suggested whenever possible to fully pipeline this function.  If this multiplier was inferred, it is suggested to describe an additional register stage after this function.  If there is no registered adder/accumulator following the multiply function, two pipeline stages are suggested to allow both the MREG and PREG registers to be used.  If the DSP48 was instantiated in the design, it is suggested to set both the MREG and PREG attributes to 1 when performing multiply functions.
Related violations: <none>

DPOP-4#84 Warning
MREG Output pipelining  
DSP gqav7_z19p_system_i/gqav7_accelerator_0/inst/u_accelerator/i_core/i_pipeline/i_downstream/i_pv/i_compute_capture/i_qk/i_engine/gen_row[0].gen_col[1].i_multiply/s1_product_q_reg multiplier stage gqav7_z19p_system_i/gqav7_accelerator_0/inst/u_accelerator/i_core/i_pipeline/i_downstream/i_pv/i_compute_capture/i_qk/i_engine/gen_row[0].gen_col[1].i_multiply/s1_product_q_reg/P[47:0] is not pipelined (MREG=0). Pipelining the multiplier function will improve performance and will save significant power so it is suggested whenever possible to fully pipeline this function.  If this multiplier was inferred, it is suggested to describe an additional register stage after this function.  If there is no registered adder/accumulator following the multiply function, two pipeline stages are suggested to allow both the MREG and PREG registers to be used.  If the DSP48 was instantiated in the design, it is suggested to set both the MREG and PREG attributes to 1 when performing multiply functions.
Related violations: <none>

DPOP-4#85 Warning
MREG Output pipelining  
DSP gqav7_z19p_system_i/gqav7_accelerator_0/inst/u_accelerator/i_core/i_pipeline/i_downstream/i_pv/i_compute_capture/i_qk/i_engine/gen_row[0].gen_col[2].i_multiply/s1_product_q_reg multiplier stage gqav7_z19p_system_i/gqav7_accelerator_0/inst/u_accelerator/i_core/i_pipeline/i_downstream/i_pv/i_compute_capture/i_qk/i_engine/gen_row[0].gen_col[2].i_multiply/s1_product_q_reg/P[47:0] is not pipelined (MREG=0). Pipelining the multiplier function will improve performance and will save significant power so it is suggested whenever possible to fully pipeline this function.  If this multiplier was inferred, it is suggested to describe an additional register stage after this function.  If there is no registered adder/accumulator following the multiply function, two pipeline stages are suggested to allow both the MREG and PREG registers to be used.  If the DSP48 was instantiated in the design, it is suggested to set both the MREG and PREG attributes to 1 when performing multiply functions.
Related violations: <none>

DPOP-4#86 Warning
MREG Output pipelining  
DSP gqav7_z19p_system_i/gqav7_accelerator_0/inst/u_accelerator/i_core/i_pipeline/i_downstream/i_pv/i_compute_capture/i_qk/i_engine/gen_row[0].gen_col[3].i_multiply/s1_product_q_reg multiplier stage gqav7_z19p_system_i/gqav7_accelerator_0/inst/u_accelerator/i_core/i_pipeline/i_downstream/i_pv/i_compute_capture/i_qk/i_engine/gen_row[0].gen_col[3].i_multiply/s1_product_q_reg/P[47:0] is not pipelined (MREG=0). Pipelining the multiplier function will improve performance and will save significant power so it is suggested whenever possible to fully pipeline this function.  If this multiplier was inferred, it is suggested to describe an additional register stage after this function.  If there is no registered adder/accumulator following the multiply function, two pipeline stages are suggested to allow both the MREG and PREG registers to be used.  If the DSP48 was instantiated in the design, it is suggested to set both the MREG and PREG attributes to 1 when performing multiply functions.
Related violations: <none>

DPOP-4#87 Warning
MREG Output pipelining  
DSP gqav7_z19p_system_i/gqav7_accelerator_0/inst/u_accelerator/i_core/i_pipeline/i_downstream/i_pv/i_compute_capture/i_qk/i_engine/gen_row[0].gen_col[4].i_multiply/s1_product_q_reg multiplier stage gqav7_z19p_system_i/gqav7_accelerator_0/inst/u_accelerator/i_core/i_pipeline/i_downstream/i_pv/i_compute_capture/i_qk/i_engine/gen_row[0].gen_col[4].i_multiply/s1_product_q_reg/P[47:0] is not pipelined (MREG=0). Pipelining the multiplier function will improve performance and will save significant power so it is suggested whenever possible to fully pipeline this function.  If this multiplier was inferred, it is suggested to describe an additional register stage after this function.  If there is no registered adder/accumulator following the multiply function, two pipeline stages are suggested to allow both the MREG and PREG registers to be used.  If the DSP48 was instantiated in the design, it is suggested to set both the MREG and PREG attributes to 1 when performing multiply functions.
Related violations: <none>

DPOP-4#88 Warning
MREG Output pipelining  
DSP gqav7_z19p_system_i/gqav7_accelerator_0/inst/u_accelerator/i_core/i_pipeline/i_downstream/i_pv/i_compute_capture/i_qk/i_engine/gen_row[0].gen_col[5].i_multiply/s1_product_q_reg multiplier stage gqav7_z19p_system_i/gqav7_accelerator_0/inst/u_accelerator/i_core/i_pipeline/i_downstream/i_pv/i_compute_capture/i_qk/i_engine/gen_row[0].gen_col[5].i_multiply/s1_product_q_reg/P[47:0] is not pipelined (MREG=0). Pipelining the multiplier function will improve performance and will save significant power so it is suggested whenever possible to fully pipeline this function.  If this multiplier was inferred, it is suggested to describe an additional register stage after this function.  If there is no registered adder/accumulator following the multiply function, two pipeline stages are suggested to allow both the MREG and PREG registers to be used.  If the DSP48 was instantiated in the design, it is suggested to set both the MREG and PREG attributes to 1 when performing multiply functions.
Related violations: <none>

DPOP-4#89 Warning
MREG Output pipelining  
DSP gqav7_z19p_system_i/gqav7_accelerator_0/inst/u_accelerator/i_core/i_pipeline/i_downstream/i_pv/i_compute_capture/i_qk/i_engine/gen_row[0].gen_col[6].i_multiply/s1_product_q_reg multiplier stage gqav7_z19p_system_i/gqav7_accelerator_0/inst/u_accelerator/i_core/i_pipeline/i_downstream/i_pv/i_compute_capture/i_qk/i_engine/gen_row[0].gen_col[6].i_multiply/s1_product_q_reg/P[47:0] is not pipelined (MREG=0). Pipelining the multiplier function will improve performance and will save significant power so it is suggested whenever possible to fully pipeline this function.  If this multiplier was inferred, it is suggested to describe an additional register stage after this function.  If there is no registered adder/accumulator following the multiply function, two pipeline stages are suggested to allow both the MREG and PREG registers to be used.  If the DSP48 was instantiated in the design, it is suggested to set both the MREG and PREG attributes to 1 when performing multiply functions.
Related violations: <none>

DPOP-4#90 Warning
MREG Output pipelining  
DSP gqav7_z19p_system_i/gqav7_accelerator_0/inst/u_accelerator/i_core/i_pipeline/i_downstream/i_pv/i_compute_capture/i_qk/i_engine/gen_row[0].gen_col[7].i_multiply/s1_product_q_reg multiplier stage gqav7_z19p_system_i/gqav7_accelerator_0/inst/u_accelerator/i_core/i_pipeline/i_downstream/i_pv/i_compute_capture/i_qk/i_engine/gen_row[0].gen_col[7].i_multiply/s1_product_q_reg/P[47:0] is not pipelined (MREG=0). Pipelining the multiplier function will improve performance and will save significant power so it is suggested whenever possible to fully pipeline this function.  If this multiplier was inferred, it is suggested to describe an additional register stage after this function.  If there is no registered adder/accumulator following the multiply function, two pipeline stages are suggested to allow both the MREG and PREG registers to be used.  If the DSP48 was instantiated in the design, it is suggested to set both the MREG and PREG attributes to 1 when performing multiply functions.
Related violations: <none>

DPOP-4#91 Warning
MREG Output pipelining  
DSP gqav7_z19p_system_i/gqav7_accelerator_0/inst/u_accelerator/i_core/i_pipeline/i_downstream/i_pv/i_compute_capture/i_qk/i_engine/gen_row[1].gen_col[0].i_multiply/s1_product_q_reg multiplier stage gqav7_z19p_system_i/gqav7_accelerator_0/inst/u_accelerator/i_core/i_pipeline/i_downstream/i_pv/i_compute_capture/i_qk/i_engine/gen_row[1].gen_col[0].i_multiply/s1_product_q_reg/P[47:0] is not pipelined (MREG=0). Pipelining the multiplier function will improve performance and will save significant power so it is suggested whenever possible to fully pipeline this function.  If this multiplier was inferred, it is suggested to describe an additional register stage after this function.  If there is no registered adder/accumulator following the multiply function, two pipeline stages are suggested to allow both the MREG and PREG registers to be used.  If the DSP48 was instantiated in the design, it is suggested to set both the MREG and PREG attributes to 1 when performing multiply functions.
Related violations: <none>

DPOP-4#92 Warning
MREG Output pipelining  
DSP gqav7_z19p_system_i/gqav7_accelerator_0/inst/u_accelerator/i_core/i_pipeline/i_downstream/i_pv/i_compute_capture/i_qk/i_engine/gen_row[1].gen_col[1].i_multiply/s1_product_q_reg multiplier stage gqav7_z19p_system_i/gqav7_accelerator_0/inst/u_accelerator/i_core/i_pipeline/i_downstream/i_pv/i_compute_capture/i_qk/i_engine/gen_row[1].gen_col[1].i_multiply/s1_product_q_reg/P[47:0] is not pipelined (MREG=0). Pipelining the multiplier function will improve performance and will save significant power so it is suggested whenever possible to fully pipeline this function.  If this multiplier was inferred, it is suggested to describe an additional register stage after this function.  If there is no registered adder/accumulator following the multiply function, two pipeline stages are suggested to allow both the MREG and PREG registers to be used.  If the DSP48 was instantiated in the design, it is suggested to set both the MREG and PREG attributes to 1 when performing multiply functions.
Related violations: <none>

DPOP-4#93 Warning
MREG Output pipelining  
DSP gqav7_z19p_system_i/gqav7_accelerator_0/inst/u_accelerator/i_core/i_pipeline/i_downstream/i_pv/i_compute_capture/i_qk/i_engine/gen_row[1].gen_col[2].i_multiply/s1_product_q_reg multiplier stage gqav7_z19p_system_i/gqav7_accelerator_0/inst/u_accelerator/i_core/i_pipeline/i_downstream/i_pv/i_compute_capture/i_qk/i_engine/gen_row[1].gen_col[2].i_multiply/s1_product_q_reg/P[47:0] is not pipelined (MREG=0). Pipelining the multiplier function will improve performance and will save significant power so it is suggested whenever possible to fully pipeline this function.  If this multiplier was inferred, it is suggested to describe an additional register stage after this function.  If there is no registered adder/accumulator following the multiply function, two pipeline stages are suggested to allow both the MREG and PREG registers to be used.  If the DSP48 was instantiated in the design, it is suggested to set both the MREG and PREG attributes to 1 when performing multiply functions.
Related violations: <none>

DPOP-4#94 Warning
MREG Output pipelining  
DSP gqav7_z19p_system_i/gqav7_accelerator_0/inst/u_accelerator/i_core/i_pipeline/i_downstream/i_pv/i_compute_capture/i_qk/i_engine/gen_row[1].gen_col[3].i_multiply/s1_product_q_reg multiplier stage gqav7_z19p_system_i/gqav7_accelerator_0/inst/u_accelerator/i_core/i_pipeline/i_downstream/i_pv/i_compute_capture/i_qk/i_engine/gen_row[1].gen_col[3].i_multiply/s1_product_q_reg/P[47:0] is not pipelined (MREG=0). Pipelining the multiplier function will improve performance and will save significant power so it is suggested whenever possible to fully pipeline this function.  If this multiplier was inferred, it is suggested to describe an additional register stage after this function.  If there is no registered adder/accumulator following the multiply function, two pipeline stages are suggested to allow both the MREG and PREG registers to be used.  If the DSP48 was instantiated in the design, it is suggested to set both the MREG and PREG attributes to 1 when performing multiply functions.
Related violations: <none>

DPOP-4#95 Warning
MREG Output pipelining  
DSP gqav7_z19p_system_i/gqav7_accelerator_0/inst/u_accelerator/i_core/i_pipeline/i_downstream/i_pv/i_compute_capture/i_qk/i_engine/gen_row[1].gen_col[4].i_multiply/s1_product_q_reg multiplier stage gqav7_z19p_system_i/gqav7_accelerator_0/inst/u_accelerator/i_core/i_pipeline/i_downstream/i_pv/i_compute_capture/i_qk/i_engine/gen_row[1].gen_col[4].i_multiply/s1_product_q_reg/P[47:0] is not pipelined (MREG=0). Pipelining the multiplier function will improve performance and will save significant power so it is suggested whenever possible to fully pipeline this function.  If this multiplier was inferred, it is suggested to describe an additional register stage after this function.  If there is no registered adder/accumulator following the multiply function, two pipeline stages are suggested to allow both the MREG and PREG registers to be used.  If the DSP48 was instantiated in the design, it is suggested to set both the MREG and PREG attributes to 1 when performing multiply functions.
Related violations: <none>

DPOP-4#96 Warning
MREG Output pipelining  
DSP gqav7_z19p_system_i/gqav7_accelerator_0/inst/u_accelerator/i_core/i_pipeline/i_downstream/i_pv/i_compute_capture/i_qk/i_engine/gen_row[1].gen_col[5].i_multiply/s1_product_q_reg multiplier stage gqav7_z19p_system_i/gqav7_accelerator_0/inst/u_accelerator/i_core/i_pipeline/i_downstream/i_pv/i_compute_capture/i_qk/i_engine/gen_row[1].gen_col[5].i_multiply/s1_product_q_reg/P[47:0] is not pipelined (MREG=0). Pipelining the multiplier function will improve performance and will save significant power so it is suggested whenever possible to fully pipeline this function.  If this multiplier was inferred, it is suggested to describe an additional register stage after this function.  If there is no registered adder/accumulator following the multiply function, two pipeline stages are suggested to allow both the MREG and PREG registers to be used.  If the DSP48 was instantiated in the design, it is suggested to set both the MREG and PREG attributes to 1 when performing multiply functions.
Related violations: <none>

DPOP-4#97 Warning
MREG Output pipelining  
DSP gqav7_z19p_system_i/gqav7_accelerator_0/inst/u_accelerator/i_core/i_pipeline/i_downstream/i_pv/i_compute_capture/i_qk/i_engine/gen_row[1].gen_col[6].i_multiply/s1_product_q_reg multiplier stage gqav7_z19p_system_i/gqav7_accelerator_0/inst/u_accelerator/i_core/i_pipeline/i_downstream/i_pv/i_compute_capture/i_qk/i_engine/gen_row[1].gen_col[6].i_multiply/s1_product_q_reg/P[47:0] is not pipelined (MREG=0). Pipelining the multiplier function will improve performance and will save significant power so it is suggested whenever possible to fully pipeline this function.  If this multiplier was inferred, it is suggested to describe an additional register stage after this function.  If there is no registered adder/accumulator following the multiply function, two pipeline stages are suggested to allow both the MREG and PREG registers to be used.  If the DSP48 was instantiated in the design, it is suggested to set both the MREG and PREG attributes to 1 when performing multiply functions.
Related violations: <none>

DPOP-4#98 Warning
MREG Output pipelining  
DSP gqav7_z19p_system_i/gqav7_accelerator_0/inst/u_accelerator/i_core/i_pipeline/i_downstream/i_pv/i_compute_capture/i_qk/i_engine/gen_row[1].gen_col[7].i_multiply/s1_product_q_reg multiplier stage gqav7_z19p_system_i/gqav7_accelerator_0/inst/u_accelerator/i_core/i_pipeline/i_downstream/i_pv/i_compute_capture/i_qk/i_engine/gen_row[1].gen_col[7].i_multiply/s1_product_q_reg/P[47:0] is not pipelined (MREG=0). Pipelining the multiplier function will improve performance and will save significant power so it is suggested whenever possible to fully pipeline this function.  If this multiplier was inferred, it is suggested to describe an additional register stage after this function.  If there is no registered adder/accumulator following the multiply function, two pipeline stages are suggested to allow both the MREG and PREG registers to be used.  If the DSP48 was instantiated in the design, it is suggested to set both the MREG and PREG attributes to 1 when performing multiply functions.
Related violations: <none>

DPOP-4#99 Warning
MREG Output pipelining  
DSP gqav7_z19p_system_i/gqav7_accelerator_0/inst/u_accelerator/i_core/i_pipeline/i_downstream/i_pv/i_compute_capture/i_qk/i_engine/gen_row[2].gen_col[0].i_multiply/s1_product_q_reg multiplier stage gqav7_z19p_system_i/gqav7_accelerator_0/inst/u_accelerator/i_core/i_pipeline/i_downstream/i_pv/i_compute_capture/i_qk/i_engine/gen_row[2].gen_col[0].i_multiply/s1_product_q_reg/P[47:0] is not pipelined (MREG=0). Pipelining the multiplier function will improve performance and will save significant power so it is suggested whenever possible to fully pipeline this function.  If this multiplier was inferred, it is suggested to describe an additional register stage after this function.  If there is no registered adder/accumulator following the multiply function, two pipeline stages are suggested to allow both the MREG and PREG registers to be used.  If the DSP48 was instantiated in the design, it is suggested to set both the MREG and PREG attributes to 1 when performing multiply functions.
Related violations: <none>

DPOP-4#100 Warning
MREG Output pipelining  
DSP gqav7_z19p_system_i/gqav7_accelerator_0/inst/u_accelerator/i_core/i_pipeline/i_downstream/i_pv/i_compute_capture/i_qk/i_engine/gen_row[2].gen_col[1].i_multiply/s1_product_q_reg multiplier stage gqav7_z19p_system_i/gqav7_accelerator_0/inst/u_accelerator/i_core/i_pipeline/i_downstream/i_pv/i_compute_capture/i_qk/i_engine/gen_row[2].gen_col[1].i_multiply/s1_product_q_reg/P[47:0] is not pipelined (MREG=0). Pipelining the multiplier function will improve performance and will save significant power so it is suggested whenever possible to fully pipeline this function.  If this multiplier was inferred, it is suggested to describe an additional register stage after this function.  If there is no registered adder/accumulator following the multiply function, two pipeline stages are suggested to allow both the MREG and PREG registers to be used.  If the DSP48 was instantiated in the design, it is suggested to set both the MREG and PREG attributes to 1 when performing multiply functions.
Related violations: <none>

DPOP-4#101 Warning
MREG Output pipelining  
DSP gqav7_z19p_system_i/gqav7_accelerator_0/inst/u_accelerator/i_core/i_pipeline/i_downstream/i_pv/i_compute_capture/i_qk/i_engine/gen_row[2].gen_col[2].i_multiply/s1_product_q_reg multiplier stage gqav7_z19p_system_i/gqav7_accelerator_0/inst/u_accelerator/i_core/i_pipeline/i_downstream/i_pv/i_compute_capture/i_qk/i_engine/gen_row[2].gen_col[2].i_multiply/s1_product_q_reg/P[47:0] is not pipelined (MREG=0). Pipelining the multiplier function will improve performance and will save significant power so it is suggested whenever possible to fully pipeline this function.  If this multiplier was inferred, it is suggested to describe an additional register stage after this function.  If there is no registered adder/accumulator following the multiply function, two pipeline stages are suggested to allow both the MREG and PREG registers to be used.  If the DSP48 was instantiated in the design, it is suggested to set both the MREG and PREG attributes to 1 when performing multiply functions.
Related violations: <none>

DPOP-4#102 Warning
MREG Output pipelining  
DSP gqav7_z19p_system_i/gqav7_accelerator_0/inst/u_accelerator/i_core/i_pipeline/i_downstream/i_pv/i_compute_capture/i_qk/i_engine/gen_row[2].gen_col[3].i_multiply/s1_product_q_reg multiplier stage gqav7_z19p_system_i/gqav7_accelerator_0/inst/u_accelerator/i_core/i_pipeline/i_downstream/i_pv/i_compute_capture/i_qk/i_engine/gen_row[2].gen_col[3].i_multiply/s1_product_q_reg/P[47:0] is not pipelined (MREG=0). Pipelining the multiplier function will improve performance and will save significant power so it is suggested whenever possible to fully pipeline this function.  If this multiplier was inferred, it is suggested to describe an additional register stage after this function.  If there is no registered adder/accumulator following the multiply function, two pipeline stages are suggested to allow both the MREG and PREG registers to be used.  If the DSP48 was instantiated in the design, it is suggested to set both the MREG and PREG attributes to 1 when performing multiply functions.
Related violations: <none>

DPOP-4#103 Warning
MREG Output pipelining  
DSP gqav7_z19p_system_i/gqav7_accelerator_0/inst/u_accelerator/i_core/i_pipeline/i_downstream/i_pv/i_compute_capture/i_qk/i_engine/gen_row[2].gen_col[4].i_multiply/s1_product_q_reg multiplier stage gqav7_z19p_system_i/gqav7_accelerator_0/inst/u_accelerator/i_core/i_pipeline/i_downstream/i_pv/i_compute_capture/i_qk/i_engine/gen_row[2].gen_col[4].i_multiply/s1_product_q_reg/P[47:0] is not pipelined (MREG=0). Pipelining the multiplier function will improve performance and will save significant power so it is suggested whenever possible to fully pipeline this function.  If this multiplier was inferred, it is suggested to describe an additional register stage after this function.  If there is no registered adder/accumulator following the multiply function, two pipeline stages are suggested to allow both the MREG and PREG registers to be used.  If the DSP48 was instantiated in the design, it is suggested to set both the MREG and PREG attributes to 1 when performing multiply functions.
Related violations: <none>

DPOP-4#104 Warning
MREG Output pipelining  
DSP gqav7_z19p_system_i/gqav7_accelerator_0/inst/u_accelerator/i_core/i_pipeline/i_downstream/i_pv/i_compute_capture/i_qk/i_engine/gen_row[2].gen_col[5].i_multiply/s1_product_q_reg multiplier stage gqav7_z19p_system_i/gqav7_accelerator_0/inst/u_accelerator/i_core/i_pipeline/i_downstream/i_pv/i_compute_capture/i_qk/i_engine/gen_row[2].gen_col[5].i_multiply/s1_product_q_reg/P[47:0] is not pipelined (MREG=0). Pipelining the multiplier function will improve performance and will save significant power so it is suggested whenever possible to fully pipeline this function.  If this multiplier was inferred, it is suggested to describe an additional register stage after this function.  If there is no registered adder/accumulator following the multiply function, two pipeline stages are suggested to allow both the MREG and PREG registers to be used.  If the DSP48 was instantiated in the design, it is suggested to set both the MREG and PREG attributes to 1 when performing multiply functions.
Related violations: <none>

DPOP-4#105 Warning
MREG Output pipelining  
DSP gqav7_z19p_system_i/gqav7_accelerator_0/inst/u_accelerator/i_core/i_pipeline/i_downstream/i_pv/i_compute_capture/i_qk/i_engine/gen_row[2].gen_col[6].i_multiply/s1_product_q_reg multiplier stage gqav7_z19p_system_i/gqav7_accelerator_0/inst/u_accelerator/i_core/i_pipeline/i_downstream/i_pv/i_compute_capture/i_qk/i_engine/gen_row[2].gen_col[6].i_multiply/s1_product_q_reg/P[47:0] is not pipelined (MREG=0). Pipelining the multiplier function will improve performance and will save significant power so it is suggested whenever possible to fully pipeline this function.  If this multiplier was inferred, it is suggested to describe an additional register stage after this function.  If there is no registered adder/accumulator following the multiply function, two pipeline stages are suggested to allow both the MREG and PREG registers to be used.  If the DSP48 was instantiated in the design, it is suggested to set both the MREG and PREG attributes to 1 when performing multiply functions.
Related violations: <none>

DPOP-4#106 Warning
MREG Output pipelining  
DSP gqav7_z19p_system_i/gqav7_accelerator_0/inst/u_accelerator/i_core/i_pipeline/i_downstream/i_pv/i_compute_capture/i_qk/i_engine/gen_row[2].gen_col[7].i_multiply/s1_product_q_reg multiplier stage gqav7_z19p_system_i/gqav7_accelerator_0/inst/u_accelerator/i_core/i_pipeline/i_downstream/i_pv/i_compute_capture/i_qk/i_engine/gen_row[2].gen_col[7].i_multiply/s1_product_q_reg/P[47:0] is not pipelined (MREG=0). Pipelining the multiplier function will improve performance and will save significant power so it is suggested whenever possible to fully pipeline this function.  If this multiplier was inferred, it is suggested to describe an additional register stage after this function.  If there is no registered adder/accumulator following the multiply function, two pipeline stages are suggested to allow both the MREG and PREG registers to be used.  If the DSP48 was instantiated in the design, it is suggested to set both the MREG and PREG attributes to 1 when performing multiply functions.
Related violations: <none>

DPOP-4#107 Warning
MREG Output pipelining  
DSP gqav7_z19p_system_i/gqav7_accelerator_0/inst/u_accelerator/i_core/i_pipeline/i_downstream/i_pv/i_compute_capture/i_qk/i_engine/gen_row[3].gen_col[0].i_multiply/s1_product_q_reg multiplier stage gqav7_z19p_system_i/gqav7_accelerator_0/inst/u_accelerator/i_core/i_pipeline/i_downstream/i_pv/i_compute_capture/i_qk/i_engine/gen_row[3].gen_col[0].i_multiply/s1_product_q_reg/P[47:0] is not pipelined (MREG=0). Pipelining the multiplier function will improve performance and will save significant power so it is suggested whenever possible to fully pipeline this function.  If this multiplier was inferred, it is suggested to describe an additional register stage after this function.  If there is no registered adder/accumulator following the multiply function, two pipeline stages are suggested to allow both the MREG and PREG registers to be used.  If the DSP48 was instantiated in the design, it is suggested to set both the MREG and PREG attributes to 1 when performing multiply functions.
Related violations: <none>

DPOP-4#108 Warning
MREG Output pipelining  
DSP gqav7_z19p_system_i/gqav7_accelerator_0/inst/u_accelerator/i_core/i_pipeline/i_downstream/i_pv/i_compute_capture/i_qk/i_engine/gen_row[3].gen_col[1].i_multiply/s1_product_q_reg multiplier stage gqav7_z19p_system_i/gqav7_accelerator_0/inst/u_accelerator/i_core/i_pipeline/i_downstream/i_pv/i_compute_capture/i_qk/i_engine/gen_row[3].gen_col[1].i_multiply/s1_product_q_reg/P[47:0] is not pipelined (MREG=0). Pipelining the multiplier function will improve performance and will save significant power so it is suggested whenever possible to fully pipeline this function.  If this multiplier was inferred, it is suggested to describe an additional register stage after this function.  If there is no registered adder/accumulator following the multiply function, two pipeline stages are suggested to allow both the MREG and PREG registers to be used.  If the DSP48 was instantiated in the design, it is suggested to set both the MREG and PREG attributes to 1 when performing multiply functions.
Related violations: <none>

DPOP-4#109 Warning
MREG Output pipelining  
DSP gqav7_z19p_system_i/gqav7_accelerator_0/inst/u_accelerator/i_core/i_pipeline/i_downstream/i_pv/i_compute_capture/i_qk/i_engine/gen_row[3].gen_col[2].i_multiply/s1_product_q_reg multiplier stage gqav7_z19p_system_i/gqav7_accelerator_0/inst/u_accelerator/i_core/i_pipeline/i_downstream/i_pv/i_compute_capture/i_qk/i_engine/gen_row[3].gen_col[2].i_multiply/s1_product_q_reg/P[47:0] is not pipelined (MREG=0). Pipelining the multiplier function will improve performance and will save significant power so it is suggested whenever possible to fully pipeline this function.  If this multiplier was inferred, it is suggested to describe an additional register stage after this function.  If there is no registered adder/accumulator following the multiply function, two pipeline stages are suggested to allow both the MREG and PREG registers to be used.  If the DSP48 was instantiated in the design, it is suggested to set both the MREG and PREG attributes to 1 when performing multiply functions.
Related violations: <none>

DPOP-4#110 Warning
MREG Output pipelining  
DSP gqav7_z19p_system_i/gqav7_accelerator_0/inst/u_accelerator/i_core/i_pipeline/i_downstream/i_pv/i_compute_capture/i_qk/i_engine/gen_row[3].gen_col[3].i_multiply/s1_product_q_reg multiplier stage gqav7_z19p_system_i/gqav7_accelerator_0/inst/u_accelerator/i_core/i_pipeline/i_downstream/i_pv/i_compute_capture/i_qk/i_engine/gen_row[3].gen_col[3].i_multiply/s1_product_q_reg/P[47:0] is not pipelined (MREG=0). Pipelining the multiplier function will improve performance and will save significant power so it is suggested whenever possible to fully pipeline this function.  If this multiplier was inferred, it is suggested to describe an additional register stage after this function.  If there is no registered adder/accumulator following the multiply function, two pipeline stages are suggested to allow both the MREG and PREG registers to be used.  If the DSP48 was instantiated in the design, it is suggested to set both the MREG and PREG attributes to 1 when performing multiply functions.
Related violations: <none>

DPOP-4#111 Warning
MREG Output pipelining  
DSP gqav7_z19p_system_i/gqav7_accelerator_0/inst/u_accelerator/i_core/i_pipeline/i_downstream/i_pv/i_compute_capture/i_qk/i_engine/gen_row[3].gen_col[4].i_multiply/s1_product_q_reg multiplier stage gqav7_z19p_system_i/gqav7_accelerator_0/inst/u_accelerator/i_core/i_pipeline/i_downstream/i_pv/i_compute_capture/i_qk/i_engine/gen_row[3].gen_col[4].i_multiply/s1_product_q_reg/P[47:0] is not pipelined (MREG=0). Pipelining the multiplier function will improve performance and will save significant power so it is suggested whenever possible to fully pipeline this function.  If this multiplier was inferred, it is suggested to describe an additional register stage after this function.  If there is no registered adder/accumulator following the multiply function, two pipeline stages are suggested to allow both the MREG and PREG registers to be used.  If the DSP48 was instantiated in the design, it is suggested to set both the MREG and PREG attributes to 1 when performing multiply functions.
Related violations: <none>

DPOP-4#112 Warning
MREG Output pipelining  
DSP gqav7_z19p_system_i/gqav7_accelerator_0/inst/u_accelerator/i_core/i_pipeline/i_downstream/i_pv/i_compute_capture/i_qk/i_engine/gen_row[3].gen_col[5].i_multiply/s1_product_q_reg multiplier stage gqav7_z19p_system_i/gqav7_accelerator_0/inst/u_accelerator/i_core/i_pipeline/i_downstream/i_pv/i_compute_capture/i_qk/i_engine/gen_row[3].gen_col[5].i_multiply/s1_product_q_reg/P[47:0] is not pipelined (MREG=0). Pipelining the multiplier function will improve performance and will save significant power so it is suggested whenever possible to fully pipeline this function.  If this multiplier was inferred, it is suggested to describe an additional register stage after this function.  If there is no registered adder/accumulator following the multiply function, two pipeline stages are suggested to allow both the MREG and PREG registers to be used.  If the DSP48 was instantiated in the design, it is suggested to set both the MREG and PREG attributes to 1 when performing multiply functions.
Related violations: <none>

DPOP-4#113 Warning
MREG Output pipelining  
DSP gqav7_z19p_system_i/gqav7_accelerator_0/inst/u_accelerator/i_core/i_pipeline/i_downstream/i_pv/i_compute_capture/i_qk/i_engine/gen_row[3].gen_col[6].i_multiply/s1_product_q_reg multiplier stage gqav7_z19p_system_i/gqav7_accelerator_0/inst/u_accelerator/i_core/i_pipeline/i_downstream/i_pv/i_compute_capture/i_qk/i_engine/gen_row[3].gen_col[6].i_multiply/s1_product_q_reg/P[47:0] is not pipelined (MREG=0). Pipelining the multiplier function will improve performance and will save significant power so it is suggested whenever possible to fully pipeline this function.  If this multiplier was inferred, it is suggested to describe an additional register stage after this function.  If there is no registered adder/accumulator following the multiply function, two pipeline stages are suggested to allow both the MREG and PREG registers to be used.  If the DSP48 was instantiated in the design, it is suggested to set both the MREG and PREG attributes to 1 when performing multiply functions.
Related violations: <none>

DPOP-4#114 Warning
MREG Output pipelining  
DSP gqav7_z19p_system_i/gqav7_accelerator_0/inst/u_accelerator/i_core/i_pipeline/i_downstream/i_pv/i_compute_capture/i_qk/i_engine/gen_row[3].gen_col[7].i_multiply/s1_product_q_reg multiplier stage gqav7_z19p_system_i/gqav7_accelerator_0/inst/u_accelerator/i_core/i_pipeline/i_downstream/i_pv/i_compute_capture/i_qk/i_engine/gen_row[3].gen_col[7].i_multiply/s1_product_q_reg/P[47:0] is not pipelined (MREG=0). Pipelining the multiplier function will improve performance and will save significant power so it is suggested whenever possible to fully pipeline this function.  If this multiplier was inferred, it is suggested to describe an additional register stage after this function.  If there is no registered adder/accumulator following the multiply function, two pipeline stages are suggested to allow both the MREG and PREG registers to be used.  If the DSP48 was instantiated in the design, it is suggested to set both the MREG and PREG attributes to 1 when performing multiply functions.
Related violations: <none>

DPOP-4#115 Warning
MREG Output pipelining  
DSP gqav7_z19p_system_i/gqav7_accelerator_0/inst/u_accelerator/i_core/i_pipeline/i_downstream/i_pv/i_compute_capture/i_qk/i_engine/gen_row[4].gen_col[0].i_multiply/s1_product_q_reg multiplier stage gqav7_z19p_system_i/gqav7_accelerator_0/inst/u_accelerator/i_core/i_pipeline/i_downstream/i_pv/i_compute_capture/i_qk/i_engine/gen_row[4].gen_col[0].i_multiply/s1_product_q_reg/P[47:0] is not pipelined (MREG=0). Pipelining the multiplier function will improve performance and will save significant power so it is suggested whenever possible to fully pipeline this function.  If this multiplier was inferred, it is suggested to describe an additional register stage after this function.  If there is no registered adder/accumulator following the multiply function, two pipeline stages are suggested to allow both the MREG and PREG registers to be used.  If the DSP48 was instantiated in the design, it is suggested to set both the MREG and PREG attributes to 1 when performing multiply functions.
Related violations: <none>

DPOP-4#116 Warning
MREG Output pipelining  
DSP gqav7_z19p_system_i/gqav7_accelerator_0/inst/u_accelerator/i_core/i_pipeline/i_downstream/i_pv/i_compute_capture/i_qk/i_engine/gen_row[4].gen_col[1].i_multiply/s1_product_q_reg multiplier stage gqav7_z19p_system_i/gqav7_accelerator_0/inst/u_accelerator/i_core/i_pipeline/i_downstream/i_pv/i_compute_capture/i_qk/i_engine/gen_row[4].gen_col[1].i_multiply/s1_product_q_reg/P[47:0] is not pipelined (MREG=0). Pipelining the multiplier function will improve performance and will save significant power so it is suggested whenever possible to fully pipeline this function.  If this multiplier was inferred, it is suggested to describe an additional register stage after this function.  If there is no registered adder/accumulator following the multiply function, two pipeline stages are suggested to allow both the MREG and PREG registers to be used.  If the DSP48 was instantiated in the design, it is suggested to set both the MREG and PREG attributes to 1 when performing multiply functions.
Related violations: <none>

DPOP-4#117 Warning
MREG Output pipelining  
DSP gqav7_z19p_system_i/gqav7_accelerator_0/inst/u_accelerator/i_core/i_pipeline/i_downstream/i_pv/i_compute_capture/i_qk/i_engine/gen_row[4].gen_col[2].i_multiply/s1_product_q_reg multiplier stage gqav7_z19p_system_i/gqav7_accelerator_0/inst/u_accelerator/i_core/i_pipeline/i_downstream/i_pv/i_compute_capture/i_qk/i_engine/gen_row[4].gen_col[2].i_multiply/s1_product_q_reg/P[47:0] is not pipelined (MREG=0). Pipelining the multiplier function will improve performance and will save significant power so it is suggested whenever possible to fully pipeline this function.  If this multiplier was inferred, it is suggested to describe an additional register stage after this function.  If there is no registered adder/accumulator following the multiply function, two pipeline stages are suggested to allow both the MREG and PREG registers to be used.  If the DSP48 was instantiated in the design, it is suggested to set both the MREG and PREG attributes to 1 when performing multiply functions.
Related violations: <none>

DPOP-4#118 Warning
MREG Output pipelining  
DSP gqav7_z19p_system_i/gqav7_accelerator_0/inst/u_accelerator/i_core/i_pipeline/i_downstream/i_pv/i_compute_capture/i_qk/i_engine/gen_row[4].gen_col[3].i_multiply/s1_product_q_reg multiplier stage gqav7_z19p_system_i/gqav7_accelerator_0/inst/u_accelerator/i_core/i_pipeline/i_downstream/i_pv/i_compute_capture/i_qk/i_engine/gen_row[4].gen_col[3].i_multiply/s1_product_q_reg/P[47:0] is not pipelined (MREG=0). Pipelining the multiplier function will improve performance and will save significant power so it is suggested whenever possible to fully pipeline this function.  If this multiplier was inferred, it is suggested to describe an additional register stage after this function.  If there is no registered adder/accumulator following the multiply function, two pipeline stages are suggested to allow both the MREG and PREG registers to be used.  If the DSP48 was instantiated in the design, it is suggested to set both the MREG and PREG attributes to 1 when performing multiply functions.
Related violations: <none>

DPOP-4#119 Warning
MREG Output pipelining  
DSP gqav7_z19p_system_i/gqav7_accelerator_0/inst/u_accelerator/i_core/i_pipeline/i_downstream/i_pv/i_compute_capture/i_qk/i_engine/gen_row[4].gen_col[4].i_multiply/s1_product_q_reg multiplier stage gqav7_z19p_system_i/gqav7_accelerator_0/inst/u_accelerator/i_core/i_pipeline/i_downstream/i_pv/i_compute_capture/i_qk/i_engine/gen_row[4].gen_col[4].i_multiply/s1_product_q_reg/P[47:0] is not pipelined (MREG=0). Pipelining the multiplier function will improve performance and will save significant power so it is suggested whenever possible to fully pipeline this function.  If this multiplier was inferred, it is suggested to describe an additional register stage after this function.  If there is no registered adder/accumulator following the multiply function, two pipeline stages are suggested to allow both the MREG and PREG registers to be used.  If the DSP48 was instantiated in the design, it is suggested to set both the MREG and PREG attributes to 1 when performing multiply functions.
Related violations: <none>

DPOP-4#120 Warning
MREG Output pipelining  
DSP gqav7_z19p_system_i/gqav7_accelerator_0/inst/u_accelerator/i_core/i_pipeline/i_downstream/i_pv/i_compute_capture/i_qk/i_engine/gen_row[4].gen_col[5].i_multiply/s1_product_q_reg multiplier stage gqav7_z19p_system_i/gqav7_accelerator_0/inst/u_accelerator/i_core/i_pipeline/i_downstream/i_pv/i_compute_capture/i_qk/i_engine/gen_row[4].gen_col[5].i_multiply/s1_product_q_reg/P[47:0] is not pipelined (MREG=0). Pipelining the multiplier function will improve performance and will save significant power so it is suggested whenever possible to fully pipeline this function.  If this multiplier was inferred, it is suggested to describe an additional register stage after this function.  If there is no registered adder/accumulator following the multiply function, two pipeline stages are suggested to allow both the MREG and PREG registers to be used.  If the DSP48 was instantiated in the design, it is suggested to set both the MREG and PREG attributes to 1 when performing multiply functions.
Related violations: <none>

DPOP-4#121 Warning
MREG Output pipelining  
DSP gqav7_z19p_system_i/gqav7_accelerator_0/inst/u_accelerator/i_core/i_pipeline/i_downstream/i_pv/i_compute_capture/i_qk/i_engine/gen_row[4].gen_col[6].i_multiply/s1_product_q_reg multiplier stage gqav7_z19p_system_i/gqav7_accelerator_0/inst/u_accelerator/i_core/i_pipeline/i_downstream/i_pv/i_compute_capture/i_qk/i_engine/gen_row[4].gen_col[6].i_multiply/s1_product_q_reg/P[47:0] is not pipelined (MREG=0). Pipelining the multiplier function will improve performance and will save significant power so it is suggested whenever possible to fully pipeline this function.  If this multiplier was inferred, it is suggested to describe an additional register stage after this function.  If there is no registered adder/accumulator following the multiply function, two pipeline stages are suggested to allow both the MREG and PREG registers to be used.  If the DSP48 was instantiated in the design, it is suggested to set both the MREG and PREG attributes to 1 when performing multiply functions.
Related violations: <none>

DPOP-4#122 Warning
MREG Output pipelining  
DSP gqav7_z19p_system_i/gqav7_accelerator_0/inst/u_accelerator/i_core/i_pipeline/i_downstream/i_pv/i_compute_capture/i_qk/i_engine/gen_row[4].gen_col[7].i_multiply/s1_product_q_reg multiplier stage gqav7_z19p_system_i/gqav7_accelerator_0/inst/u_accelerator/i_core/i_pipeline/i_downstream/i_pv/i_compute_capture/i_qk/i_engine/gen_row[4].gen_col[7].i_multiply/s1_product_q_reg/P[47:0] is not pipelined (MREG=0). Pipelining the multiplier function will improve performance and will save significant power so it is suggested whenever possible to fully pipeline this function.  If this multiplier was inferred, it is suggested to describe an additional register stage after this function.  If there is no registered adder/accumulator following the multiply function, two pipeline stages are suggested to allow both the MREG and PREG registers to be used.  If the DSP48 was instantiated in the design, it is suggested to set both the MREG and PREG attributes to 1 when performing multiply functions.
Related violations: <none>

DPOP-4#123 Warning
MREG Output pipelining  
DSP gqav7_z19p_system_i/gqav7_accelerator_0/inst/u_accelerator/i_core/i_pipeline/i_downstream/i_pv/i_compute_capture/i_qk/i_engine/gen_row[5].gen_col[0].i_multiply/s1_product_q_reg multiplier stage gqav7_z19p_system_i/gqav7_accelerator_0/inst/u_accelerator/i_core/i_pipeline/i_downstream/i_pv/i_compute_capture/i_qk/i_engine/gen_row[5].gen_col[0].i_multiply/s1_product_q_reg/P[47:0] is not pipelined (MREG=0). Pipelining the multiplier function will improve performance and will save significant power so it is suggested whenever possible to fully pipeline this function.  If this multiplier was inferred, it is suggested to describe an additional register stage after this function.  If there is no registered adder/accumulator following the multiply function, two pipeline stages are suggested to allow both the MREG and PREG registers to be used.  If the DSP48 was instantiated in the design, it is suggested to set both the MREG and PREG attributes to 1 when performing multiply functions.
Related violations: <none>

DPOP-4#124 Warning
MREG Output pipelining  
DSP gqav7_z19p_system_i/gqav7_accelerator_0/inst/u_accelerator/i_core/i_pipeline/i_downstream/i_pv/i_compute_capture/i_qk/i_engine/gen_row[5].gen_col[1].i_multiply/s1_product_q_reg multiplier stage gqav7_z19p_system_i/gqav7_accelerator_0/inst/u_accelerator/i_core/i_pipeline/i_downstream/i_pv/i_compute_capture/i_qk/i_engine/gen_row[5].gen_col[1].i_multiply/s1_product_q_reg/P[47:0] is not pipelined (MREG=0). Pipelining the multiplier function will improve performance and will save significant power so it is suggested whenever possible to fully pipeline this function.  If this multiplier was inferred, it is suggested to describe an additional register stage after this function.  If there is no registered adder/accumulator following the multiply function, two pipeline stages are suggested to allow both the MREG and PREG registers to be used.  If the DSP48 was instantiated in the design, it is suggested to set both the MREG and PREG attributes to 1 when performing multiply functions.
Related violations: <none>

DPOP-4#125 Warning
MREG Output pipelining  
DSP gqav7_z19p_system_i/gqav7_accelerator_0/inst/u_accelerator/i_core/i_pipeline/i_downstream/i_pv/i_compute_capture/i_qk/i_engine/gen_row[5].gen_col[2].i_multiply/s1_product_q_reg multiplier stage gqav7_z19p_system_i/gqav7_accelerator_0/inst/u_accelerator/i_core/i_pipeline/i_downstream/i_pv/i_compute_capture/i_qk/i_engine/gen_row[5].gen_col[2].i_multiply/s1_product_q_reg/P[47:0] is not pipelined (MREG=0). Pipelining the multiplier function will improve performance and will save significant power so it is suggested whenever possible to fully pipeline this function.  If this multiplier was inferred, it is suggested to describe an additional register stage after this function.  If there is no registered adder/accumulator following the multiply function, two pipeline stages are suggested to allow both the MREG and PREG registers to be used.  If the DSP48 was instantiated in the design, it is suggested to set both the MREG and PREG attributes to 1 when performing multiply functions.
Related violations: <none>

DPOP-4#126 Warning
MREG Output pipelining  
DSP gqav7_z19p_system_i/gqav7_accelerator_0/inst/u_accelerator/i_core/i_pipeline/i_downstream/i_pv/i_compute_capture/i_qk/i_engine/gen_row[5].gen_col[3].i_multiply/s1_product_q_reg multiplier stage gqav7_z19p_system_i/gqav7_accelerator_0/inst/u_accelerator/i_core/i_pipeline/i_downstream/i_pv/i_compute_capture/i_qk/i_engine/gen_row[5].gen_col[3].i_multiply/s1_product_q_reg/P[47:0] is not pipelined (MREG=0). Pipelining the multiplier function will improve performance and will save significant power so it is suggested whenever possible to fully pipeline this function.  If this multiplier was inferred, it is suggested to describe an additional register stage after this function.  If there is no registered adder/accumulator following the multiply function, two pipeline stages are suggested to allow both the MREG and PREG registers to be used.  If the DSP48 was instantiated in the design, it is suggested to set both the MREG and PREG attributes to 1 when performing multiply functions.
Related violations: <none>

DPOP-4#127 Warning
MREG Output pipelining  
DSP gqav7_z19p_system_i/gqav7_accelerator_0/inst/u_accelerator/i_core/i_pipeline/i_downstream/i_pv/i_compute_capture/i_qk/i_engine/gen_row[5].gen_col[4].i_multiply/s1_product_q_reg multiplier stage gqav7_z19p_system_i/gqav7_accelerator_0/inst/u_accelerator/i_core/i_pipeline/i_downstream/i_pv/i_compute_capture/i_qk/i_engine/gen_row[5].gen_col[4].i_multiply/s1_product_q_reg/P[47:0] is not pipelined (MREG=0). Pipelining the multiplier function will improve performance and will save significant power so it is suggested whenever possible to fully pipeline this function.  If this multiplier was inferred, it is suggested to describe an additional register stage after this function.  If there is no registered adder/accumulator following the multiply function, two pipeline stages are suggested to allow both the MREG and PREG registers to be used.  If the DSP48 was instantiated in the design, it is suggested to set both the MREG and PREG attributes to 1 when performing multiply functions.
Related violations: <none>

DPOP-4#128 Warning
MREG Output pipelining  
DSP gqav7_z19p_system_i/gqav7_accelerator_0/inst/u_accelerator/i_core/i_pipeline/i_downstream/i_pv/i_compute_capture/i_qk/i_engine/gen_row[5].gen_col[5].i_multiply/s1_product_q_reg multiplier stage gqav7_z19p_system_i/gqav7_accelerator_0/inst/u_accelerator/i_core/i_pipeline/i_downstream/i_pv/i_compute_capture/i_qk/i_engine/gen_row[5].gen_col[5].i_multiply/s1_product_q_reg/P[47:0] is not pipelined (MREG=0). Pipelining the multiplier function will improve performance and will save significant power so it is suggested whenever possible to fully pipeline this function.  If this multiplier was inferred, it is suggested to describe an additional register stage after this function.  If there is no registered adder/accumulator following the multiply function, two pipeline stages are suggested to allow both the MREG and PREG registers to be used.  If the DSP48 was instantiated in the design, it is suggested to set both the MREG and PREG attributes to 1 when performing multiply functions.
Related violations: <none>

DPOP-4#129 Warning
MREG Output pipelining  
DSP gqav7_z19p_system_i/gqav7_accelerator_0/inst/u_accelerator/i_core/i_pipeline/i_downstream/i_pv/i_compute_capture/i_qk/i_engine/gen_row[5].gen_col[6].i_multiply/s1_product_q_reg multiplier stage gqav7_z19p_system_i/gqav7_accelerator_0/inst/u_accelerator/i_core/i_pipeline/i_downstream/i_pv/i_compute_capture/i_qk/i_engine/gen_row[5].gen_col[6].i_multiply/s1_product_q_reg/P[47:0] is not pipelined (MREG=0). Pipelining the multiplier function will improve performance and will save significant power so it is suggested whenever possible to fully pipeline this function.  If this multiplier was inferred, it is suggested to describe an additional register stage after this function.  If there is no registered adder/accumulator following the multiply function, two pipeline stages are suggested to allow both the MREG and PREG registers to be used.  If the DSP48 was instantiated in the design, it is suggested to set both the MREG and PREG attributes to 1 when performing multiply functions.
Related violations: <none>

DPOP-4#130 Warning
MREG Output pipelining  
DSP gqav7_z19p_system_i/gqav7_accelerator_0/inst/u_accelerator/i_core/i_pipeline/i_downstream/i_pv/i_compute_capture/i_qk/i_engine/gen_row[5].gen_col[7].i_multiply/s1_product_q_reg multiplier stage gqav7_z19p_system_i/gqav7_accelerator_0/inst/u_accelerator/i_core/i_pipeline/i_downstream/i_pv/i_compute_capture/i_qk/i_engine/gen_row[5].gen_col[7].i_multiply/s1_product_q_reg/P[47:0] is not pipelined (MREG=0). Pipelining the multiplier function will improve performance and will save significant power so it is suggested whenever possible to fully pipeline this function.  If this multiplier was inferred, it is suggested to describe an additional register stage after this function.  If there is no registered adder/accumulator following the multiply function, two pipeline stages are suggested to allow both the MREG and PREG registers to be used.  If the DSP48 was instantiated in the design, it is suggested to set both the MREG and PREG attributes to 1 when performing multiply functions.
Related violations: <none>

DPOP-4#131 Warning
MREG Output pipelining  
DSP gqav7_z19p_system_i/gqav7_accelerator_0/inst/u_accelerator/i_core/i_pipeline/i_downstream/i_pv/i_compute_capture/i_qk/i_engine/gen_row[6].gen_col[0].i_multiply/s1_product_q_reg multiplier stage gqav7_z19p_system_i/gqav7_accelerator_0/inst/u_accelerator/i_core/i_pipeline/i_downstream/i_pv/i_compute_capture/i_qk/i_engine/gen_row[6].gen_col[0].i_multiply/s1_product_q_reg/P[47:0] is not pipelined (MREG=0). Pipelining the multiplier function will improve performance and will save significant power so it is suggested whenever possible to fully pipeline this function.  If this multiplier was inferred, it is suggested to describe an additional register stage after this function.  If there is no registered adder/accumulator following the multiply function, two pipeline stages are suggested to allow both the MREG and PREG registers to be used.  If the DSP48 was instantiated in the design, it is suggested to set both the MREG and PREG attributes to 1 when performing multiply functions.
Related violations: <none>

DPOP-4#132 Warning
MREG Output pipelining  
DSP gqav7_z19p_system_i/gqav7_accelerator_0/inst/u_accelerator/i_core/i_pipeline/i_downstream/i_pv/i_compute_capture/i_qk/i_engine/gen_row[6].gen_col[1].i_multiply/s1_product_q_reg multiplier stage gqav7_z19p_system_i/gqav7_accelerator_0/inst/u_accelerator/i_core/i_pipeline/i_downstream/i_pv/i_compute_capture/i_qk/i_engine/gen_row[6].gen_col[1].i_multiply/s1_product_q_reg/P[47:0] is not pipelined (MREG=0). Pipelining the multiplier function will improve performance and will save significant power so it is suggested whenever possible to fully pipeline this function.  If this multiplier was inferred, it is suggested to describe an additional register stage after this function.  If there is no registered adder/accumulator following the multiply function, two pipeline stages are suggested to allow both the MREG and PREG registers to be used.  If the DSP48 was instantiated in the design, it is suggested to set both the MREG and PREG attributes to 1 when performing multiply functions.
Related violations: <none>

DPOP-4#133 Warning
MREG Output pipelining  
DSP gqav7_z19p_system_i/gqav7_accelerator_0/inst/u_accelerator/i_core/i_pipeline/i_downstream/i_pv/i_compute_capture/i_qk/i_engine/gen_row[6].gen_col[2].i_multiply/s1_product_q_reg multiplier stage gqav7_z19p_system_i/gqav7_accelerator_0/inst/u_accelerator/i_core/i_pipeline/i_downstream/i_pv/i_compute_capture/i_qk/i_engine/gen_row[6].gen_col[2].i_multiply/s1_product_q_reg/P[47:0] is not pipelined (MREG=0). Pipelining the multiplier function will improve performance and will save significant power so it is suggested whenever possible to fully pipeline this function.  If this multiplier was inferred, it is suggested to describe an additional register stage after this function.  If there is no registered adder/accumulator following the multiply function, two pipeline stages are suggested to allow both the MREG and PREG registers to be used.  If the DSP48 was instantiated in the design, it is suggested to set both the MREG and PREG attributes to 1 when performing multiply functions.
Related violations: <none>

DPOP-4#134 Warning
MREG Output pipelining  
DSP gqav7_z19p_system_i/gqav7_accelerator_0/inst/u_accelerator/i_core/i_pipeline/i_downstream/i_pv/i_compute_capture/i_qk/i_engine/gen_row[6].gen_col[3].i_multiply/s1_product_q_reg multiplier stage gqav7_z19p_system_i/gqav7_accelerator_0/inst/u_accelerator/i_core/i_pipeline/i_downstream/i_pv/i_compute_capture/i_qk/i_engine/gen_row[6].gen_col[3].i_multiply/s1_product_q_reg/P[47:0] is not pipelined (MREG=0). Pipelining the multiplier function will improve performance and will save significant power so it is suggested whenever possible to fully pipeline this function.  If this multiplier was inferred, it is suggested to describe an additional register stage after this function.  If there is no registered adder/accumulator following the multiply function, two pipeline stages are suggested to allow both the MREG and PREG registers to be used.  If the DSP48 was instantiated in the design, it is suggested to set both the MREG and PREG attributes to 1 when performing multiply functions.
Related violations: <none>

DPOP-4#135 Warning
MREG Output pipelining  
DSP gqav7_z19p_system_i/gqav7_accelerator_0/inst/u_accelerator/i_core/i_pipeline/i_downstream/i_pv/i_compute_capture/i_qk/i_engine/gen_row[6].gen_col[4].i_multiply/s1_product_q_reg multiplier stage gqav7_z19p_system_i/gqav7_accelerator_0/inst/u_accelerator/i_core/i_pipeline/i_downstream/i_pv/i_compute_capture/i_qk/i_engine/gen_row[6].gen_col[4].i_multiply/s1_product_q_reg/P[47:0] is not pipelined (MREG=0). Pipelining the multiplier function will improve performance and will save significant power so it is suggested whenever possible to fully pipeline this function.  If this multiplier was inferred, it is suggested to describe an additional register stage after this function.  If there is no registered adder/accumulator following the multiply function, two pipeline stages are suggested to allow both the MREG and PREG registers to be used.  If the DSP48 was instantiated in the design, it is suggested to set both the MREG and PREG attributes to 1 when performing multiply functions.
Related violations: <none>

DPOP-4#136 Warning
MREG Output pipelining  
DSP gqav7_z19p_system_i/gqav7_accelerator_0/inst/u_accelerator/i_core/i_pipeline/i_downstream/i_pv/i_compute_capture/i_qk/i_engine/gen_row[6].gen_col[5].i_multiply/s1_product_q_reg multiplier stage gqav7_z19p_system_i/gqav7_accelerator_0/inst/u_accelerator/i_core/i_pipeline/i_downstream/i_pv/i_compute_capture/i_qk/i_engine/gen_row[6].gen_col[5].i_multiply/s1_product_q_reg/P[47:0] is not pipelined (MREG=0). Pipelining the multiplier function will improve performance and will save significant power so it is suggested whenever possible to fully pipeline this function.  If this multiplier was inferred, it is suggested to describe an additional register stage after this function.  If there is no registered adder/accumulator following the multiply function, two pipeline stages are suggested to allow both the MREG and PREG registers to be used.  If the DSP48 was instantiated in the design, it is suggested to set both the MREG and PREG attributes to 1 when performing multiply functions.
Related violations: <none>

DPOP-4#137 Warning
MREG Output pipelining  
DSP gqav7_z19p_system_i/gqav7_accelerator_0/inst/u_accelerator/i_core/i_pipeline/i_downstream/i_pv/i_compute_capture/i_qk/i_engine/gen_row[6].gen_col[6].i_multiply/s1_product_q_reg multiplier stage gqav7_z19p_system_i/gqav7_accelerator_0/inst/u_accelerator/i_core/i_pipeline/i_downstream/i_pv/i_compute_capture/i_qk/i_engine/gen_row[6].gen_col[6].i_multiply/s1_product_q_reg/P[47:0] is not pipelined (MREG=0). Pipelining the multiplier function will improve performance and will save significant power so it is suggested whenever possible to fully pipeline this function.  If this multiplier was inferred, it is suggested to describe an additional register stage after this function.  If there is no registered adder/accumulator following the multiply function, two pipeline stages are suggested to allow both the MREG and PREG registers to be used.  If the DSP48 was instantiated in the design, it is suggested to set both the MREG and PREG attributes to 1 when performing multiply functions.
Related violations: <none>

DPOP-4#138 Warning
MREG Output pipelining  
DSP gqav7_z19p_system_i/gqav7_accelerator_0/inst/u_accelerator/i_core/i_pipeline/i_downstream/i_pv/i_compute_capture/i_qk/i_engine/gen_row[6].gen_col[7].i_multiply/s1_product_q_reg multiplier stage gqav7_z19p_system_i/gqav7_accelerator_0/inst/u_accelerator/i_core/i_pipeline/i_downstream/i_pv/i_compute_capture/i_qk/i_engine/gen_row[6].gen_col[7].i_multiply/s1_product_q_reg/P[47:0] is not pipelined (MREG=0). Pipelining the multiplier function will improve performance and will save significant power so it is suggested whenever possible to fully pipeline this function.  If this multiplier was inferred, it is suggested to describe an additional register stage after this function.  If there is no registered adder/accumulator following the multiply function, two pipeline stages are suggested to allow both the MREG and PREG registers to be used.  If the DSP48 was instantiated in the design, it is suggested to set both the MREG and PREG attributes to 1 when performing multiply functions.
Related violations: <none>

DPOP-4#139 Warning
MREG Output pipelining  
DSP gqav7_z19p_system_i/gqav7_accelerator_0/inst/u_accelerator/i_core/i_pipeline/i_downstream/i_pv/i_compute_capture/i_qk/i_engine/gen_row[7].gen_col[0].i_multiply/s1_product_q_reg multiplier stage gqav7_z19p_system_i/gqav7_accelerator_0/inst/u_accelerator/i_core/i_pipeline/i_downstream/i_pv/i_compute_capture/i_qk/i_engine/gen_row[7].gen_col[0].i_multiply/s1_product_q_reg/P[47:0] is not pipelined (MREG=0). Pipelining the multiplier function will improve performance and will save significant power so it is suggested whenever possible to fully pipeline this function.  If this multiplier was inferred, it is suggested to describe an additional register stage after this function.  If there is no registered adder/accumulator following the multiply function, two pipeline stages are suggested to allow both the MREG and PREG registers to be used.  If the DSP48 was instantiated in the design, it is suggested to set both the MREG and PREG attributes to 1 when performing multiply functions.
Related violations: <none>

DPOP-4#140 Warning
MREG Output pipelining  
DSP gqav7_z19p_system_i/gqav7_accelerator_0/inst/u_accelerator/i_core/i_pipeline/i_downstream/i_pv/i_compute_capture/i_qk/i_engine/gen_row[7].gen_col[1].i_multiply/s1_product_q_reg multiplier stage gqav7_z19p_system_i/gqav7_accelerator_0/inst/u_accelerator/i_core/i_pipeline/i_downstream/i_pv/i_compute_capture/i_qk/i_engine/gen_row[7].gen_col[1].i_multiply/s1_product_q_reg/P[47:0] is not pipelined (MREG=0). Pipelining the multiplier function will improve performance and will save significant power so it is suggested whenever possible to fully pipeline this function.  If this multiplier was inferred, it is suggested to describe an additional register stage after this function.  If there is no registered adder/accumulator following the multiply function, two pipeline stages are suggested to allow both the MREG and PREG registers to be used.  If the DSP48 was instantiated in the design, it is suggested to set both the MREG and PREG attributes to 1 when performing multiply functions.
Related violations: <none>

DPOP-4#141 Warning
MREG Output pipelining  
DSP gqav7_z19p_system_i/gqav7_accelerator_0/inst/u_accelerator/i_core/i_pipeline/i_downstream/i_pv/i_compute_capture/i_qk/i_engine/gen_row[7].gen_col[2].i_multiply/s1_product_q_reg multiplier stage gqav7_z19p_system_i/gqav7_accelerator_0/inst/u_accelerator/i_core/i_pipeline/i_downstream/i_pv/i_compute_capture/i_qk/i_engine/gen_row[7].gen_col[2].i_multiply/s1_product_q_reg/P[47:0] is not pipelined (MREG=0). Pipelining the multiplier function will improve performance and will save significant power so it is suggested whenever possible to fully pipeline this function.  If this multiplier was inferred, it is suggested to describe an additional register stage after this function.  If there is no registered adder/accumulator following the multiply function, two pipeline stages are suggested to allow both the MREG and PREG registers to be used.  If the DSP48 was instantiated in the design, it is suggested to set both the MREG and PREG attributes to 1 when performing multiply functions.
Related violations: <none>

DPOP-4#142 Warning
MREG Output pipelining  
DSP gqav7_z19p_system_i/gqav7_accelerator_0/inst/u_accelerator/i_core/i_pipeline/i_downstream/i_pv/i_compute_capture/i_qk/i_engine/gen_row[7].gen_col[3].i_multiply/s1_product_q_reg multiplier stage gqav7_z19p_system_i/gqav7_accelerator_0/inst/u_accelerator/i_core/i_pipeline/i_downstream/i_pv/i_compute_capture/i_qk/i_engine/gen_row[7].gen_col[3].i_multiply/s1_product_q_reg/P[47:0] is not pipelined (MREG=0). Pipelining the multiplier function will improve performance and will save significant power so it is suggested whenever possible to fully pipeline this function.  If this multiplier was inferred, it is suggested to describe an additional register stage after this function.  If there is no registered adder/accumulator following the multiply function, two pipeline stages are suggested to allow both the MREG and PREG registers to be used.  If the DSP48 was instantiated in the design, it is suggested to set both the MREG and PREG attributes to 1 when performing multiply functions.
Related violations: <none>

DPOP-4#143 Warning
MREG Output pipelining  
DSP gqav7_z19p_system_i/gqav7_accelerator_0/inst/u_accelerator/i_core/i_pipeline/i_downstream/i_pv/i_compute_capture/i_qk/i_engine/gen_row[7].gen_col[4].i_multiply/s1_product_q_reg multiplier stage gqav7_z19p_system_i/gqav7_accelerator_0/inst/u_accelerator/i_core/i_pipeline/i_downstream/i_pv/i_compute_capture/i_qk/i_engine/gen_row[7].gen_col[4].i_multiply/s1_product_q_reg/P[47:0] is not pipelined (MREG=0). Pipelining the multiplier function will improve performance and will save significant power so it is suggested whenever possible to fully pipeline this function.  If this multiplier was inferred, it is suggested to describe an additional register stage after this function.  If there is no registered adder/accumulator following the multiply function, two pipeline stages are suggested to allow both the MREG and PREG registers to be used.  If the DSP48 was instantiated in the design, it is suggested to set both the MREG and PREG attributes to 1 when performing multiply functions.
Related violations: <none>

DPOP-4#144 Warning
MREG Output pipelining  
DSP gqav7_z19p_system_i/gqav7_accelerator_0/inst/u_accelerator/i_core/i_pipeline/i_downstream/i_pv/i_compute_capture/i_qk/i_engine/gen_row[7].gen_col[5].i_multiply/s1_product_q_reg multiplier stage gqav7_z19p_system_i/gqav7_accelerator_0/inst/u_accelerator/i_core/i_pipeline/i_downstream/i_pv/i_compute_capture/i_qk/i_engine/gen_row[7].gen_col[5].i_multiply/s1_product_q_reg/P[47:0] is not pipelined (MREG=0). Pipelining the multiplier function will improve performance and will save significant power so it is suggested whenever possible to fully pipeline this function.  If this multiplier was inferred, it is suggested to describe an additional register stage after this function.  If there is no registered adder/accumulator following the multiply function, two pipeline stages are suggested to allow both the MREG and PREG registers to be used.  If the DSP48 was instantiated in the design, it is suggested to set both the MREG and PREG attributes to 1 when performing multiply functions.
Related violations: <none>

DPOP-4#145 Warning
MREG Output pipelining  
DSP gqav7_z19p_system_i/gqav7_accelerator_0/inst/u_accelerator/i_core/i_pipeline/i_downstream/i_pv/i_compute_capture/i_qk/i_engine/gen_row[7].gen_col[6].i_multiply/s1_product_q_reg multiplier stage gqav7_z19p_system_i/gqav7_accelerator_0/inst/u_accelerator/i_core/i_pipeline/i_downstream/i_pv/i_compute_capture/i_qk/i_engine/gen_row[7].gen_col[6].i_multiply/s1_product_q_reg/P[47:0] is not pipelined (MREG=0). Pipelining the multiplier function will improve performance and will save significant power so it is suggested whenever possible to fully pipeline this function.  If this multiplier was inferred, it is suggested to describe an additional register stage after this function.  If there is no registered adder/accumulator following the multiply function, two pipeline stages are suggested to allow both the MREG and PREG registers to be used.  If the DSP48 was instantiated in the design, it is suggested to set both the MREG and PREG attributes to 1 when performing multiply functions.
Related violations: <none>

DPOP-4#146 Warning
MREG Output pipelining  
DSP gqav7_z19p_system_i/gqav7_accelerator_0/inst/u_accelerator/i_core/i_pipeline/i_downstream/i_pv/i_compute_capture/i_qk/i_engine/gen_row[7].gen_col[7].i_multiply/s1_product_q_reg multiplier stage gqav7_z19p_system_i/gqav7_accelerator_0/inst/u_accelerator/i_core/i_pipeline/i_downstream/i_pv/i_compute_capture/i_qk/i_engine/gen_row[7].gen_col[7].i_multiply/s1_product_q_reg/P[47:0] is not pipelined (MREG=0). Pipelining the multiplier function will improve performance and will save significant power so it is suggested whenever possible to fully pipeline this function.  If this multiplier was inferred, it is suggested to describe an additional register stage after this function.  If there is no registered adder/accumulator following the multiply function, two pipeline stages are suggested to allow both the MREG and PREG registers to be used.  If the DSP48 was instantiated in the design, it is suggested to set both the MREG and PREG attributes to 1 when performing multiply functions.
Related violations: <none>

DPOP-4#147 Warning
MREG Output pipelining  
DSP gqav7_z19p_system_i/gqav7_accelerator_0/inst/u_accelerator/i_core/i_pipeline/i_downstream/i_sidecar/gen_scale[0].i_scale/s0_q_reg[significand_product] multiplier stage gqav7_z19p_system_i/gqav7_accelerator_0/inst/u_accelerator/i_core/i_pipeline/i_downstream/i_sidecar/gen_scale[0].i_scale/s0_q_reg[significand_product]/P[47:0] is not pipelined (MREG=0). Pipelining the multiplier function will improve performance and will save significant power so it is suggested whenever possible to fully pipeline this function.  If this multiplier was inferred, it is suggested to describe an additional register stage after this function.  If there is no registered adder/accumulator following the multiply function, two pipeline stages are suggested to allow both the MREG and PREG registers to be used.  If the DSP48 was instantiated in the design, it is suggested to set both the MREG and PREG attributes to 1 when performing multiply functions.
Related violations: <none>

DPOP-4#148 Warning
MREG Output pipelining  
DSP gqav7_z19p_system_i/gqav7_accelerator_0/inst/u_accelerator/i_core/i_pipeline/i_downstream/i_sidecar/gen_scale[0].i_scale/significand_product_w multiplier stage gqav7_z19p_system_i/gqav7_accelerator_0/inst/u_accelerator/i_core/i_pipeline/i_downstream/i_sidecar/gen_scale[0].i_scale/significand_product_w/P[47:0] is not pipelined (MREG=0). Pipelining the multiplier function will improve performance and will save significant power so it is suggested whenever possible to fully pipeline this function.  If this multiplier was inferred, it is suggested to describe an additional register stage after this function.  If there is no registered adder/accumulator following the multiply function, two pipeline stages are suggested to allow both the MREG and PREG registers to be used.  If the DSP48 was instantiated in the design, it is suggested to set both the MREG and PREG attributes to 1 when performing multiply functions.
Related violations: <none>

DPOP-4#149 Warning
MREG Output pipelining  
DSP gqav7_z19p_system_i/gqav7_accelerator_0/inst/u_accelerator/i_core/i_pipeline/i_downstream/i_sidecar/gen_scale[1].i_scale/s0_q_reg[significand_product] multiplier stage gqav7_z19p_system_i/gqav7_accelerator_0/inst/u_accelerator/i_core/i_pipeline/i_downstream/i_sidecar/gen_scale[1].i_scale/s0_q_reg[significand_product]/P[47:0] is not pipelined (MREG=0). Pipelining the multiplier function will improve performance and will save significant power so it is suggested whenever possible to fully pipeline this function.  If this multiplier was inferred, it is suggested to describe an additional register stage after this function.  If there is no registered adder/accumulator following the multiply function, two pipeline stages are suggested to allow both the MREG and PREG registers to be used.  If the DSP48 was instantiated in the design, it is suggested to set both the MREG and PREG attributes to 1 when performing multiply functions.
Related violations: <none>

DPOP-4#150 Warning
MREG Output pipelining  
DSP gqav7_z19p_system_i/gqav7_accelerator_0/inst/u_accelerator/i_core/i_pipeline/i_downstream/i_sidecar/gen_scale[1].i_scale/significand_product_w multiplier stage gqav7_z19p_system_i/gqav7_accelerator_0/inst/u_accelerator/i_core/i_pipeline/i_downstream/i_sidecar/gen_scale[1].i_scale/significand_product_w/P[47:0] is not pipelined (MREG=0). Pipelining the multiplier function will improve performance and will save significant power so it is suggested whenever possible to fully pipeline this function.  If this multiplier was inferred, it is suggested to describe an additional register stage after this function.  If there is no registered adder/accumulator following the multiply function, two pipeline stages are suggested to allow both the MREG and PREG registers to be used.  If the DSP48 was instantiated in the design, it is suggested to set both the MREG and PREG attributes to 1 when performing multiply functions.
Related violations: <none>

DPOP-4#151 Warning
MREG Output pipelining  
DSP gqav7_z19p_system_i/gqav7_accelerator_0/inst/u_accelerator/i_core/i_pipeline/i_downstream/i_sidecar/gen_scale[2].i_scale/s0_q_reg[significand_product] multiplier stage gqav7_z19p_system_i/gqav7_accelerator_0/inst/u_accelerator/i_core/i_pipeline/i_downstream/i_sidecar/gen_scale[2].i_scale/s0_q_reg[significand_product]/P[47:0] is not pipelined (MREG=0). Pipelining the multiplier function will improve performance and will save significant power so it is suggested whenever possible to fully pipeline this function.  If this multiplier was inferred, it is suggested to describe an additional register stage after this function.  If there is no registered adder/accumulator following the multiply function, two pipeline stages are suggested to allow both the MREG and PREG registers to be used.  If the DSP48 was instantiated in the design, it is suggested to set both the MREG and PREG attributes to 1 when performing multiply functions.
Related violations: <none>

DPOP-4#152 Warning
MREG Output pipelining  
DSP gqav7_z19p_system_i/gqav7_accelerator_0/inst/u_accelerator/i_core/i_pipeline/i_downstream/i_sidecar/gen_scale[2].i_scale/significand_product_w multiplier stage gqav7_z19p_system_i/gqav7_accelerator_0/inst/u_accelerator/i_core/i_pipeline/i_downstream/i_sidecar/gen_scale[2].i_scale/significand_product_w/P[47:0] is not pipelined (MREG=0). Pipelining the multiplier function will improve performance and will save significant power so it is suggested whenever possible to fully pipeline this function.  If this multiplier was inferred, it is suggested to describe an additional register stage after this function.  If there is no registered adder/accumulator following the multiply function, two pipeline stages are suggested to allow both the MREG and PREG registers to be used.  If the DSP48 was instantiated in the design, it is suggested to set both the MREG and PREG attributes to 1 when performing multiply functions.
Related violations: <none>

DPOP-4#153 Warning
MREG Output pipelining  
DSP gqav7_z19p_system_i/gqav7_accelerator_0/inst/u_accelerator/i_core/i_pipeline/i_downstream/i_sidecar/gen_scale[3].i_scale/s0_q_reg[significand_product] multiplier stage gqav7_z19p_system_i/gqav7_accelerator_0/inst/u_accelerator/i_core/i_pipeline/i_downstream/i_sidecar/gen_scale[3].i_scale/s0_q_reg[significand_product]/P[47:0] is not pipelined (MREG=0). Pipelining the multiplier function will improve performance and will save significant power so it is suggested whenever possible to fully pipeline this function.  If this multiplier was inferred, it is suggested to describe an additional register stage after this function.  If there is no registered adder/accumulator following the multiply function, two pipeline stages are suggested to allow both the MREG and PREG registers to be used.  If the DSP48 was instantiated in the design, it is suggested to set both the MREG and PREG attributes to 1 when performing multiply functions.
Related violations: <none>

DPOP-4#154 Warning
MREG Output pipelining  
DSP gqav7_z19p_system_i/gqav7_accelerator_0/inst/u_accelerator/i_core/i_pipeline/i_downstream/i_sidecar/gen_scale[3].i_scale/significand_product_w multiplier stage gqav7_z19p_system_i/gqav7_accelerator_0/inst/u_accelerator/i_core/i_pipeline/i_downstream/i_sidecar/gen_scale[3].i_scale/significand_product_w/P[47:0] is not pipelined (MREG=0). Pipelining the multiplier function will improve performance and will save significant power so it is suggested whenever possible to fully pipeline this function.  If this multiplier was inferred, it is suggested to describe an additional register stage after this function.  If there is no registered adder/accumulator following the multiply function, two pipeline stages are suggested to allow both the MREG and PREG registers to be used.  If the DSP48 was instantiated in the design, it is suggested to set both the MREG and PREG attributes to 1 when performing multiply functions.
Related violations: <none>

DPOP-4#155 Warning
MREG Output pipelining  
DSP gqav7_z19p_system_i/gqav7_accelerator_0/inst/u_accelerator/i_core/i_pipeline/i_downstream/i_sidecar/gen_scale[4].i_scale/s0_q_reg[significand_product] multiplier stage gqav7_z19p_system_i/gqav7_accelerator_0/inst/u_accelerator/i_core/i_pipeline/i_downstream/i_sidecar/gen_scale[4].i_scale/s0_q_reg[significand_product]/P[47:0] is not pipelined (MREG=0). Pipelining the multiplier function will improve performance and will save significant power so it is suggested whenever possible to fully pipeline this function.  If this multiplier was inferred, it is suggested to describe an additional register stage after this function.  If there is no registered adder/accumulator following the multiply function, two pipeline stages are suggested to allow both the MREG and PREG registers to be used.  If the DSP48 was instantiated in the design, it is suggested to set both the MREG and PREG attributes to 1 when performing multiply functions.
Related violations: <none>

DPOP-4#156 Warning
MREG Output pipelining  
DSP gqav7_z19p_system_i/gqav7_accelerator_0/inst/u_accelerator/i_core/i_pipeline/i_downstream/i_sidecar/gen_scale[4].i_scale/significand_product_w multiplier stage gqav7_z19p_system_i/gqav7_accelerator_0/inst/u_accelerator/i_core/i_pipeline/i_downstream/i_sidecar/gen_scale[4].i_scale/significand_product_w/P[47:0] is not pipelined (MREG=0). Pipelining the multiplier function will improve performance and will save significant power so it is suggested whenever possible to fully pipeline this function.  If this multiplier was inferred, it is suggested to describe an additional register stage after this function.  If there is no registered adder/accumulator following the multiply function, two pipeline stages are suggested to allow both the MREG and PREG registers to be used.  If the DSP48 was instantiated in the design, it is suggested to set both the MREG and PREG attributes to 1 when performing multiply functions.
Related violations: <none>

DPOP-4#157 Warning
MREG Output pipelining  
DSP gqav7_z19p_system_i/gqav7_accelerator_0/inst/u_accelerator/i_core/i_pipeline/i_downstream/i_sidecar/gen_scale[5].i_scale/s0_q_reg[significand_product] multiplier stage gqav7_z19p_system_i/gqav7_accelerator_0/inst/u_accelerator/i_core/i_pipeline/i_downstream/i_sidecar/gen_scale[5].i_scale/s0_q_reg[significand_product]/P[47:0] is not pipelined (MREG=0). Pipelining the multiplier function will improve performance and will save significant power so it is suggested whenever possible to fully pipeline this function.  If this multiplier was inferred, it is suggested to describe an additional register stage after this function.  If there is no registered adder/accumulator following the multiply function, two pipeline stages are suggested to allow both the MREG and PREG registers to be used.  If the DSP48 was instantiated in the design, it is suggested to set both the MREG and PREG attributes to 1 when performing multiply functions.
Related violations: <none>

DPOP-4#158 Warning
MREG Output pipelining  
DSP gqav7_z19p_system_i/gqav7_accelerator_0/inst/u_accelerator/i_core/i_pipeline/i_downstream/i_sidecar/gen_scale[5].i_scale/significand_product_w multiplier stage gqav7_z19p_system_i/gqav7_accelerator_0/inst/u_accelerator/i_core/i_pipeline/i_downstream/i_sidecar/gen_scale[5].i_scale/significand_product_w/P[47:0] is not pipelined (MREG=0). Pipelining the multiplier function will improve performance and will save significant power so it is suggested whenever possible to fully pipeline this function.  If this multiplier was inferred, it is suggested to describe an additional register stage after this function.  If there is no registered adder/accumulator following the multiply function, two pipeline stages are suggested to allow both the MREG and PREG registers to be used.  If the DSP48 was instantiated in the design, it is suggested to set both the MREG and PREG attributes to 1 when performing multiply functions.
Related violations: <none>

DPOP-4#159 Warning
MREG Output pipelining  
DSP gqav7_z19p_system_i/gqav7_accelerator_0/inst/u_accelerator/i_core/i_pipeline/i_downstream/i_sidecar/gen_scale[6].i_scale/s0_q_reg[significand_product] multiplier stage gqav7_z19p_system_i/gqav7_accelerator_0/inst/u_accelerator/i_core/i_pipeline/i_downstream/i_sidecar/gen_scale[6].i_scale/s0_q_reg[significand_product]/P[47:0] is not pipelined (MREG=0). Pipelining the multiplier function will improve performance and will save significant power so it is suggested whenever possible to fully pipeline this function.  If this multiplier was inferred, it is suggested to describe an additional register stage after this function.  If there is no registered adder/accumulator following the multiply function, two pipeline stages are suggested to allow both the MREG and PREG registers to be used.  If the DSP48 was instantiated in the design, it is suggested to set both the MREG and PREG attributes to 1 when performing multiply functions.
Related violations: <none>

DPOP-4#160 Warning
MREG Output pipelining  
DSP gqav7_z19p_system_i/gqav7_accelerator_0/inst/u_accelerator/i_core/i_pipeline/i_downstream/i_sidecar/gen_scale[6].i_scale/significand_product_w multiplier stage gqav7_z19p_system_i/gqav7_accelerator_0/inst/u_accelerator/i_core/i_pipeline/i_downstream/i_sidecar/gen_scale[6].i_scale/significand_product_w/P[47:0] is not pipelined (MREG=0). Pipelining the multiplier function will improve performance and will save significant power so it is suggested whenever possible to fully pipeline this function.  If this multiplier was inferred, it is suggested to describe an additional register stage after this function.  If there is no registered adder/accumulator following the multiply function, two pipeline stages are suggested to allow both the MREG and PREG registers to be used.  If the DSP48 was instantiated in the design, it is suggested to set both the MREG and PREG attributes to 1 when performing multiply functions.
Related violations: <none>

DPOP-4#161 Warning
MREG Output pipelining  
DSP gqav7_z19p_system_i/gqav7_accelerator_0/inst/u_accelerator/i_core/i_pipeline/i_downstream/i_sidecar/gen_scale[7].i_scale/s0_q_reg[significand_product] multiplier stage gqav7_z19p_system_i/gqav7_accelerator_0/inst/u_accelerator/i_core/i_pipeline/i_downstream/i_sidecar/gen_scale[7].i_scale/s0_q_reg[significand_product]/P[47:0] is not pipelined (MREG=0). Pipelining the multiplier function will improve performance and will save significant power so it is suggested whenever possible to fully pipeline this function.  If this multiplier was inferred, it is suggested to describe an additional register stage after this function.  If there is no registered adder/accumulator following the multiply function, two pipeline stages are suggested to allow both the MREG and PREG registers to be used.  If the DSP48 was instantiated in the design, it is suggested to set both the MREG and PREG attributes to 1 when performing multiply functions.
Related violations: <none>

DPOP-4#162 Warning
MREG Output pipelining  
DSP gqav7_z19p_system_i/gqav7_accelerator_0/inst/u_accelerator/i_core/i_pipeline/i_downstream/i_sidecar/gen_scale[7].i_scale/significand_product_w multiplier stage gqav7_z19p_system_i/gqav7_accelerator_0/inst/u_accelerator/i_core/i_pipeline/i_downstream/i_sidecar/gen_scale[7].i_scale/significand_product_w/P[47:0] is not pipelined (MREG=0). Pipelining the multiplier function will improve performance and will save significant power so it is suggested whenever possible to fully pipeline this function.  If this multiplier was inferred, it is suggested to describe an additional register stage after this function.  If there is no registered adder/accumulator following the multiply function, two pipeline stages are suggested to allow both the MREG and PREG registers to be used.  If the DSP48 was instantiated in the design, it is suggested to set both the MREG and PREG attributes to 1 when performing multiply functions.
Related violations: <none>

DPOP-4#163 Warning
MREG Output pipelining  
DSP gqav7_z19p_system_i/gqav7_accelerator_0/inst/u_accelerator/i_core/i_pipeline/i_downstream/i_softmax/gen_exp2_scale[0].i_scale/s0_q_reg[significand_product] multiplier stage gqav7_z19p_system_i/gqav7_accelerator_0/inst/u_accelerator/i_core/i_pipeline/i_downstream/i_softmax/gen_exp2_scale[0].i_scale/s0_q_reg[significand_product]/P[47:0] is not pipelined (MREG=0). Pipelining the multiplier function will improve performance and will save significant power so it is suggested whenever possible to fully pipeline this function.  If this multiplier was inferred, it is suggested to describe an additional register stage after this function.  If there is no registered adder/accumulator following the multiply function, two pipeline stages are suggested to allow both the MREG and PREG registers to be used.  If the DSP48 was instantiated in the design, it is suggested to set both the MREG and PREG attributes to 1 when performing multiply functions.
Related violations: <none>

DPOP-4#164 Warning
MREG Output pipelining  
DSP gqav7_z19p_system_i/gqav7_accelerator_0/inst/u_accelerator/i_core/i_pipeline/i_downstream/i_softmax/gen_exp2_scale[0].i_scale/significand_product_w multiplier stage gqav7_z19p_system_i/gqav7_accelerator_0/inst/u_accelerator/i_core/i_pipeline/i_downstream/i_softmax/gen_exp2_scale[0].i_scale/significand_product_w/P[47:0] is not pipelined (MREG=0). Pipelining the multiplier function will improve performance and will save significant power so it is suggested whenever possible to fully pipeline this function.  If this multiplier was inferred, it is suggested to describe an additional register stage after this function.  If there is no registered adder/accumulator following the multiply function, two pipeline stages are suggested to allow both the MREG and PREG registers to be used.  If the DSP48 was instantiated in the design, it is suggested to set both the MREG and PREG attributes to 1 when performing multiply functions.
Related violations: <none>

DPOP-4#165 Warning
MREG Output pipelining  
DSP gqav7_z19p_system_i/gqav7_accelerator_0/inst/u_accelerator/i_core/i_pipeline/i_downstream/i_softmax/gen_exp2_scale[1].i_scale/s0_q_reg[significand_product] multiplier stage gqav7_z19p_system_i/gqav7_accelerator_0/inst/u_accelerator/i_core/i_pipeline/i_downstream/i_softmax/gen_exp2_scale[1].i_scale/s0_q_reg[significand_product]/P[47:0] is not pipelined (MREG=0). Pipelining the multiplier function will improve performance and will save significant power so it is suggested whenever possible to fully pipeline this function.  If this multiplier was inferred, it is suggested to describe an additional register stage after this function.  If there is no registered adder/accumulator following the multiply function, two pipeline stages are suggested to allow both the MREG and PREG registers to be used.  If the DSP48 was instantiated in the design, it is suggested to set both the MREG and PREG attributes to 1 when performing multiply functions.
Related violations: <none>

DPOP-4#166 Warning
MREG Output pipelining  
DSP gqav7_z19p_system_i/gqav7_accelerator_0/inst/u_accelerator/i_core/i_pipeline/i_downstream/i_softmax/gen_exp2_scale[1].i_scale/significand_product_w multiplier stage gqav7_z19p_system_i/gqav7_accelerator_0/inst/u_accelerator/i_core/i_pipeline/i_downstream/i_softmax/gen_exp2_scale[1].i_scale/significand_product_w/P[47:0] is not pipelined (MREG=0). Pipelining the multiplier function will improve performance and will save significant power so it is suggested whenever possible to fully pipeline this function.  If this multiplier was inferred, it is suggested to describe an additional register stage after this function.  If there is no registered adder/accumulator following the multiply function, two pipeline stages are suggested to allow both the MREG and PREG registers to be used.  If the DSP48 was instantiated in the design, it is suggested to set both the MREG and PREG attributes to 1 when performing multiply functions.
Related violations: <none>

DPOP-4#167 Warning
MREG Output pipelining  
DSP gqav7_z19p_system_i/gqav7_accelerator_0/inst/u_accelerator/i_core/i_pipeline/i_downstream/i_softmax/gen_exp2_scale[2].i_scale/s0_q_reg[significand_product] multiplier stage gqav7_z19p_system_i/gqav7_accelerator_0/inst/u_accelerator/i_core/i_pipeline/i_downstream/i_softmax/gen_exp2_scale[2].i_scale/s0_q_reg[significand_product]/P[47:0] is not pipelined (MREG=0). Pipelining the multiplier function will improve performance and will save significant power so it is suggested whenever possible to fully pipeline this function.  If this multiplier was inferred, it is suggested to describe an additional register stage after this function.  If there is no registered adder/accumulator following the multiply function, two pipeline stages are suggested to allow both the MREG and PREG registers to be used.  If the DSP48 was instantiated in the design, it is suggested to set both the MREG and PREG attributes to 1 when performing multiply functions.
Related violations: <none>

DPOP-4#168 Warning
MREG Output pipelining  
DSP gqav7_z19p_system_i/gqav7_accelerator_0/inst/u_accelerator/i_core/i_pipeline/i_downstream/i_softmax/gen_exp2_scale[2].i_scale/significand_product_w multiplier stage gqav7_z19p_system_i/gqav7_accelerator_0/inst/u_accelerator/i_core/i_pipeline/i_downstream/i_softmax/gen_exp2_scale[2].i_scale/significand_product_w/P[47:0] is not pipelined (MREG=0). Pipelining the multiplier function will improve performance and will save significant power so it is suggested whenever possible to fully pipeline this function.  If this multiplier was inferred, it is suggested to describe an additional register stage after this function.  If there is no registered adder/accumulator following the multiply function, two pipeline stages are suggested to allow both the MREG and PREG registers to be used.  If the DSP48 was instantiated in the design, it is suggested to set both the MREG and PREG attributes to 1 when performing multiply functions.
Related violations: <none>

DPOP-4#169 Warning
MREG Output pipelining  
DSP gqav7_z19p_system_i/gqav7_accelerator_0/inst/u_accelerator/i_core/i_pipeline/i_downstream/i_softmax/gen_exp2_scale[3].i_scale/s0_q_reg[significand_product] multiplier stage gqav7_z19p_system_i/gqav7_accelerator_0/inst/u_accelerator/i_core/i_pipeline/i_downstream/i_softmax/gen_exp2_scale[3].i_scale/s0_q_reg[significand_product]/P[47:0] is not pipelined (MREG=0). Pipelining the multiplier function will improve performance and will save significant power so it is suggested whenever possible to fully pipeline this function.  If this multiplier was inferred, it is suggested to describe an additional register stage after this function.  If there is no registered adder/accumulator following the multiply function, two pipeline stages are suggested to allow both the MREG and PREG registers to be used.  If the DSP48 was instantiated in the design, it is suggested to set both the MREG and PREG attributes to 1 when performing multiply functions.
Related violations: <none>

DPOP-4#170 Warning
MREG Output pipelining  
DSP gqav7_z19p_system_i/gqav7_accelerator_0/inst/u_accelerator/i_core/i_pipeline/i_downstream/i_softmax/gen_exp2_scale[3].i_scale/significand_product_w multiplier stage gqav7_z19p_system_i/gqav7_accelerator_0/inst/u_accelerator/i_core/i_pipeline/i_downstream/i_softmax/gen_exp2_scale[3].i_scale/significand_product_w/P[47:0] is not pipelined (MREG=0). Pipelining the multiplier function will improve performance and will save significant power so it is suggested whenever possible to fully pipeline this function.  If this multiplier was inferred, it is suggested to describe an additional register stage after this function.  If there is no registered adder/accumulator following the multiply function, two pipeline stages are suggested to allow both the MREG and PREG registers to be used.  If the DSP48 was instantiated in the design, it is suggested to set both the MREG and PREG attributes to 1 when performing multiply functions.
Related violations: <none>

DPOP-4#171 Warning
MREG Output pipelining  
DSP gqav7_z19p_system_i/gqav7_accelerator_0/inst/u_accelerator/i_core/i_pipeline/i_downstream/i_softmax/gen_exp2_scale[4].i_scale/s0_q_reg[significand_product] multiplier stage gqav7_z19p_system_i/gqav7_accelerator_0/inst/u_accelerator/i_core/i_pipeline/i_downstream/i_softmax/gen_exp2_scale[4].i_scale/s0_q_reg[significand_product]/P[47:0] is not pipelined (MREG=0). Pipelining the multiplier function will improve performance and will save significant power so it is suggested whenever possible to fully pipeline this function.  If this multiplier was inferred, it is suggested to describe an additional register stage after this function.  If there is no registered adder/accumulator following the multiply function, two pipeline stages are suggested to allow both the MREG and PREG registers to be used.  If the DSP48 was instantiated in the design, it is suggested to set both the MREG and PREG attributes to 1 when performing multiply functions.
Related violations: <none>

DPOP-4#172 Warning
MREG Output pipelining  
DSP gqav7_z19p_system_i/gqav7_accelerator_0/inst/u_accelerator/i_core/i_pipeline/i_downstream/i_softmax/gen_exp2_scale[4].i_scale/significand_product_w multiplier stage gqav7_z19p_system_i/gqav7_accelerator_0/inst/u_accelerator/i_core/i_pipeline/i_downstream/i_softmax/gen_exp2_scale[4].i_scale/significand_product_w/P[47:0] is not pipelined (MREG=0). Pipelining the multiplier function will improve performance and will save significant power so it is suggested whenever possible to fully pipeline this function.  If this multiplier was inferred, it is suggested to describe an additional register stage after this function.  If there is no registered adder/accumulator following the multiply function, two pipeline stages are suggested to allow both the MREG and PREG registers to be used.  If the DSP48 was instantiated in the design, it is suggested to set both the MREG and PREG attributes to 1 when performing multiply functions.
Related violations: <none>

DPOP-4#173 Warning
MREG Output pipelining  
DSP gqav7_z19p_system_i/gqav7_accelerator_0/inst/u_accelerator/i_core/i_pipeline/i_downstream/i_softmax/gen_exp2_scale[5].i_scale/s0_q_reg[significand_product] multiplier stage gqav7_z19p_system_i/gqav7_accelerator_0/inst/u_accelerator/i_core/i_pipeline/i_downstream/i_softmax/gen_exp2_scale[5].i_scale/s0_q_reg[significand_product]/P[47:0] is not pipelined (MREG=0). Pipelining the multiplier function will improve performance and will save significant power so it is suggested whenever possible to fully pipeline this function.  If this multiplier was inferred, it is suggested to describe an additional register stage after this function.  If there is no registered adder/accumulator following the multiply function, two pipeline stages are suggested to allow both the MREG and PREG registers to be used.  If the DSP48 was instantiated in the design, it is suggested to set both the MREG and PREG attributes to 1 when performing multiply functions.
Related violations: <none>

DPOP-4#174 Warning
MREG Output pipelining  
DSP gqav7_z19p_system_i/gqav7_accelerator_0/inst/u_accelerator/i_core/i_pipeline/i_downstream/i_softmax/gen_exp2_scale[5].i_scale/significand_product_w multiplier stage gqav7_z19p_system_i/gqav7_accelerator_0/inst/u_accelerator/i_core/i_pipeline/i_downstream/i_softmax/gen_exp2_scale[5].i_scale/significand_product_w/P[47:0] is not pipelined (MREG=0). Pipelining the multiplier function will improve performance and will save significant power so it is suggested whenever possible to fully pipeline this function.  If this multiplier was inferred, it is suggested to describe an additional register stage after this function.  If there is no registered adder/accumulator following the multiply function, two pipeline stages are suggested to allow both the MREG and PREG registers to be used.  If the DSP48 was instantiated in the design, it is suggested to set both the MREG and PREG attributes to 1 when performing multiply functions.
Related violations: <none>

DPOP-4#175 Warning
MREG Output pipelining  
DSP gqav7_z19p_system_i/gqav7_accelerator_0/inst/u_accelerator/i_core/i_pipeline/i_downstream/i_softmax/gen_exp2_scale[6].i_scale/s0_q_reg[significand_product] multiplier stage gqav7_z19p_system_i/gqav7_accelerator_0/inst/u_accelerator/i_core/i_pipeline/i_downstream/i_softmax/gen_exp2_scale[6].i_scale/s0_q_reg[significand_product]/P[47:0] is not pipelined (MREG=0). Pipelining the multiplier function will improve performance and will save significant power so it is suggested whenever possible to fully pipeline this function.  If this multiplier was inferred, it is suggested to describe an additional register stage after this function.  If there is no registered adder/accumulator following the multiply function, two pipeline stages are suggested to allow both the MREG and PREG registers to be used.  If the DSP48 was instantiated in the design, it is suggested to set both the MREG and PREG attributes to 1 when performing multiply functions.
Related violations: <none>

DPOP-4#176 Warning
MREG Output pipelining  
DSP gqav7_z19p_system_i/gqav7_accelerator_0/inst/u_accelerator/i_core/i_pipeline/i_downstream/i_softmax/gen_exp2_scale[6].i_scale/significand_product_w multiplier stage gqav7_z19p_system_i/gqav7_accelerator_0/inst/u_accelerator/i_core/i_pipeline/i_downstream/i_softmax/gen_exp2_scale[6].i_scale/significand_product_w/P[47:0] is not pipelined (MREG=0). Pipelining the multiplier function will improve performance and will save significant power so it is suggested whenever possible to fully pipeline this function.  If this multiplier was inferred, it is suggested to describe an additional register stage after this function.  If there is no registered adder/accumulator following the multiply function, two pipeline stages are suggested to allow both the MREG and PREG registers to be used.  If the DSP48 was instantiated in the design, it is suggested to set both the MREG and PREG attributes to 1 when performing multiply functions.
Related violations: <none>

DPOP-4#177 Warning
MREG Output pipelining  
DSP gqav7_z19p_system_i/gqav7_accelerator_0/inst/u_accelerator/i_core/i_pipeline/i_downstream/i_softmax/gen_exp2_scale[7].i_scale/s0_q_reg[significand_product] multiplier stage gqav7_z19p_system_i/gqav7_accelerator_0/inst/u_accelerator/i_core/i_pipeline/i_downstream/i_softmax/gen_exp2_scale[7].i_scale/s0_q_reg[significand_product]/P[47:0] is not pipelined (MREG=0). Pipelining the multiplier function will improve performance and will save significant power so it is suggested whenever possible to fully pipeline this function.  If this multiplier was inferred, it is suggested to describe an additional register stage after this function.  If there is no registered adder/accumulator following the multiply function, two pipeline stages are suggested to allow both the MREG and PREG registers to be used.  If the DSP48 was instantiated in the design, it is suggested to set both the MREG and PREG attributes to 1 when performing multiply functions.
Related violations: <none>

DPOP-4#178 Warning
MREG Output pipelining  
DSP gqav7_z19p_system_i/gqav7_accelerator_0/inst/u_accelerator/i_core/i_pipeline/i_downstream/i_softmax/gen_exp2_scale[7].i_scale/significand_product_w multiplier stage gqav7_z19p_system_i/gqav7_accelerator_0/inst/u_accelerator/i_core/i_pipeline/i_downstream/i_softmax/gen_exp2_scale[7].i_scale/significand_product_w/P[47:0] is not pipelined (MREG=0). Pipelining the multiplier function will improve performance and will save significant power so it is suggested whenever possible to fully pipeline this function.  If this multiplier was inferred, it is suggested to describe an additional register stage after this function.  If there is no registered adder/accumulator following the multiply function, two pipeline stages are suggested to allow both the MREG and PREG registers to be used.  If the DSP48 was instantiated in the design, it is suggested to set both the MREG and PREG attributes to 1 when performing multiply functions.
Related violations: <none>

DPOP-4#179 Warning
MREG Output pipelining  
DSP gqav7_z19p_system_i/gqav7_accelerator_0/inst/u_accelerator/i_core/i_pipeline/i_downstream/i_softmax/gen_exp2_scale[8].i_scale/s0_q_reg[significand_product] multiplier stage gqav7_z19p_system_i/gqav7_accelerator_0/inst/u_accelerator/i_core/i_pipeline/i_downstream/i_softmax/gen_exp2_scale[8].i_scale/s0_q_reg[significand_product]/P[47:0] is not pipelined (MREG=0). Pipelining the multiplier function will improve performance and will save significant power so it is suggested whenever possible to fully pipeline this function.  If this multiplier was inferred, it is suggested to describe an additional register stage after this function.  If there is no registered adder/accumulator following the multiply function, two pipeline stages are suggested to allow both the MREG and PREG registers to be used.  If the DSP48 was instantiated in the design, it is suggested to set both the MREG and PREG attributes to 1 when performing multiply functions.
Related violations: <none>

DPOP-4#180 Warning
MREG Output pipelining  
DSP gqav7_z19p_system_i/gqav7_accelerator_0/inst/u_accelerator/i_core/i_pipeline/i_downstream/i_softmax/gen_exp2_scale[8].i_scale/significand_product_w multiplier stage gqav7_z19p_system_i/gqav7_accelerator_0/inst/u_accelerator/i_core/i_pipeline/i_downstream/i_softmax/gen_exp2_scale[8].i_scale/significand_product_w/P[47:0] is not pipelined (MREG=0). Pipelining the multiplier function will improve performance and will save significant power so it is suggested whenever possible to fully pipeline this function.  If this multiplier was inferred, it is suggested to describe an additional register stage after this function.  If there is no registered adder/accumulator following the multiply function, two pipeline stages are suggested to allow both the MREG and PREG registers to be used.  If the DSP48 was instantiated in the design, it is suggested to set both the MREG and PREG attributes to 1 when performing multiply functions.
Related violations: <none>

DPOP-4#181 Warning
MREG Output pipelining  
DSP gqav7_z19p_system_i/gqav7_accelerator_0/inst/u_accelerator/i_core/i_pipeline/i_downstream/i_softmax/i_weight_old_sum/s0_q_reg[significand_product] multiplier stage gqav7_z19p_system_i/gqav7_accelerator_0/inst/u_accelerator/i_core/i_pipeline/i_downstream/i_softmax/i_weight_old_sum/s0_q_reg[significand_product]/P[47:0] is not pipelined (MREG=0). Pipelining the multiplier function will improve performance and will save significant power so it is suggested whenever possible to fully pipeline this function.  If this multiplier was inferred, it is suggested to describe an additional register stage after this function.  If there is no registered adder/accumulator following the multiply function, two pipeline stages are suggested to allow both the MREG and PREG registers to be used.  If the DSP48 was instantiated in the design, it is suggested to set both the MREG and PREG attributes to 1 when performing multiply functions.
Related violations: <none>

DPOP-4#182 Warning
MREG Output pipelining  
DSP gqav7_z19p_system_i/gqav7_accelerator_0/inst/u_accelerator/i_core/i_pipeline/i_downstream/i_softmax/i_weight_old_sum/significand_product_w multiplier stage gqav7_z19p_system_i/gqav7_accelerator_0/inst/u_accelerator/i_core/i_pipeline/i_downstream/i_softmax/i_weight_old_sum/significand_product_w/P[47:0] is not pipelined (MREG=0). Pipelining the multiplier function will improve performance and will save significant power so it is suggested whenever possible to fully pipeline this function.  If this multiplier was inferred, it is suggested to describe an additional register stage after this function.  If there is no registered adder/accumulator following the multiply function, two pipeline stages are suggested to allow both the MREG and PREG registers to be used.  If the DSP48 was instantiated in the design, it is suggested to set both the MREG and PREG attributes to 1 when performing multiply functions.
Related violations: <none>

DPOP-4#183 Warning
MREG Output pipelining  
DSP gqav7_z19p_system_i/gqav7_accelerator_0/inst/u_accelerator/i_core/i_pipeline/i_qk/i_qk/i_qk/i_engine/gen_row[0].gen_col[0].i_multiply/s1_product_q_reg multiplier stage gqav7_z19p_system_i/gqav7_accelerator_0/inst/u_accelerator/i_core/i_pipeline/i_qk/i_qk/i_qk/i_engine/gen_row[0].gen_col[0].i_multiply/s1_product_q_reg/P[47:0] is not pipelined (MREG=0). Pipelining the multiplier function will improve performance and will save significant power so it is suggested whenever possible to fully pipeline this function.  If this multiplier was inferred, it is suggested to describe an additional register stage after this function.  If there is no registered adder/accumulator following the multiply function, two pipeline stages are suggested to allow both the MREG and PREG registers to be used.  If the DSP48 was instantiated in the design, it is suggested to set both the MREG and PREG attributes to 1 when performing multiply functions.
Related violations: <none>

DPOP-4#184 Warning
MREG Output pipelining  
DSP gqav7_z19p_system_i/gqav7_accelerator_0/inst/u_accelerator/i_core/i_pipeline/i_qk/i_qk/i_qk/i_engine/gen_row[0].gen_col[1].i_multiply/s1_product_q_reg multiplier stage gqav7_z19p_system_i/gqav7_accelerator_0/inst/u_accelerator/i_core/i_pipeline/i_qk/i_qk/i_qk/i_engine/gen_row[0].gen_col[1].i_multiply/s1_product_q_reg/P[47:0] is not pipelined (MREG=0). Pipelining the multiplier function will improve performance and will save significant power so it is suggested whenever possible to fully pipeline this function.  If this multiplier was inferred, it is suggested to describe an additional register stage after this function.  If there is no registered adder/accumulator following the multiply function, two pipeline stages are suggested to allow both the MREG and PREG registers to be used.  If the DSP48 was instantiated in the design, it is suggested to set both the MREG and PREG attributes to 1 when performing multiply functions.
Related violations: <none>

DPOP-4#185 Warning
MREG Output pipelining  
DSP gqav7_z19p_system_i/gqav7_accelerator_0/inst/u_accelerator/i_core/i_pipeline/i_qk/i_qk/i_qk/i_engine/gen_row[0].gen_col[2].i_multiply/s1_product_q_reg multiplier stage gqav7_z19p_system_i/gqav7_accelerator_0/inst/u_accelerator/i_core/i_pipeline/i_qk/i_qk/i_qk/i_engine/gen_row[0].gen_col[2].i_multiply/s1_product_q_reg/P[47:0] is not pipelined (MREG=0). Pipelining the multiplier function will improve performance and will save significant power so it is suggested whenever possible to fully pipeline this function.  If this multiplier was inferred, it is suggested to describe an additional register stage after this function.  If there is no registered adder/accumulator following the multiply function, two pipeline stages are suggested to allow both the MREG and PREG registers to be used.  If the DSP48 was instantiated in the design, it is suggested to set both the MREG and PREG attributes to 1 when performing multiply functions.
Related violations: <none>

DPOP-4#186 Warning
MREG Output pipelining  
DSP gqav7_z19p_system_i/gqav7_accelerator_0/inst/u_accelerator/i_core/i_pipeline/i_qk/i_qk/i_qk/i_engine/gen_row[0].gen_col[3].i_multiply/s1_product_q_reg multiplier stage gqav7_z19p_system_i/gqav7_accelerator_0/inst/u_accelerator/i_core/i_pipeline/i_qk/i_qk/i_qk/i_engine/gen_row[0].gen_col[3].i_multiply/s1_product_q_reg/P[47:0] is not pipelined (MREG=0). Pipelining the multiplier function will improve performance and will save significant power so it is suggested whenever possible to fully pipeline this function.  If this multiplier was inferred, it is suggested to describe an additional register stage after this function.  If there is no registered adder/accumulator following the multiply function, two pipeline stages are suggested to allow both the MREG and PREG registers to be used.  If the DSP48 was instantiated in the design, it is suggested to set both the MREG and PREG attributes to 1 when performing multiply functions.
Related violations: <none>

DPOP-4#187 Warning
MREG Output pipelining  
DSP gqav7_z19p_system_i/gqav7_accelerator_0/inst/u_accelerator/i_core/i_pipeline/i_qk/i_qk/i_qk/i_engine/gen_row[0].gen_col[4].i_multiply/s1_product_q_reg multiplier stage gqav7_z19p_system_i/gqav7_accelerator_0/inst/u_accelerator/i_core/i_pipeline/i_qk/i_qk/i_qk/i_engine/gen_row[0].gen_col[4].i_multiply/s1_product_q_reg/P[47:0] is not pipelined (MREG=0). Pipelining the multiplier function will improve performance and will save significant power so it is suggested whenever possible to fully pipeline this function.  If this multiplier was inferred, it is suggested to describe an additional register stage after this function.  If there is no registered adder/accumulator following the multiply function, two pipeline stages are suggested to allow both the MREG and PREG registers to be used.  If the DSP48 was instantiated in the design, it is suggested to set both the MREG and PREG attributes to 1 when performing multiply functions.
Related violations: <none>

DPOP-4#188 Warning
MREG Output pipelining  
DSP gqav7_z19p_system_i/gqav7_accelerator_0/inst/u_accelerator/i_core/i_pipeline/i_qk/i_qk/i_qk/i_engine/gen_row[0].gen_col[5].i_multiply/s1_product_q_reg multiplier stage gqav7_z19p_system_i/gqav7_accelerator_0/inst/u_accelerator/i_core/i_pipeline/i_qk/i_qk/i_qk/i_engine/gen_row[0].gen_col[5].i_multiply/s1_product_q_reg/P[47:0] is not pipelined (MREG=0). Pipelining the multiplier function will improve performance and will save significant power so it is suggested whenever possible to fully pipeline this function.  If this multiplier was inferred, it is suggested to describe an additional register stage after this function.  If there is no registered adder/accumulator following the multiply function, two pipeline stages are suggested to allow both the MREG and PREG registers to be used.  If the DSP48 was instantiated in the design, it is suggested to set both the MREG and PREG attributes to 1 when performing multiply functions.
Related violations: <none>

DPOP-4#189 Warning
MREG Output pipelining  
DSP gqav7_z19p_system_i/gqav7_accelerator_0/inst/u_accelerator/i_core/i_pipeline/i_qk/i_qk/i_qk/i_engine/gen_row[0].gen_col[6].i_multiply/s1_product_q_reg multiplier stage gqav7_z19p_system_i/gqav7_accelerator_0/inst/u_accelerator/i_core/i_pipeline/i_qk/i_qk/i_qk/i_engine/gen_row[0].gen_col[6].i_multiply/s1_product_q_reg/P[47:0] is not pipelined (MREG=0). Pipelining the multiplier function will improve performance and will save significant power so it is suggested whenever possible to fully pipeline this function.  If this multiplier was inferred, it is suggested to describe an additional register stage after this function.  If there is no registered adder/accumulator following the multiply function, two pipeline stages are suggested to allow both the MREG and PREG registers to be used.  If the DSP48 was instantiated in the design, it is suggested to set both the MREG and PREG attributes to 1 when performing multiply functions.
Related violations: <none>

DPOP-4#190 Warning
MREG Output pipelining  
DSP gqav7_z19p_system_i/gqav7_accelerator_0/inst/u_accelerator/i_core/i_pipeline/i_qk/i_qk/i_qk/i_engine/gen_row[0].gen_col[7].i_multiply/s1_product_q_reg multiplier stage gqav7_z19p_system_i/gqav7_accelerator_0/inst/u_accelerator/i_core/i_pipeline/i_qk/i_qk/i_qk/i_engine/gen_row[0].gen_col[7].i_multiply/s1_product_q_reg/P[47:0] is not pipelined (MREG=0). Pipelining the multiplier function will improve performance and will save significant power so it is suggested whenever possible to fully pipeline this function.  If this multiplier was inferred, it is suggested to describe an additional register stage after this function.  If there is no registered adder/accumulator following the multiply function, two pipeline stages are suggested to allow both the MREG and PREG registers to be used.  If the DSP48 was instantiated in the design, it is suggested to set both the MREG and PREG attributes to 1 when performing multiply functions.
Related violations: <none>

DPOP-4#191 Warning
MREG Output pipelining  
DSP gqav7_z19p_system_i/gqav7_accelerator_0/inst/u_accelerator/i_core/i_pipeline/i_qk/i_qk/i_qk/i_engine/gen_row[1].gen_col[0].i_multiply/s1_product_q_reg multiplier stage gqav7_z19p_system_i/gqav7_accelerator_0/inst/u_accelerator/i_core/i_pipeline/i_qk/i_qk/i_qk/i_engine/gen_row[1].gen_col[0].i_multiply/s1_product_q_reg/P[47:0] is not pipelined (MREG=0). Pipelining the multiplier function will improve performance and will save significant power so it is suggested whenever possible to fully pipeline this function.  If this multiplier was inferred, it is suggested to describe an additional register stage after this function.  If there is no registered adder/accumulator following the multiply function, two pipeline stages are suggested to allow both the MREG and PREG registers to be used.  If the DSP48 was instantiated in the design, it is suggested to set both the MREG and PREG attributes to 1 when performing multiply functions.
Related violations: <none>

DPOP-4#192 Warning
MREG Output pipelining  
DSP gqav7_z19p_system_i/gqav7_accelerator_0/inst/u_accelerator/i_core/i_pipeline/i_qk/i_qk/i_qk/i_engine/gen_row[1].gen_col[1].i_multiply/s1_product_q_reg multiplier stage gqav7_z19p_system_i/gqav7_accelerator_0/inst/u_accelerator/i_core/i_pipeline/i_qk/i_qk/i_qk/i_engine/gen_row[1].gen_col[1].i_multiply/s1_product_q_reg/P[47:0] is not pipelined (MREG=0). Pipelining the multiplier function will improve performance and will save significant power so it is suggested whenever possible to fully pipeline this function.  If this multiplier was inferred, it is suggested to describe an additional register stage after this function.  If there is no registered adder/accumulator following the multiply function, two pipeline stages are suggested to allow both the MREG and PREG registers to be used.  If the DSP48 was instantiated in the design, it is suggested to set both the MREG and PREG attributes to 1 when performing multiply functions.
Related violations: <none>

DPOP-4#193 Warning
MREG Output pipelining  
DSP gqav7_z19p_system_i/gqav7_accelerator_0/inst/u_accelerator/i_core/i_pipeline/i_qk/i_qk/i_qk/i_engine/gen_row[1].gen_col[2].i_multiply/s1_product_q_reg multiplier stage gqav7_z19p_system_i/gqav7_accelerator_0/inst/u_accelerator/i_core/i_pipeline/i_qk/i_qk/i_qk/i_engine/gen_row[1].gen_col[2].i_multiply/s1_product_q_reg/P[47:0] is not pipelined (MREG=0). Pipelining the multiplier function will improve performance and will save significant power so it is suggested whenever possible to fully pipeline this function.  If this multiplier was inferred, it is suggested to describe an additional register stage after this function.  If there is no registered adder/accumulator following the multiply function, two pipeline stages are suggested to allow both the MREG and PREG registers to be used.  If the DSP48 was instantiated in the design, it is suggested to set both the MREG and PREG attributes to 1 when performing multiply functions.
Related violations: <none>

DPOP-4#194 Warning
MREG Output pipelining  
DSP gqav7_z19p_system_i/gqav7_accelerator_0/inst/u_accelerator/i_core/i_pipeline/i_qk/i_qk/i_qk/i_engine/gen_row[1].gen_col[3].i_multiply/s1_product_q_reg multiplier stage gqav7_z19p_system_i/gqav7_accelerator_0/inst/u_accelerator/i_core/i_pipeline/i_qk/i_qk/i_qk/i_engine/gen_row[1].gen_col[3].i_multiply/s1_product_q_reg/P[47:0] is not pipelined (MREG=0). Pipelining the multiplier function will improve performance and will save significant power so it is suggested whenever possible to fully pipeline this function.  If this multiplier was inferred, it is suggested to describe an additional register stage after this function.  If there is no registered adder/accumulator following the multiply function, two pipeline stages are suggested to allow both the MREG and PREG registers to be used.  If the DSP48 was instantiated in the design, it is suggested to set both the MREG and PREG attributes to 1 when performing multiply functions.
Related violations: <none>

DPOP-4#195 Warning
MREG Output pipelining  
DSP gqav7_z19p_system_i/gqav7_accelerator_0/inst/u_accelerator/i_core/i_pipeline/i_qk/i_qk/i_qk/i_engine/gen_row[1].gen_col[4].i_multiply/s1_product_q_reg multiplier stage gqav7_z19p_system_i/gqav7_accelerator_0/inst/u_accelerator/i_core/i_pipeline/i_qk/i_qk/i_qk/i_engine/gen_row[1].gen_col[4].i_multiply/s1_product_q_reg/P[47:0] is not pipelined (MREG=0). Pipelining the multiplier function will improve performance and will save significant power so it is suggested whenever possible to fully pipeline this function.  If this multiplier was inferred, it is suggested to describe an additional register stage after this function.  If there is no registered adder/accumulator following the multiply function, two pipeline stages are suggested to allow both the MREG and PREG registers to be used.  If the DSP48 was instantiated in the design, it is suggested to set both the MREG and PREG attributes to 1 when performing multiply functions.
Related violations: <none>

DPOP-4#196 Warning
MREG Output pipelining  
DSP gqav7_z19p_system_i/gqav7_accelerator_0/inst/u_accelerator/i_core/i_pipeline/i_qk/i_qk/i_qk/i_engine/gen_row[1].gen_col[5].i_multiply/s1_product_q_reg multiplier stage gqav7_z19p_system_i/gqav7_accelerator_0/inst/u_accelerator/i_core/i_pipeline/i_qk/i_qk/i_qk/i_engine/gen_row[1].gen_col[5].i_multiply/s1_product_q_reg/P[47:0] is not pipelined (MREG=0). Pipelining the multiplier function will improve performance and will save significant power so it is suggested whenever possible to fully pipeline this function.  If this multiplier was inferred, it is suggested to describe an additional register stage after this function.  If there is no registered adder/accumulator following the multiply function, two pipeline stages are suggested to allow both the MREG and PREG registers to be used.  If the DSP48 was instantiated in the design, it is suggested to set both the MREG and PREG attributes to 1 when performing multiply functions.
Related violations: <none>

DPOP-4#197 Warning
MREG Output pipelining  
DSP gqav7_z19p_system_i/gqav7_accelerator_0/inst/u_accelerator/i_core/i_pipeline/i_qk/i_qk/i_qk/i_engine/gen_row[1].gen_col[6].i_multiply/s1_product_q_reg multiplier stage gqav7_z19p_system_i/gqav7_accelerator_0/inst/u_accelerator/i_core/i_pipeline/i_qk/i_qk/i_qk/i_engine/gen_row[1].gen_col[6].i_multiply/s1_product_q_reg/P[47:0] is not pipelined (MREG=0). Pipelining the multiplier function will improve performance and will save significant power so it is suggested whenever possible to fully pipeline this function.  If this multiplier was inferred, it is suggested to describe an additional register stage after this function.  If there is no registered adder/accumulator following the multiply function, two pipeline stages are suggested to allow both the MREG and PREG registers to be used.  If the DSP48 was instantiated in the design, it is suggested to set both the MREG and PREG attributes to 1 when performing multiply functions.
Related violations: <none>

DPOP-4#198 Warning
MREG Output pipelining  
DSP gqav7_z19p_system_i/gqav7_accelerator_0/inst/u_accelerator/i_core/i_pipeline/i_qk/i_qk/i_qk/i_engine/gen_row[1].gen_col[7].i_multiply/s1_product_q_reg multiplier stage gqav7_z19p_system_i/gqav7_accelerator_0/inst/u_accelerator/i_core/i_pipeline/i_qk/i_qk/i_qk/i_engine/gen_row[1].gen_col[7].i_multiply/s1_product_q_reg/P[47:0] is not pipelined (MREG=0). Pipelining the multiplier function will improve performance and will save significant power so it is suggested whenever possible to fully pipeline this function.  If this multiplier was inferred, it is suggested to describe an additional register stage after this function.  If there is no registered adder/accumulator following the multiply function, two pipeline stages are suggested to allow both the MREG and PREG registers to be used.  If the DSP48 was instantiated in the design, it is suggested to set both the MREG and PREG attributes to 1 when performing multiply functions.
Related violations: <none>

DPOP-4#199 Warning
MREG Output pipelining  
DSP gqav7_z19p_system_i/gqav7_accelerator_0/inst/u_accelerator/i_core/i_pipeline/i_qk/i_qk/i_qk/i_engine/gen_row[2].gen_col[0].i_multiply/s1_product_q_reg multiplier stage gqav7_z19p_system_i/gqav7_accelerator_0/inst/u_accelerator/i_core/i_pipeline/i_qk/i_qk/i_qk/i_engine/gen_row[2].gen_col[0].i_multiply/s1_product_q_reg/P[47:0] is not pipelined (MREG=0). Pipelining the multiplier function will improve performance and will save significant power so it is suggested whenever possible to fully pipeline this function.  If this multiplier was inferred, it is suggested to describe an additional register stage after this function.  If there is no registered adder/accumulator following the multiply function, two pipeline stages are suggested to allow both the MREG and PREG registers to be used.  If the DSP48 was instantiated in the design, it is suggested to set both the MREG and PREG attributes to 1 when performing multiply functions.
Related violations: <none>

DPOP-4#200 Warning
MREG Output pipelining  
DSP gqav7_z19p_system_i/gqav7_accelerator_0/inst/u_accelerator/i_core/i_pipeline/i_qk/i_qk/i_qk/i_engine/gen_row[2].gen_col[1].i_multiply/s1_product_q_reg multiplier stage gqav7_z19p_system_i/gqav7_accelerator_0/inst/u_accelerator/i_core/i_pipeline/i_qk/i_qk/i_qk/i_engine/gen_row[2].gen_col[1].i_multiply/s1_product_q_reg/P[47:0] is not pipelined (MREG=0). Pipelining the multiplier function will improve performance and will save significant power so it is suggested whenever possible to fully pipeline this function.  If this multiplier was inferred, it is suggested to describe an additional register stage after this function.  If there is no registered adder/accumulator following the multiply function, two pipeline stages are suggested to allow both the MREG and PREG registers to be used.  If the DSP48 was instantiated in the design, it is suggested to set both the MREG and PREG attributes to 1 when performing multiply functions.
Related violations: <none>

DPOP-4#201 Warning
MREG Output pipelining  
DSP gqav7_z19p_system_i/gqav7_accelerator_0/inst/u_accelerator/i_core/i_pipeline/i_qk/i_qk/i_qk/i_engine/gen_row[2].gen_col[2].i_multiply/s1_product_q_reg multiplier stage gqav7_z19p_system_i/gqav7_accelerator_0/inst/u_accelerator/i_core/i_pipeline/i_qk/i_qk/i_qk/i_engine/gen_row[2].gen_col[2].i_multiply/s1_product_q_reg/P[47:0] is not pipelined (MREG=0). Pipelining the multiplier function will improve performance and will save significant power so it is suggested whenever possible to fully pipeline this function.  If this multiplier was inferred, it is suggested to describe an additional register stage after this function.  If there is no registered adder/accumulator following the multiply function, two pipeline stages are suggested to allow both the MREG and PREG registers to be used.  If the DSP48 was instantiated in the design, it is suggested to set both the MREG and PREG attributes to 1 when performing multiply functions.
Related violations: <none>

DPOP-4#202 Warning
MREG Output pipelining  
DSP gqav7_z19p_system_i/gqav7_accelerator_0/inst/u_accelerator/i_core/i_pipeline/i_qk/i_qk/i_qk/i_engine/gen_row[2].gen_col[3].i_multiply/s1_product_q_reg multiplier stage gqav7_z19p_system_i/gqav7_accelerator_0/inst/u_accelerator/i_core/i_pipeline/i_qk/i_qk/i_qk/i_engine/gen_row[2].gen_col[3].i_multiply/s1_product_q_reg/P[47:0] is not pipelined (MREG=0). Pipelining the multiplier function will improve performance and will save significant power so it is suggested whenever possible to fully pipeline this function.  If this multiplier was inferred, it is suggested to describe an additional register stage after this function.  If there is no registered adder/accumulator following the multiply function, two pipeline stages are suggested to allow both the MREG and PREG registers to be used.  If the DSP48 was instantiated in the design, it is suggested to set both the MREG and PREG attributes to 1 when performing multiply functions.
Related violations: <none>

DPOP-4#203 Warning
MREG Output pipelining  
DSP gqav7_z19p_system_i/gqav7_accelerator_0/inst/u_accelerator/i_core/i_pipeline/i_qk/i_qk/i_qk/i_engine/gen_row[2].gen_col[4].i_multiply/s1_product_q_reg multiplier stage gqav7_z19p_system_i/gqav7_accelerator_0/inst/u_accelerator/i_core/i_pipeline/i_qk/i_qk/i_qk/i_engine/gen_row[2].gen_col[4].i_multiply/s1_product_q_reg/P[47:0] is not pipelined (MREG=0). Pipelining the multiplier function will improve performance and will save significant power so it is suggested whenever possible to fully pipeline this function.  If this multiplier was inferred, it is suggested to describe an additional register stage after this function.  If there is no registered adder/accumulator following the multiply function, two pipeline stages are suggested to allow both the MREG and PREG registers to be used.  If the DSP48 was instantiated in the design, it is suggested to set both the MREG and PREG attributes to 1 when performing multiply functions.
Related violations: <none>

DPOP-4#204 Warning
MREG Output pipelining  
DSP gqav7_z19p_system_i/gqav7_accelerator_0/inst/u_accelerator/i_core/i_pipeline/i_qk/i_qk/i_qk/i_engine/gen_row[2].gen_col[5].i_multiply/s1_product_q_reg multiplier stage gqav7_z19p_system_i/gqav7_accelerator_0/inst/u_accelerator/i_core/i_pipeline/i_qk/i_qk/i_qk/i_engine/gen_row[2].gen_col[5].i_multiply/s1_product_q_reg/P[47:0] is not pipelined (MREG=0). Pipelining the multiplier function will improve performance and will save significant power so it is suggested whenever possible to fully pipeline this function.  If this multiplier was inferred, it is suggested to describe an additional register stage after this function.  If there is no registered adder/accumulator following the multiply function, two pipeline stages are suggested to allow both the MREG and PREG registers to be used.  If the DSP48 was instantiated in the design, it is suggested to set both the MREG and PREG attributes to 1 when performing multiply functions.
Related violations: <none>

DPOP-4#205 Warning
MREG Output pipelining  
DSP gqav7_z19p_system_i/gqav7_accelerator_0/inst/u_accelerator/i_core/i_pipeline/i_qk/i_qk/i_qk/i_engine/gen_row[2].gen_col[6].i_multiply/s1_product_q_reg multiplier stage gqav7_z19p_system_i/gqav7_accelerator_0/inst/u_accelerator/i_core/i_pipeline/i_qk/i_qk/i_qk/i_engine/gen_row[2].gen_col[6].i_multiply/s1_product_q_reg/P[47:0] is not pipelined (MREG=0). Pipelining the multiplier function will improve performance and will save significant power so it is suggested whenever possible to fully pipeline this function.  If this multiplier was inferred, it is suggested to describe an additional register stage after this function.  If there is no registered adder/accumulator following the multiply function, two pipeline stages are suggested to allow both the MREG and PREG registers to be used.  If the DSP48 was instantiated in the design, it is suggested to set both the MREG and PREG attributes to 1 when performing multiply functions.
Related violations: <none>

DPOP-4#206 Warning
MREG Output pipelining  
DSP gqav7_z19p_system_i/gqav7_accelerator_0/inst/u_accelerator/i_core/i_pipeline/i_qk/i_qk/i_qk/i_engine/gen_row[2].gen_col[7].i_multiply/s1_product_q_reg multiplier stage gqav7_z19p_system_i/gqav7_accelerator_0/inst/u_accelerator/i_core/i_pipeline/i_qk/i_qk/i_qk/i_engine/gen_row[2].gen_col[7].i_multiply/s1_product_q_reg/P[47:0] is not pipelined (MREG=0). Pipelining the multiplier function will improve performance and will save significant power so it is suggested whenever possible to fully pipeline this function.  If this multiplier was inferred, it is suggested to describe an additional register stage after this function.  If there is no registered adder/accumulator following the multiply function, two pipeline stages are suggested to allow both the MREG and PREG registers to be used.  If the DSP48 was instantiated in the design, it is suggested to set both the MREG and PREG attributes to 1 when performing multiply functions.
Related violations: <none>

DPOP-4#207 Warning
MREG Output pipelining  
DSP gqav7_z19p_system_i/gqav7_accelerator_0/inst/u_accelerator/i_core/i_pipeline/i_qk/i_qk/i_qk/i_engine/gen_row[3].gen_col[0].i_multiply/s1_product_q_reg multiplier stage gqav7_z19p_system_i/gqav7_accelerator_0/inst/u_accelerator/i_core/i_pipeline/i_qk/i_qk/i_qk/i_engine/gen_row[3].gen_col[0].i_multiply/s1_product_q_reg/P[47:0] is not pipelined (MREG=0). Pipelining the multiplier function will improve performance and will save significant power so it is suggested whenever possible to fully pipeline this function.  If this multiplier was inferred, it is suggested to describe an additional register stage after this function.  If there is no registered adder/accumulator following the multiply function, two pipeline stages are suggested to allow both the MREG and PREG registers to be used.  If the DSP48 was instantiated in the design, it is suggested to set both the MREG and PREG attributes to 1 when performing multiply functions.
Related violations: <none>

DPOP-4#208 Warning
MREG Output pipelining  
DSP gqav7_z19p_system_i/gqav7_accelerator_0/inst/u_accelerator/i_core/i_pipeline/i_qk/i_qk/i_qk/i_engine/gen_row[3].gen_col[1].i_multiply/s1_product_q_reg multiplier stage gqav7_z19p_system_i/gqav7_accelerator_0/inst/u_accelerator/i_core/i_pipeline/i_qk/i_qk/i_qk/i_engine/gen_row[3].gen_col[1].i_multiply/s1_product_q_reg/P[47:0] is not pipelined (MREG=0). Pipelining the multiplier function will improve performance and will save significant power so it is suggested whenever possible to fully pipeline this function.  If this multiplier was inferred, it is suggested to describe an additional register stage after this function.  If there is no registered adder/accumulator following the multiply function, two pipeline stages are suggested to allow both the MREG and PREG registers to be used.  If the DSP48 was instantiated in the design, it is suggested to set both the MREG and PREG attributes to 1 when performing multiply functions.
Related violations: <none>

DPOP-4#209 Warning
MREG Output pipelining  
DSP gqav7_z19p_system_i/gqav7_accelerator_0/inst/u_accelerator/i_core/i_pipeline/i_qk/i_qk/i_qk/i_engine/gen_row[3].gen_col[2].i_multiply/s1_product_q_reg multiplier stage gqav7_z19p_system_i/gqav7_accelerator_0/inst/u_accelerator/i_core/i_pipeline/i_qk/i_qk/i_qk/i_engine/gen_row[3].gen_col[2].i_multiply/s1_product_q_reg/P[47:0] is not pipelined (MREG=0). Pipelining the multiplier function will improve performance and will save significant power so it is suggested whenever possible to fully pipeline this function.  If this multiplier was inferred, it is suggested to describe an additional register stage after this function.  If there is no registered adder/accumulator following the multiply function, two pipeline stages are suggested to allow both the MREG and PREG registers to be used.  If the DSP48 was instantiated in the design, it is suggested to set both the MREG and PREG attributes to 1 when performing multiply functions.
Related violations: <none>

DPOP-4#210 Warning
MREG Output pipelining  
DSP gqav7_z19p_system_i/gqav7_accelerator_0/inst/u_accelerator/i_core/i_pipeline/i_qk/i_qk/i_qk/i_engine/gen_row[3].gen_col[3].i_multiply/s1_product_q_reg multiplier stage gqav7_z19p_system_i/gqav7_accelerator_0/inst/u_accelerator/i_core/i_pipeline/i_qk/i_qk/i_qk/i_engine/gen_row[3].gen_col[3].i_multiply/s1_product_q_reg/P[47:0] is not pipelined (MREG=0). Pipelining the multiplier function will improve performance and will save significant power so it is suggested whenever possible to fully pipeline this function.  If this multiplier was inferred, it is suggested to describe an additional register stage after this function.  If there is no registered adder/accumulator following the multiply function, two pipeline stages are suggested to allow both the MREG and PREG registers to be used.  If the DSP48 was instantiated in the design, it is suggested to set both the MREG and PREG attributes to 1 when performing multiply functions.
Related violations: <none>

DPOP-4#211 Warning
MREG Output pipelining  
DSP gqav7_z19p_system_i/gqav7_accelerator_0/inst/u_accelerator/i_core/i_pipeline/i_qk/i_qk/i_qk/i_engine/gen_row[3].gen_col[4].i_multiply/s1_product_q_reg multiplier stage gqav7_z19p_system_i/gqav7_accelerator_0/inst/u_accelerator/i_core/i_pipeline/i_qk/i_qk/i_qk/i_engine/gen_row[3].gen_col[4].i_multiply/s1_product_q_reg/P[47:0] is not pipelined (MREG=0). Pipelining the multiplier function will improve performance and will save significant power so it is suggested whenever possible to fully pipeline this function.  If this multiplier was inferred, it is suggested to describe an additional register stage after this function.  If there is no registered adder/accumulator following the multiply function, two pipeline stages are suggested to allow both the MREG and PREG registers to be used.  If the DSP48 was instantiated in the design, it is suggested to set both the MREG and PREG attributes to 1 when performing multiply functions.
Related violations: <none>

DPOP-4#212 Warning
MREG Output pipelining  
DSP gqav7_z19p_system_i/gqav7_accelerator_0/inst/u_accelerator/i_core/i_pipeline/i_qk/i_qk/i_qk/i_engine/gen_row[3].gen_col[5].i_multiply/s1_product_q_reg multiplier stage gqav7_z19p_system_i/gqav7_accelerator_0/inst/u_accelerator/i_core/i_pipeline/i_qk/i_qk/i_qk/i_engine/gen_row[3].gen_col[5].i_multiply/s1_product_q_reg/P[47:0] is not pipelined (MREG=0). Pipelining the multiplier function will improve performance and will save significant power so it is suggested whenever possible to fully pipeline this function.  If this multiplier was inferred, it is suggested to describe an additional register stage after this function.  If there is no registered adder/accumulator following the multiply function, two pipeline stages are suggested to allow both the MREG and PREG registers to be used.  If the DSP48 was instantiated in the design, it is suggested to set both the MREG and PREG attributes to 1 when performing multiply functions.
Related violations: <none>

DPOP-4#213 Warning
MREG Output pipelining  
DSP gqav7_z19p_system_i/gqav7_accelerator_0/inst/u_accelerator/i_core/i_pipeline/i_qk/i_qk/i_qk/i_engine/gen_row[3].gen_col[6].i_multiply/s1_product_q_reg multiplier stage gqav7_z19p_system_i/gqav7_accelerator_0/inst/u_accelerator/i_core/i_pipeline/i_qk/i_qk/i_qk/i_engine/gen_row[3].gen_col[6].i_multiply/s1_product_q_reg/P[47:0] is not pipelined (MREG=0). Pipelining the multiplier function will improve performance and will save significant power so it is suggested whenever possible to fully pipeline this function.  If this multiplier was inferred, it is suggested to describe an additional register stage after this function.  If there is no registered adder/accumulator following the multiply function, two pipeline stages are suggested to allow both the MREG and PREG registers to be used.  If the DSP48 was instantiated in the design, it is suggested to set both the MREG and PREG attributes to 1 when performing multiply functions.
Related violations: <none>

DPOP-4#214 Warning
MREG Output pipelining  
DSP gqav7_z19p_system_i/gqav7_accelerator_0/inst/u_accelerator/i_core/i_pipeline/i_qk/i_qk/i_qk/i_engine/gen_row[3].gen_col[7].i_multiply/s1_product_q_reg multiplier stage gqav7_z19p_system_i/gqav7_accelerator_0/inst/u_accelerator/i_core/i_pipeline/i_qk/i_qk/i_qk/i_engine/gen_row[3].gen_col[7].i_multiply/s1_product_q_reg/P[47:0] is not pipelined (MREG=0). Pipelining the multiplier function will improve performance and will save significant power so it is suggested whenever possible to fully pipeline this function.  If this multiplier was inferred, it is suggested to describe an additional register stage after this function.  If there is no registered adder/accumulator following the multiply function, two pipeline stages are suggested to allow both the MREG and PREG registers to be used.  If the DSP48 was instantiated in the design, it is suggested to set both the MREG and PREG attributes to 1 when performing multiply functions.
Related violations: <none>

DPOP-4#215 Warning
MREG Output pipelining  
DSP gqav7_z19p_system_i/gqav7_accelerator_0/inst/u_accelerator/i_core/i_pipeline/i_qk/i_qk/i_qk/i_engine/gen_row[4].gen_col[0].i_multiply/s1_product_q_reg multiplier stage gqav7_z19p_system_i/gqav7_accelerator_0/inst/u_accelerator/i_core/i_pipeline/i_qk/i_qk/i_qk/i_engine/gen_row[4].gen_col[0].i_multiply/s1_product_q_reg/P[47:0] is not pipelined (MREG=0). Pipelining the multiplier function will improve performance and will save significant power so it is suggested whenever possible to fully pipeline this function.  If this multiplier was inferred, it is suggested to describe an additional register stage after this function.  If there is no registered adder/accumulator following the multiply function, two pipeline stages are suggested to allow both the MREG and PREG registers to be used.  If the DSP48 was instantiated in the design, it is suggested to set both the MREG and PREG attributes to 1 when performing multiply functions.
Related violations: <none>

DPOP-4#216 Warning
MREG Output pipelining  
DSP gqav7_z19p_system_i/gqav7_accelerator_0/inst/u_accelerator/i_core/i_pipeline/i_qk/i_qk/i_qk/i_engine/gen_row[4].gen_col[1].i_multiply/s1_product_q_reg multiplier stage gqav7_z19p_system_i/gqav7_accelerator_0/inst/u_accelerator/i_core/i_pipeline/i_qk/i_qk/i_qk/i_engine/gen_row[4].gen_col[1].i_multiply/s1_product_q_reg/P[47:0] is not pipelined (MREG=0). Pipelining the multiplier function will improve performance and will save significant power so it is suggested whenever possible to fully pipeline this function.  If this multiplier was inferred, it is suggested to describe an additional register stage after this function.  If there is no registered adder/accumulator following the multiply function, two pipeline stages are suggested to allow both the MREG and PREG registers to be used.  If the DSP48 was instantiated in the design, it is suggested to set both the MREG and PREG attributes to 1 when performing multiply functions.
Related violations: <none>

DPOP-4#217 Warning
MREG Output pipelining  
DSP gqav7_z19p_system_i/gqav7_accelerator_0/inst/u_accelerator/i_core/i_pipeline/i_qk/i_qk/i_qk/i_engine/gen_row[4].gen_col[2].i_multiply/s1_product_q_reg multiplier stage gqav7_z19p_system_i/gqav7_accelerator_0/inst/u_accelerator/i_core/i_pipeline/i_qk/i_qk/i_qk/i_engine/gen_row[4].gen_col[2].i_multiply/s1_product_q_reg/P[47:0] is not pipelined (MREG=0). Pipelining the multiplier function will improve performance and will save significant power so it is suggested whenever possible to fully pipeline this function.  If this multiplier was inferred, it is suggested to describe an additional register stage after this function.  If there is no registered adder/accumulator following the multiply function, two pipeline stages are suggested to allow both the MREG and PREG registers to be used.  If the DSP48 was instantiated in the design, it is suggested to set both the MREG and PREG attributes to 1 when performing multiply functions.
Related violations: <none>

DPOP-4#218 Warning
MREG Output pipelining  
DSP gqav7_z19p_system_i/gqav7_accelerator_0/inst/u_accelerator/i_core/i_pipeline/i_qk/i_qk/i_qk/i_engine/gen_row[4].gen_col[3].i_multiply/s1_product_q_reg multiplier stage gqav7_z19p_system_i/gqav7_accelerator_0/inst/u_accelerator/i_core/i_pipeline/i_qk/i_qk/i_qk/i_engine/gen_row[4].gen_col[3].i_multiply/s1_product_q_reg/P[47:0] is not pipelined (MREG=0). Pipelining the multiplier function will improve performance and will save significant power so it is suggested whenever possible to fully pipeline this function.  If this multiplier was inferred, it is suggested to describe an additional register stage after this function.  If there is no registered adder/accumulator following the multiply function, two pipeline stages are suggested to allow both the MREG and PREG registers to be used.  If the DSP48 was instantiated in the design, it is suggested to set both the MREG and PREG attributes to 1 when performing multiply functions.
Related violations: <none>

DPOP-4#219 Warning
MREG Output pipelining  
DSP gqav7_z19p_system_i/gqav7_accelerator_0/inst/u_accelerator/i_core/i_pipeline/i_qk/i_qk/i_qk/i_engine/gen_row[4].gen_col[4].i_multiply/s1_product_q_reg multiplier stage gqav7_z19p_system_i/gqav7_accelerator_0/inst/u_accelerator/i_core/i_pipeline/i_qk/i_qk/i_qk/i_engine/gen_row[4].gen_col[4].i_multiply/s1_product_q_reg/P[47:0] is not pipelined (MREG=0). Pipelining the multiplier function will improve performance and will save significant power so it is suggested whenever possible to fully pipeline this function.  If this multiplier was inferred, it is suggested to describe an additional register stage after this function.  If there is no registered adder/accumulator following the multiply function, two pipeline stages are suggested to allow both the MREG and PREG registers to be used.  If the DSP48 was instantiated in the design, it is suggested to set both the MREG and PREG attributes to 1 when performing multiply functions.
Related violations: <none>

DPOP-4#220 Warning
MREG Output pipelining  
DSP gqav7_z19p_system_i/gqav7_accelerator_0/inst/u_accelerator/i_core/i_pipeline/i_qk/i_qk/i_qk/i_engine/gen_row[4].gen_col[5].i_multiply/s1_product_q_reg multiplier stage gqav7_z19p_system_i/gqav7_accelerator_0/inst/u_accelerator/i_core/i_pipeline/i_qk/i_qk/i_qk/i_engine/gen_row[4].gen_col[5].i_multiply/s1_product_q_reg/P[47:0] is not pipelined (MREG=0). Pipelining the multiplier function will improve performance and will save significant power so it is suggested whenever possible to fully pipeline this function.  If this multiplier was inferred, it is suggested to describe an additional register stage after this function.  If there is no registered adder/accumulator following the multiply function, two pipeline stages are suggested to allow both the MREG and PREG registers to be used.  If the DSP48 was instantiated in the design, it is suggested to set both the MREG and PREG attributes to 1 when performing multiply functions.
Related violations: <none>

DPOP-4#221 Warning
MREG Output pipelining  
DSP gqav7_z19p_system_i/gqav7_accelerator_0/inst/u_accelerator/i_core/i_pipeline/i_qk/i_qk/i_qk/i_engine/gen_row[4].gen_col[6].i_multiply/s1_product_q_reg multiplier stage gqav7_z19p_system_i/gqav7_accelerator_0/inst/u_accelerator/i_core/i_pipeline/i_qk/i_qk/i_qk/i_engine/gen_row[4].gen_col[6].i_multiply/s1_product_q_reg/P[47:0] is not pipelined (MREG=0). Pipelining the multiplier function will improve performance and will save significant power so it is suggested whenever possible to fully pipeline this function.  If this multiplier was inferred, it is suggested to describe an additional register stage after this function.  If there is no registered adder/accumulator following the multiply function, two pipeline stages are suggested to allow both the MREG and PREG registers to be used.  If the DSP48 was instantiated in the design, it is suggested to set both the MREG and PREG attributes to 1 when performing multiply functions.
Related violations: <none>

DPOP-4#222 Warning
MREG Output pipelining  
DSP gqav7_z19p_system_i/gqav7_accelerator_0/inst/u_accelerator/i_core/i_pipeline/i_qk/i_qk/i_qk/i_engine/gen_row[4].gen_col[7].i_multiply/s1_product_q_reg multiplier stage gqav7_z19p_system_i/gqav7_accelerator_0/inst/u_accelerator/i_core/i_pipeline/i_qk/i_qk/i_qk/i_engine/gen_row[4].gen_col[7].i_multiply/s1_product_q_reg/P[47:0] is not pipelined (MREG=0). Pipelining the multiplier function will improve performance and will save significant power so it is suggested whenever possible to fully pipeline this function.  If this multiplier was inferred, it is suggested to describe an additional register stage after this function.  If there is no registered adder/accumulator following the multiply function, two pipeline stages are suggested to allow both the MREG and PREG registers to be used.  If the DSP48 was instantiated in the design, it is suggested to set both the MREG and PREG attributes to 1 when performing multiply functions.
Related violations: <none>

DPOP-4#223 Warning
MREG Output pipelining  
DSP gqav7_z19p_system_i/gqav7_accelerator_0/inst/u_accelerator/i_core/i_pipeline/i_qk/i_qk/i_qk/i_engine/gen_row[5].gen_col[0].i_multiply/s1_product_q_reg multiplier stage gqav7_z19p_system_i/gqav7_accelerator_0/inst/u_accelerator/i_core/i_pipeline/i_qk/i_qk/i_qk/i_engine/gen_row[5].gen_col[0].i_multiply/s1_product_q_reg/P[47:0] is not pipelined (MREG=0). Pipelining the multiplier function will improve performance and will save significant power so it is suggested whenever possible to fully pipeline this function.  If this multiplier was inferred, it is suggested to describe an additional register stage after this function.  If there is no registered adder/accumulator following the multiply function, two pipeline stages are suggested to allow both the MREG and PREG registers to be used.  If the DSP48 was instantiated in the design, it is suggested to set both the MREG and PREG attributes to 1 when performing multiply functions.
Related violations: <none>

DPOP-4#224 Warning
MREG Output pipelining  
DSP gqav7_z19p_system_i/gqav7_accelerator_0/inst/u_accelerator/i_core/i_pipeline/i_qk/i_qk/i_qk/i_engine/gen_row[5].gen_col[1].i_multiply/s1_product_q_reg multiplier stage gqav7_z19p_system_i/gqav7_accelerator_0/inst/u_accelerator/i_core/i_pipeline/i_qk/i_qk/i_qk/i_engine/gen_row[5].gen_col[1].i_multiply/s1_product_q_reg/P[47:0] is not pipelined (MREG=0). Pipelining the multiplier function will improve performance and will save significant power so it is suggested whenever possible to fully pipeline this function.  If this multiplier was inferred, it is suggested to describe an additional register stage after this function.  If there is no registered adder/accumulator following the multiply function, two pipeline stages are suggested to allow both the MREG and PREG registers to be used.  If the DSP48 was instantiated in the design, it is suggested to set both the MREG and PREG attributes to 1 when performing multiply functions.
Related violations: <none>

DPOP-4#225 Warning
MREG Output pipelining  
DSP gqav7_z19p_system_i/gqav7_accelerator_0/inst/u_accelerator/i_core/i_pipeline/i_qk/i_qk/i_qk/i_engine/gen_row[5].gen_col[2].i_multiply/s1_product_q_reg multiplier stage gqav7_z19p_system_i/gqav7_accelerator_0/inst/u_accelerator/i_core/i_pipeline/i_qk/i_qk/i_qk/i_engine/gen_row[5].gen_col[2].i_multiply/s1_product_q_reg/P[47:0] is not pipelined (MREG=0). Pipelining the multiplier function will improve performance and will save significant power so it is suggested whenever possible to fully pipeline this function.  If this multiplier was inferred, it is suggested to describe an additional register stage after this function.  If there is no registered adder/accumulator following the multiply function, two pipeline stages are suggested to allow both the MREG and PREG registers to be used.  If the DSP48 was instantiated in the design, it is suggested to set both the MREG and PREG attributes to 1 when performing multiply functions.
Related violations: <none>

DPOP-4#226 Warning
MREG Output pipelining  
DSP gqav7_z19p_system_i/gqav7_accelerator_0/inst/u_accelerator/i_core/i_pipeline/i_qk/i_qk/i_qk/i_engine/gen_row[5].gen_col[3].i_multiply/s1_product_q_reg multiplier stage gqav7_z19p_system_i/gqav7_accelerator_0/inst/u_accelerator/i_core/i_pipeline/i_qk/i_qk/i_qk/i_engine/gen_row[5].gen_col[3].i_multiply/s1_product_q_reg/P[47:0] is not pipelined (MREG=0). Pipelining the multiplier function will improve performance and will save significant power so it is suggested whenever possible to fully pipeline this function.  If this multiplier was inferred, it is suggested to describe an additional register stage after this function.  If there is no registered adder/accumulator following the multiply function, two pipeline stages are suggested to allow both the MREG and PREG registers to be used.  If the DSP48 was instantiated in the design, it is suggested to set both the MREG and PREG attributes to 1 when performing multiply functions.
Related violations: <none>

DPOP-4#227 Warning
MREG Output pipelining  
DSP gqav7_z19p_system_i/gqav7_accelerator_0/inst/u_accelerator/i_core/i_pipeline/i_qk/i_qk/i_qk/i_engine/gen_row[5].gen_col[4].i_multiply/s1_product_q_reg multiplier stage gqav7_z19p_system_i/gqav7_accelerator_0/inst/u_accelerator/i_core/i_pipeline/i_qk/i_qk/i_qk/i_engine/gen_row[5].gen_col[4].i_multiply/s1_product_q_reg/P[47:0] is not pipelined (MREG=0). Pipelining the multiplier function will improve performance and will save significant power so it is suggested whenever possible to fully pipeline this function.  If this multiplier was inferred, it is suggested to describe an additional register stage after this function.  If there is no registered adder/accumulator following the multiply function, two pipeline stages are suggested to allow both the MREG and PREG registers to be used.  If the DSP48 was instantiated in the design, it is suggested to set both the MREG and PREG attributes to 1 when performing multiply functions.
Related violations: <none>

DPOP-4#228 Warning
MREG Output pipelining  
DSP gqav7_z19p_system_i/gqav7_accelerator_0/inst/u_accelerator/i_core/i_pipeline/i_qk/i_qk/i_qk/i_engine/gen_row[5].gen_col[5].i_multiply/s1_product_q_reg multiplier stage gqav7_z19p_system_i/gqav7_accelerator_0/inst/u_accelerator/i_core/i_pipeline/i_qk/i_qk/i_qk/i_engine/gen_row[5].gen_col[5].i_multiply/s1_product_q_reg/P[47:0] is not pipelined (MREG=0). Pipelining the multiplier function will improve performance and will save significant power so it is suggested whenever possible to fully pipeline this function.  If this multiplier was inferred, it is suggested to describe an additional register stage after this function.  If there is no registered adder/accumulator following the multiply function, two pipeline stages are suggested to allow both the MREG and PREG registers to be used.  If the DSP48 was instantiated in the design, it is suggested to set both the MREG and PREG attributes to 1 when performing multiply functions.
Related violations: <none>

DPOP-4#229 Warning
MREG Output pipelining  
DSP gqav7_z19p_system_i/gqav7_accelerator_0/inst/u_accelerator/i_core/i_pipeline/i_qk/i_qk/i_qk/i_engine/gen_row[5].gen_col[6].i_multiply/s1_product_q_reg multiplier stage gqav7_z19p_system_i/gqav7_accelerator_0/inst/u_accelerator/i_core/i_pipeline/i_qk/i_qk/i_qk/i_engine/gen_row[5].gen_col[6].i_multiply/s1_product_q_reg/P[47:0] is not pipelined (MREG=0). Pipelining the multiplier function will improve performance and will save significant power so it is suggested whenever possible to fully pipeline this function.  If this multiplier was inferred, it is suggested to describe an additional register stage after this function.  If there is no registered adder/accumulator following the multiply function, two pipeline stages are suggested to allow both the MREG and PREG registers to be used.  If the DSP48 was instantiated in the design, it is suggested to set both the MREG and PREG attributes to 1 when performing multiply functions.
Related violations: <none>

DPOP-4#230 Warning
MREG Output pipelining  
DSP gqav7_z19p_system_i/gqav7_accelerator_0/inst/u_accelerator/i_core/i_pipeline/i_qk/i_qk/i_qk/i_engine/gen_row[5].gen_col[7].i_multiply/s1_product_q_reg multiplier stage gqav7_z19p_system_i/gqav7_accelerator_0/inst/u_accelerator/i_core/i_pipeline/i_qk/i_qk/i_qk/i_engine/gen_row[5].gen_col[7].i_multiply/s1_product_q_reg/P[47:0] is not pipelined (MREG=0). Pipelining the multiplier function will improve performance and will save significant power so it is suggested whenever possible to fully pipeline this function.  If this multiplier was inferred, it is suggested to describe an additional register stage after this function.  If there is no registered adder/accumulator following the multiply function, two pipeline stages are suggested to allow both the MREG and PREG registers to be used.  If the DSP48 was instantiated in the design, it is suggested to set both the MREG and PREG attributes to 1 when performing multiply functions.
Related violations: <none>

DPOP-4#231 Warning
MREG Output pipelining  
DSP gqav7_z19p_system_i/gqav7_accelerator_0/inst/u_accelerator/i_core/i_pipeline/i_qk/i_qk/i_qk/i_engine/gen_row[6].gen_col[0].i_multiply/s1_product_q_reg multiplier stage gqav7_z19p_system_i/gqav7_accelerator_0/inst/u_accelerator/i_core/i_pipeline/i_qk/i_qk/i_qk/i_engine/gen_row[6].gen_col[0].i_multiply/s1_product_q_reg/P[47:0] is not pipelined (MREG=0). Pipelining the multiplier function will improve performance and will save significant power so it is suggested whenever possible to fully pipeline this function.  If this multiplier was inferred, it is suggested to describe an additional register stage after this function.  If there is no registered adder/accumulator following the multiply function, two pipeline stages are suggested to allow both the MREG and PREG registers to be used.  If the DSP48 was instantiated in the design, it is suggested to set both the MREG and PREG attributes to 1 when performing multiply functions.
Related violations: <none>

DPOP-4#232 Warning
MREG Output pipelining  
DSP gqav7_z19p_system_i/gqav7_accelerator_0/inst/u_accelerator/i_core/i_pipeline/i_qk/i_qk/i_qk/i_engine/gen_row[6].gen_col[1].i_multiply/s1_product_q_reg multiplier stage gqav7_z19p_system_i/gqav7_accelerator_0/inst/u_accelerator/i_core/i_pipeline/i_qk/i_qk/i_qk/i_engine/gen_row[6].gen_col[1].i_multiply/s1_product_q_reg/P[47:0] is not pipelined (MREG=0). Pipelining the multiplier function will improve performance and will save significant power so it is suggested whenever possible to fully pipeline this function.  If this multiplier was inferred, it is suggested to describe an additional register stage after this function.  If there is no registered adder/accumulator following the multiply function, two pipeline stages are suggested to allow both the MREG and PREG registers to be used.  If the DSP48 was instantiated in the design, it is suggested to set both the MREG and PREG attributes to 1 when performing multiply functions.
Related violations: <none>

DPOP-4#233 Warning
MREG Output pipelining  
DSP gqav7_z19p_system_i/gqav7_accelerator_0/inst/u_accelerator/i_core/i_pipeline/i_qk/i_qk/i_qk/i_engine/gen_row[6].gen_col[2].i_multiply/s1_product_q_reg multiplier stage gqav7_z19p_system_i/gqav7_accelerator_0/inst/u_accelerator/i_core/i_pipeline/i_qk/i_qk/i_qk/i_engine/gen_row[6].gen_col[2].i_multiply/s1_product_q_reg/P[47:0] is not pipelined (MREG=0). Pipelining the multiplier function will improve performance and will save significant power so it is suggested whenever possible to fully pipeline this function.  If this multiplier was inferred, it is suggested to describe an additional register stage after this function.  If there is no registered adder/accumulator following the multiply function, two pipeline stages are suggested to allow both the MREG and PREG registers to be used.  If the DSP48 was instantiated in the design, it is suggested to set both the MREG and PREG attributes to 1 when performing multiply functions.
Related violations: <none>

DPOP-4#234 Warning
MREG Output pipelining  
DSP gqav7_z19p_system_i/gqav7_accelerator_0/inst/u_accelerator/i_core/i_pipeline/i_qk/i_qk/i_qk/i_engine/gen_row[6].gen_col[3].i_multiply/s1_product_q_reg multiplier stage gqav7_z19p_system_i/gqav7_accelerator_0/inst/u_accelerator/i_core/i_pipeline/i_qk/i_qk/i_qk/i_engine/gen_row[6].gen_col[3].i_multiply/s1_product_q_reg/P[47:0] is not pipelined (MREG=0). Pipelining the multiplier function will improve performance and will save significant power so it is suggested whenever possible to fully pipeline this function.  If this multiplier was inferred, it is suggested to describe an additional register stage after this function.  If there is no registered adder/accumulator following the multiply function, two pipeline stages are suggested to allow both the MREG and PREG registers to be used.  If the DSP48 was instantiated in the design, it is suggested to set both the MREG and PREG attributes to 1 when performing multiply functions.
Related violations: <none>

DPOP-4#235 Warning
MREG Output pipelining  
DSP gqav7_z19p_system_i/gqav7_accelerator_0/inst/u_accelerator/i_core/i_pipeline/i_qk/i_qk/i_qk/i_engine/gen_row[6].gen_col[4].i_multiply/s1_product_q_reg multiplier stage gqav7_z19p_system_i/gqav7_accelerator_0/inst/u_accelerator/i_core/i_pipeline/i_qk/i_qk/i_qk/i_engine/gen_row[6].gen_col[4].i_multiply/s1_product_q_reg/P[47:0] is not pipelined (MREG=0). Pipelining the multiplier function will improve performance and will save significant power so it is suggested whenever possible to fully pipeline this function.  If this multiplier was inferred, it is suggested to describe an additional register stage after this function.  If there is no registered adder/accumulator following the multiply function, two pipeline stages are suggested to allow both the MREG and PREG registers to be used.  If the DSP48 was instantiated in the design, it is suggested to set both the MREG and PREG attributes to 1 when performing multiply functions.
Related violations: <none>

DPOP-4#236 Warning
MREG Output pipelining  
DSP gqav7_z19p_system_i/gqav7_accelerator_0/inst/u_accelerator/i_core/i_pipeline/i_qk/i_qk/i_qk/i_engine/gen_row[6].gen_col[5].i_multiply/s1_product_q_reg multiplier stage gqav7_z19p_system_i/gqav7_accelerator_0/inst/u_accelerator/i_core/i_pipeline/i_qk/i_qk/i_qk/i_engine/gen_row[6].gen_col[5].i_multiply/s1_product_q_reg/P[47:0] is not pipelined (MREG=0). Pipelining the multiplier function will improve performance and will save significant power so it is suggested whenever possible to fully pipeline this function.  If this multiplier was inferred, it is suggested to describe an additional register stage after this function.  If there is no registered adder/accumulator following the multiply function, two pipeline stages are suggested to allow both the MREG and PREG registers to be used.  If the DSP48 was instantiated in the design, it is suggested to set both the MREG and PREG attributes to 1 when performing multiply functions.
Related violations: <none>

DPOP-4#237 Warning
MREG Output pipelining  
DSP gqav7_z19p_system_i/gqav7_accelerator_0/inst/u_accelerator/i_core/i_pipeline/i_qk/i_qk/i_qk/i_engine/gen_row[6].gen_col[6].i_multiply/s1_product_q_reg multiplier stage gqav7_z19p_system_i/gqav7_accelerator_0/inst/u_accelerator/i_core/i_pipeline/i_qk/i_qk/i_qk/i_engine/gen_row[6].gen_col[6].i_multiply/s1_product_q_reg/P[47:0] is not pipelined (MREG=0). Pipelining the multiplier function will improve performance and will save significant power so it is suggested whenever possible to fully pipeline this function.  If this multiplier was inferred, it is suggested to describe an additional register stage after this function.  If there is no registered adder/accumulator following the multiply function, two pipeline stages are suggested to allow both the MREG and PREG registers to be used.  If the DSP48 was instantiated in the design, it is suggested to set both the MREG and PREG attributes to 1 when performing multiply functions.
Related violations: <none>

DPOP-4#238 Warning
MREG Output pipelining  
DSP gqav7_z19p_system_i/gqav7_accelerator_0/inst/u_accelerator/i_core/i_pipeline/i_qk/i_qk/i_qk/i_engine/gen_row[6].gen_col[7].i_multiply/s1_product_q_reg multiplier stage gqav7_z19p_system_i/gqav7_accelerator_0/inst/u_accelerator/i_core/i_pipeline/i_qk/i_qk/i_qk/i_engine/gen_row[6].gen_col[7].i_multiply/s1_product_q_reg/P[47:0] is not pipelined (MREG=0). Pipelining the multiplier function will improve performance and will save significant power so it is suggested whenever possible to fully pipeline this function.  If this multiplier was inferred, it is suggested to describe an additional register stage after this function.  If there is no registered adder/accumulator following the multiply function, two pipeline stages are suggested to allow both the MREG and PREG registers to be used.  If the DSP48 was instantiated in the design, it is suggested to set both the MREG and PREG attributes to 1 when performing multiply functions.
Related violations: <none>

DPOP-4#239 Warning
MREG Output pipelining  
DSP gqav7_z19p_system_i/gqav7_accelerator_0/inst/u_accelerator/i_core/i_pipeline/i_qk/i_qk/i_qk/i_engine/gen_row[7].gen_col[0].i_multiply/s1_product_q_reg multiplier stage gqav7_z19p_system_i/gqav7_accelerator_0/inst/u_accelerator/i_core/i_pipeline/i_qk/i_qk/i_qk/i_engine/gen_row[7].gen_col[0].i_multiply/s1_product_q_reg/P[47:0] is not pipelined (MREG=0). Pipelining the multiplier function will improve performance and will save significant power so it is suggested whenever possible to fully pipeline this function.  If this multiplier was inferred, it is suggested to describe an additional register stage after this function.  If there is no registered adder/accumulator following the multiply function, two pipeline stages are suggested to allow both the MREG and PREG registers to be used.  If the DSP48 was instantiated in the design, it is suggested to set both the MREG and PREG attributes to 1 when performing multiply functions.
Related violations: <none>

DPOP-4#240 Warning
MREG Output pipelining  
DSP gqav7_z19p_system_i/gqav7_accelerator_0/inst/u_accelerator/i_core/i_pipeline/i_qk/i_qk/i_qk/i_engine/gen_row[7].gen_col[1].i_multiply/s1_product_q_reg multiplier stage gqav7_z19p_system_i/gqav7_accelerator_0/inst/u_accelerator/i_core/i_pipeline/i_qk/i_qk/i_qk/i_engine/gen_row[7].gen_col[1].i_multiply/s1_product_q_reg/P[47:0] is not pipelined (MREG=0). Pipelining the multiplier function will improve performance and will save significant power so it is suggested whenever possible to fully pipeline this function.  If this multiplier was inferred, it is suggested to describe an additional register stage after this function.  If there is no registered adder/accumulator following the multiply function, two pipeline stages are suggested to allow both the MREG and PREG registers to be used.  If the DSP48 was instantiated in the design, it is suggested to set both the MREG and PREG attributes to 1 when performing multiply functions.
Related violations: <none>

DPOP-4#241 Warning
MREG Output pipelining  
DSP gqav7_z19p_system_i/gqav7_accelerator_0/inst/u_accelerator/i_core/i_pipeline/i_qk/i_qk/i_qk/i_engine/gen_row[7].gen_col[2].i_multiply/s1_product_q_reg multiplier stage gqav7_z19p_system_i/gqav7_accelerator_0/inst/u_accelerator/i_core/i_pipeline/i_qk/i_qk/i_qk/i_engine/gen_row[7].gen_col[2].i_multiply/s1_product_q_reg/P[47:0] is not pipelined (MREG=0). Pipelining the multiplier function will improve performance and will save significant power so it is suggested whenever possible to fully pipeline this function.  If this multiplier was inferred, it is suggested to describe an additional register stage after this function.  If there is no registered adder/accumulator following the multiply function, two pipeline stages are suggested to allow both the MREG and PREG registers to be used.  If the DSP48 was instantiated in the design, it is suggested to set both the MREG and PREG attributes to 1 when performing multiply functions.
Related violations: <none>

DPOP-4#242 Warning
MREG Output pipelining  
DSP gqav7_z19p_system_i/gqav7_accelerator_0/inst/u_accelerator/i_core/i_pipeline/i_qk/i_qk/i_qk/i_engine/gen_row[7].gen_col[3].i_multiply/s1_product_q_reg multiplier stage gqav7_z19p_system_i/gqav7_accelerator_0/inst/u_accelerator/i_core/i_pipeline/i_qk/i_qk/i_qk/i_engine/gen_row[7].gen_col[3].i_multiply/s1_product_q_reg/P[47:0] is not pipelined (MREG=0). Pipelining the multiplier function will improve performance and will save significant power so it is suggested whenever possible to fully pipeline this function.  If this multiplier was inferred, it is suggested to describe an additional register stage after this function.  If there is no registered adder/accumulator following the multiply function, two pipeline stages are suggested to allow both the MREG and PREG registers to be used.  If the DSP48 was instantiated in the design, it is suggested to set both the MREG and PREG attributes to 1 when performing multiply functions.
Related violations: <none>

DPOP-4#243 Warning
MREG Output pipelining  
DSP gqav7_z19p_system_i/gqav7_accelerator_0/inst/u_accelerator/i_core/i_pipeline/i_qk/i_qk/i_qk/i_engine/gen_row[7].gen_col[4].i_multiply/s1_product_q_reg multiplier stage gqav7_z19p_system_i/gqav7_accelerator_0/inst/u_accelerator/i_core/i_pipeline/i_qk/i_qk/i_qk/i_engine/gen_row[7].gen_col[4].i_multiply/s1_product_q_reg/P[47:0] is not pipelined (MREG=0). Pipelining the multiplier function will improve performance and will save significant power so it is suggested whenever possible to fully pipeline this function.  If this multiplier was inferred, it is suggested to describe an additional register stage after this function.  If there is no registered adder/accumulator following the multiply function, two pipeline stages are suggested to allow both the MREG and PREG registers to be used.  If the DSP48 was instantiated in the design, it is suggested to set both the MREG and PREG attributes to 1 when performing multiply functions.
Related violations: <none>

DPOP-4#244 Warning
MREG Output pipelining  
DSP gqav7_z19p_system_i/gqav7_accelerator_0/inst/u_accelerator/i_core/i_pipeline/i_qk/i_qk/i_qk/i_engine/gen_row[7].gen_col[5].i_multiply/s1_product_q_reg multiplier stage gqav7_z19p_system_i/gqav7_accelerator_0/inst/u_accelerator/i_core/i_pipeline/i_qk/i_qk/i_qk/i_engine/gen_row[7].gen_col[5].i_multiply/s1_product_q_reg/P[47:0] is not pipelined (MREG=0). Pipelining the multiplier function will improve performance and will save significant power so it is suggested whenever possible to fully pipeline this function.  If this multiplier was inferred, it is suggested to describe an additional register stage after this function.  If there is no registered adder/accumulator following the multiply function, two pipeline stages are suggested to allow both the MREG and PREG registers to be used.  If the DSP48 was instantiated in the design, it is suggested to set both the MREG and PREG attributes to 1 when performing multiply functions.
Related violations: <none>

DPOP-4#245 Warning
MREG Output pipelining  
DSP gqav7_z19p_system_i/gqav7_accelerator_0/inst/u_accelerator/i_core/i_pipeline/i_qk/i_qk/i_qk/i_engine/gen_row[7].gen_col[6].i_multiply/s1_product_q_reg multiplier stage gqav7_z19p_system_i/gqav7_accelerator_0/inst/u_accelerator/i_core/i_pipeline/i_qk/i_qk/i_qk/i_engine/gen_row[7].gen_col[6].i_multiply/s1_product_q_reg/P[47:0] is not pipelined (MREG=0). Pipelining the multiplier function will improve performance and will save significant power so it is suggested whenever possible to fully pipeline this function.  If this multiplier was inferred, it is suggested to describe an additional register stage after this function.  If there is no registered adder/accumulator following the multiply function, two pipeline stages are suggested to allow both the MREG and PREG registers to be used.  If the DSP48 was instantiated in the design, it is suggested to set both the MREG and PREG attributes to 1 when performing multiply functions.
Related violations: <none>

DPOP-4#246 Warning
MREG Output pipelining  
DSP gqav7_z19p_system_i/gqav7_accelerator_0/inst/u_accelerator/i_core/i_pipeline/i_qk/i_qk/i_qk/i_engine/gen_row[7].gen_col[7].i_multiply/s1_product_q_reg multiplier stage gqav7_z19p_system_i/gqav7_accelerator_0/inst/u_accelerator/i_core/i_pipeline/i_qk/i_qk/i_qk/i_engine/gen_row[7].gen_col[7].i_multiply/s1_product_q_reg/P[47:0] is not pipelined (MREG=0). Pipelining the multiplier function will improve performance and will save significant power so it is suggested whenever possible to fully pipeline this function.  If this multiplier was inferred, it is suggested to describe an additional register stage after this function.  If there is no registered adder/accumulator following the multiply function, two pipeline stages are suggested to allow both the MREG and PREG registers to be used.  If the DSP48 was instantiated in the design, it is suggested to set both the MREG and PREG attributes to 1 when performing multiply functions.
Related violations: <none>

PDCN-1569#1 Warning
LUT equation term check  
Used physical LUT pin 'A2' of cell dbg_hub/inst/BSCANID.u_xsdbm_id/SWITCH_N_EXT_BSCAN.bscan_switch/temp_curid[31]_i_1 (pin dbg_hub/inst/BSCANID.u_xsdbm_id/SWITCH_N_EXT_BSCAN.bscan_switch/temp_curid[31]_i_1/I0) is not included in the LUT equation: 'O5=(A1*A4)+(A1*(~A4)*(~A3))+((~A1))'. If this cell is a user instantiated LUT in the design, please remove connectivity to the pin or change the equation and/or INIT string of the LUT to prevent this issue. If the cell is inferred or IP created LUT, please regenerate the IP and/or resynthesize the design to attempt to correct the issue.
Related violations: <none>

PDCN-1569#2 Warning
LUT equation term check  
Used physical LUT pin 'A4' of cell dbg_hub/inst/BSCANID.u_xsdbm_id/SWITCH_N_EXT_BSCAN.id_state[0]_i_1 (pin dbg_hub/inst/BSCANID.u_xsdbm_id/SWITCH_N_EXT_BSCAN.id_state[0]_i_1/I0) is not included in the LUT equation: 'O6=(A6+~A6)*((A5))'. If this cell is a user instantiated LUT in the design, please remove connectivity to the pin or change the equation and/or INIT string of the LUT to prevent this issue. If the cell is inferred or IP created LUT, please regenerate the IP and/or resynthesize the design to attempt to correct the issue.
Related violations: <none>

PDCN-1569#3 Warning
LUT equation term check  
Used physical LUT pin 'A5' of cell dbg_hub/inst/BSCANID.u_xsdbm_id/SWITCH_N_EXT_BSCAN.bscan_switch/temp_curid[31]_i_1 (pin dbg_hub/inst/BSCANID.u_xsdbm_id/SWITCH_N_EXT_BSCAN.bscan_switch/temp_curid[31]_i_1/I1) is not included in the LUT equation: 'O5=(A1*A4)+(A1*(~A4)*(~A3))+((~A1))'. If this cell is a user instantiated LUT in the design, please remove connectivity to the pin or change the equation and/or INIT string of the LUT to prevent this issue. If the cell is inferred or IP created LUT, please regenerate the IP and/or resynthesize the design to attempt to correct the issue.
Related violations: <none>

REQP-1935#1 Warning
RAMB36E2_nochange_collision_advisory  
Synchronous clocking is detected for BRAM (gqav7_z19p_system_i/gqav7_accelerator_0/inst/u_accelerator/i_core/i_pipeline/i_downstream/i_final_buffer/row_mem_q_reg_0) in SDP mode with NO_CHANGE write-mode. This is the preferred mode for best power characteristics. However, NO_CHANGE may exhibit address collisions if the same address appears on both read and write ports resulting in unknown or corrupted read data. It is suggested to confirm via simulation that an address collision never occurs and if so it is suggested to try and avoid this situation. If address collisions cannot be avoided, the write-mode may be set to READ_FIRST which guarantees that the read data is the prior contents of the memory at the cost of additional power in the design. See the FPGA Memory Resources User Guide for additional information.
Related violations: <none>

REQP-1935#2 Warning
RAMB36E2_nochange_collision_advisory  
Synchronous clocking is detected for BRAM (gqav7_z19p_system_i/gqav7_accelerator_0/inst/u_accelerator/i_core/i_pipeline/i_downstream/i_final_buffer/row_mem_q_reg_1) in SDP mode with NO_CHANGE write-mode. This is the preferred mode for best power characteristics. However, NO_CHANGE may exhibit address collisions if the same address appears on both read and write ports resulting in unknown or corrupted read data. It is suggested to confirm via simulation that an address collision never occurs and if so it is suggested to try and avoid this situation. If address collisions cannot be avoided, the write-mode may be set to READ_FIRST which guarantees that the read data is the prior contents of the memory at the cost of additional power in the design. See the FPGA Memory Resources User Guide for additional information.
Related violations: <none>

REQP-1935#3 Warning
RAMB36E2_nochange_collision_advisory  
Synchronous clocking is detected for BRAM (gqav7_z19p_system_i/gqav7_accelerator_0/inst/u_accelerator/i_core/i_pipeline/i_downstream/i_final_buffer/row_mem_q_reg_2) in SDP mode with NO_CHANGE write-mode. This is the preferred mode for best power characteristics. However, NO_CHANGE may exhibit address collisions if the same address appears on both read and write ports resulting in unknown or corrupted read data. It is suggested to confirm via simulation that an address collision never occurs and if so it is suggested to try and avoid this situation. If address collisions cannot be avoided, the write-mode may be set to READ_FIRST which guarantees that the read data is the prior contents of the memory at the cost of additional power in the design. See the FPGA Memory Resources User Guide for additional information.
Related violations: <none>

REQP-1935#4 Warning
RAMB36E2_nochange_collision_advisory  
Synchronous clocking is detected for BRAM (gqav7_z19p_system_i/gqav7_accelerator_0/inst/u_accelerator/i_core/i_pipeline/i_downstream/i_final_buffer/row_mem_q_reg_3) in SDP mode with NO_CHANGE write-mode. This is the preferred mode for best power characteristics. However, NO_CHANGE may exhibit address collisions if the same address appears on both read and write ports resulting in unknown or corrupted read data. It is suggested to confirm via simulation that an address collision never occurs and if so it is suggested to try and avoid this situation. If address collisions cannot be avoided, the write-mode may be set to READ_FIRST which guarantees that the read data is the prior contents of the memory at the cost of additional power in the design. See the FPGA Memory Resources User Guide for additional information.
Related violations: <none>

RTSTAT-10#1 Warning
No routable loads  
356 net(s) have no routable loads. The problem bus(es) and/or net(s) are gqav7_z19p_system_i/pl_ddr4_0/inst/u_ddr4_controller/inst/u_ddr4_mem_intfc/u_ddr_cal_riu/LMB_CE_riu,
gqav7_z19p_system_i/pl_ddr4_0/inst/u_ddr4_controller/inst/u_ddr4_mem_intfc/u_ddr_cal_riu/LMB_UE_riu,
gqav7_z19p_system_i/pl_ddr4_0/inst/u_ddr4_controller/inst/u_ddr4_mem_intfc/u_ddr_cal_top/u_ddr_cal/u_xsdb_arbiter/Q[12],
gqav7_z19p_system_i/pl_ddr4_0/inst/u_ddr4_controller/inst/u_ddr4_mem_intfc/u_ddr_cal_top/u_ddr_cal/u_xsdb_arbiter/Q[13],
gqav7_z19p_system_i/pl_ddr4_0/inst/u_ddr4_controller/inst/u_ddr4_mem_intfc/u_ddr_cal_top/u_ddr_cal/u_xsdb_arbiter/Q[14],
gqav7_z19p_system_i/pl_ddr4_0/inst/u_ddr4_controller/inst/u_ddr4_mem_intfc/u_ddr_cal_top/u_ddr_cal/u_xsdb_arbiter/Q[15],
gqav7_z19p_system_i/pl_ddr4_0/inst/u_ddr4_controller/inst/u_ddr_axi/axi_r_channel_0/Q[4],
gqav7_z19p_system_i/pl_ddr4_0/inst/u_ddr_clock_converter/inst/gen_clock_conv.gen_async_conv.asyncfifo_axi/inst_fifo_gen/gaxi_full_lite.gwrite_ch.gwach2.axi_wach/grf.rf/gntv_or_sync_fifo.mem/Q[10],
gqav7_z19p_system_i/pl_ddr4_0/inst/u_ddr_clock_converter/inst/gen_clock_conv.gen_async_conv.asyncfifo_axi/inst_fifo_gen/gaxi_full_lite.gwrite_ch.gwach2.axi_wach/grf.rf/gntv_or_sync_fifo.mem/Q[11],
gqav7_z19p_system_i/pl_ddr4_0/inst/u_ddr_clock_converter/inst/gen_clock_conv.gen_async_conv.asyncfifo_axi/inst_fifo_gen/gaxi_full_lite.gwrite_ch.gwach2.axi_wach/grf.rf/gntv_or_sync_fifo.mem/Q[12],
gqav7_z19p_system_i/pl_ddr4_0/inst/u_ddr_clock_converter/inst/gen_clock_conv.gen_async_conv.asyncfifo_axi/inst_fifo_gen/gaxi_full_lite.gwrite_ch.gwach2.axi_wach/grf.rf/gntv_or_sync_fifo.mem/Q[13],
gqav7_z19p_system_i/pl_ddr4_0/inst/u_ddr_clock_converter/inst/gen_clock_conv.gen_async_conv.asyncfifo_axi/inst_fifo_gen/gaxi_full_lite.gwrite_ch.gwach2.axi_wach/grf.rf/gntv_or_sync_fifo.mem/Q[14],
gqav7_z19p_system_i/pl_ddr4_0/inst/u_ddr_clock_converter/inst/gen_clock_conv.gen_async_conv.asyncfifo_axi/inst_fifo_gen/gaxi_full_lite.gwrite_ch.gwach2.axi_wach/grf.rf/gntv_or_sync_fifo.mem/Q[15],
gqav7_z19p_system_i/pl_ddr4_0/inst/u_ddr_clock_converter/inst/gen_clock_conv.gen_async_conv.asyncfifo_axi/inst_fifo_gen/gaxi_full_lite.gwrite_ch.gwach2.axi_wach/grf.rf/gntv_or_sync_fifo.mem/Q[8],
gqav7_z19p_system_i/pl_ddr4_0/inst/u_ddr_clock_converter/inst/gen_clock_conv.gen_async_conv.asyncfifo_axi/inst_fifo_gen/gaxi_full_lite.gwrite_ch.gwach2.axi_wach/grf.rf/gntv_or_sync_fifo.mem/Q[9]
 (the first 15 of 216 listed nets/buses).
Related violations: <none>


