Copyright 1986-2022 Xilinx, Inc. All Rights Reserved. Copyright 2022-2025 Advanced Micro Devices, Inc. All Rights Reserved.
-----------------------------------------------------------------------------------------------------------------------------------------------------------------------------------------------------------------------
| Tool Version      : Vivado v.2025.2 (win64) Build 6299465 Fri Nov 14 19:35:11 GMT 2025
| Date              : Sat Aug  8 17:30:00 2026
| Host              : DESKTOP-608D0QK running 64-bit major release  (build 9200)
| Command           : report_timing -delay_type max -max_paths 100 -nworst 1 -path_type full -file R:/source/vivado/output/FPGAtten_2025_2_235MHz_core_300MHz_remote_validation/reports/report_timing_setup_top100.rpt
| Design            : gqav7_z19p_system_wrapper
| Device            : xczu19eg-ffvc1760
| Speed File        : -2  PRODUCTION 1.30 05-15-2022
| Design State      : Routed
| Temperature Grade : I
-----------------------------------------------------------------------------------------------------------------------------------------------------------------------------------------------------------------------

Timing Report

Slack (MET) :             0.017ns  (required time - arrival time)
  Source:                 gqav7_z19p_system_i/gqav7_accelerator_0/inst/u_accelerator/i_core/i_pipeline/i_downstream/i_pair_rescale/half0_valid_q_reg[1][1]/C
                            (rising edge-triggered cell FDCE clocked by clk_core_235_unbuf  {rise@0.000ns fall@2.128ns period=4.255ns})
  Destination:            gqav7_z19p_system_i/gqav7_accelerator_0/inst/u_accelerator/i_core/i_resident_operands/i_k_column_cache/gen_partition_ram[2].gen_resident_slice[0].column_mem_q_reg/ENARDEN
                            (rising edge-triggered cell RAMB36E2 clocked by clk_core_235_unbuf  {rise@0.000ns fall@2.128ns period=4.255ns})
  Path Group:             clk_core_235_unbuf
  Path Type:              Setup (Max at Slow Process Corner)
  Requirement:            4.255ns  (clk_core_235_unbuf rise@4.255ns - clk_core_235_unbuf rise@0.000ns)
  Data Path Delay:        3.736ns  (logic 0.922ns (24.678%)  route 2.814ns (75.322%))
  Logic Levels:           14  (LUT1=2 LUT2=1 LUT3=1 LUT4=3 LUT5=2 LUT6=4 MUXF7=1)
  Clock Path Skew:        -0.099ns (DCD - SCD + CPR)
    Destination Clock Delay (DCD):    1.924ns = ( 6.179 - 4.255 ) 
    Source Clock Delay      (SCD):    2.034ns
    Clock Pessimism Removal (CPR):    0.011ns
  Clock Uncertainty:      0.061ns  ((TSJ^2 + DJ^2)^1/2) / 2 + PE
    Total System Jitter     (TSJ):    0.071ns
    Discrete Jitter          (DJ):    0.099ns
    Phase Error              (PE):    0.000ns

    Location             Delay type                Incr(ns)  Path(ns)    Netlist Resource(s)
  -------------------------------------------------------------------    -------------------
                         (clock clk_core_235_unbuf rise edge)
                                                      0.000     0.000 r  
                         clock source latency        -1.206    -1.206    
                         propagated clock network latency
                                                      3.240     2.034    
    SLICE_X55Y213        FDCE                         0.000     2.034 r  gqav7_z19p_system_i/gqav7_accelerator_0/inst/u_accelerator/i_core/i_pipeline/i_downstream/i_pair_rescale/half0_valid_q_reg[1][1]/C
    SLICE_X55Y213        FDCE (Prop_AFF_SLICEL_C_Q)
                                                      0.079     2.113 r  gqav7_z19p_system_i/gqav7_accelerator_0/inst/u_accelerator/i_core/i_pipeline/i_downstream/i_pair_rescale/half0_valid_q_reg[1][1]/Q
                         net (fo=2, routed)           0.192     2.305    gqav7_z19p_system_i/gqav7_accelerator_0/inst/u_accelerator/i_core/i_pipeline/i_downstream/i_pair_rescale/gen_rescale_lane[4].i_rescale/s0_valid_q_reg_i_7_0
    SLICE_X56Y213        LUT6 (Prop_D6LUT_SLICEL_I0_O)
                                                      0.099     2.404 r  gqav7_z19p_system_i/gqav7_accelerator_0/inst/u_accelerator/i_core/i_pipeline/i_downstream/i_pair_rescale/gen_rescale_lane[4].i_rescale/s0_valid_q_i_14/O
                         net (fo=1, routed)           0.009     2.413    gqav7_z19p_system_i/gqav7_accelerator_0/inst/u_accelerator/i_core/i_pipeline/i_downstream/i_pair_rescale/gen_rescale_lane[4].i_rescale/s0_valid_q_i_14_n_0
    SLICE_X56Y213        MUXF7 (Prop_F7MUX_CD_SLICEL_I0_O)
                                                      0.063     2.476 r  gqav7_z19p_system_i/gqav7_accelerator_0/inst/u_accelerator/i_core/i_pipeline/i_downstream/i_pair_rescale/gen_rescale_lane[4].i_rescale/s0_valid_q_reg_i_7/O
                         net (fo=1, routed)           0.182     2.658    gqav7_z19p_system_i/gqav7_accelerator_0/inst/u_accelerator/i_core/i_pipeline/i_downstream/i_pair_rescale/gen_rescale_lane[4].i_rescale/s0_valid_q_reg_i_7_n_0
    SLICE_X58Y211        LUT6 (Prop_A6LUT_SLICEL_I5_O)
                                                      0.098     2.756 r  gqav7_z19p_system_i/gqav7_accelerator_0/inst/u_accelerator/i_core/i_pipeline/i_downstream/i_pair_rescale/gen_rescale_lane[4].i_rescale/s0_valid_q_i_3/O
                         net (fo=4, routed)           0.102     2.858    gqav7_z19p_system_i/gqav7_accelerator_0/inst/u_accelerator/i_core/i_pipeline/i_downstream/i_pair_rescale/gen_rescale_lane[4].i_rescale_n_51
    SLICE_X60Y211        LUT4 (Prop_C6LUT_SLICEL_I1_O)
                                                      0.035     2.893 r  gqav7_z19p_system_i/gqav7_accelerator_0/inst/u_accelerator/i_core/i_pipeline/i_downstream/i_pair_rescale/gen_difference_advance[0].i_difference_advance_i_2/O
                         net (fo=14, routed)          0.590     3.483    gqav7_z19p_system_i/gqav7_accelerator_0/inst/u_accelerator/i_core/i_pipeline/i_downstream/i_softmax/softmax_out_ready
    SLICE_X82Y185        LUT4 (Prop_F6LUT_SLICEL_I1_O)
                                                      0.123     3.606 r  gqav7_z19p_system_i/gqav7_accelerator_0/inst/u_accelerator/i_core/i_pipeline/i_downstream/i_softmax/gen_scale[0].i_scale_advance_i_1_replica/O
                         net (fo=1, routed)           0.040     3.646    gqav7_z19p_system_i/gqav7_accelerator_0/inst/u_accelerator/i_core/i_pipeline/i_downstream/i_softmax/E[0]_repN
    SLICE_X82Y185        LUT3 (Prop_E6LUT_SLICEL_I0_O)
                                                      0.090     3.736 r  gqav7_z19p_system_i/gqav7_accelerator_0/inst/u_accelerator/i_core/i_pipeline/i_downstream/i_softmax/result_row_q[3]_i_3_rewire/O
                         net (fo=2, routed)           0.083     3.819    gqav7_z19p_system_i/gqav7_accelerator_0/inst/u_accelerator/i_core/i_pipeline/i_qk/i_qk/i_qk/i_scheduler/score_row_ready
    SLICE_X82Y186        LUT6 (Prop_C6LUT_SLICEL_I0_O)
                                                      0.035     3.854 r  gqav7_z19p_system_i/gqav7_accelerator_0/inst/u_accelerator/i_core/i_pipeline/i_qk/i_qk/i_qk/i_scheduler/result_bank_ready_q[1]_i_2/O
                         net (fo=10, routed)          0.061     3.915    gqav7_z19p_system_i/gqav7_accelerator_0/inst/u_accelerator/i_core/i_pipeline/i_qk/i_qk/i_qk/i_scheduler/result_bank_q
    SLICE_X82Y186        LUT6 (Prop_B6LUT_SLICEL_I3_O)
                                                      0.090     4.005 r  gqav7_z19p_system_i/gqav7_accelerator_0/inst/u_accelerator/i_core/i_pipeline/i_qk/i_qk/i_qk/i_scheduler/state_slot_q[1][1]_i_3_replica/O
                         net (fo=2, routed)           0.242     4.247    gqav7_z19p_system_i/gqav7_accelerator_0/inst/u_accelerator/i_core/i_pipeline/i_qk/i_direct_column_adapter/result_bank_ready_q_reg[1]_repN_alias
    SLICE_X81Y171        LUT2 (Prop_E6LUT_SLICEL_I1_O)
                                                      0.035     4.282 r  gqav7_z19p_system_i/gqav7_accelerator_0/inst/u_accelerator/i_core/i_pipeline/i_qk/i_direct_column_adapter/i___0_i_4_rewire_rewire_replica/O
                         net (fo=1, routed)           0.089     4.371    gqav7_z19p_system_i/gqav7_accelerator_0/inst/u_accelerator/i_core/i_pipeline/i_qk/i_qk/i_qk/i_scheduler/qk_step_index_q_reg[5]_repN_1_alias
    SLICE_X81Y171        LUT4 (Prop_A6LUT_SLICEL_I2_O)
                                                      0.035     4.406 r  gqav7_z19p_system_i/gqav7_accelerator_0/inst/u_accelerator/i_core/i_pipeline/i_qk/i_qk/i_qk/i_scheduler/qk_step_index_q[0]_i_2_rewire/O
                         net (fo=5, routed)           0.104     4.510    gqav7_z19p_system_i/gqav7_accelerator_0/inst/u_accelerator/i_core/i_pipeline/i_qk/i_direct_column_adapter/qk_step_ready
    SLICE_X81Y169        LUT5 (Prop_C6LUT_SLICEL_I1_O)
                                                      0.035     4.545 f  gqav7_z19p_system_i/gqav7_accelerator_0/inst/u_accelerator/i_core/i_pipeline/i_qk/i_direct_column_adapter/gen_head_bank[0].i_replay_read_issue_buffer_i_2/O
                         net (fo=9, routed)           0.100     4.645    gqav7_z19p_system_i/gqav7_accelerator_0/inst/u_accelerator/i_core/i_resident_operands/i_k_column_cache/local_error_q_i_2__4_0
    SLICE_X80Y168        LUT5 (Prop_G6LUT_SLICEL_I0_O)
                                                      0.035     4.680 r  gqav7_z19p_system_i/gqav7_accelerator_0/inst/u_accelerator/i_core/i_resident_operands/i_k_column_cache/gen_partition_ram[0].i_replay_read_issue_partition_buffer_i_1_rewire/O
                         net (fo=16, routed)          0.107     4.787    gqav7_z19p_system_i/gqav7_accelerator_0/inst/u_accelerator/i_core/i_resident_operands/i_k_column_cache/gen_partition_ram[2].i_replay_read_issue_partition_buffer/in_i
    SLICE_X80Y166        LUT1 (Prop_F6LUT_SLICEL_I0_O)
                                                      0.035     4.822 r  gqav7_z19p_system_i/gqav7_accelerator_0/inst/u_accelerator/i_core/i_resident_operands/i_k_column_cache/gen_partition_ram[2].i_replay_read_issue_partition_buffer/i_local_lut_replica/O
                         net (fo=3, routed)           0.105     4.927    gqav7_z19p_system_i/gqav7_accelerator_0/inst/u_accelerator/i_core/i_resident_operands/i_k_column_cache/gen_partition_ram[2].gen_resident_slice[0].i_replay_read_issue_slice_buffer/out_o_repN_alias
    SLICE_X78Y166        LUT1 (Prop_F6LUT_SLICEL_I0_O)
                                                      0.035     4.962 r  gqav7_z19p_system_i/gqav7_accelerator_0/inst/u_accelerator/i_core/i_resident_operands/i_k_column_cache/gen_partition_ram[2].gen_resident_slice[0].i_replay_read_issue_slice_buffer/i_local_lut/O
                         net (fo=1, routed)           0.808     5.771    gqav7_z19p_system_i/gqav7_accelerator_0/inst/u_accelerator/i_core/i_resident_operands/i_k_column_cache/replay_read_issue_slice_local[2][0]_506
    RAMB36_X5Y20         RAMB36E2                                     r  gqav7_z19p_system_i/gqav7_accelerator_0/inst/u_accelerator/i_core/i_resident_operands/i_k_column_cache/gen_partition_ram[2].gen_resident_slice[0].column_mem_q_reg/ENARDEN
  -------------------------------------------------------------------    -------------------

                         (clock clk_core_235_unbuf rise edge)
                                                      4.255     4.255 r  
                         clock source latency        -1.044     3.211    
                         propagated clock network latency
                                                      2.968     6.179    
                         clock pessimism              0.011     6.190    
                         clock uncertainty           -0.061     6.130    
    RAMB36_X5Y20         RAMB36E2 (Setup_RAMB36E2_RAMB36_CLKARDCLK_ENARDEN)
                                                     -0.342     5.788    gqav7_z19p_system_i/gqav7_accelerator_0/inst/u_accelerator/i_core/i_resident_operands/i_k_column_cache/gen_partition_ram[2].gen_resident_slice[0].column_mem_q_reg
  -------------------------------------------------------------------
                         required time                          5.788    
                         arrival time                          -5.771    
  -------------------------------------------------------------------
                         slack                                  0.017    

Slack (MET) :             0.031ns  (required time - arrival time)
  Source:                 gqav7_z19p_system_i/data_smartconnect/inst/s00_entry_pipeline/s00_si_converter/inst/areset_reg/C
                            (rising edge-triggered cell FDRE clocked by clk_dma_300_unbuf  {rise@0.000ns fall@1.667ns period=3.333ns})
  Destination:            gqav7_z19p_system_i/data_smartconnect/inst/s00_entry_pipeline/s00_si_converter/inst/converter.low_area_converter.low_area_wrap_inst/aw_done_reg/R
                            (rising edge-triggered cell FDRE clocked by clk_dma_300_unbuf  {rise@0.000ns fall@1.667ns period=3.333ns})
  Path Group:             clk_dma_300_unbuf
  Path Type:              Setup (Max at Slow Process Corner)
  Requirement:            3.333ns  (clk_dma_300_unbuf rise@3.333ns - clk_dma_300_unbuf rise@0.000ns)
  Data Path Delay:        2.988ns  (logic 0.080ns (2.677%)  route 2.908ns (97.323%))
  Logic Levels:           0  
  Clock Path Skew:        -0.184ns (DCD - SCD + CPR)
    Destination Clock Delay (DCD):    1.819ns = ( 5.152 - 3.333 ) 
    Source Clock Delay      (SCD):    2.016ns
    Clock Pessimism Removal (CPR):    0.013ns
  Clock Uncertainty:      0.055ns  ((TSJ^2 + DJ^2)^1/2) / 2 + PE
    Total System Jitter     (TSJ):    0.071ns
    Discrete Jitter          (DJ):    0.085ns
    Phase Error              (PE):    0.000ns

    Location             Delay type                Incr(ns)  Path(ns)    Netlist Resource(s)
  -------------------------------------------------------------------    -------------------
                         (clock clk_dma_300_unbuf rise edge)
                                                      0.000     0.000 r  
                         clock source latency        -1.165    -1.165    
                         propagated clock network latency
                                                      3.181     2.016    
    SLICE_X33Y129        FDRE                         0.000     2.016 r  gqav7_z19p_system_i/data_smartconnect/inst/s00_entry_pipeline/s00_si_converter/inst/areset_reg/C
    SLICE_X33Y129        FDRE (Prop_HFF2_SLICEL_C_Q)
                                                      0.080     2.096 r  gqav7_z19p_system_i/data_smartconnect/inst/s00_entry_pipeline/s00_si_converter/inst/areset_reg/Q
                         net (fo=381, routed)         2.908     5.005    gqav7_z19p_system_i/data_smartconnect/inst/s00_entry_pipeline/s00_si_converter/inst/converter.low_area_converter.low_area_wrap_inst/areset
    SLICE_X28Y318        FDRE                                         r  gqav7_z19p_system_i/data_smartconnect/inst/s00_entry_pipeline/s00_si_converter/inst/converter.low_area_converter.low_area_wrap_inst/aw_done_reg/R
  -------------------------------------------------------------------    -------------------

                         (clock clk_dma_300_unbuf rise edge)
                                                      3.333     3.333 r  
                         clock source latency        -1.007     2.326    
                         propagated clock network latency
                                                      2.826     5.152    
                         clock pessimism              0.013     5.165    
                         clock uncertainty           -0.055     5.110    
    SLICE_X28Y318        FDRE (Setup_DFF_SLICEL_C_R)
                                                     -0.074     5.036    gqav7_z19p_system_i/data_smartconnect/inst/s00_entry_pipeline/s00_si_converter/inst/converter.low_area_converter.low_area_wrap_inst/aw_done_reg
  -------------------------------------------------------------------
                         required time                          5.036    
                         arrival time                          -5.005    
  -------------------------------------------------------------------
                         slack                                  0.031    

Slack (MET) :             0.031ns  (required time - arrival time)
  Source:                 gqav7_z19p_system_i/data_smartconnect/inst/s00_entry_pipeline/s00_si_converter/inst/areset_reg/C
                            (rising edge-triggered cell FDRE clocked by clk_dma_300_unbuf  {rise@0.000ns fall@1.667ns period=3.333ns})
  Destination:            gqav7_z19p_system_i/data_smartconnect/inst/s00_entry_pipeline/s00_si_converter/inst/converter.low_area_converter.low_area_wrap_inst/m_axi_awvalid_i_reg/R
                            (rising edge-triggered cell FDRE clocked by clk_dma_300_unbuf  {rise@0.000ns fall@1.667ns period=3.333ns})
  Path Group:             clk_dma_300_unbuf
  Path Type:              Setup (Max at Slow Process Corner)
  Requirement:            3.333ns  (clk_dma_300_unbuf rise@3.333ns - clk_dma_300_unbuf rise@0.000ns)
  Data Path Delay:        2.988ns  (logic 0.080ns (2.677%)  route 2.908ns (97.323%))
  Logic Levels:           0  
  Clock Path Skew:        -0.184ns (DCD - SCD + CPR)
    Destination Clock Delay (DCD):    1.819ns = ( 5.152 - 3.333 ) 
    Source Clock Delay      (SCD):    2.016ns
    Clock Pessimism Removal (CPR):    0.013ns
  Clock Uncertainty:      0.055ns  ((TSJ^2 + DJ^2)^1/2) / 2 + PE
    Total System Jitter     (TSJ):    0.071ns
    Discrete Jitter          (DJ):    0.085ns
    Phase Error              (PE):    0.000ns

    Location             Delay type                Incr(ns)  Path(ns)    Netlist Resource(s)
  -------------------------------------------------------------------    -------------------
                         (clock clk_dma_300_unbuf rise edge)
                                                      0.000     0.000 r  
                         clock source latency        -1.165    -1.165    
                         propagated clock network latency
                                                      3.181     2.016    
    SLICE_X33Y129        FDRE                         0.000     2.016 r  gqav7_z19p_system_i/data_smartconnect/inst/s00_entry_pipeline/s00_si_converter/inst/areset_reg/C
    SLICE_X33Y129        FDRE (Prop_HFF2_SLICEL_C_Q)
                                                      0.080     2.096 r  gqav7_z19p_system_i/data_smartconnect/inst/s00_entry_pipeline/s00_si_converter/inst/areset_reg/Q
                         net (fo=381, routed)         2.908     5.005    gqav7_z19p_system_i/data_smartconnect/inst/s00_entry_pipeline/s00_si_converter/inst/converter.low_area_converter.low_area_wrap_inst/areset
    SLICE_X28Y318        FDRE                                         r  gqav7_z19p_system_i/data_smartconnect/inst/s00_entry_pipeline/s00_si_converter/inst/converter.low_area_converter.low_area_wrap_inst/m_axi_awvalid_i_reg/R
  -------------------------------------------------------------------    -------------------

                         (clock clk_dma_300_unbuf rise edge)
                                                      3.333     3.333 r  
                         clock source latency        -1.007     2.326    
                         propagated clock network latency
                                                      2.826     5.152    
                         clock pessimism              0.013     5.165    
                         clock uncertainty           -0.055     5.110    
    SLICE_X28Y318        FDRE (Setup_BFF_SLICEL_C_R)
                                                     -0.074     5.036    gqav7_z19p_system_i/data_smartconnect/inst/s00_entry_pipeline/s00_si_converter/inst/converter.low_area_converter.low_area_wrap_inst/m_axi_awvalid_i_reg
  -------------------------------------------------------------------
                         required time                          5.036    
                         arrival time                          -5.005    
  -------------------------------------------------------------------
                         slack                                  0.031    

Slack (MET) :             0.031ns  (required time - arrival time)
  Source:                 gqav7_z19p_system_i/data_smartconnect/inst/s00_entry_pipeline/s00_si_converter/inst/areset_reg/C
                            (rising edge-triggered cell FDRE clocked by clk_dma_300_unbuf  {rise@0.000ns fall@1.667ns period=3.333ns})
  Destination:            gqav7_z19p_system_i/data_smartconnect/inst/s00_entry_pipeline/s00_si_converter/inst/converter.low_area_converter.low_area_wrap_inst/push_bcmd_fifo_reg/R
                            (rising edge-triggered cell FDRE clocked by clk_dma_300_unbuf  {rise@0.000ns fall@1.667ns period=3.333ns})
  Path Group:             clk_dma_300_unbuf
  Path Type:              Setup (Max at Slow Process Corner)
  Requirement:            3.333ns  (clk_dma_300_unbuf rise@3.333ns - clk_dma_300_unbuf rise@0.000ns)
  Data Path Delay:        2.988ns  (logic 0.080ns (2.677%)  route 2.908ns (97.323%))
  Logic Levels:           0  
  Clock Path Skew:        -0.184ns (DCD - SCD + CPR)
    Destination Clock Delay (DCD):    1.819ns = ( 5.152 - 3.333 ) 
    Source Clock Delay      (SCD):    2.016ns
    Clock Pessimism Removal (CPR):    0.013ns
  Clock Uncertainty:      0.055ns  ((TSJ^2 + DJ^2)^1/2) / 2 + PE
    Total System Jitter     (TSJ):    0.071ns
    Discrete Jitter          (DJ):    0.085ns
    Phase Error              (PE):    0.000ns

    Location             Delay type                Incr(ns)  Path(ns)    Netlist Resource(s)
  -------------------------------------------------------------------    -------------------
                         (clock clk_dma_300_unbuf rise edge)
                                                      0.000     0.000 r  
                         clock source latency        -1.165    -1.165    
                         propagated clock network latency
                                                      3.181     2.016    
    SLICE_X33Y129        FDRE                         0.000     2.016 r  gqav7_z19p_system_i/data_smartconnect/inst/s00_entry_pipeline/s00_si_converter/inst/areset_reg/C
    SLICE_X33Y129        FDRE (Prop_HFF2_SLICEL_C_Q)
                                                      0.080     2.096 r  gqav7_z19p_system_i/data_smartconnect/inst/s00_entry_pipeline/s00_si_converter/inst/areset_reg/Q
                         net (fo=381, routed)         2.908     5.005    gqav7_z19p_system_i/data_smartconnect/inst/s00_entry_pipeline/s00_si_converter/inst/converter.low_area_converter.low_area_wrap_inst/areset
    SLICE_X28Y318        FDRE                                         r  gqav7_z19p_system_i/data_smartconnect/inst/s00_entry_pipeline/s00_si_converter/inst/converter.low_area_converter.low_area_wrap_inst/push_bcmd_fifo_reg/R
  -------------------------------------------------------------------    -------------------

                         (clock clk_dma_300_unbuf rise edge)
                                                      3.333     3.333 r  
                         clock source latency        -1.007     2.326    
                         propagated clock network latency
                                                      2.826     5.152    
                         clock pessimism              0.013     5.165    
                         clock uncertainty           -0.055     5.110    
    SLICE_X28Y318        FDRE (Setup_DFF2_SLICEL_C_R)
                                                     -0.074     5.036    gqav7_z19p_system_i/data_smartconnect/inst/s00_entry_pipeline/s00_si_converter/inst/converter.low_area_converter.low_area_wrap_inst/push_bcmd_fifo_reg
  -------------------------------------------------------------------
                         required time                          5.036    
                         arrival time                          -5.005    
  -------------------------------------------------------------------
                         slack                                  0.031    

Slack (MET) :             0.034ns  (required time - arrival time)
  Source:                 gqav7_z19p_system_i/data_smartconnect/inst/s00_entry_pipeline/s00_si_converter/inst/areset_reg/C
                            (rising edge-triggered cell FDRE clocked by clk_dma_300_unbuf  {rise@0.000ns fall@1.667ns period=3.333ns})
  Destination:            gqav7_z19p_system_i/data_smartconnect/inst/s00_entry_pipeline/s00_si_converter/inst/converter.low_area_converter.low_area_wrap_inst/FSM_onehot_w_state_reg[2]/R
                            (rising edge-triggered cell FDRE clocked by clk_dma_300_unbuf  {rise@0.000ns fall@1.667ns period=3.333ns})
  Path Group:             clk_dma_300_unbuf
  Path Type:              Setup (Max at Slow Process Corner)
  Requirement:            3.333ns  (clk_dma_300_unbuf rise@3.333ns - clk_dma_300_unbuf rise@0.000ns)
  Data Path Delay:        2.987ns  (logic 0.080ns (2.678%)  route 2.907ns (97.322%))
  Logic Levels:           0  
  Clock Path Skew:        -0.182ns (DCD - SCD + CPR)
    Destination Clock Delay (DCD):    1.821ns = ( 5.154 - 3.333 ) 
    Source Clock Delay      (SCD):    2.016ns
    Clock Pessimism Removal (CPR):    0.013ns
  Clock Uncertainty:      0.055ns  ((TSJ^2 + DJ^2)^1/2) / 2 + PE
    Total System Jitter     (TSJ):    0.071ns
    Discrete Jitter          (DJ):    0.085ns
    Phase Error              (PE):    0.000ns

    Location             Delay type                Incr(ns)  Path(ns)    Netlist Resource(s)
  -------------------------------------------------------------------    -------------------
                         (clock clk_dma_300_unbuf rise edge)
                                                      0.000     0.000 r  
                         clock source latency        -1.165    -1.165    
                         propagated clock network latency
                                                      3.181     2.016    
    SLICE_X33Y129        FDRE                         0.000     2.016 r  gqav7_z19p_system_i/data_smartconnect/inst/s00_entry_pipeline/s00_si_converter/inst/areset_reg/C
    SLICE_X33Y129        FDRE (Prop_HFF2_SLICEL_C_Q)
                                                      0.080     2.096 r  gqav7_z19p_system_i/data_smartconnect/inst/s00_entry_pipeline/s00_si_converter/inst/areset_reg/Q
                         net (fo=381, routed)         2.907     5.004    gqav7_z19p_system_i/data_smartconnect/inst/s00_entry_pipeline/s00_si_converter/inst/converter.low_area_converter.low_area_wrap_inst/areset
    SLICE_X28Y318        FDRE                                         r  gqav7_z19p_system_i/data_smartconnect/inst/s00_entry_pipeline/s00_si_converter/inst/converter.low_area_converter.low_area_wrap_inst/FSM_onehot_w_state_reg[2]/R
  -------------------------------------------------------------------    -------------------

                         (clock clk_dma_300_unbuf rise edge)
                                                      3.333     3.333 r  
                         clock source latency        -1.007     2.326    
                         propagated clock network latency
                                                      2.828     5.154    
                         clock pessimism              0.013     5.167    
                         clock uncertainty           -0.055     5.112    
    SLICE_X28Y318        FDRE (Setup_EFF_SLICEL_C_R)
                                                     -0.074     5.038    gqav7_z19p_system_i/data_smartconnect/inst/s00_entry_pipeline/s00_si_converter/inst/converter.low_area_converter.low_area_wrap_inst/FSM_onehot_w_state_reg[2]
  -------------------------------------------------------------------
                         required time                          5.038    
                         arrival time                          -5.004    
  -------------------------------------------------------------------
                         slack                                  0.034    

Slack (MET) :             0.034ns  (required time - arrival time)
  Source:                 gqav7_z19p_system_i/data_smartconnect/inst/s00_entry_pipeline/s00_si_converter/inst/areset_reg/C
                            (rising edge-triggered cell FDRE clocked by clk_dma_300_unbuf  {rise@0.000ns fall@1.667ns period=3.333ns})
  Destination:            gqav7_z19p_system_i/data_smartconnect/inst/s00_entry_pipeline/s00_si_converter/inst/converter.low_area_converter.low_area_wrap_inst/FSM_onehot_w_state_reg[3]/R
                            (rising edge-triggered cell FDRE clocked by clk_dma_300_unbuf  {rise@0.000ns fall@1.667ns period=3.333ns})
  Path Group:             clk_dma_300_unbuf
  Path Type:              Setup (Max at Slow Process Corner)
  Requirement:            3.333ns  (clk_dma_300_unbuf rise@3.333ns - clk_dma_300_unbuf rise@0.000ns)
  Data Path Delay:        2.987ns  (logic 0.080ns (2.678%)  route 2.907ns (97.322%))
  Logic Levels:           0  
  Clock Path Skew:        -0.182ns (DCD - SCD + CPR)
    Destination Clock Delay (DCD):    1.821ns = ( 5.154 - 3.333 ) 
    Source Clock Delay      (SCD):    2.016ns
    Clock Pessimism Removal (CPR):    0.013ns
  Clock Uncertainty:      0.055ns  ((TSJ^2 + DJ^2)^1/2) / 2 + PE
    Total System Jitter     (TSJ):    0.071ns
    Discrete Jitter          (DJ):    0.085ns
    Phase Error              (PE):    0.000ns

    Location             Delay type                Incr(ns)  Path(ns)    Netlist Resource(s)
  -------------------------------------------------------------------    -------------------
                         (clock clk_dma_300_unbuf rise edge)
                                                      0.000     0.000 r  
                         clock source latency        -1.165    -1.165    
                         propagated clock network latency
                                                      3.181     2.016    
    SLICE_X33Y129        FDRE                         0.000     2.016 r  gqav7_z19p_system_i/data_smartconnect/inst/s00_entry_pipeline/s00_si_converter/inst/areset_reg/C
    SLICE_X33Y129        FDRE (Prop_HFF2_SLICEL_C_Q)
                                                      0.080     2.096 r  gqav7_z19p_system_i/data_smartconnect/inst/s00_entry_pipeline/s00_si_converter/inst/areset_reg/Q
                         net (fo=381, routed)         2.907     5.004    gqav7_z19p_system_i/data_smartconnect/inst/s00_entry_pipeline/s00_si_converter/inst/converter.low_area_converter.low_area_wrap_inst/areset
    SLICE_X28Y318        FDRE                                         r  gqav7_z19p_system_i/data_smartconnect/inst/s00_entry_pipeline/s00_si_converter/inst/converter.low_area_converter.low_area_wrap_inst/FSM_onehot_w_state_reg[3]/R
  -------------------------------------------------------------------    -------------------

                         (clock clk_dma_300_unbuf rise edge)
                                                      3.333     3.333 r  
                         clock source latency        -1.007     2.326    
                         propagated clock network latency
                                                      2.828     5.154    
                         clock pessimism              0.013     5.167    
                         clock uncertainty           -0.055     5.112    
    SLICE_X28Y318        FDRE (Setup_EFF2_SLICEL_C_R)
                                                     -0.074     5.038    gqav7_z19p_system_i/data_smartconnect/inst/s00_entry_pipeline/s00_si_converter/inst/converter.low_area_converter.low_area_wrap_inst/FSM_onehot_w_state_reg[3]
  -------------------------------------------------------------------
                         required time                          5.038    
                         arrival time                          -5.004    
  -------------------------------------------------------------------
                         slack                                  0.034    

Slack (MET) :             0.042ns  (required time - arrival time)
  Source:                 gqav7_z19p_system_i/gqav7_accelerator_0/inst/u_accelerator/i_core/i_group_scheduler/replay_reduction_tile_q_reg[1]/C
                            (rising edge-triggered cell FDCE clocked by clk_core_235_unbuf  {rise@0.000ns fall@2.128ns period=4.255ns})
  Destination:            gqav7_z19p_system_i/gqav7_accelerator_0/inst/u_accelerator/i_core/i_resident_operands/i_k_column_cache/tile_valid_q_reg[23]/D
                            (rising edge-triggered cell FDCE clocked by clk_core_235_unbuf  {rise@0.000ns fall@2.128ns period=4.255ns})
  Path Group:             clk_core_235_unbuf
  Path Type:              Setup (Max at Slow Process Corner)
  Requirement:            4.255ns  (clk_core_235_unbuf rise@4.255ns - clk_core_235_unbuf rise@0.000ns)
  Data Path Delay:        4.141ns  (logic 1.083ns (26.152%)  route 3.058ns (73.848%))
  Logic Levels:           13  (LUT2=3 LUT5=2 LUT6=8)
  Clock Path Skew:        -0.036ns (DCD - SCD + CPR)
    Destination Clock Delay (DCD):    2.015ns = ( 6.270 - 4.255 ) 
    Source Clock Delay      (SCD):    2.157ns
    Clock Pessimism Removal (CPR):    0.106ns
  Clock Uncertainty:      0.061ns  ((TSJ^2 + DJ^2)^1/2) / 2 + PE
    Total System Jitter     (TSJ):    0.071ns
    Discrete Jitter          (DJ):    0.099ns
    Phase Error              (PE):    0.000ns

    Location             Delay type                Incr(ns)  Path(ns)    Netlist Resource(s)
  -------------------------------------------------------------------    -------------------
                         (clock clk_core_235_unbuf rise edge)
                                                      0.000     0.000 r  
                         clock source latency        -1.206    -1.206    
                         propagated clock network latency
                                                      3.363     2.157    
    SLICE_X92Y174        FDCE                         0.000     2.157 r  gqav7_z19p_system_i/gqav7_accelerator_0/inst/u_accelerator/i_core/i_group_scheduler/replay_reduction_tile_q_reg[1]/C
    SLICE_X92Y174        FDCE (Prop_HFF_SLICEL_C_Q)
                                                      0.079     2.236 f  gqav7_z19p_system_i/gqav7_accelerator_0/inst/u_accelerator/i_core/i_group_scheduler/replay_reduction_tile_q_reg[1]/Q
                         net (fo=9, routed)           0.483     2.719    gqav7_z19p_system_i/gqav7_accelerator_0/inst/u_accelerator/i_core/i_group_scheduler/replay_reduction_tile_q_reg_n_0_[1]
    SLICE_X94Y174        LUT2 (Prop_F6LUT_SLICEL_I0_O)
                                                      0.035     2.754 f  gqav7_z19p_system_i/gqav7_accelerator_0/inst/u_accelerator/i_core/i_group_scheduler/replay_base_tile_q[1]_i_1_replica_1/O
                         net (fo=18, routed)          0.166     2.920    gqav7_z19p_system_i/gqav7_accelerator_0/inst/u_accelerator/i_core/i_group_scheduler/replay_reduction_tile_q_reg[2]_0[1]_repN_1
    SLICE_X93Y176        LUT2 (Prop_G6LUT_SLICEL_I1_O)
                                                      0.089     3.009 r  gqav7_z19p_system_i/gqav7_accelerator_0/inst/u_accelerator/i_core/i_group_scheduler/replay_issue_column_q[3]_i_45_replica/O
                         net (fo=5, routed)           0.491     3.500    gqav7_z19p_system_i/gqav7_accelerator_0/inst/u_accelerator/i_core/i_group_scheduler/replay_issue_column_q[3]_i_45_n_0_repN
    SLICE_X92Y177        LUT6 (Prop_E6LUT_SLICEL_I5_O)
                                                      0.123     3.623 f  gqav7_z19p_system_i/gqav7_accelerator_0/inst/u_accelerator/i_core/i_group_scheduler/replay_issue_column_q[3]_i_216/O
                         net (fo=1, routed)           0.167     3.790    gqav7_z19p_system_i/gqav7_accelerator_0/inst/u_accelerator/i_core/i_group_scheduler/replay_issue_column_q[3]_i_216_n_0
    SLICE_X91Y173        LUT6 (Prop_F6LUT_SLICEL_I0_O)
                                                      0.148     3.938 r  gqav7_z19p_system_i/gqav7_accelerator_0/inst/u_accelerator/i_core/i_group_scheduler/replay_issue_column_q[3]_i_77/O
                         net (fo=1, routed)           0.193     4.131    gqav7_z19p_system_i/gqav7_accelerator_0/inst/u_accelerator/i_core/i_group_scheduler/replay_issue_column_q[3]_i_77_n_0
    SLICE_X90Y174        LUT6 (Prop_C6LUT_SLICEL_I0_O)
                                                      0.146     4.277 r  gqav7_z19p_system_i/gqav7_accelerator_0/inst/u_accelerator/i_core/i_group_scheduler/replay_issue_column_q[3]_i_20/O
                         net (fo=1, routed)           0.139     4.416    gqav7_z19p_system_i/gqav7_accelerator_0/inst/u_accelerator/i_core/i_group_scheduler/replay_issue_column_q[3]_i_20_n_0
    SLICE_X90Y171        LUT6 (Prop_A6LUT_SLICEL_I1_O)
                                                      0.124     4.540 r  gqav7_z19p_system_i/gqav7_accelerator_0/inst/u_accelerator/i_core/i_group_scheduler/replay_issue_column_q[3]_i_7/O
                         net (fo=3, routed)           0.237     4.777    gqav7_z19p_system_i/gqav7_accelerator_0/inst/u_accelerator/i_core/i_group_scheduler/replay_issue_column_q[3]_i_7_n_0
    SLICE_X91Y168        LUT6 (Prop_D6LUT_SLICEL_I1_O)
                                                      0.036     4.813 f  gqav7_z19p_system_i/gqav7_accelerator_0/inst/u_accelerator/i_core/i_group_scheduler/replay_issue_column_q[3]_i_3__0_replica/O
                         net (fo=1, routed)           0.038     4.851    gqav7_z19p_system_i/gqav7_accelerator_0/inst/u_accelerator/i_core/i_resident_operands/i_k_column_cache/q_direct_replay_start_ready_repN_alias
    SLICE_X91Y168        LUT5 (Prop_F6LUT_SLICEL_I0_O)
                                                      0.035     4.886 f  gqav7_z19p_system_i/gqav7_accelerator_0/inst/u_accelerator/i_core/i_resident_operands/i_k_column_cache/replay_wave_tiles_q[3]_i_1_rewire_replica/O
                         net (fo=1, routed)           0.137     5.023    gqav7_z19p_system_i/gqav7_accelerator_0/inst/u_accelerator/i_core/i_row_mover/E[0]_repN_alias
    SLICE_X91Y164        LUT6 (Prop_E6LUT_SLICEL_I0_O)
                                                      0.035     5.058 f  gqav7_z19p_system_i/gqav7_accelerator_0/inst/u_accelerator/i_core/i_row_mover/fill_expected_row_q[3]_i_3/O
                         net (fo=7, routed)           0.104     5.162    gqav7_z19p_system_i/gqav7_accelerator_0/inst/u_accelerator/i_core/i_row_mover/replay_out_valid_q_reg
    SLICE_X91Y166        LUT2 (Prop_A6LUT_SLICEL_I1_O)
                                                      0.035     5.197 r  gqav7_z19p_system_i/gqav7_accelerator_0/inst/u_accelerator/i_core/i_row_mover/tile_valid_q[124]_i_3/O
                         net (fo=47, routed)          0.518     5.715    gqav7_z19p_system_i/gqav7_accelerator_0/inst/u_accelerator/i_core/i_row_mover/fill_offer_can_evict
    SLICE_X99Y167        LUT6 (Prop_H6LUT_SLICEL_I0_O)
                                                      0.036     5.751 r  gqav7_z19p_system_i/gqav7_accelerator_0/inst/u_accelerator/i_core/i_row_mover/tile_valid_q[119]_i_5/O
                         net (fo=4, routed)           0.232     5.983    gqav7_z19p_system_i/gqav7_accelerator_0/inst/u_accelerator/i_core/i_resident_operands/i_k_column_cache/tile_valid_q_reg[87]_0
    SLICE_X97Y167        LUT5 (Prop_A6LUT_SLICEM_I4_O)
                                                      0.125     6.108 r  gqav7_z19p_system_i/gqav7_accelerator_0/inst/u_accelerator/i_core/i_resident_operands/i_k_column_cache/tile_valid_q[23]_i_3/O
                         net (fo=1, routed)           0.090     6.198    gqav7_z19p_system_i/gqav7_accelerator_0/inst/u_accelerator/i_core/i_resident_operands/i_k_column_cache/tile_valid_q[23]_i_3_n_0
    SLICE_X97Y166        LUT6 (Prop_C6LUT_SLICEM_I4_O)
                                                      0.037     6.235 r  gqav7_z19p_system_i/gqav7_accelerator_0/inst/u_accelerator/i_core/i_resident_operands/i_k_column_cache/tile_valid_q[23]_i_1/O
                         net (fo=1, routed)           0.064     6.299    gqav7_z19p_system_i/gqav7_accelerator_0/inst/u_accelerator/i_core/i_resident_operands/i_k_column_cache/tile_valid_q[23]_i_1_n_0
    SLICE_X97Y166        FDCE                                         r  gqav7_z19p_system_i/gqav7_accelerator_0/inst/u_accelerator/i_core/i_resident_operands/i_k_column_cache/tile_valid_q_reg[23]/D
  -------------------------------------------------------------------    -------------------

                         (clock clk_core_235_unbuf rise edge)
                                                      4.255     4.255 r  
                         clock source latency        -1.044     3.211    
                         propagated clock network latency
                                                      3.059     6.270    
                         clock pessimism              0.106     6.376    
                         clock uncertainty           -0.061     6.316    
    SLICE_X97Y166        FDCE (Setup_CFF2_SLICEM_C_D)
                                                      0.025     6.341    gqav7_z19p_system_i/gqav7_accelerator_0/inst/u_accelerator/i_core/i_resident_operands/i_k_column_cache/tile_valid_q_reg[23]
  -------------------------------------------------------------------
                         required time                          6.341    
                         arrival time                          -6.299    
  -------------------------------------------------------------------
                         slack                                  0.042    

Slack (MET) :             0.045ns  (required time - arrival time)
  Source:                 gqav7_z19p_system_i/data_smartconnect/inst/s00_nodes/s00_aw_node/inst/inst_mi_handler/gen_normal_area.inst_fifo_node_payld/gen_xpm_memory_fifo.inst_fifo/gen_mem_rep[0].inst_rd_addrb/count_r_reg[1]/C
                            (rising edge-triggered cell FDRE clocked by clk_dma_300_unbuf  {rise@0.000ns fall@1.667ns period=3.333ns})
  Destination:            gqav7_z19p_system_i/data_smartconnect/inst/s00_nodes/s00_aw_node/inst/inst_mi_handler/gen_normal_area.inst_fifo_node_payld/gen_xpm_memory_fifo.inst_fifo/gen_mem_rep[0].inst_xpm_memory/xpm_memory_base_inst/gen_rd_b.gen_rd_b_synth_template.gen_rf_narrow_reg.doutb_reg_reg[7]/D
                            (rising edge-triggered cell FDRE clocked by clk_dma_300_unbuf  {rise@0.000ns fall@1.667ns period=3.333ns})
  Path Group:             clk_dma_300_unbuf
  Path Type:              Setup (Max at Slow Process Corner)
  Requirement:            3.333ns  (clk_dma_300_unbuf rise@3.333ns - clk_dma_300_unbuf rise@0.000ns)
  Data Path Delay:        3.041ns  (logic 0.201ns (6.610%)  route 2.840ns (93.390%))
  Logic Levels:           1  (RAMD32=1)
  Clock Path Skew:        -0.217ns (DCD - SCD + CPR)
    Destination Clock Delay (DCD):    1.800ns = ( 5.133 - 3.333 ) 
    Source Clock Delay      (SCD):    2.030ns
    Clock Pessimism Removal (CPR):    0.013ns
  Clock Uncertainty:      0.055ns  ((TSJ^2 + DJ^2)^1/2) / 2 + PE
    Total System Jitter     (TSJ):    0.071ns
    Discrete Jitter          (DJ):    0.085ns
    Phase Error              (PE):    0.000ns

    Location             Delay type                Incr(ns)  Path(ns)    Netlist Resource(s)
  -------------------------------------------------------------------    -------------------
                         (clock clk_dma_300_unbuf rise edge)
                                                      0.000     0.000 r  
                         clock source latency        -1.165    -1.165    
                         propagated clock network latency
                                                      3.195     2.030    
    SLICE_X27Y306        FDRE                         0.000     2.030 r  gqav7_z19p_system_i/data_smartconnect/inst/s00_nodes/s00_aw_node/inst/inst_mi_handler/gen_normal_area.inst_fifo_node_payld/gen_xpm_memory_fifo.inst_fifo/gen_mem_rep[0].inst_rd_addrb/count_r_reg[1]/C
    SLICE_X27Y306        FDRE (Prop_EFF2_SLICEM_C_Q)
                                                      0.079     2.109 r  gqav7_z19p_system_i/data_smartconnect/inst/s00_nodes/s00_aw_node/inst/inst_mi_handler/gen_normal_area.inst_fifo_node_payld/gen_xpm_memory_fifo.inst_fifo/gen_mem_rep[0].inst_rd_addrb/count_r_reg[1]/Q
                         net (fo=153, routed)         2.768     4.877    gqav7_z19p_system_i/data_smartconnect/inst/s00_nodes/s00_aw_node/inst/inst_mi_handler/gen_normal_area.inst_fifo_node_payld/gen_xpm_memory_fifo.inst_fifo/gen_mem_rep[0].inst_xpm_memory/xpm_memory_base_inst/gen_wr_a.gen_word_narrow.mem_reg_0_31_0_13/ADDRD1
    SLICE_X23Y252        RAMD32 (Prop_D6LUT_SLICEM_RADR1_O)
                                                      0.122     4.999 r  gqav7_z19p_system_i/data_smartconnect/inst/s00_nodes/s00_aw_node/inst/inst_mi_handler/gen_normal_area.inst_fifo_node_payld/gen_xpm_memory_fifo.inst_fifo/gen_mem_rep[0].inst_xpm_memory/xpm_memory_base_inst/gen_wr_a.gen_word_narrow.mem_reg_0_31_0_13/RAMD_D1/O
                         net (fo=1, routed)           0.072     5.071    gqav7_z19p_system_i/data_smartconnect/inst/s00_nodes/s00_aw_node/inst/inst_mi_handler/gen_normal_area.inst_fifo_node_payld/gen_xpm_memory_fifo.inst_fifo/gen_mem_rep[0].inst_xpm_memory/xpm_memory_base_inst/gen_rd_b.gen_rd_b_synth_template.gen_rf_narrow_reg.doutb_reg_reg0[7]
    SLICE_X23Y252        FDRE                                         r  gqav7_z19p_system_i/data_smartconnect/inst/s00_nodes/s00_aw_node/inst/inst_mi_handler/gen_normal_area.inst_fifo_node_payld/gen_xpm_memory_fifo.inst_fifo/gen_mem_rep[0].inst_xpm_memory/xpm_memory_base_inst/gen_rd_b.gen_rd_b_synth_template.gen_rf_narrow_reg.doutb_reg_reg[7]/D
  -------------------------------------------------------------------    -------------------

                         (clock clk_dma_300_unbuf rise edge)
                                                      3.333     3.333 r  
                         clock source latency        -1.007     2.326    
                         propagated clock network latency
                                                      2.807     5.133    
                         clock pessimism              0.013     5.147    
                         clock uncertainty           -0.055     5.091    
    SLICE_X23Y252        FDRE (Setup_DFF_SLICEM_C_D)
                                                      0.025     5.116    gqav7_z19p_system_i/data_smartconnect/inst/s00_nodes/s00_aw_node/inst/inst_mi_handler/gen_normal_area.inst_fifo_node_payld/gen_xpm_memory_fifo.inst_fifo/gen_mem_rep[0].inst_xpm_memory/xpm_memory_base_inst/gen_rd_b.gen_rd_b_synth_template.gen_rf_narrow_reg.doutb_reg_reg[7]
  -------------------------------------------------------------------
                         required time                          5.116    
                         arrival time                          -5.071    
  -------------------------------------------------------------------
                         slack                                  0.045    

Slack (MET) :             0.046ns  (required time - arrival time)
  Source:                 gqav7_z19p_system_i/gqav7_accelerator_0/inst/u_accelerator/i_core/i_pipeline/i_downstream/i_softmax/meta_q_reg[37][row_index][1]/C
                            (rising edge-triggered cell FDRE clocked by clk_core_235_unbuf  {rise@0.000ns fall@2.128ns period=4.255ns})
  Destination:            gqav7_z19p_system_i/gqav7_accelerator_0/inst/u_accelerator/i_core/i_pipeline/i_downstream/i_pair_rescale/i_combine_alpha/s0_q_reg[significand_product]/DSP_OUTPUT_INST/ALU_OUT[0]
                            (rising edge-triggered cell DSP_OUTPUT clocked by clk_core_235_unbuf  {rise@0.000ns fall@2.128ns period=4.255ns})
  Path Group:             clk_core_235_unbuf
  Path Type:              Setup (Max at Slow Process Corner)
  Requirement:            4.255ns  (clk_core_235_unbuf rise@4.255ns - clk_core_235_unbuf rise@0.000ns)
  Data Path Delay:        3.959ns  (logic 2.396ns (60.515%)  route 1.563ns (39.485%))
  Logic Levels:           9  (DSP_A_B_DATA=1 DSP_ALU=2 DSP_M_DATA=1 DSP_MULTIPLIER=1 DSP_OUTPUT=1 DSP_PREADD_DATA=1 LUT6=1 MUXF7=1)
  Clock Path Skew:        -0.204ns (DCD - SCD + CPR)
    Destination Clock Delay (DCD):    1.746ns = ( 6.002 - 4.255 ) 
    Source Clock Delay      (SCD):    2.036ns
    Clock Pessimism Removal (CPR):    0.086ns
  Clock Uncertainty:      0.061ns  ((TSJ^2 + DJ^2)^1/2) / 2 + PE
    Total System Jitter     (TSJ):    0.071ns
    Discrete Jitter          (DJ):    0.099ns
    Phase Error              (PE):    0.000ns

    Location             Delay type                Incr(ns)  Path(ns)    Netlist Resource(s)
  -------------------------------------------------------------------    -------------------
                         (clock clk_core_235_unbuf rise edge)
                                                      0.000     0.000 r  
                         clock source latency        -1.206    -1.206    
                         propagated clock network latency
                                                      3.242     2.036    
    SLICE_X56Y211        FDRE                         0.000     2.036 r  gqav7_z19p_system_i/gqav7_accelerator_0/inst/u_accelerator/i_core/i_pipeline/i_downstream/i_softmax/meta_q_reg[37][row_index][1]/C
    SLICE_X56Y211        FDRE (Prop_GFF_SLICEL_C_Q)
                                                      0.079     2.115 r  gqav7_z19p_system_i/gqav7_accelerator_0/inst/u_accelerator/i_core/i_pipeline/i_downstream/i_softmax/meta_q_reg[37][row_index][1]/Q
                         net (fo=91, routed)          1.072     3.187    gqav7_z19p_system_i/gqav7_accelerator_0/inst/u_accelerator/i_core/i_pipeline/i_downstream/i_pair_rescale/i_combine_alpha/s0_q_reg[special_value][31]_1[1]
    SLICE_X35Y239        MUXF7 (Prop_F7MUX_GH_SLICEM_S_O)
                                                      0.076     3.263 f  gqav7_z19p_system_i/gqav7_accelerator_0/inst/u_accelerator/i_core/i_pipeline/i_downstream/i_pair_rescale/i_combine_alpha/significand_product_w_i_25/O
                         net (fo=1, routed)           0.196     3.459    gqav7_z19p_system_i/gqav7_accelerator_0/inst/u_accelerator/i_core/i_pipeline/i_downstream/i_pair_rescale/i_combine_alpha/significand_product_w_i_25_n_0
    SLICE_X35Y236        LUT6 (Prop_G6LUT_SLICEM_I5_O)
                                                      0.123     3.582 f  gqav7_z19p_system_i/gqav7_accelerator_0/inst/u_accelerator/i_core/i_pipeline/i_downstream/i_pair_rescale/i_combine_alpha/significand_product_w_i_2__7/O
                         net (fo=2, routed)           0.282     3.864    gqav7_z19p_system_i/gqav7_accelerator_0/inst/u_accelerator/i_core/i_pipeline/i_downstream/i_pair_rescale/i_combine_alpha/significand_product_w/B[15]
    DSP48E2_X4Y94        DSP_A_B_DATA (Prop_DSP_A_B_DATA_DSP48E2_B[15]_B2_DATA[15])
                                                      0.151     4.015 r  gqav7_z19p_system_i/gqav7_accelerator_0/inst/u_accelerator/i_core/i_pipeline/i_downstream/i_pair_rescale/i_combine_alpha/significand_product_w/DSP_A_B_DATA_INST/B2_DATA[15]
                         net (fo=1, routed)           0.000     4.015    gqav7_z19p_system_i/gqav7_accelerator_0/inst/u_accelerator/i_core/i_pipeline/i_downstream/i_pair_rescale/i_combine_alpha/significand_product_w/DSP_A_B_DATA.B2_DATA<15>
    DSP48E2_X4Y94        DSP_PREADD_DATA (Prop_DSP_PREADD_DATA_DSP48E2_B2_DATA[15]_B2B1[15])
                                                      0.073     4.088 r  gqav7_z19p_system_i/gqav7_accelerator_0/inst/u_accelerator/i_core/i_pipeline/i_downstream/i_pair_rescale/i_combine_alpha/significand_product_w/DSP_PREADD_DATA_INST/B2B1[15]
                         net (fo=1, routed)           0.000     4.088    gqav7_z19p_system_i/gqav7_accelerator_0/inst/u_accelerator/i_core/i_pipeline/i_downstream/i_pair_rescale/i_combine_alpha/significand_product_w/DSP_PREADD_DATA.B2B1<15>
    DSP48E2_X4Y94        DSP_MULTIPLIER (Prop_DSP_MULTIPLIER_DSP48E2_B2B1[15]_V[43])
                                                      0.609     4.697 f  gqav7_z19p_system_i/gqav7_accelerator_0/inst/u_accelerator/i_core/i_pipeline/i_downstream/i_pair_rescale/i_combine_alpha/significand_product_w/DSP_MULTIPLIER_INST/V[43]
                         net (fo=1, routed)           0.000     4.697    gqav7_z19p_system_i/gqav7_accelerator_0/inst/u_accelerator/i_core/i_pipeline/i_downstream/i_pair_rescale/i_combine_alpha/significand_product_w/DSP_MULTIPLIER.V<43>
    DSP48E2_X4Y94        DSP_M_DATA (Prop_DSP_M_DATA_DSP48E2_V[43]_V_DATA[43])
                                                      0.046     4.743 r  gqav7_z19p_system_i/gqav7_accelerator_0/inst/u_accelerator/i_core/i_pipeline/i_downstream/i_pair_rescale/i_combine_alpha/significand_product_w/DSP_M_DATA_INST/V_DATA[43]
                         net (fo=1, routed)           0.000     4.743    gqav7_z19p_system_i/gqav7_accelerator_0/inst/u_accelerator/i_core/i_pipeline/i_downstream/i_pair_rescale/i_combine_alpha/significand_product_w/DSP_M_DATA.V_DATA<43>
    DSP48E2_X4Y94        DSP_ALU (Prop_DSP_ALU_DSP48E2_V_DATA[43]_ALU_OUT[47])
                                                      0.571     5.314 f  gqav7_z19p_system_i/gqav7_accelerator_0/inst/u_accelerator/i_core/i_pipeline/i_downstream/i_pair_rescale/i_combine_alpha/significand_product_w/DSP_ALU_INST/ALU_OUT[47]
                         net (fo=1, routed)           0.000     5.314    gqav7_z19p_system_i/gqav7_accelerator_0/inst/u_accelerator/i_core/i_pipeline/i_downstream/i_pair_rescale/i_combine_alpha/significand_product_w/DSP_ALU.ALU_OUT<47>
    DSP48E2_X4Y94        DSP_OUTPUT (Prop_DSP_OUTPUT_DSP48E2_ALU_OUT[47]_PCOUT[47])
                                                      0.122     5.436 r  gqav7_z19p_system_i/gqav7_accelerator_0/inst/u_accelerator/i_core/i_pipeline/i_downstream/i_pair_rescale/i_combine_alpha/significand_product_w/DSP_OUTPUT_INST/PCOUT[47]
                         net (fo=1, routed)           0.014     5.450    gqav7_z19p_system_i/gqav7_accelerator_0/inst/u_accelerator/i_core/i_pipeline/i_downstream/i_pair_rescale/i_combine_alpha/s0_q_reg[significand_product]/PCIN[47]
    DSP48E2_X4Y95        DSP_ALU (Prop_DSP_ALU_DSP48E2_PCIN[47]_ALU_OUT[0])
                                                      0.546     5.996 r  gqav7_z19p_system_i/gqav7_accelerator_0/inst/u_accelerator/i_core/i_pipeline/i_downstream/i_pair_rescale/i_combine_alpha/s0_q_reg[significand_product]/DSP_ALU_INST/ALU_OUT[0]
                         net (fo=1, routed)           0.000     5.996    gqav7_z19p_system_i/gqav7_accelerator_0/inst/u_accelerator/i_core/i_pipeline/i_downstream/i_pair_rescale/i_combine_alpha/s0_q_reg[significand_product]/DSP_ALU.ALU_OUT<0>
    DSP48E2_X4Y95        DSP_OUTPUT                                   r  gqav7_z19p_system_i/gqav7_accelerator_0/inst/u_accelerator/i_core/i_pipeline/i_downstream/i_pair_rescale/i_combine_alpha/s0_q_reg[significand_product]/DSP_OUTPUT_INST/ALU_OUT[0]
  -------------------------------------------------------------------    -------------------

                         (clock clk_core_235_unbuf rise edge)
                                                      4.255     4.255 r  
                         clock source latency        -1.044     3.211    
                         propagated clock network latency
                                                      2.790     6.002    
                         clock pessimism              0.086     6.088    
                         clock uncertainty           -0.061     6.027    
    DSP48E2_X4Y95        DSP_OUTPUT (Setup_DSP_OUTPUT_DSP48E2_CLK_ALU_OUT[0])
                                                      0.015     6.042    gqav7_z19p_system_i/gqav7_accelerator_0/inst/u_accelerator/i_core/i_pipeline/i_downstream/i_pair_rescale/i_combine_alpha/s0_q_reg[significand_product]/DSP_OUTPUT_INST
  -------------------------------------------------------------------
                         required time                          6.042    
                         arrival time                          -5.996    
  -------------------------------------------------------------------
                         slack                                  0.046    

Slack (MET) :             0.046ns  (required time - arrival time)
  Source:                 gqav7_z19p_system_i/gqav7_accelerator_0/inst/u_accelerator/i_core/i_pipeline/i_downstream/i_softmax/meta_q_reg[37][row_index][1]/C
                            (rising edge-triggered cell FDRE clocked by clk_core_235_unbuf  {rise@0.000ns fall@2.128ns period=4.255ns})
  Destination:            gqav7_z19p_system_i/gqav7_accelerator_0/inst/u_accelerator/i_core/i_pipeline/i_downstream/i_pair_rescale/i_combine_alpha/s0_q_reg[significand_product]/DSP_OUTPUT_INST/ALU_OUT[10]
                            (rising edge-triggered cell DSP_OUTPUT clocked by clk_core_235_unbuf  {rise@0.000ns fall@2.128ns period=4.255ns})
  Path Group:             clk_core_235_unbuf
  Path Type:              Setup (Max at Slow Process Corner)
  Requirement:            4.255ns  (clk_core_235_unbuf rise@4.255ns - clk_core_235_unbuf rise@0.000ns)
  Data Path Delay:        3.959ns  (logic 2.396ns (60.515%)  route 1.563ns (39.485%))
  Logic Levels:           9  (DSP_A_B_DATA=1 DSP_ALU=2 DSP_M_DATA=1 DSP_MULTIPLIER=1 DSP_OUTPUT=1 DSP_PREADD_DATA=1 LUT6=1 MUXF7=1)
  Clock Path Skew:        -0.204ns (DCD - SCD + CPR)
    Destination Clock Delay (DCD):    1.746ns = ( 6.002 - 4.255 ) 
    Source Clock Delay      (SCD):    2.036ns
    Clock Pessimism Removal (CPR):    0.086ns
  Clock Uncertainty:      0.061ns  ((TSJ^2 + DJ^2)^1/2) / 2 + PE
    Total System Jitter     (TSJ):    0.071ns
    Discrete Jitter          (DJ):    0.099ns
    Phase Error              (PE):    0.000ns

    Location             Delay type                Incr(ns)  Path(ns)    Netlist Resource(s)
  -------------------------------------------------------------------    -------------------
                         (clock clk_core_235_unbuf rise edge)
                                                      0.000     0.000 r  
                         clock source latency        -1.206    -1.206    
                         propagated clock network latency
                                                      3.242     2.036    
    SLICE_X56Y211        FDRE                         0.000     2.036 r  gqav7_z19p_system_i/gqav7_accelerator_0/inst/u_accelerator/i_core/i_pipeline/i_downstream/i_softmax/meta_q_reg[37][row_index][1]/C
    SLICE_X56Y211        FDRE (Prop_GFF_SLICEL_C_Q)
                                                      0.079     2.115 r  gqav7_z19p_system_i/gqav7_accelerator_0/inst/u_accelerator/i_core/i_pipeline/i_downstream/i_softmax/meta_q_reg[37][row_index][1]/Q
                         net (fo=91, routed)          1.072     3.187    gqav7_z19p_system_i/gqav7_accelerator_0/inst/u_accelerator/i_core/i_pipeline/i_downstream/i_pair_rescale/i_combine_alpha/s0_q_reg[special_value][31]_1[1]
    SLICE_X35Y239        MUXF7 (Prop_F7MUX_GH_SLICEM_S_O)
                                                      0.076     3.263 f  gqav7_z19p_system_i/gqav7_accelerator_0/inst/u_accelerator/i_core/i_pipeline/i_downstream/i_pair_rescale/i_combine_alpha/significand_product_w_i_25/O
                         net (fo=1, routed)           0.196     3.459    gqav7_z19p_system_i/gqav7_accelerator_0/inst/u_accelerator/i_core/i_pipeline/i_downstream/i_pair_rescale/i_combine_alpha/significand_product_w_i_25_n_0
    SLICE_X35Y236        LUT6 (Prop_G6LUT_SLICEM_I5_O)
                                                      0.123     3.582 f  gqav7_z19p_system_i/gqav7_accelerator_0/inst/u_accelerator/i_core/i_pipeline/i_downstream/i_pair_rescale/i_combine_alpha/significand_product_w_i_2__7/O
                         net (fo=2, routed)           0.282     3.864    gqav7_z19p_system_i/gqav7_accelerator_0/inst/u_accelerator/i_core/i_pipeline/i_downstream/i_pair_rescale/i_combine_alpha/significand_product_w/B[15]
    DSP48E2_X4Y94        DSP_A_B_DATA (Prop_DSP_A_B_DATA_DSP48E2_B[15]_B2_DATA[15])
                                                      0.151     4.015 r  gqav7_z19p_system_i/gqav7_accelerator_0/inst/u_accelerator/i_core/i_pipeline/i_downstream/i_pair_rescale/i_combine_alpha/significand_product_w/DSP_A_B_DATA_INST/B2_DATA[15]
                         net (fo=1, routed)           0.000     4.015    gqav7_z19p_system_i/gqav7_accelerator_0/inst/u_accelerator/i_core/i_pipeline/i_downstream/i_pair_rescale/i_combine_alpha/significand_product_w/DSP_A_B_DATA.B2_DATA<15>
    DSP48E2_X4Y94        DSP_PREADD_DATA (Prop_DSP_PREADD_DATA_DSP48E2_B2_DATA[15]_B2B1[15])
                                                      0.073     4.088 r  gqav7_z19p_system_i/gqav7_accelerator_0/inst/u_accelerator/i_core/i_pipeline/i_downstream/i_pair_rescale/i_combine_alpha/significand_product_w/DSP_PREADD_DATA_INST/B2B1[15]
                         net (fo=1, routed)           0.000     4.088    gqav7_z19p_system_i/gqav7_accelerator_0/inst/u_accelerator/i_core/i_pipeline/i_downstream/i_pair_rescale/i_combine_alpha/significand_product_w/DSP_PREADD_DATA.B2B1<15>
    DSP48E2_X4Y94        DSP_MULTIPLIER (Prop_DSP_MULTIPLIER_DSP48E2_B2B1[15]_V[43])
                                                      0.609     4.697 f  gqav7_z19p_system_i/gqav7_accelerator_0/inst/u_accelerator/i_core/i_pipeline/i_downstream/i_pair_rescale/i_combine_alpha/significand_product_w/DSP_MULTIPLIER_INST/V[43]
                         net (fo=1, routed)           0.000     4.697    gqav7_z19p_system_i/gqav7_accelerator_0/inst/u_accelerator/i_core/i_pipeline/i_downstream/i_pair_rescale/i_combine_alpha/significand_product_w/DSP_MULTIPLIER.V<43>
    DSP48E2_X4Y94        DSP_M_DATA (Prop_DSP_M_DATA_DSP48E2_V[43]_V_DATA[43])
                                                      0.046     4.743 r  gqav7_z19p_system_i/gqav7_accelerator_0/inst/u_accelerator/i_core/i_pipeline/i_downstream/i_pair_rescale/i_combine_alpha/significand_product_w/DSP_M_DATA_INST/V_DATA[43]
                         net (fo=1, routed)           0.000     4.743    gqav7_z19p_system_i/gqav7_accelerator_0/inst/u_accelerator/i_core/i_pipeline/i_downstream/i_pair_rescale/i_combine_alpha/significand_product_w/DSP_M_DATA.V_DATA<43>
    DSP48E2_X4Y94        DSP_ALU (Prop_DSP_ALU_DSP48E2_V_DATA[43]_ALU_OUT[47])
                                                      0.571     5.314 f  gqav7_z19p_system_i/gqav7_accelerator_0/inst/u_accelerator/i_core/i_pipeline/i_downstream/i_pair_rescale/i_combine_alpha/significand_product_w/DSP_ALU_INST/ALU_OUT[47]
                         net (fo=1, routed)           0.000     5.314    gqav7_z19p_system_i/gqav7_accelerator_0/inst/u_accelerator/i_core/i_pipeline/i_downstream/i_pair_rescale/i_combine_alpha/significand_product_w/DSP_ALU.ALU_OUT<47>
    DSP48E2_X4Y94        DSP_OUTPUT (Prop_DSP_OUTPUT_DSP48E2_ALU_OUT[47]_PCOUT[47])
                                                      0.122     5.436 r  gqav7_z19p_system_i/gqav7_accelerator_0/inst/u_accelerator/i_core/i_pipeline/i_downstream/i_pair_rescale/i_combine_alpha/significand_product_w/DSP_OUTPUT_INST/PCOUT[47]
                         net (fo=1, routed)           0.014     5.450    gqav7_z19p_system_i/gqav7_accelerator_0/inst/u_accelerator/i_core/i_pipeline/i_downstream/i_pair_rescale/i_combine_alpha/s0_q_reg[significand_product]/PCIN[47]
    DSP48E2_X4Y95        DSP_ALU (Prop_DSP_ALU_DSP48E2_PCIN[47]_ALU_OUT[10])
                                                      0.546     5.996 r  gqav7_z19p_system_i/gqav7_accelerator_0/inst/u_accelerator/i_core/i_pipeline/i_downstream/i_pair_rescale/i_combine_alpha/s0_q_reg[significand_product]/DSP_ALU_INST/ALU_OUT[10]
                         net (fo=1, routed)           0.000     5.996    gqav7_z19p_system_i/gqav7_accelerator_0/inst/u_accelerator/i_core/i_pipeline/i_downstream/i_pair_rescale/i_combine_alpha/s0_q_reg[significand_product]/DSP_ALU.ALU_OUT<10>
    DSP48E2_X4Y95        DSP_OUTPUT                                   r  gqav7_z19p_system_i/gqav7_accelerator_0/inst/u_accelerator/i_core/i_pipeline/i_downstream/i_pair_rescale/i_combine_alpha/s0_q_reg[significand_product]/DSP_OUTPUT_INST/ALU_OUT[10]
  -------------------------------------------------------------------    -------------------

                         (clock clk_core_235_unbuf rise edge)
                                                      4.255     4.255 r  
                         clock source latency        -1.044     3.211    
                         propagated clock network latency
                                                      2.790     6.002    
                         clock pessimism              0.086     6.088    
                         clock uncertainty           -0.061     6.027    
    DSP48E2_X4Y95        DSP_OUTPUT (Setup_DSP_OUTPUT_DSP48E2_CLK_ALU_OUT[10])
                                                      0.015     6.042    gqav7_z19p_system_i/gqav7_accelerator_0/inst/u_accelerator/i_core/i_pipeline/i_downstream/i_pair_rescale/i_combine_alpha/s0_q_reg[significand_product]/DSP_OUTPUT_INST
  -------------------------------------------------------------------
                         required time                          6.042    
                         arrival time                          -5.996    
  -------------------------------------------------------------------
                         slack                                  0.046    

Slack (MET) :             0.046ns  (required time - arrival time)
  Source:                 gqav7_z19p_system_i/gqav7_accelerator_0/inst/u_accelerator/i_core/i_pipeline/i_downstream/i_softmax/meta_q_reg[37][row_index][1]/C
                            (rising edge-triggered cell FDRE clocked by clk_core_235_unbuf  {rise@0.000ns fall@2.128ns period=4.255ns})
  Destination:            gqav7_z19p_system_i/gqav7_accelerator_0/inst/u_accelerator/i_core/i_pipeline/i_downstream/i_pair_rescale/i_combine_alpha/s0_q_reg[significand_product]/DSP_OUTPUT_INST/ALU_OUT[11]
                            (rising edge-triggered cell DSP_OUTPUT clocked by clk_core_235_unbuf  {rise@0.000ns fall@2.128ns period=4.255ns})
  Path Group:             clk_core_235_unbuf
  Path Type:              Setup (Max at Slow Process Corner)
  Requirement:            4.255ns  (clk_core_235_unbuf rise@4.255ns - clk_core_235_unbuf rise@0.000ns)
  Data Path Delay:        3.959ns  (logic 2.396ns (60.515%)  route 1.563ns (39.485%))
  Logic Levels:           9  (DSP_A_B_DATA=1 DSP_ALU=2 DSP_M_DATA=1 DSP_MULTIPLIER=1 DSP_OUTPUT=1 DSP_PREADD_DATA=1 LUT6=1 MUXF7=1)
  Clock Path Skew:        -0.204ns (DCD - SCD + CPR)
    Destination Clock Delay (DCD):    1.746ns = ( 6.002 - 4.255 ) 
    Source Clock Delay      (SCD):    2.036ns
    Clock Pessimism Removal (CPR):    0.086ns
  Clock Uncertainty:      0.061ns  ((TSJ^2 + DJ^2)^1/2) / 2 + PE
    Total System Jitter     (TSJ):    0.071ns
    Discrete Jitter          (DJ):    0.099ns
    Phase Error              (PE):    0.000ns

    Location             Delay type                Incr(ns)  Path(ns)    Netlist Resource(s)
  -------------------------------------------------------------------    -------------------
                         (clock clk_core_235_unbuf rise edge)
                                                      0.000     0.000 r  
                         clock source latency        -1.206    -1.206    
                         propagated clock network latency
                                                      3.242     2.036    
    SLICE_X56Y211        FDRE                         0.000     2.036 r  gqav7_z19p_system_i/gqav7_accelerator_0/inst/u_accelerator/i_core/i_pipeline/i_downstream/i_softmax/meta_q_reg[37][row_index][1]/C
    SLICE_X56Y211        FDRE (Prop_GFF_SLICEL_C_Q)
                                                      0.079     2.115 r  gqav7_z19p_system_i/gqav7_accelerator_0/inst/u_accelerator/i_core/i_pipeline/i_downstream/i_softmax/meta_q_reg[37][row_index][1]/Q
                         net (fo=91, routed)          1.072     3.187    gqav7_z19p_system_i/gqav7_accelerator_0/inst/u_accelerator/i_core/i_pipeline/i_downstream/i_pair_rescale/i_combine_alpha/s0_q_reg[special_value][31]_1[1]
    SLICE_X35Y239        MUXF7 (Prop_F7MUX_GH_SLICEM_S_O)
                                                      0.076     3.263 f  gqav7_z19p_system_i/gqav7_accelerator_0/inst/u_accelerator/i_core/i_pipeline/i_downstream/i_pair_rescale/i_combine_alpha/significand_product_w_i_25/O
                         net (fo=1, routed)           0.196     3.459    gqav7_z19p_system_i/gqav7_accelerator_0/inst/u_accelerator/i_core/i_pipeline/i_downstream/i_pair_rescale/i_combine_alpha/significand_product_w_i_25_n_0
    SLICE_X35Y236        LUT6 (Prop_G6LUT_SLICEM_I5_O)
                                                      0.123     3.582 f  gqav7_z19p_system_i/gqav7_accelerator_0/inst/u_accelerator/i_core/i_pipeline/i_downstream/i_pair_rescale/i_combine_alpha/significand_product_w_i_2__7/O
                         net (fo=2, routed)           0.282     3.864    gqav7_z19p_system_i/gqav7_accelerator_0/inst/u_accelerator/i_core/i_pipeline/i_downstream/i_pair_rescale/i_combine_alpha/significand_product_w/B[15]
    DSP48E2_X4Y94        DSP_A_B_DATA (Prop_DSP_A_B_DATA_DSP48E2_B[15]_B2_DATA[15])
                                                      0.151     4.015 r  gqav7_z19p_system_i/gqav7_accelerator_0/inst/u_accelerator/i_core/i_pipeline/i_downstream/i_pair_rescale/i_combine_alpha/significand_product_w/DSP_A_B_DATA_INST/B2_DATA[15]
                         net (fo=1, routed)           0.000     4.015    gqav7_z19p_system_i/gqav7_accelerator_0/inst/u_accelerator/i_core/i_pipeline/i_downstream/i_pair_rescale/i_combine_alpha/significand_product_w/DSP_A_B_DATA.B2_DATA<15>
    DSP48E2_X4Y94        DSP_PREADD_DATA (Prop_DSP_PREADD_DATA_DSP48E2_B2_DATA[15]_B2B1[15])
                                                      0.073     4.088 r  gqav7_z19p_system_i/gqav7_accelerator_0/inst/u_accelerator/i_core/i_pipeline/i_downstream/i_pair_rescale/i_combine_alpha/significand_product_w/DSP_PREADD_DATA_INST/B2B1[15]
                         net (fo=1, routed)           0.000     4.088    gqav7_z19p_system_i/gqav7_accelerator_0/inst/u_accelerator/i_core/i_pipeline/i_downstream/i_pair_rescale/i_combine_alpha/significand_product_w/DSP_PREADD_DATA.B2B1<15>
    DSP48E2_X4Y94        DSP_MULTIPLIER (Prop_DSP_MULTIPLIER_DSP48E2_B2B1[15]_V[43])
                                                      0.609     4.697 f  gqav7_z19p_system_i/gqav7_accelerator_0/inst/u_accelerator/i_core/i_pipeline/i_downstream/i_pair_rescale/i_combine_alpha/significand_product_w/DSP_MULTIPLIER_INST/V[43]
                         net (fo=1, routed)           0.000     4.697    gqav7_z19p_system_i/gqav7_accelerator_0/inst/u_accelerator/i_core/i_pipeline/i_downstream/i_pair_rescale/i_combine_alpha/significand_product_w/DSP_MULTIPLIER.V<43>
    DSP48E2_X4Y94        DSP_M_DATA (Prop_DSP_M_DATA_DSP48E2_V[43]_V_DATA[43])
                                                      0.046     4.743 r  gqav7_z19p_system_i/gqav7_accelerator_0/inst/u_accelerator/i_core/i_pipeline/i_downstream/i_pair_rescale/i_combine_alpha/significand_product_w/DSP_M_DATA_INST/V_DATA[43]
                         net (fo=1, routed)           0.000     4.743    gqav7_z19p_system_i/gqav7_accelerator_0/inst/u_accelerator/i_core/i_pipeline/i_downstream/i_pair_rescale/i_combine_alpha/significand_product_w/DSP_M_DATA.V_DATA<43>
    DSP48E2_X4Y94        DSP_ALU (Prop_DSP_ALU_DSP48E2_V_DATA[43]_ALU_OUT[47])
                                                      0.571     5.314 f  gqav7_z19p_system_i/gqav7_accelerator_0/inst/u_accelerator/i_core/i_pipeline/i_downstream/i_pair_rescale/i_combine_alpha/significand_product_w/DSP_ALU_INST/ALU_OUT[47]
                         net (fo=1, routed)           0.000     5.314    gqav7_z19p_system_i/gqav7_accelerator_0/inst/u_accelerator/i_core/i_pipeline/i_downstream/i_pair_rescale/i_combine_alpha/significand_product_w/DSP_ALU.ALU_OUT<47>
    DSP48E2_X4Y94        DSP_OUTPUT (Prop_DSP_OUTPUT_DSP48E2_ALU_OUT[47]_PCOUT[47])
                                                      0.122     5.436 r  gqav7_z19p_system_i/gqav7_accelerator_0/inst/u_accelerator/i_core/i_pipeline/i_downstream/i_pair_rescale/i_combine_alpha/significand_product_w/DSP_OUTPUT_INST/PCOUT[47]
                         net (fo=1, routed)           0.014     5.450    gqav7_z19p_system_i/gqav7_accelerator_0/inst/u_accelerator/i_core/i_pipeline/i_downstream/i_pair_rescale/i_combine_alpha/s0_q_reg[significand_product]/PCIN[47]
    DSP48E2_X4Y95        DSP_ALU (Prop_DSP_ALU_DSP48E2_PCIN[47]_ALU_OUT[11])
                                                      0.546     5.996 r  gqav7_z19p_system_i/gqav7_accelerator_0/inst/u_accelerator/i_core/i_pipeline/i_downstream/i_pair_rescale/i_combine_alpha/s0_q_reg[significand_product]/DSP_ALU_INST/ALU_OUT[11]
                         net (fo=1, routed)           0.000     5.996    gqav7_z19p_system_i/gqav7_accelerator_0/inst/u_accelerator/i_core/i_pipeline/i_downstream/i_pair_rescale/i_combine_alpha/s0_q_reg[significand_product]/DSP_ALU.ALU_OUT<11>
    DSP48E2_X4Y95        DSP_OUTPUT                                   r  gqav7_z19p_system_i/gqav7_accelerator_0/inst/u_accelerator/i_core/i_pipeline/i_downstream/i_pair_rescale/i_combine_alpha/s0_q_reg[significand_product]/DSP_OUTPUT_INST/ALU_OUT[11]
  -------------------------------------------------------------------    -------------------

                         (clock clk_core_235_unbuf rise edge)
                                                      4.255     4.255 r  
                         clock source latency        -1.044     3.211    
                         propagated clock network latency
                                                      2.790     6.002    
                         clock pessimism              0.086     6.088    
                         clock uncertainty           -0.061     6.027    
    DSP48E2_X4Y95        DSP_OUTPUT (Setup_DSP_OUTPUT_DSP48E2_CLK_ALU_OUT[11])
                                                      0.015     6.042    gqav7_z19p_system_i/gqav7_accelerator_0/inst/u_accelerator/i_core/i_pipeline/i_downstream/i_pair_rescale/i_combine_alpha/s0_q_reg[significand_product]/DSP_OUTPUT_INST
  -------------------------------------------------------------------
                         required time                          6.042    
                         arrival time                          -5.996    
  -------------------------------------------------------------------
                         slack                                  0.046    

Slack (MET) :             0.046ns  (required time - arrival time)
  Source:                 gqav7_z19p_system_i/gqav7_accelerator_0/inst/u_accelerator/i_core/i_pipeline/i_downstream/i_softmax/meta_q_reg[37][row_index][1]/C
                            (rising edge-triggered cell FDRE clocked by clk_core_235_unbuf  {rise@0.000ns fall@2.128ns period=4.255ns})
  Destination:            gqav7_z19p_system_i/gqav7_accelerator_0/inst/u_accelerator/i_core/i_pipeline/i_downstream/i_pair_rescale/i_combine_alpha/s0_q_reg[significand_product]/DSP_OUTPUT_INST/ALU_OUT[12]
                            (rising edge-triggered cell DSP_OUTPUT clocked by clk_core_235_unbuf  {rise@0.000ns fall@2.128ns period=4.255ns})
  Path Group:             clk_core_235_unbuf
  Path Type:              Setup (Max at Slow Process Corner)
  Requirement:            4.255ns  (clk_core_235_unbuf rise@4.255ns - clk_core_235_unbuf rise@0.000ns)
  Data Path Delay:        3.959ns  (logic 2.396ns (60.515%)  route 1.563ns (39.485%))
  Logic Levels:           9  (DSP_A_B_DATA=1 DSP_ALU=2 DSP_M_DATA=1 DSP_MULTIPLIER=1 DSP_OUTPUT=1 DSP_PREADD_DATA=1 LUT6=1 MUXF7=1)
  Clock Path Skew:        -0.204ns (DCD - SCD + CPR)
    Destination Clock Delay (DCD):    1.746ns = ( 6.002 - 4.255 ) 
    Source Clock Delay      (SCD):    2.036ns
    Clock Pessimism Removal (CPR):    0.086ns
  Clock Uncertainty:      0.061ns  ((TSJ^2 + DJ^2)^1/2) / 2 + PE
    Total System Jitter     (TSJ):    0.071ns
    Discrete Jitter          (DJ):    0.099ns
    Phase Error              (PE):    0.000ns

    Location             Delay type                Incr(ns)  Path(ns)    Netlist Resource(s)
  -------------------------------------------------------------------    -------------------
                         (clock clk_core_235_unbuf rise edge)
                                                      0.000     0.000 r  
                         clock source latency        -1.206    -1.206    
                         propagated clock network latency
                                                      3.242     2.036    
    SLICE_X56Y211        FDRE                         0.000     2.036 r  gqav7_z19p_system_i/gqav7_accelerator_0/inst/u_accelerator/i_core/i_pipeline/i_downstream/i_softmax/meta_q_reg[37][row_index][1]/C
    SLICE_X56Y211        FDRE (Prop_GFF_SLICEL_C_Q)
                                                      0.079     2.115 r  gqav7_z19p_system_i/gqav7_accelerator_0/inst/u_accelerator/i_core/i_pipeline/i_downstream/i_softmax/meta_q_reg[37][row_index][1]/Q
                         net (fo=91, routed)          1.072     3.187    gqav7_z19p_system_i/gqav7_accelerator_0/inst/u_accelerator/i_core/i_pipeline/i_downstream/i_pair_rescale/i_combine_alpha/s0_q_reg[special_value][31]_1[1]
    SLICE_X35Y239        MUXF7 (Prop_F7MUX_GH_SLICEM_S_O)
                                                      0.076     3.263 f  gqav7_z19p_system_i/gqav7_accelerator_0/inst/u_accelerator/i_core/i_pipeline/i_downstream/i_pair_rescale/i_combine_alpha/significand_product_w_i_25/O
                         net (fo=1, routed)           0.196     3.459    gqav7_z19p_system_i/gqav7_accelerator_0/inst/u_accelerator/i_core/i_pipeline/i_downstream/i_pair_rescale/i_combine_alpha/significand_product_w_i_25_n_0
    SLICE_X35Y236        LUT6 (Prop_G6LUT_SLICEM_I5_O)
                                                      0.123     3.582 f  gqav7_z19p_system_i/gqav7_accelerator_0/inst/u_accelerator/i_core/i_pipeline/i_downstream/i_pair_rescale/i_combine_alpha/significand_product_w_i_2__7/O
                         net (fo=2, routed)           0.282     3.864    gqav7_z19p_system_i/gqav7_accelerator_0/inst/u_accelerator/i_core/i_pipeline/i_downstream/i_pair_rescale/i_combine_alpha/significand_product_w/B[15]
    DSP48E2_X4Y94        DSP_A_B_DATA (Prop_DSP_A_B_DATA_DSP48E2_B[15]_B2_DATA[15])
                                                      0.151     4.015 r  gqav7_z19p_system_i/gqav7_accelerator_0/inst/u_accelerator/i_core/i_pipeline/i_downstream/i_pair_rescale/i_combine_alpha/significand_product_w/DSP_A_B_DATA_INST/B2_DATA[15]
                         net (fo=1, routed)           0.000     4.015    gqav7_z19p_system_i/gqav7_accelerator_0/inst/u_accelerator/i_core/i_pipeline/i_downstream/i_pair_rescale/i_combine_alpha/significand_product_w/DSP_A_B_DATA.B2_DATA<15>
    DSP48E2_X4Y94        DSP_PREADD_DATA (Prop_DSP_PREADD_DATA_DSP48E2_B2_DATA[15]_B2B1[15])
                                                      0.073     4.088 r  gqav7_z19p_system_i/gqav7_accelerator_0/inst/u_accelerator/i_core/i_pipeline/i_downstream/i_pair_rescale/i_combine_alpha/significand_product_w/DSP_PREADD_DATA_INST/B2B1[15]
                         net (fo=1, routed)           0.000     4.088    gqav7_z19p_system_i/gqav7_accelerator_0/inst/u_accelerator/i_core/i_pipeline/i_downstream/i_pair_rescale/i_combine_alpha/significand_product_w/DSP_PREADD_DATA.B2B1<15>
    DSP48E2_X4Y94        DSP_MULTIPLIER (Prop_DSP_MULTIPLIER_DSP48E2_B2B1[15]_V[43])
                                                      0.609     4.697 f  gqav7_z19p_system_i/gqav7_accelerator_0/inst/u_accelerator/i_core/i_pipeline/i_downstream/i_pair_rescale/i_combine_alpha/significand_product_w/DSP_MULTIPLIER_INST/V[43]
                         net (fo=1, routed)           0.000     4.697    gqav7_z19p_system_i/gqav7_accelerator_0/inst/u_accelerator/i_core/i_pipeline/i_downstream/i_pair_rescale/i_combine_alpha/significand_product_w/DSP_MULTIPLIER.V<43>
    DSP48E2_X4Y94        DSP_M_DATA (Prop_DSP_M_DATA_DSP48E2_V[43]_V_DATA[43])
                                                      0.046     4.743 r  gqav7_z19p_system_i/gqav7_accelerator_0/inst/u_accelerator/i_core/i_pipeline/i_downstream/i_pair_rescale/i_combine_alpha/significand_product_w/DSP_M_DATA_INST/V_DATA[43]
                         net (fo=1, routed)           0.000     4.743    gqav7_z19p_system_i/gqav7_accelerator_0/inst/u_accelerator/i_core/i_pipeline/i_downstream/i_pair_rescale/i_combine_alpha/significand_product_w/DSP_M_DATA.V_DATA<43>
    DSP48E2_X4Y94        DSP_ALU (Prop_DSP_ALU_DSP48E2_V_DATA[43]_ALU_OUT[47])
                                                      0.571     5.314 f  gqav7_z19p_system_i/gqav7_accelerator_0/inst/u_accelerator/i_core/i_pipeline/i_downstream/i_pair_rescale/i_combine_alpha/significand_product_w/DSP_ALU_INST/ALU_OUT[47]
                         net (fo=1, routed)           0.000     5.314    gqav7_z19p_system_i/gqav7_accelerator_0/inst/u_accelerator/i_core/i_pipeline/i_downstream/i_pair_rescale/i_combine_alpha/significand_product_w/DSP_ALU.ALU_OUT<47>
    DSP48E2_X4Y94        DSP_OUTPUT (Prop_DSP_OUTPUT_DSP48E2_ALU_OUT[47]_PCOUT[47])
                                                      0.122     5.436 r  gqav7_z19p_system_i/gqav7_accelerator_0/inst/u_accelerator/i_core/i_pipeline/i_downstream/i_pair_rescale/i_combine_alpha/significand_product_w/DSP_OUTPUT_INST/PCOUT[47]
                         net (fo=1, routed)           0.014     5.450    gqav7_z19p_system_i/gqav7_accelerator_0/inst/u_accelerator/i_core/i_pipeline/i_downstream/i_pair_rescale/i_combine_alpha/s0_q_reg[significand_product]/PCIN[47]
    DSP48E2_X4Y95        DSP_ALU (Prop_DSP_ALU_DSP48E2_PCIN[47]_ALU_OUT[12])
                                                      0.546     5.996 r  gqav7_z19p_system_i/gqav7_accelerator_0/inst/u_accelerator/i_core/i_pipeline/i_downstream/i_pair_rescale/i_combine_alpha/s0_q_reg[significand_product]/DSP_ALU_INST/ALU_OUT[12]
                         net (fo=1, routed)           0.000     5.996    gqav7_z19p_system_i/gqav7_accelerator_0/inst/u_accelerator/i_core/i_pipeline/i_downstream/i_pair_rescale/i_combine_alpha/s0_q_reg[significand_product]/DSP_ALU.ALU_OUT<12>
    DSP48E2_X4Y95        DSP_OUTPUT                                   r  gqav7_z19p_system_i/gqav7_accelerator_0/inst/u_accelerator/i_core/i_pipeline/i_downstream/i_pair_rescale/i_combine_alpha/s0_q_reg[significand_product]/DSP_OUTPUT_INST/ALU_OUT[12]
  -------------------------------------------------------------------    -------------------

                         (clock clk_core_235_unbuf rise edge)
                                                      4.255     4.255 r  
                         clock source latency        -1.044     3.211    
                         propagated clock network latency
                                                      2.790     6.002    
                         clock pessimism              0.086     6.088    
                         clock uncertainty           -0.061     6.027    
    DSP48E2_X4Y95        DSP_OUTPUT (Setup_DSP_OUTPUT_DSP48E2_CLK_ALU_OUT[12])
                                                      0.015     6.042    gqav7_z19p_system_i/gqav7_accelerator_0/inst/u_accelerator/i_core/i_pipeline/i_downstream/i_pair_rescale/i_combine_alpha/s0_q_reg[significand_product]/DSP_OUTPUT_INST
  -------------------------------------------------------------------
                         required time                          6.042    
                         arrival time                          -5.996    
  -------------------------------------------------------------------
                         slack                                  0.046    

Slack (MET) :             0.046ns  (required time - arrival time)
  Source:                 gqav7_z19p_system_i/gqav7_accelerator_0/inst/u_accelerator/i_core/i_pipeline/i_downstream/i_softmax/meta_q_reg[37][row_index][1]/C
                            (rising edge-triggered cell FDRE clocked by clk_core_235_unbuf  {rise@0.000ns fall@2.128ns period=4.255ns})
  Destination:            gqav7_z19p_system_i/gqav7_accelerator_0/inst/u_accelerator/i_core/i_pipeline/i_downstream/i_pair_rescale/i_combine_alpha/s0_q_reg[significand_product]/DSP_OUTPUT_INST/ALU_OUT[13]
                            (rising edge-triggered cell DSP_OUTPUT clocked by clk_core_235_unbuf  {rise@0.000ns fall@2.128ns period=4.255ns})
  Path Group:             clk_core_235_unbuf
  Path Type:              Setup (Max at Slow Process Corner)
  Requirement:            4.255ns  (clk_core_235_unbuf rise@4.255ns - clk_core_235_unbuf rise@0.000ns)
  Data Path Delay:        3.959ns  (logic 2.396ns (60.515%)  route 1.563ns (39.485%))
  Logic Levels:           9  (DSP_A_B_DATA=1 DSP_ALU=2 DSP_M_DATA=1 DSP_MULTIPLIER=1 DSP_OUTPUT=1 DSP_PREADD_DATA=1 LUT6=1 MUXF7=1)
  Clock Path Skew:        -0.204ns (DCD - SCD + CPR)
    Destination Clock Delay (DCD):    1.746ns = ( 6.002 - 4.255 ) 
    Source Clock Delay      (SCD):    2.036ns
    Clock Pessimism Removal (CPR):    0.086ns
  Clock Uncertainty:      0.061ns  ((TSJ^2 + DJ^2)^1/2) / 2 + PE
    Total System Jitter     (TSJ):    0.071ns
    Discrete Jitter          (DJ):    0.099ns
    Phase Error              (PE):    0.000ns

    Location             Delay type                Incr(ns)  Path(ns)    Netlist Resource(s)
  -------------------------------------------------------------------    -------------------
                         (clock clk_core_235_unbuf rise edge)
                                                      0.000     0.000 r  
                         clock source latency        -1.206    -1.206    
                         propagated clock network latency
                                                      3.242     2.036    
    SLICE_X56Y211        FDRE                         0.000     2.036 r  gqav7_z19p_system_i/gqav7_accelerator_0/inst/u_accelerator/i_core/i_pipeline/i_downstream/i_softmax/meta_q_reg[37][row_index][1]/C
    SLICE_X56Y211        FDRE (Prop_GFF_SLICEL_C_Q)
                                                      0.079     2.115 r  gqav7_z19p_system_i/gqav7_accelerator_0/inst/u_accelerator/i_core/i_pipeline/i_downstream/i_softmax/meta_q_reg[37][row_index][1]/Q
                         net (fo=91, routed)          1.072     3.187    gqav7_z19p_system_i/gqav7_accelerator_0/inst/u_accelerator/i_core/i_pipeline/i_downstream/i_pair_rescale/i_combine_alpha/s0_q_reg[special_value][31]_1[1]
    SLICE_X35Y239        MUXF7 (Prop_F7MUX_GH_SLICEM_S_O)
                                                      0.076     3.263 f  gqav7_z19p_system_i/gqav7_accelerator_0/inst/u_accelerator/i_core/i_pipeline/i_downstream/i_pair_rescale/i_combine_alpha/significand_product_w_i_25/O
                         net (fo=1, routed)           0.196     3.459    gqav7_z19p_system_i/gqav7_accelerator_0/inst/u_accelerator/i_core/i_pipeline/i_downstream/i_pair_rescale/i_combine_alpha/significand_product_w_i_25_n_0
    SLICE_X35Y236        LUT6 (Prop_G6LUT_SLICEM_I5_O)
                                                      0.123     3.582 f  gqav7_z19p_system_i/gqav7_accelerator_0/inst/u_accelerator/i_core/i_pipeline/i_downstream/i_pair_rescale/i_combine_alpha/significand_product_w_i_2__7/O
                         net (fo=2, routed)           0.282     3.864    gqav7_z19p_system_i/gqav7_accelerator_0/inst/u_accelerator/i_core/i_pipeline/i_downstream/i_pair_rescale/i_combine_alpha/significand_product_w/B[15]
    DSP48E2_X4Y94        DSP_A_B_DATA (Prop_DSP_A_B_DATA_DSP48E2_B[15]_B2_DATA[15])
                                                      0.151     4.015 r  gqav7_z19p_system_i/gqav7_accelerator_0/inst/u_accelerator/i_core/i_pipeline/i_downstream/i_pair_rescale/i_combine_alpha/significand_product_w/DSP_A_B_DATA_INST/B2_DATA[15]
                         net (fo=1, routed)           0.000     4.015    gqav7_z19p_system_i/gqav7_accelerator_0/inst/u_accelerator/i_core/i_pipeline/i_downstream/i_pair_rescale/i_combine_alpha/significand_product_w/DSP_A_B_DATA.B2_DATA<15>
    DSP48E2_X4Y94        DSP_PREADD_DATA (Prop_DSP_PREADD_DATA_DSP48E2_B2_DATA[15]_B2B1[15])
                                                      0.073     4.088 r  gqav7_z19p_system_i/gqav7_accelerator_0/inst/u_accelerator/i_core/i_pipeline/i_downstream/i_pair_rescale/i_combine_alpha/significand_product_w/DSP_PREADD_DATA_INST/B2B1[15]
                         net (fo=1, routed)           0.000     4.088    gqav7_z19p_system_i/gqav7_accelerator_0/inst/u_accelerator/i_core/i_pipeline/i_downstream/i_pair_rescale/i_combine_alpha/significand_product_w/DSP_PREADD_DATA.B2B1<15>
    DSP48E2_X4Y94        DSP_MULTIPLIER (Prop_DSP_MULTIPLIER_DSP48E2_B2B1[15]_V[43])
                                                      0.609     4.697 f  gqav7_z19p_system_i/gqav7_accelerator_0/inst/u_accelerator/i_core/i_pipeline/i_downstream/i_pair_rescale/i_combine_alpha/significand_product_w/DSP_MULTIPLIER_INST/V[43]
                         net (fo=1, routed)           0.000     4.697    gqav7_z19p_system_i/gqav7_accelerator_0/inst/u_accelerator/i_core/i_pipeline/i_downstream/i_pair_rescale/i_combine_alpha/significand_product_w/DSP_MULTIPLIER.V<43>
    DSP48E2_X4Y94        DSP_M_DATA (Prop_DSP_M_DATA_DSP48E2_V[43]_V_DATA[43])
                                                      0.046     4.743 r  gqav7_z19p_system_i/gqav7_accelerator_0/inst/u_accelerator/i_core/i_pipeline/i_downstream/i_pair_rescale/i_combine_alpha/significand_product_w/DSP_M_DATA_INST/V_DATA[43]
                         net (fo=1, routed)           0.000     4.743    gqav7_z19p_system_i/gqav7_accelerator_0/inst/u_accelerator/i_core/i_pipeline/i_downstream/i_pair_rescale/i_combine_alpha/significand_product_w/DSP_M_DATA.V_DATA<43>
    DSP48E2_X4Y94        DSP_ALU (Prop_DSP_ALU_DSP48E2_V_DATA[43]_ALU_OUT[47])
                                                      0.571     5.314 f  gqav7_z19p_system_i/gqav7_accelerator_0/inst/u_accelerator/i_core/i_pipeline/i_downstream/i_pair_rescale/i_combine_alpha/significand_product_w/DSP_ALU_INST/ALU_OUT[47]
                         net (fo=1, routed)           0.000     5.314    gqav7_z19p_system_i/gqav7_accelerator_0/inst/u_accelerator/i_core/i_pipeline/i_downstream/i_pair_rescale/i_combine_alpha/significand_product_w/DSP_ALU.ALU_OUT<47>
    DSP48E2_X4Y94        DSP_OUTPUT (Prop_DSP_OUTPUT_DSP48E2_ALU_OUT[47]_PCOUT[47])
                                                      0.122     5.436 r  gqav7_z19p_system_i/gqav7_accelerator_0/inst/u_accelerator/i_core/i_pipeline/i_downstream/i_pair_rescale/i_combine_alpha/significand_product_w/DSP_OUTPUT_INST/PCOUT[47]
                         net (fo=1, routed)           0.014     5.450    gqav7_z19p_system_i/gqav7_accelerator_0/inst/u_accelerator/i_core/i_pipeline/i_downstream/i_pair_rescale/i_combine_alpha/s0_q_reg[significand_product]/PCIN[47]
    DSP48E2_X4Y95        DSP_ALU (Prop_DSP_ALU_DSP48E2_PCIN[47]_ALU_OUT[13])
                                                      0.546     5.996 r  gqav7_z19p_system_i/gqav7_accelerator_0/inst/u_accelerator/i_core/i_pipeline/i_downstream/i_pair_rescale/i_combine_alpha/s0_q_reg[significand_product]/DSP_ALU_INST/ALU_OUT[13]
                         net (fo=1, routed)           0.000     5.996    gqav7_z19p_system_i/gqav7_accelerator_0/inst/u_accelerator/i_core/i_pipeline/i_downstream/i_pair_rescale/i_combine_alpha/s0_q_reg[significand_product]/DSP_ALU.ALU_OUT<13>
    DSP48E2_X4Y95        DSP_OUTPUT                                   r  gqav7_z19p_system_i/gqav7_accelerator_0/inst/u_accelerator/i_core/i_pipeline/i_downstream/i_pair_rescale/i_combine_alpha/s0_q_reg[significand_product]/DSP_OUTPUT_INST/ALU_OUT[13]
  -------------------------------------------------------------------    -------------------

                         (clock clk_core_235_unbuf rise edge)
                                                      4.255     4.255 r  
                         clock source latency        -1.044     3.211    
                         propagated clock network latency
                                                      2.790     6.002    
                         clock pessimism              0.086     6.088    
                         clock uncertainty           -0.061     6.027    
    DSP48E2_X4Y95        DSP_OUTPUT (Setup_DSP_OUTPUT_DSP48E2_CLK_ALU_OUT[13])
                                                      0.015     6.042    gqav7_z19p_system_i/gqav7_accelerator_0/inst/u_accelerator/i_core/i_pipeline/i_downstream/i_pair_rescale/i_combine_alpha/s0_q_reg[significand_product]/DSP_OUTPUT_INST
  -------------------------------------------------------------------
                         required time                          6.042    
                         arrival time                          -5.996    
  -------------------------------------------------------------------
                         slack                                  0.046    

Slack (MET) :             0.046ns  (required time - arrival time)
  Source:                 gqav7_z19p_system_i/gqav7_accelerator_0/inst/u_accelerator/i_core/i_pipeline/i_downstream/i_softmax/meta_q_reg[37][row_index][1]/C
                            (rising edge-triggered cell FDRE clocked by clk_core_235_unbuf  {rise@0.000ns fall@2.128ns period=4.255ns})
  Destination:            gqav7_z19p_system_i/gqav7_accelerator_0/inst/u_accelerator/i_core/i_pipeline/i_downstream/i_pair_rescale/i_combine_alpha/s0_q_reg[significand_product]/DSP_OUTPUT_INST/ALU_OUT[14]
                            (rising edge-triggered cell DSP_OUTPUT clocked by clk_core_235_unbuf  {rise@0.000ns fall@2.128ns period=4.255ns})
  Path Group:             clk_core_235_unbuf
  Path Type:              Setup (Max at Slow Process Corner)
  Requirement:            4.255ns  (clk_core_235_unbuf rise@4.255ns - clk_core_235_unbuf rise@0.000ns)
  Data Path Delay:        3.959ns  (logic 2.396ns (60.515%)  route 1.563ns (39.485%))
  Logic Levels:           9  (DSP_A_B_DATA=1 DSP_ALU=2 DSP_M_DATA=1 DSP_MULTIPLIER=1 DSP_OUTPUT=1 DSP_PREADD_DATA=1 LUT6=1 MUXF7=1)
  Clock Path Skew:        -0.204ns (DCD - SCD + CPR)
    Destination Clock Delay (DCD):    1.746ns = ( 6.002 - 4.255 ) 
    Source Clock Delay      (SCD):    2.036ns
    Clock Pessimism Removal (CPR):    0.086ns
  Clock Uncertainty:      0.061ns  ((TSJ^2 + DJ^2)^1/2) / 2 + PE
    Total System Jitter     (TSJ):    0.071ns
    Discrete Jitter          (DJ):    0.099ns
    Phase Error              (PE):    0.000ns

    Location             Delay type                Incr(ns)  Path(ns)    Netlist Resource(s)
  -------------------------------------------------------------------    -------------------
                         (clock clk_core_235_unbuf rise edge)
                                                      0.000     0.000 r  
                         clock source latency        -1.206    -1.206    
                         propagated clock network latency
                                                      3.242     2.036    
    SLICE_X56Y211        FDRE                         0.000     2.036 r  gqav7_z19p_system_i/gqav7_accelerator_0/inst/u_accelerator/i_core/i_pipeline/i_downstream/i_softmax/meta_q_reg[37][row_index][1]/C
    SLICE_X56Y211        FDRE (Prop_GFF_SLICEL_C_Q)
                                                      0.079     2.115 r  gqav7_z19p_system_i/gqav7_accelerator_0/inst/u_accelerator/i_core/i_pipeline/i_downstream/i_softmax/meta_q_reg[37][row_index][1]/Q
                         net (fo=91, routed)          1.072     3.187    gqav7_z19p_system_i/gqav7_accelerator_0/inst/u_accelerator/i_core/i_pipeline/i_downstream/i_pair_rescale/i_combine_alpha/s0_q_reg[special_value][31]_1[1]
    SLICE_X35Y239        MUXF7 (Prop_F7MUX_GH_SLICEM_S_O)
                                                      0.076     3.263 f  gqav7_z19p_system_i/gqav7_accelerator_0/inst/u_accelerator/i_core/i_pipeline/i_downstream/i_pair_rescale/i_combine_alpha/significand_product_w_i_25/O
                         net (fo=1, routed)           0.196     3.459    gqav7_z19p_system_i/gqav7_accelerator_0/inst/u_accelerator/i_core/i_pipeline/i_downstream/i_pair_rescale/i_combine_alpha/significand_product_w_i_25_n_0
    SLICE_X35Y236        LUT6 (Prop_G6LUT_SLICEM_I5_O)
                                                      0.123     3.582 f  gqav7_z19p_system_i/gqav7_accelerator_0/inst/u_accelerator/i_core/i_pipeline/i_downstream/i_pair_rescale/i_combine_alpha/significand_product_w_i_2__7/O
                         net (fo=2, routed)           0.282     3.864    gqav7_z19p_system_i/gqav7_accelerator_0/inst/u_accelerator/i_core/i_pipeline/i_downstream/i_pair_rescale/i_combine_alpha/significand_product_w/B[15]
    DSP48E2_X4Y94        DSP_A_B_DATA (Prop_DSP_A_B_DATA_DSP48E2_B[15]_B2_DATA[15])
                                                      0.151     4.015 r  gqav7_z19p_system_i/gqav7_accelerator_0/inst/u_accelerator/i_core/i_pipeline/i_downstream/i_pair_rescale/i_combine_alpha/significand_product_w/DSP_A_B_DATA_INST/B2_DATA[15]
                         net (fo=1, routed)           0.000     4.015    gqav7_z19p_system_i/gqav7_accelerator_0/inst/u_accelerator/i_core/i_pipeline/i_downstream/i_pair_rescale/i_combine_alpha/significand_product_w/DSP_A_B_DATA.B2_DATA<15>
    DSP48E2_X4Y94        DSP_PREADD_DATA (Prop_DSP_PREADD_DATA_DSP48E2_B2_DATA[15]_B2B1[15])
                                                      0.073     4.088 r  gqav7_z19p_system_i/gqav7_accelerator_0/inst/u_accelerator/i_core/i_pipeline/i_downstream/i_pair_rescale/i_combine_alpha/significand_product_w/DSP_PREADD_DATA_INST/B2B1[15]
                         net (fo=1, routed)           0.000     4.088    gqav7_z19p_system_i/gqav7_accelerator_0/inst/u_accelerator/i_core/i_pipeline/i_downstream/i_pair_rescale/i_combine_alpha/significand_product_w/DSP_PREADD_DATA.B2B1<15>
    DSP48E2_X4Y94        DSP_MULTIPLIER (Prop_DSP_MULTIPLIER_DSP48E2_B2B1[15]_V[43])
                                                      0.609     4.697 f  gqav7_z19p_system_i/gqav7_accelerator_0/inst/u_accelerator/i_core/i_pipeline/i_downstream/i_pair_rescale/i_combine_alpha/significand_product_w/DSP_MULTIPLIER_INST/V[43]
                         net (fo=1, routed)           0.000     4.697    gqav7_z19p_system_i/gqav7_accelerator_0/inst/u_accelerator/i_core/i_pipeline/i_downstream/i_pair_rescale/i_combine_alpha/significand_product_w/DSP_MULTIPLIER.V<43>
    DSP48E2_X4Y94        DSP_M_DATA (Prop_DSP_M_DATA_DSP48E2_V[43]_V_DATA[43])
                                                      0.046     4.743 r  gqav7_z19p_system_i/gqav7_accelerator_0/inst/u_accelerator/i_core/i_pipeline/i_downstream/i_pair_rescale/i_combine_alpha/significand_product_w/DSP_M_DATA_INST/V_DATA[43]
                         net (fo=1, routed)           0.000     4.743    gqav7_z19p_system_i/gqav7_accelerator_0/inst/u_accelerator/i_core/i_pipeline/i_downstream/i_pair_rescale/i_combine_alpha/significand_product_w/DSP_M_DATA.V_DATA<43>
    DSP48E2_X4Y94        DSP_ALU (Prop_DSP_ALU_DSP48E2_V_DATA[43]_ALU_OUT[47])
                                                      0.571     5.314 f  gqav7_z19p_system_i/gqav7_accelerator_0/inst/u_accelerator/i_core/i_pipeline/i_downstream/i_pair_rescale/i_combine_alpha/significand_product_w/DSP_ALU_INST/ALU_OUT[47]
                         net (fo=1, routed)           0.000     5.314    gqav7_z19p_system_i/gqav7_accelerator_0/inst/u_accelerator/i_core/i_pipeline/i_downstream/i_pair_rescale/i_combine_alpha/significand_product_w/DSP_ALU.ALU_OUT<47>
    DSP48E2_X4Y94        DSP_OUTPUT (Prop_DSP_OUTPUT_DSP48E2_ALU_OUT[47]_PCOUT[47])
                                                      0.122     5.436 r  gqav7_z19p_system_i/gqav7_accelerator_0/inst/u_accelerator/i_core/i_pipeline/i_downstream/i_pair_rescale/i_combine_alpha/significand_product_w/DSP_OUTPUT_INST/PCOUT[47]
                         net (fo=1, routed)           0.014     5.450    gqav7_z19p_system_i/gqav7_accelerator_0/inst/u_accelerator/i_core/i_pipeline/i_downstream/i_pair_rescale/i_combine_alpha/s0_q_reg[significand_product]/PCIN[47]
    DSP48E2_X4Y95        DSP_ALU (Prop_DSP_ALU_DSP48E2_PCIN[47]_ALU_OUT[14])
                                                      0.546     5.996 r  gqav7_z19p_system_i/gqav7_accelerator_0/inst/u_accelerator/i_core/i_pipeline/i_downstream/i_pair_rescale/i_combine_alpha/s0_q_reg[significand_product]/DSP_ALU_INST/ALU_OUT[14]
                         net (fo=1, routed)           0.000     5.996    gqav7_z19p_system_i/gqav7_accelerator_0/inst/u_accelerator/i_core/i_pipeline/i_downstream/i_pair_rescale/i_combine_alpha/s0_q_reg[significand_product]/DSP_ALU.ALU_OUT<14>
    DSP48E2_X4Y95        DSP_OUTPUT                                   r  gqav7_z19p_system_i/gqav7_accelerator_0/inst/u_accelerator/i_core/i_pipeline/i_downstream/i_pair_rescale/i_combine_alpha/s0_q_reg[significand_product]/DSP_OUTPUT_INST/ALU_OUT[14]
  -------------------------------------------------------------------    -------------------

                         (clock clk_core_235_unbuf rise edge)
                                                      4.255     4.255 r  
                         clock source latency        -1.044     3.211    
                         propagated clock network latency
                                                      2.790     6.002    
                         clock pessimism              0.086     6.088    
                         clock uncertainty           -0.061     6.027    
    DSP48E2_X4Y95        DSP_OUTPUT (Setup_DSP_OUTPUT_DSP48E2_CLK_ALU_OUT[14])
                                                      0.015     6.042    gqav7_z19p_system_i/gqav7_accelerator_0/inst/u_accelerator/i_core/i_pipeline/i_downstream/i_pair_rescale/i_combine_alpha/s0_q_reg[significand_product]/DSP_OUTPUT_INST
  -------------------------------------------------------------------
                         required time                          6.042    
                         arrival time                          -5.996    
  -------------------------------------------------------------------
                         slack                                  0.046    

Slack (MET) :             0.046ns  (required time - arrival time)
  Source:                 gqav7_z19p_system_i/gqav7_accelerator_0/inst/u_accelerator/i_core/i_pipeline/i_downstream/i_softmax/meta_q_reg[37][row_index][1]/C
                            (rising edge-triggered cell FDRE clocked by clk_core_235_unbuf  {rise@0.000ns fall@2.128ns period=4.255ns})
  Destination:            gqav7_z19p_system_i/gqav7_accelerator_0/inst/u_accelerator/i_core/i_pipeline/i_downstream/i_pair_rescale/i_combine_alpha/s0_q_reg[significand_product]/DSP_OUTPUT_INST/ALU_OUT[15]
                            (rising edge-triggered cell DSP_OUTPUT clocked by clk_core_235_unbuf  {rise@0.000ns fall@2.128ns period=4.255ns})
  Path Group:             clk_core_235_unbuf
  Path Type:              Setup (Max at Slow Process Corner)
  Requirement:            4.255ns  (clk_core_235_unbuf rise@4.255ns - clk_core_235_unbuf rise@0.000ns)
  Data Path Delay:        3.959ns  (logic 2.396ns (60.515%)  route 1.563ns (39.485%))
  Logic Levels:           9  (DSP_A_B_DATA=1 DSP_ALU=2 DSP_M_DATA=1 DSP_MULTIPLIER=1 DSP_OUTPUT=1 DSP_PREADD_DATA=1 LUT6=1 MUXF7=1)
  Clock Path Skew:        -0.204ns (DCD - SCD + CPR)
    Destination Clock Delay (DCD):    1.746ns = ( 6.002 - 4.255 ) 
    Source Clock Delay      (SCD):    2.036ns
    Clock Pessimism Removal (CPR):    0.086ns
  Clock Uncertainty:      0.061ns  ((TSJ^2 + DJ^2)^1/2) / 2 + PE
    Total System Jitter     (TSJ):    0.071ns
    Discrete Jitter          (DJ):    0.099ns
    Phase Error              (PE):    0.000ns

    Location             Delay type                Incr(ns)  Path(ns)    Netlist Resource(s)
  -------------------------------------------------------------------    -------------------
                         (clock clk_core_235_unbuf rise edge)
                                                      0.000     0.000 r  
                         clock source latency        -1.206    -1.206    
                         propagated clock network latency
                                                      3.242     2.036    
    SLICE_X56Y211        FDRE                         0.000     2.036 r  gqav7_z19p_system_i/gqav7_accelerator_0/inst/u_accelerator/i_core/i_pipeline/i_downstream/i_softmax/meta_q_reg[37][row_index][1]/C
    SLICE_X56Y211        FDRE (Prop_GFF_SLICEL_C_Q)
                                                      0.079     2.115 r  gqav7_z19p_system_i/gqav7_accelerator_0/inst/u_accelerator/i_core/i_pipeline/i_downstream/i_softmax/meta_q_reg[37][row_index][1]/Q
                         net (fo=91, routed)          1.072     3.187    gqav7_z19p_system_i/gqav7_accelerator_0/inst/u_accelerator/i_core/i_pipeline/i_downstream/i_pair_rescale/i_combine_alpha/s0_q_reg[special_value][31]_1[1]
    SLICE_X35Y239        MUXF7 (Prop_F7MUX_GH_SLICEM_S_O)
                                                      0.076     3.263 f  gqav7_z19p_system_i/gqav7_accelerator_0/inst/u_accelerator/i_core/i_pipeline/i_downstream/i_pair_rescale/i_combine_alpha/significand_product_w_i_25/O
                         net (fo=1, routed)           0.196     3.459    gqav7_z19p_system_i/gqav7_accelerator_0/inst/u_accelerator/i_core/i_pipeline/i_downstream/i_pair_rescale/i_combine_alpha/significand_product_w_i_25_n_0
    SLICE_X35Y236        LUT6 (Prop_G6LUT_SLICEM_I5_O)
                                                      0.123     3.582 f  gqav7_z19p_system_i/gqav7_accelerator_0/inst/u_accelerator/i_core/i_pipeline/i_downstream/i_pair_rescale/i_combine_alpha/significand_product_w_i_2__7/O
                         net (fo=2, routed)           0.282     3.864    gqav7_z19p_system_i/gqav7_accelerator_0/inst/u_accelerator/i_core/i_pipeline/i_downstream/i_pair_rescale/i_combine_alpha/significand_product_w/B[15]
    DSP48E2_X4Y94        DSP_A_B_DATA (Prop_DSP_A_B_DATA_DSP48E2_B[15]_B2_DATA[15])
                                                      0.151     4.015 r  gqav7_z19p_system_i/gqav7_accelerator_0/inst/u_accelerator/i_core/i_pipeline/i_downstream/i_pair_rescale/i_combine_alpha/significand_product_w/DSP_A_B_DATA_INST/B2_DATA[15]
                         net (fo=1, routed)           0.000     4.015    gqav7_z19p_system_i/gqav7_accelerator_0/inst/u_accelerator/i_core/i_pipeline/i_downstream/i_pair_rescale/i_combine_alpha/significand_product_w/DSP_A_B_DATA.B2_DATA<15>
    DSP48E2_X4Y94        DSP_PREADD_DATA (Prop_DSP_PREADD_DATA_DSP48E2_B2_DATA[15]_B2B1[15])
                                                      0.073     4.088 r  gqav7_z19p_system_i/gqav7_accelerator_0/inst/u_accelerator/i_core/i_pipeline/i_downstream/i_pair_rescale/i_combine_alpha/significand_product_w/DSP_PREADD_DATA_INST/B2B1[15]
                         net (fo=1, routed)           0.000     4.088    gqav7_z19p_system_i/gqav7_accelerator_0/inst/u_accelerator/i_core/i_pipeline/i_downstream/i_pair_rescale/i_combine_alpha/significand_product_w/DSP_PREADD_DATA.B2B1<15>
    DSP48E2_X4Y94        DSP_MULTIPLIER (Prop_DSP_MULTIPLIER_DSP48E2_B2B1[15]_V[43])
                                                      0.609     4.697 f  gqav7_z19p_system_i/gqav7_accelerator_0/inst/u_accelerator/i_core/i_pipeline/i_downstream/i_pair_rescale/i_combine_alpha/significand_product_w/DSP_MULTIPLIER_INST/V[43]
                         net (fo=1, routed)           0.000     4.697    gqav7_z19p_system_i/gqav7_accelerator_0/inst/u_accelerator/i_core/i_pipeline/i_downstream/i_pair_rescale/i_combine_alpha/significand_product_w/DSP_MULTIPLIER.V<43>
    DSP48E2_X4Y94        DSP_M_DATA (Prop_DSP_M_DATA_DSP48E2_V[43]_V_DATA[43])
                                                      0.046     4.743 r  gqav7_z19p_system_i/gqav7_accelerator_0/inst/u_accelerator/i_core/i_pipeline/i_downstream/i_pair_rescale/i_combine_alpha/significand_product_w/DSP_M_DATA_INST/V_DATA[43]
                         net (fo=1, routed)           0.000     4.743    gqav7_z19p_system_i/gqav7_accelerator_0/inst/u_accelerator/i_core/i_pipeline/i_downstream/i_pair_rescale/i_combine_alpha/significand_product_w/DSP_M_DATA.V_DATA<43>
    DSP48E2_X4Y94        DSP_ALU (Prop_DSP_ALU_DSP48E2_V_DATA[43]_ALU_OUT[47])
                                                      0.571     5.314 f  gqav7_z19p_system_i/gqav7_accelerator_0/inst/u_accelerator/i_core/i_pipeline/i_downstream/i_pair_rescale/i_combine_alpha/significand_product_w/DSP_ALU_INST/ALU_OUT[47]
                         net (fo=1, routed)           0.000     5.314    gqav7_z19p_system_i/gqav7_accelerator_0/inst/u_accelerator/i_core/i_pipeline/i_downstream/i_pair_rescale/i_combine_alpha/significand_product_w/DSP_ALU.ALU_OUT<47>
    DSP48E2_X4Y94        DSP_OUTPUT (Prop_DSP_OUTPUT_DSP48E2_ALU_OUT[47]_PCOUT[47])
                                                      0.122     5.436 r  gqav7_z19p_system_i/gqav7_accelerator_0/inst/u_accelerator/i_core/i_pipeline/i_downstream/i_pair_rescale/i_combine_alpha/significand_product_w/DSP_OUTPUT_INST/PCOUT[47]
                         net (fo=1, routed)           0.014     5.450    gqav7_z19p_system_i/gqav7_accelerator_0/inst/u_accelerator/i_core/i_pipeline/i_downstream/i_pair_rescale/i_combine_alpha/s0_q_reg[significand_product]/PCIN[47]
    DSP48E2_X4Y95        DSP_ALU (Prop_DSP_ALU_DSP48E2_PCIN[47]_ALU_OUT[15])
                                                      0.546     5.996 r  gqav7_z19p_system_i/gqav7_accelerator_0/inst/u_accelerator/i_core/i_pipeline/i_downstream/i_pair_rescale/i_combine_alpha/s0_q_reg[significand_product]/DSP_ALU_INST/ALU_OUT[15]
                         net (fo=1, routed)           0.000     5.996    gqav7_z19p_system_i/gqav7_accelerator_0/inst/u_accelerator/i_core/i_pipeline/i_downstream/i_pair_rescale/i_combine_alpha/s0_q_reg[significand_product]/DSP_ALU.ALU_OUT<15>
    DSP48E2_X4Y95        DSP_OUTPUT                                   r  gqav7_z19p_system_i/gqav7_accelerator_0/inst/u_accelerator/i_core/i_pipeline/i_downstream/i_pair_rescale/i_combine_alpha/s0_q_reg[significand_product]/DSP_OUTPUT_INST/ALU_OUT[15]
  -------------------------------------------------------------------    -------------------

                         (clock clk_core_235_unbuf rise edge)
                                                      4.255     4.255 r  
                         clock source latency        -1.044     3.211    
                         propagated clock network latency
                                                      2.790     6.002    
                         clock pessimism              0.086     6.088    
                         clock uncertainty           -0.061     6.027    
    DSP48E2_X4Y95        DSP_OUTPUT (Setup_DSP_OUTPUT_DSP48E2_CLK_ALU_OUT[15])
                                                      0.015     6.042    gqav7_z19p_system_i/gqav7_accelerator_0/inst/u_accelerator/i_core/i_pipeline/i_downstream/i_pair_rescale/i_combine_alpha/s0_q_reg[significand_product]/DSP_OUTPUT_INST
  -------------------------------------------------------------------
                         required time                          6.042    
                         arrival time                          -5.996    
  -------------------------------------------------------------------
                         slack                                  0.046    

Slack (MET) :             0.046ns  (required time - arrival time)
  Source:                 gqav7_z19p_system_i/gqav7_accelerator_0/inst/u_accelerator/i_core/i_pipeline/i_downstream/i_softmax/meta_q_reg[37][row_index][1]/C
                            (rising edge-triggered cell FDRE clocked by clk_core_235_unbuf  {rise@0.000ns fall@2.128ns period=4.255ns})
  Destination:            gqav7_z19p_system_i/gqav7_accelerator_0/inst/u_accelerator/i_core/i_pipeline/i_downstream/i_pair_rescale/i_combine_alpha/s0_q_reg[significand_product]/DSP_OUTPUT_INST/ALU_OUT[16]
                            (rising edge-triggered cell DSP_OUTPUT clocked by clk_core_235_unbuf  {rise@0.000ns fall@2.128ns period=4.255ns})
  Path Group:             clk_core_235_unbuf
  Path Type:              Setup (Max at Slow Process Corner)
  Requirement:            4.255ns  (clk_core_235_unbuf rise@4.255ns - clk_core_235_unbuf rise@0.000ns)
  Data Path Delay:        3.959ns  (logic 2.396ns (60.515%)  route 1.563ns (39.485%))
  Logic Levels:           9  (DSP_A_B_DATA=1 DSP_ALU=2 DSP_M_DATA=1 DSP_MULTIPLIER=1 DSP_OUTPUT=1 DSP_PREADD_DATA=1 LUT6=1 MUXF7=1)
  Clock Path Skew:        -0.204ns (DCD - SCD + CPR)
    Destination Clock Delay (DCD):    1.746ns = ( 6.002 - 4.255 ) 
    Source Clock Delay      (SCD):    2.036ns
    Clock Pessimism Removal (CPR):    0.086ns
  Clock Uncertainty:      0.061ns  ((TSJ^2 + DJ^2)^1/2) / 2 + PE
    Total System Jitter     (TSJ):    0.071ns
    Discrete Jitter          (DJ):    0.099ns
    Phase Error              (PE):    0.000ns

    Location             Delay type                Incr(ns)  Path(ns)    Netlist Resource(s)
  -------------------------------------------------------------------    -------------------
                         (clock clk_core_235_unbuf rise edge)
                                                      0.000     0.000 r  
                         clock source latency        -1.206    -1.206    
                         propagated clock network latency
                                                      3.242     2.036    
    SLICE_X56Y211        FDRE                         0.000     2.036 r  gqav7_z19p_system_i/gqav7_accelerator_0/inst/u_accelerator/i_core/i_pipeline/i_downstream/i_softmax/meta_q_reg[37][row_index][1]/C
    SLICE_X56Y211        FDRE (Prop_GFF_SLICEL_C_Q)
                                                      0.079     2.115 r  gqav7_z19p_system_i/gqav7_accelerator_0/inst/u_accelerator/i_core/i_pipeline/i_downstream/i_softmax/meta_q_reg[37][row_index][1]/Q
                         net (fo=91, routed)          1.072     3.187    gqav7_z19p_system_i/gqav7_accelerator_0/inst/u_accelerator/i_core/i_pipeline/i_downstream/i_pair_rescale/i_combine_alpha/s0_q_reg[special_value][31]_1[1]
    SLICE_X35Y239        MUXF7 (Prop_F7MUX_GH_SLICEM_S_O)
                                                      0.076     3.263 f  gqav7_z19p_system_i/gqav7_accelerator_0/inst/u_accelerator/i_core/i_pipeline/i_downstream/i_pair_rescale/i_combine_alpha/significand_product_w_i_25/O
                         net (fo=1, routed)           0.196     3.459    gqav7_z19p_system_i/gqav7_accelerator_0/inst/u_accelerator/i_core/i_pipeline/i_downstream/i_pair_rescale/i_combine_alpha/significand_product_w_i_25_n_0
    SLICE_X35Y236        LUT6 (Prop_G6LUT_SLICEM_I5_O)
                                                      0.123     3.582 f  gqav7_z19p_system_i/gqav7_accelerator_0/inst/u_accelerator/i_core/i_pipeline/i_downstream/i_pair_rescale/i_combine_alpha/significand_product_w_i_2__7/O
                         net (fo=2, routed)           0.282     3.864    gqav7_z19p_system_i/gqav7_accelerator_0/inst/u_accelerator/i_core/i_pipeline/i_downstream/i_pair_rescale/i_combine_alpha/significand_product_w/B[15]
    DSP48E2_X4Y94        DSP_A_B_DATA (Prop_DSP_A_B_DATA_DSP48E2_B[15]_B2_DATA[15])
                                                      0.151     4.015 r  gqav7_z19p_system_i/gqav7_accelerator_0/inst/u_accelerator/i_core/i_pipeline/i_downstream/i_pair_rescale/i_combine_alpha/significand_product_w/DSP_A_B_DATA_INST/B2_DATA[15]
                         net (fo=1, routed)           0.000     4.015    gqav7_z19p_system_i/gqav7_accelerator_0/inst/u_accelerator/i_core/i_pipeline/i_downstream/i_pair_rescale/i_combine_alpha/significand_product_w/DSP_A_B_DATA.B2_DATA<15>
    DSP48E2_X4Y94        DSP_PREADD_DATA (Prop_DSP_PREADD_DATA_DSP48E2_B2_DATA[15]_B2B1[15])
                                                      0.073     4.088 r  gqav7_z19p_system_i/gqav7_accelerator_0/inst/u_accelerator/i_core/i_pipeline/i_downstream/i_pair_rescale/i_combine_alpha/significand_product_w/DSP_PREADD_DATA_INST/B2B1[15]
                         net (fo=1, routed)           0.000     4.088    gqav7_z19p_system_i/gqav7_accelerator_0/inst/u_accelerator/i_core/i_pipeline/i_downstream/i_pair_rescale/i_combine_alpha/significand_product_w/DSP_PREADD_DATA.B2B1<15>
    DSP48E2_X4Y94        DSP_MULTIPLIER (Prop_DSP_MULTIPLIER_DSP48E2_B2B1[15]_V[43])
                                                      0.609     4.697 f  gqav7_z19p_system_i/gqav7_accelerator_0/inst/u_accelerator/i_core/i_pipeline/i_downstream/i_pair_rescale/i_combine_alpha/significand_product_w/DSP_MULTIPLIER_INST/V[43]
                         net (fo=1, routed)           0.000     4.697    gqav7_z19p_system_i/gqav7_accelerator_0/inst/u_accelerator/i_core/i_pipeline/i_downstream/i_pair_rescale/i_combine_alpha/significand_product_w/DSP_MULTIPLIER.V<43>
    DSP48E2_X4Y94        DSP_M_DATA (Prop_DSP_M_DATA_DSP48E2_V[43]_V_DATA[43])
                                                      0.046     4.743 r  gqav7_z19p_system_i/gqav7_accelerator_0/inst/u_accelerator/i_core/i_pipeline/i_downstream/i_pair_rescale/i_combine_alpha/significand_product_w/DSP_M_DATA_INST/V_DATA[43]
                         net (fo=1, routed)           0.000     4.743    gqav7_z19p_system_i/gqav7_accelerator_0/inst/u_accelerator/i_core/i_pipeline/i_downstream/i_pair_rescale/i_combine_alpha/significand_product_w/DSP_M_DATA.V_DATA<43>
    DSP48E2_X4Y94        DSP_ALU (Prop_DSP_ALU_DSP48E2_V_DATA[43]_ALU_OUT[47])
                                                      0.571     5.314 f  gqav7_z19p_system_i/gqav7_accelerator_0/inst/u_accelerator/i_core/i_pipeline/i_downstream/i_pair_rescale/i_combine_alpha/significand_product_w/DSP_ALU_INST/ALU_OUT[47]
                         net (fo=1, routed)           0.000     5.314    gqav7_z19p_system_i/gqav7_accelerator_0/inst/u_accelerator/i_core/i_pipeline/i_downstream/i_pair_rescale/i_combine_alpha/significand_product_w/DSP_ALU.ALU_OUT<47>
    DSP48E2_X4Y94        DSP_OUTPUT (Prop_DSP_OUTPUT_DSP48E2_ALU_OUT[47]_PCOUT[47])
                                                      0.122     5.436 r  gqav7_z19p_system_i/gqav7_accelerator_0/inst/u_accelerator/i_core/i_pipeline/i_downstream/i_pair_rescale/i_combine_alpha/significand_product_w/DSP_OUTPUT_INST/PCOUT[47]
                         net (fo=1, routed)           0.014     5.450    gqav7_z19p_system_i/gqav7_accelerator_0/inst/u_accelerator/i_core/i_pipeline/i_downstream/i_pair_rescale/i_combine_alpha/s0_q_reg[significand_product]/PCIN[47]
    DSP48E2_X4Y95        DSP_ALU (Prop_DSP_ALU_DSP48E2_PCIN[47]_ALU_OUT[16])
                                                      0.546     5.996 r  gqav7_z19p_system_i/gqav7_accelerator_0/inst/u_accelerator/i_core/i_pipeline/i_downstream/i_pair_rescale/i_combine_alpha/s0_q_reg[significand_product]/DSP_ALU_INST/ALU_OUT[16]
                         net (fo=1, routed)           0.000     5.996    gqav7_z19p_system_i/gqav7_accelerator_0/inst/u_accelerator/i_core/i_pipeline/i_downstream/i_pair_rescale/i_combine_alpha/s0_q_reg[significand_product]/DSP_ALU.ALU_OUT<16>
    DSP48E2_X4Y95        DSP_OUTPUT                                   r  gqav7_z19p_system_i/gqav7_accelerator_0/inst/u_accelerator/i_core/i_pipeline/i_downstream/i_pair_rescale/i_combine_alpha/s0_q_reg[significand_product]/DSP_OUTPUT_INST/ALU_OUT[16]
  -------------------------------------------------------------------    -------------------

                         (clock clk_core_235_unbuf rise edge)
                                                      4.255     4.255 r  
                         clock source latency        -1.044     3.211    
                         propagated clock network latency
                                                      2.790     6.002    
                         clock pessimism              0.086     6.088    
                         clock uncertainty           -0.061     6.027    
    DSP48E2_X4Y95        DSP_OUTPUT (Setup_DSP_OUTPUT_DSP48E2_CLK_ALU_OUT[16])
                                                      0.015     6.042    gqav7_z19p_system_i/gqav7_accelerator_0/inst/u_accelerator/i_core/i_pipeline/i_downstream/i_pair_rescale/i_combine_alpha/s0_q_reg[significand_product]/DSP_OUTPUT_INST
  -------------------------------------------------------------------
                         required time                          6.042    
                         arrival time                          -5.996    
  -------------------------------------------------------------------
                         slack                                  0.046    

Slack (MET) :             0.046ns  (required time - arrival time)
  Source:                 gqav7_z19p_system_i/gqav7_accelerator_0/inst/u_accelerator/i_core/i_pipeline/i_downstream/i_softmax/meta_q_reg[37][row_index][1]/C
                            (rising edge-triggered cell FDRE clocked by clk_core_235_unbuf  {rise@0.000ns fall@2.128ns period=4.255ns})
  Destination:            gqav7_z19p_system_i/gqav7_accelerator_0/inst/u_accelerator/i_core/i_pipeline/i_downstream/i_pair_rescale/i_combine_alpha/s0_q_reg[significand_product]/DSP_OUTPUT_INST/ALU_OUT[17]
                            (rising edge-triggered cell DSP_OUTPUT clocked by clk_core_235_unbuf  {rise@0.000ns fall@2.128ns period=4.255ns})
  Path Group:             clk_core_235_unbuf
  Path Type:              Setup (Max at Slow Process Corner)
  Requirement:            4.255ns  (clk_core_235_unbuf rise@4.255ns - clk_core_235_unbuf rise@0.000ns)
  Data Path Delay:        3.959ns  (logic 2.396ns (60.515%)  route 1.563ns (39.485%))
  Logic Levels:           9  (DSP_A_B_DATA=1 DSP_ALU=2 DSP_M_DATA=1 DSP_MULTIPLIER=1 DSP_OUTPUT=1 DSP_PREADD_DATA=1 LUT6=1 MUXF7=1)
  Clock Path Skew:        -0.204ns (DCD - SCD + CPR)
    Destination Clock Delay (DCD):    1.746ns = ( 6.002 - 4.255 ) 
    Source Clock Delay      (SCD):    2.036ns
    Clock Pessimism Removal (CPR):    0.086ns
  Clock Uncertainty:      0.061ns  ((TSJ^2 + DJ^2)^1/2) / 2 + PE
    Total System Jitter     (TSJ):    0.071ns
    Discrete Jitter          (DJ):    0.099ns
    Phase Error              (PE):    0.000ns

    Location             Delay type                Incr(ns)  Path(ns)    Netlist Resource(s)
  -------------------------------------------------------------------    -------------------
                         (clock clk_core_235_unbuf rise edge)
                                                      0.000     0.000 r  
                         clock source latency        -1.206    -1.206    
                         propagated clock network latency
                                                      3.242     2.036    
    SLICE_X56Y211        FDRE                         0.000     2.036 r  gqav7_z19p_system_i/gqav7_accelerator_0/inst/u_accelerator/i_core/i_pipeline/i_downstream/i_softmax/meta_q_reg[37][row_index][1]/C
    SLICE_X56Y211        FDRE (Prop_GFF_SLICEL_C_Q)
                                                      0.079     2.115 r  gqav7_z19p_system_i/gqav7_accelerator_0/inst/u_accelerator/i_core/i_pipeline/i_downstream/i_softmax/meta_q_reg[37][row_index][1]/Q
                         net (fo=91, routed)          1.072     3.187    gqav7_z19p_system_i/gqav7_accelerator_0/inst/u_accelerator/i_core/i_pipeline/i_downstream/i_pair_rescale/i_combine_alpha/s0_q_reg[special_value][31]_1[1]
    SLICE_X35Y239        MUXF7 (Prop_F7MUX_GH_SLICEM_S_O)
                                                      0.076     3.263 f  gqav7_z19p_system_i/gqav7_accelerator_0/inst/u_accelerator/i_core/i_pipeline/i_downstream/i_pair_rescale/i_combine_alpha/significand_product_w_i_25/O
                         net (fo=1, routed)           0.196     3.459    gqav7_z19p_system_i/gqav7_accelerator_0/inst/u_accelerator/i_core/i_pipeline/i_downstream/i_pair_rescale/i_combine_alpha/significand_product_w_i_25_n_0
    SLICE_X35Y236        LUT6 (Prop_G6LUT_SLICEM_I5_O)
                                                      0.123     3.582 f  gqav7_z19p_system_i/gqav7_accelerator_0/inst/u_accelerator/i_core/i_pipeline/i_downstream/i_pair_rescale/i_combine_alpha/significand_product_w_i_2__7/O
                         net (fo=2, routed)           0.282     3.864    gqav7_z19p_system_i/gqav7_accelerator_0/inst/u_accelerator/i_core/i_pipeline/i_downstream/i_pair_rescale/i_combine_alpha/significand_product_w/B[15]
    DSP48E2_X4Y94        DSP_A_B_DATA (Prop_DSP_A_B_DATA_DSP48E2_B[15]_B2_DATA[15])
                                                      0.151     4.015 r  gqav7_z19p_system_i/gqav7_accelerator_0/inst/u_accelerator/i_core/i_pipeline/i_downstream/i_pair_rescale/i_combine_alpha/significand_product_w/DSP_A_B_DATA_INST/B2_DATA[15]
                         net (fo=1, routed)           0.000     4.015    gqav7_z19p_system_i/gqav7_accelerator_0/inst/u_accelerator/i_core/i_pipeline/i_downstream/i_pair_rescale/i_combine_alpha/significand_product_w/DSP_A_B_DATA.B2_DATA<15>
    DSP48E2_X4Y94        DSP_PREADD_DATA (Prop_DSP_PREADD_DATA_DSP48E2_B2_DATA[15]_B2B1[15])
                                                      0.073     4.088 r  gqav7_z19p_system_i/gqav7_accelerator_0/inst/u_accelerator/i_core/i_pipeline/i_downstream/i_pair_rescale/i_combine_alpha/significand_product_w/DSP_PREADD_DATA_INST/B2B1[15]
                         net (fo=1, routed)           0.000     4.088    gqav7_z19p_system_i/gqav7_accelerator_0/inst/u_accelerator/i_core/i_pipeline/i_downstream/i_pair_rescale/i_combine_alpha/significand_product_w/DSP_PREADD_DATA.B2B1<15>
    DSP48E2_X4Y94        DSP_MULTIPLIER (Prop_DSP_MULTIPLIER_DSP48E2_B2B1[15]_V[43])
                                                      0.609     4.697 f  gqav7_z19p_system_i/gqav7_accelerator_0/inst/u_accelerator/i_core/i_pipeline/i_downstream/i_pair_rescale/i_combine_alpha/significand_product_w/DSP_MULTIPLIER_INST/V[43]
                         net (fo=1, routed)           0.000     4.697    gqav7_z19p_system_i/gqav7_accelerator_0/inst/u_accelerator/i_core/i_pipeline/i_downstream/i_pair_rescale/i_combine_alpha/significand_product_w/DSP_MULTIPLIER.V<43>
    DSP48E2_X4Y94        DSP_M_DATA (Prop_DSP_M_DATA_DSP48E2_V[43]_V_DATA[43])
                                                      0.046     4.743 r  gqav7_z19p_system_i/gqav7_accelerator_0/inst/u_accelerator/i_core/i_pipeline/i_downstream/i_pair_rescale/i_combine_alpha/significand_product_w/DSP_M_DATA_INST/V_DATA[43]
                         net (fo=1, routed)           0.000     4.743    gqav7_z19p_system_i/gqav7_accelerator_0/inst/u_accelerator/i_core/i_pipeline/i_downstream/i_pair_rescale/i_combine_alpha/significand_product_w/DSP_M_DATA.V_DATA<43>
    DSP48E2_X4Y94        DSP_ALU (Prop_DSP_ALU_DSP48E2_V_DATA[43]_ALU_OUT[47])
                                                      0.571     5.314 f  gqav7_z19p_system_i/gqav7_accelerator_0/inst/u_accelerator/i_core/i_pipeline/i_downstream/i_pair_rescale/i_combine_alpha/significand_product_w/DSP_ALU_INST/ALU_OUT[47]
                         net (fo=1, routed)           0.000     5.314    gqav7_z19p_system_i/gqav7_accelerator_0/inst/u_accelerator/i_core/i_pipeline/i_downstream/i_pair_rescale/i_combine_alpha/significand_product_w/DSP_ALU.ALU_OUT<47>
    DSP48E2_X4Y94        DSP_OUTPUT (Prop_DSP_OUTPUT_DSP48E2_ALU_OUT[47]_PCOUT[47])
                                                      0.122     5.436 r  gqav7_z19p_system_i/gqav7_accelerator_0/inst/u_accelerator/i_core/i_pipeline/i_downstream/i_pair_rescale/i_combine_alpha/significand_product_w/DSP_OUTPUT_INST/PCOUT[47]
                         net (fo=1, routed)           0.014     5.450    gqav7_z19p_system_i/gqav7_accelerator_0/inst/u_accelerator/i_core/i_pipeline/i_downstream/i_pair_rescale/i_combine_alpha/s0_q_reg[significand_product]/PCIN[47]
    DSP48E2_X4Y95        DSP_ALU (Prop_DSP_ALU_DSP48E2_PCIN[47]_ALU_OUT[17])
                                                      0.546     5.996 r  gqav7_z19p_system_i/gqav7_accelerator_0/inst/u_accelerator/i_core/i_pipeline/i_downstream/i_pair_rescale/i_combine_alpha/s0_q_reg[significand_product]/DSP_ALU_INST/ALU_OUT[17]
                         net (fo=1, routed)           0.000     5.996    gqav7_z19p_system_i/gqav7_accelerator_0/inst/u_accelerator/i_core/i_pipeline/i_downstream/i_pair_rescale/i_combine_alpha/s0_q_reg[significand_product]/DSP_ALU.ALU_OUT<17>
    DSP48E2_X4Y95        DSP_OUTPUT                                   r  gqav7_z19p_system_i/gqav7_accelerator_0/inst/u_accelerator/i_core/i_pipeline/i_downstream/i_pair_rescale/i_combine_alpha/s0_q_reg[significand_product]/DSP_OUTPUT_INST/ALU_OUT[17]
  -------------------------------------------------------------------    -------------------

                         (clock clk_core_235_unbuf rise edge)
                                                      4.255     4.255 r  
                         clock source latency        -1.044     3.211    
                         propagated clock network latency
                                                      2.790     6.002    
                         clock pessimism              0.086     6.088    
                         clock uncertainty           -0.061     6.027    
    DSP48E2_X4Y95        DSP_OUTPUT (Setup_DSP_OUTPUT_DSP48E2_CLK_ALU_OUT[17])
                                                      0.015     6.042    gqav7_z19p_system_i/gqav7_accelerator_0/inst/u_accelerator/i_core/i_pipeline/i_downstream/i_pair_rescale/i_combine_alpha/s0_q_reg[significand_product]/DSP_OUTPUT_INST
  -------------------------------------------------------------------
                         required time                          6.042    
                         arrival time                          -5.996    
  -------------------------------------------------------------------
                         slack                                  0.046    

Slack (MET) :             0.046ns  (required time - arrival time)
  Source:                 gqav7_z19p_system_i/gqav7_accelerator_0/inst/u_accelerator/i_core/i_pipeline/i_downstream/i_softmax/meta_q_reg[37][row_index][1]/C
                            (rising edge-triggered cell FDRE clocked by clk_core_235_unbuf  {rise@0.000ns fall@2.128ns period=4.255ns})
  Destination:            gqav7_z19p_system_i/gqav7_accelerator_0/inst/u_accelerator/i_core/i_pipeline/i_downstream/i_pair_rescale/i_combine_alpha/s0_q_reg[significand_product]/DSP_OUTPUT_INST/ALU_OUT[18]
                            (rising edge-triggered cell DSP_OUTPUT clocked by clk_core_235_unbuf  {rise@0.000ns fall@2.128ns period=4.255ns})
  Path Group:             clk_core_235_unbuf
  Path Type:              Setup (Max at Slow Process Corner)
  Requirement:            4.255ns  (clk_core_235_unbuf rise@4.255ns - clk_core_235_unbuf rise@0.000ns)
  Data Path Delay:        3.959ns  (logic 2.396ns (60.515%)  route 1.563ns (39.485%))
  Logic Levels:           9  (DSP_A_B_DATA=1 DSP_ALU=2 DSP_M_DATA=1 DSP_MULTIPLIER=1 DSP_OUTPUT=1 DSP_PREADD_DATA=1 LUT6=1 MUXF7=1)
  Clock Path Skew:        -0.204ns (DCD - SCD + CPR)
    Destination Clock Delay (DCD):    1.746ns = ( 6.002 - 4.255 ) 
    Source Clock Delay      (SCD):    2.036ns
    Clock Pessimism Removal (CPR):    0.086ns
  Clock Uncertainty:      0.061ns  ((TSJ^2 + DJ^2)^1/2) / 2 + PE
    Total System Jitter     (TSJ):    0.071ns
    Discrete Jitter          (DJ):    0.099ns
    Phase Error              (PE):    0.000ns

    Location             Delay type                Incr(ns)  Path(ns)    Netlist Resource(s)
  -------------------------------------------------------------------    -------------------
                         (clock clk_core_235_unbuf rise edge)
                                                      0.000     0.000 r  
                         clock source latency        -1.206    -1.206    
                         propagated clock network latency
                                                      3.242     2.036    
    SLICE_X56Y211        FDRE                         0.000     2.036 r  gqav7_z19p_system_i/gqav7_accelerator_0/inst/u_accelerator/i_core/i_pipeline/i_downstream/i_softmax/meta_q_reg[37][row_index][1]/C
    SLICE_X56Y211        FDRE (Prop_GFF_SLICEL_C_Q)
                                                      0.079     2.115 r  gqav7_z19p_system_i/gqav7_accelerator_0/inst/u_accelerator/i_core/i_pipeline/i_downstream/i_softmax/meta_q_reg[37][row_index][1]/Q
                         net (fo=91, routed)          1.072     3.187    gqav7_z19p_system_i/gqav7_accelerator_0/inst/u_accelerator/i_core/i_pipeline/i_downstream/i_pair_rescale/i_combine_alpha/s0_q_reg[special_value][31]_1[1]
    SLICE_X35Y239        MUXF7 (Prop_F7MUX_GH_SLICEM_S_O)
                                                      0.076     3.263 f  gqav7_z19p_system_i/gqav7_accelerator_0/inst/u_accelerator/i_core/i_pipeline/i_downstream/i_pair_rescale/i_combine_alpha/significand_product_w_i_25/O
                         net (fo=1, routed)           0.196     3.459    gqav7_z19p_system_i/gqav7_accelerator_0/inst/u_accelerator/i_core/i_pipeline/i_downstream/i_pair_rescale/i_combine_alpha/significand_product_w_i_25_n_0
    SLICE_X35Y236        LUT6 (Prop_G6LUT_SLICEM_I5_O)
                                                      0.123     3.582 f  gqav7_z19p_system_i/gqav7_accelerator_0/inst/u_accelerator/i_core/i_pipeline/i_downstream/i_pair_rescale/i_combine_alpha/significand_product_w_i_2__7/O
                         net (fo=2, routed)           0.282     3.864    gqav7_z19p_system_i/gqav7_accelerator_0/inst/u_accelerator/i_core/i_pipeline/i_downstream/i_pair_rescale/i_combine_alpha/significand_product_w/B[15]
    DSP48E2_X4Y94        DSP_A_B_DATA (Prop_DSP_A_B_DATA_DSP48E2_B[15]_B2_DATA[15])
                                                      0.151     4.015 r  gqav7_z19p_system_i/gqav7_accelerator_0/inst/u_accelerator/i_core/i_pipeline/i_downstream/i_pair_rescale/i_combine_alpha/significand_product_w/DSP_A_B_DATA_INST/B2_DATA[15]
                         net (fo=1, routed)           0.000     4.015    gqav7_z19p_system_i/gqav7_accelerator_0/inst/u_accelerator/i_core/i_pipeline/i_downstream/i_pair_rescale/i_combine_alpha/significand_product_w/DSP_A_B_DATA.B2_DATA<15>
    DSP48E2_X4Y94        DSP_PREADD_DATA (Prop_DSP_PREADD_DATA_DSP48E2_B2_DATA[15]_B2B1[15])
                                                      0.073     4.088 r  gqav7_z19p_system_i/gqav7_accelerator_0/inst/u_accelerator/i_core/i_pipeline/i_downstream/i_pair_rescale/i_combine_alpha/significand_product_w/DSP_PREADD_DATA_INST/B2B1[15]
                         net (fo=1, routed)           0.000     4.088    gqav7_z19p_system_i/gqav7_accelerator_0/inst/u_accelerator/i_core/i_pipeline/i_downstream/i_pair_rescale/i_combine_alpha/significand_product_w/DSP_PREADD_DATA.B2B1<15>
    DSP48E2_X4Y94        DSP_MULTIPLIER (Prop_DSP_MULTIPLIER_DSP48E2_B2B1[15]_V[43])
                                                      0.609     4.697 f  gqav7_z19p_system_i/gqav7_accelerator_0/inst/u_accelerator/i_core/i_pipeline/i_downstream/i_pair_rescale/i_combine_alpha/significand_product_w/DSP_MULTIPLIER_INST/V[43]
                         net (fo=1, routed)           0.000     4.697    gqav7_z19p_system_i/gqav7_accelerator_0/inst/u_accelerator/i_core/i_pipeline/i_downstream/i_pair_rescale/i_combine_alpha/significand_product_w/DSP_MULTIPLIER.V<43>
    DSP48E2_X4Y94        DSP_M_DATA (Prop_DSP_M_DATA_DSP48E2_V[43]_V_DATA[43])
                                                      0.046     4.743 r  gqav7_z19p_system_i/gqav7_accelerator_0/inst/u_accelerator/i_core/i_pipeline/i_downstream/i_pair_rescale/i_combine_alpha/significand_product_w/DSP_M_DATA_INST/V_DATA[43]
                         net (fo=1, routed)           0.000     4.743    gqav7_z19p_system_i/gqav7_accelerator_0/inst/u_accelerator/i_core/i_pipeline/i_downstream/i_pair_rescale/i_combine_alpha/significand_product_w/DSP_M_DATA.V_DATA<43>
    DSP48E2_X4Y94        DSP_ALU (Prop_DSP_ALU_DSP48E2_V_DATA[43]_ALU_OUT[47])
                                                      0.571     5.314 f  gqav7_z19p_system_i/gqav7_accelerator_0/inst/u_accelerator/i_core/i_pipeline/i_downstream/i_pair_rescale/i_combine_alpha/significand_product_w/DSP_ALU_INST/ALU_OUT[47]
                         net (fo=1, routed)           0.000     5.314    gqav7_z19p_system_i/gqav7_accelerator_0/inst/u_accelerator/i_core/i_pipeline/i_downstream/i_pair_rescale/i_combine_alpha/significand_product_w/DSP_ALU.ALU_OUT<47>
    DSP48E2_X4Y94        DSP_OUTPUT (Prop_DSP_OUTPUT_DSP48E2_ALU_OUT[47]_PCOUT[47])
                                                      0.122     5.436 r  gqav7_z19p_system_i/gqav7_accelerator_0/inst/u_accelerator/i_core/i_pipeline/i_downstream/i_pair_rescale/i_combine_alpha/significand_product_w/DSP_OUTPUT_INST/PCOUT[47]
                         net (fo=1, routed)           0.014     5.450    gqav7_z19p_system_i/gqav7_accelerator_0/inst/u_accelerator/i_core/i_pipeline/i_downstream/i_pair_rescale/i_combine_alpha/s0_q_reg[significand_product]/PCIN[47]
    DSP48E2_X4Y95        DSP_ALU (Prop_DSP_ALU_DSP48E2_PCIN[47]_ALU_OUT[18])
                                                      0.546     5.996 r  gqav7_z19p_system_i/gqav7_accelerator_0/inst/u_accelerator/i_core/i_pipeline/i_downstream/i_pair_rescale/i_combine_alpha/s0_q_reg[significand_product]/DSP_ALU_INST/ALU_OUT[18]
                         net (fo=1, routed)           0.000     5.996    gqav7_z19p_system_i/gqav7_accelerator_0/inst/u_accelerator/i_core/i_pipeline/i_downstream/i_pair_rescale/i_combine_alpha/s0_q_reg[significand_product]/DSP_ALU.ALU_OUT<18>
    DSP48E2_X4Y95        DSP_OUTPUT                                   r  gqav7_z19p_system_i/gqav7_accelerator_0/inst/u_accelerator/i_core/i_pipeline/i_downstream/i_pair_rescale/i_combine_alpha/s0_q_reg[significand_product]/DSP_OUTPUT_INST/ALU_OUT[18]
  -------------------------------------------------------------------    -------------------

                         (clock clk_core_235_unbuf rise edge)
                                                      4.255     4.255 r  
                         clock source latency        -1.044     3.211    
                         propagated clock network latency
                                                      2.790     6.002    
                         clock pessimism              0.086     6.088    
                         clock uncertainty           -0.061     6.027    
    DSP48E2_X4Y95        DSP_OUTPUT (Setup_DSP_OUTPUT_DSP48E2_CLK_ALU_OUT[18])
                                                      0.015     6.042    gqav7_z19p_system_i/gqav7_accelerator_0/inst/u_accelerator/i_core/i_pipeline/i_downstream/i_pair_rescale/i_combine_alpha/s0_q_reg[significand_product]/DSP_OUTPUT_INST
  -------------------------------------------------------------------
                         required time                          6.042    
                         arrival time                          -5.996    
  -------------------------------------------------------------------
                         slack                                  0.046    

Slack (MET) :             0.046ns  (required time - arrival time)
  Source:                 gqav7_z19p_system_i/gqav7_accelerator_0/inst/u_accelerator/i_core/i_pipeline/i_downstream/i_softmax/meta_q_reg[37][row_index][1]/C
                            (rising edge-triggered cell FDRE clocked by clk_core_235_unbuf  {rise@0.000ns fall@2.128ns period=4.255ns})
  Destination:            gqav7_z19p_system_i/gqav7_accelerator_0/inst/u_accelerator/i_core/i_pipeline/i_downstream/i_pair_rescale/i_combine_alpha/s0_q_reg[significand_product]/DSP_OUTPUT_INST/ALU_OUT[19]
                            (rising edge-triggered cell DSP_OUTPUT clocked by clk_core_235_unbuf  {rise@0.000ns fall@2.128ns period=4.255ns})
  Path Group:             clk_core_235_unbuf
  Path Type:              Setup (Max at Slow Process Corner)
  Requirement:            4.255ns  (clk_core_235_unbuf rise@4.255ns - clk_core_235_unbuf rise@0.000ns)
  Data Path Delay:        3.959ns  (logic 2.396ns (60.515%)  route 1.563ns (39.485%))
  Logic Levels:           9  (DSP_A_B_DATA=1 DSP_ALU=2 DSP_M_DATA=1 DSP_MULTIPLIER=1 DSP_OUTPUT=1 DSP_PREADD_DATA=1 LUT6=1 MUXF7=1)
  Clock Path Skew:        -0.204ns (DCD - SCD + CPR)
    Destination Clock Delay (DCD):    1.746ns = ( 6.002 - 4.255 ) 
    Source Clock Delay      (SCD):    2.036ns
    Clock Pessimism Removal (CPR):    0.086ns
  Clock Uncertainty:      0.061ns  ((TSJ^2 + DJ^2)^1/2) / 2 + PE
    Total System Jitter     (TSJ):    0.071ns
    Discrete Jitter          (DJ):    0.099ns
    Phase Error              (PE):    0.000ns

    Location             Delay type                Incr(ns)  Path(ns)    Netlist Resource(s)
  -------------------------------------------------------------------    -------------------
                         (clock clk_core_235_unbuf rise edge)
                                                      0.000     0.000 r  
                         clock source latency        -1.206    -1.206    
                         propagated clock network latency
                                                      3.242     2.036    
    SLICE_X56Y211        FDRE                         0.000     2.036 r  gqav7_z19p_system_i/gqav7_accelerator_0/inst/u_accelerator/i_core/i_pipeline/i_downstream/i_softmax/meta_q_reg[37][row_index][1]/C
    SLICE_X56Y211        FDRE (Prop_GFF_SLICEL_C_Q)
                                                      0.079     2.115 r  gqav7_z19p_system_i/gqav7_accelerator_0/inst/u_accelerator/i_core/i_pipeline/i_downstream/i_softmax/meta_q_reg[37][row_index][1]/Q
                         net (fo=91, routed)          1.072     3.187    gqav7_z19p_system_i/gqav7_accelerator_0/inst/u_accelerator/i_core/i_pipeline/i_downstream/i_pair_rescale/i_combine_alpha/s0_q_reg[special_value][31]_1[1]
    SLICE_X35Y239        MUXF7 (Prop_F7MUX_GH_SLICEM_S_O)
                                                      0.076     3.263 f  gqav7_z19p_system_i/gqav7_accelerator_0/inst/u_accelerator/i_core/i_pipeline/i_downstream/i_pair_rescale/i_combine_alpha/significand_product_w_i_25/O
                         net (fo=1, routed)           0.196     3.459    gqav7_z19p_system_i/gqav7_accelerator_0/inst/u_accelerator/i_core/i_pipeline/i_downstream/i_pair_rescale/i_combine_alpha/significand_product_w_i_25_n_0
    SLICE_X35Y236        LUT6 (Prop_G6LUT_SLICEM_I5_O)
                                                      0.123     3.582 f  gqav7_z19p_system_i/gqav7_accelerator_0/inst/u_accelerator/i_core/i_pipeline/i_downstream/i_pair_rescale/i_combine_alpha/significand_product_w_i_2__7/O
                         net (fo=2, routed)           0.282     3.864    gqav7_z19p_system_i/gqav7_accelerator_0/inst/u_accelerator/i_core/i_pipeline/i_downstream/i_pair_rescale/i_combine_alpha/significand_product_w/B[15]
    DSP48E2_X4Y94        DSP_A_B_DATA (Prop_DSP_A_B_DATA_DSP48E2_B[15]_B2_DATA[15])
                                                      0.151     4.015 r  gqav7_z19p_system_i/gqav7_accelerator_0/inst/u_accelerator/i_core/i_pipeline/i_downstream/i_pair_rescale/i_combine_alpha/significand_product_w/DSP_A_B_DATA_INST/B2_DATA[15]
                         net (fo=1, routed)           0.000     4.015    gqav7_z19p_system_i/gqav7_accelerator_0/inst/u_accelerator/i_core/i_pipeline/i_downstream/i_pair_rescale/i_combine_alpha/significand_product_w/DSP_A_B_DATA.B2_DATA<15>
    DSP48E2_X4Y94        DSP_PREADD_DATA (Prop_DSP_PREADD_DATA_DSP48E2_B2_DATA[15]_B2B1[15])
                                                      0.073     4.088 r  gqav7_z19p_system_i/gqav7_accelerator_0/inst/u_accelerator/i_core/i_pipeline/i_downstream/i_pair_rescale/i_combine_alpha/significand_product_w/DSP_PREADD_DATA_INST/B2B1[15]
                         net (fo=1, routed)           0.000     4.088    gqav7_z19p_system_i/gqav7_accelerator_0/inst/u_accelerator/i_core/i_pipeline/i_downstream/i_pair_rescale/i_combine_alpha/significand_product_w/DSP_PREADD_DATA.B2B1<15>
    DSP48E2_X4Y94        DSP_MULTIPLIER (Prop_DSP_MULTIPLIER_DSP48E2_B2B1[15]_V[43])
                                                      0.609     4.697 f  gqav7_z19p_system_i/gqav7_accelerator_0/inst/u_accelerator/i_core/i_pipeline/i_downstream/i_pair_rescale/i_combine_alpha/significand_product_w/DSP_MULTIPLIER_INST/V[43]
                         net (fo=1, routed)           0.000     4.697    gqav7_z19p_system_i/gqav7_accelerator_0/inst/u_accelerator/i_core/i_pipeline/i_downstream/i_pair_rescale/i_combine_alpha/significand_product_w/DSP_MULTIPLIER.V<43>
    DSP48E2_X4Y94        DSP_M_DATA (Prop_DSP_M_DATA_DSP48E2_V[43]_V_DATA[43])
                                                      0.046     4.743 r  gqav7_z19p_system_i/gqav7_accelerator_0/inst/u_accelerator/i_core/i_pipeline/i_downstream/i_pair_rescale/i_combine_alpha/significand_product_w/DSP_M_DATA_INST/V_DATA[43]
                         net (fo=1, routed)           0.000     4.743    gqav7_z19p_system_i/gqav7_accelerator_0/inst/u_accelerator/i_core/i_pipeline/i_downstream/i_pair_rescale/i_combine_alpha/significand_product_w/DSP_M_DATA.V_DATA<43>
    DSP48E2_X4Y94        DSP_ALU (Prop_DSP_ALU_DSP48E2_V_DATA[43]_ALU_OUT[47])
                                                      0.571     5.314 f  gqav7_z19p_system_i/gqav7_accelerator_0/inst/u_accelerator/i_core/i_pipeline/i_downstream/i_pair_rescale/i_combine_alpha/significand_product_w/DSP_ALU_INST/ALU_OUT[47]
                         net (fo=1, routed)           0.000     5.314    gqav7_z19p_system_i/gqav7_accelerator_0/inst/u_accelerator/i_core/i_pipeline/i_downstream/i_pair_rescale/i_combine_alpha/significand_product_w/DSP_ALU.ALU_OUT<47>
    DSP48E2_X4Y94        DSP_OUTPUT (Prop_DSP_OUTPUT_DSP48E2_ALU_OUT[47]_PCOUT[47])
                                                      0.122     5.436 r  gqav7_z19p_system_i/gqav7_accelerator_0/inst/u_accelerator/i_core/i_pipeline/i_downstream/i_pair_rescale/i_combine_alpha/significand_product_w/DSP_OUTPUT_INST/PCOUT[47]
                         net (fo=1, routed)           0.014     5.450    gqav7_z19p_system_i/gqav7_accelerator_0/inst/u_accelerator/i_core/i_pipeline/i_downstream/i_pair_rescale/i_combine_alpha/s0_q_reg[significand_product]/PCIN[47]
    DSP48E2_X4Y95        DSP_ALU (Prop_DSP_ALU_DSP48E2_PCIN[47]_ALU_OUT[19])
                                                      0.546     5.996 r  gqav7_z19p_system_i/gqav7_accelerator_0/inst/u_accelerator/i_core/i_pipeline/i_downstream/i_pair_rescale/i_combine_alpha/s0_q_reg[significand_product]/DSP_ALU_INST/ALU_OUT[19]
                         net (fo=1, routed)           0.000     5.996    gqav7_z19p_system_i/gqav7_accelerator_0/inst/u_accelerator/i_core/i_pipeline/i_downstream/i_pair_rescale/i_combine_alpha/s0_q_reg[significand_product]/DSP_ALU.ALU_OUT<19>
    DSP48E2_X4Y95        DSP_OUTPUT                                   r  gqav7_z19p_system_i/gqav7_accelerator_0/inst/u_accelerator/i_core/i_pipeline/i_downstream/i_pair_rescale/i_combine_alpha/s0_q_reg[significand_product]/DSP_OUTPUT_INST/ALU_OUT[19]
  -------------------------------------------------------------------    -------------------

                         (clock clk_core_235_unbuf rise edge)
                                                      4.255     4.255 r  
                         clock source latency        -1.044     3.211    
                         propagated clock network latency
                                                      2.790     6.002    
                         clock pessimism              0.086     6.088    
                         clock uncertainty           -0.061     6.027    
    DSP48E2_X4Y95        DSP_OUTPUT (Setup_DSP_OUTPUT_DSP48E2_CLK_ALU_OUT[19])
                                                      0.015     6.042    gqav7_z19p_system_i/gqav7_accelerator_0/inst/u_accelerator/i_core/i_pipeline/i_downstream/i_pair_rescale/i_combine_alpha/s0_q_reg[significand_product]/DSP_OUTPUT_INST
  -------------------------------------------------------------------
                         required time                          6.042    
                         arrival time                          -5.996    
  -------------------------------------------------------------------
                         slack                                  0.046    

Slack (MET) :             0.046ns  (required time - arrival time)
  Source:                 gqav7_z19p_system_i/gqav7_accelerator_0/inst/u_accelerator/i_core/i_pipeline/i_downstream/i_softmax/meta_q_reg[37][row_index][1]/C
                            (rising edge-triggered cell FDRE clocked by clk_core_235_unbuf  {rise@0.000ns fall@2.128ns period=4.255ns})
  Destination:            gqav7_z19p_system_i/gqav7_accelerator_0/inst/u_accelerator/i_core/i_pipeline/i_downstream/i_pair_rescale/i_combine_alpha/s0_q_reg[significand_product]/DSP_OUTPUT_INST/ALU_OUT[1]
                            (rising edge-triggered cell DSP_OUTPUT clocked by clk_core_235_unbuf  {rise@0.000ns fall@2.128ns period=4.255ns})
  Path Group:             clk_core_235_unbuf
  Path Type:              Setup (Max at Slow Process Corner)
  Requirement:            4.255ns  (clk_core_235_unbuf rise@4.255ns - clk_core_235_unbuf rise@0.000ns)
  Data Path Delay:        3.959ns  (logic 2.396ns (60.515%)  route 1.563ns (39.485%))
  Logic Levels:           9  (DSP_A_B_DATA=1 DSP_ALU=2 DSP_M_DATA=1 DSP_MULTIPLIER=1 DSP_OUTPUT=1 DSP_PREADD_DATA=1 LUT6=1 MUXF7=1)
  Clock Path Skew:        -0.204ns (DCD - SCD + CPR)
    Destination Clock Delay (DCD):    1.746ns = ( 6.002 - 4.255 ) 
    Source Clock Delay      (SCD):    2.036ns
    Clock Pessimism Removal (CPR):    0.086ns
  Clock Uncertainty:      0.061ns  ((TSJ^2 + DJ^2)^1/2) / 2 + PE
    Total System Jitter     (TSJ):    0.071ns
    Discrete Jitter          (DJ):    0.099ns
    Phase Error              (PE):    0.000ns

    Location             Delay type                Incr(ns)  Path(ns)    Netlist Resource(s)
  -------------------------------------------------------------------    -------------------
                         (clock clk_core_235_unbuf rise edge)
                                                      0.000     0.000 r  
                         clock source latency        -1.206    -1.206    
                         propagated clock network latency
                                                      3.242     2.036    
    SLICE_X56Y211        FDRE                         0.000     2.036 r  gqav7_z19p_system_i/gqav7_accelerator_0/inst/u_accelerator/i_core/i_pipeline/i_downstream/i_softmax/meta_q_reg[37][row_index][1]/C
    SLICE_X56Y211        FDRE (Prop_GFF_SLICEL_C_Q)
                                                      0.079     2.115 r  gqav7_z19p_system_i/gqav7_accelerator_0/inst/u_accelerator/i_core/i_pipeline/i_downstream/i_softmax/meta_q_reg[37][row_index][1]/Q
                         net (fo=91, routed)          1.072     3.187    gqav7_z19p_system_i/gqav7_accelerator_0/inst/u_accelerator/i_core/i_pipeline/i_downstream/i_pair_rescale/i_combine_alpha/s0_q_reg[special_value][31]_1[1]
    SLICE_X35Y239        MUXF7 (Prop_F7MUX_GH_SLICEM_S_O)
                                                      0.076     3.263 f  gqav7_z19p_system_i/gqav7_accelerator_0/inst/u_accelerator/i_core/i_pipeline/i_downstream/i_pair_rescale/i_combine_alpha/significand_product_w_i_25/O
                         net (fo=1, routed)           0.196     3.459    gqav7_z19p_system_i/gqav7_accelerator_0/inst/u_accelerator/i_core/i_pipeline/i_downstream/i_pair_rescale/i_combine_alpha/significand_product_w_i_25_n_0
    SLICE_X35Y236        LUT6 (Prop_G6LUT_SLICEM_I5_O)
                                                      0.123     3.582 f  gqav7_z19p_system_i/gqav7_accelerator_0/inst/u_accelerator/i_core/i_pipeline/i_downstream/i_pair_rescale/i_combine_alpha/significand_product_w_i_2__7/O
                         net (fo=2, routed)           0.282     3.864    gqav7_z19p_system_i/gqav7_accelerator_0/inst/u_accelerator/i_core/i_pipeline/i_downstream/i_pair_rescale/i_combine_alpha/significand_product_w/B[15]
    DSP48E2_X4Y94        DSP_A_B_DATA (Prop_DSP_A_B_DATA_DSP48E2_B[15]_B2_DATA[15])
                                                      0.151     4.015 r  gqav7_z19p_system_i/gqav7_accelerator_0/inst/u_accelerator/i_core/i_pipeline/i_downstream/i_pair_rescale/i_combine_alpha/significand_product_w/DSP_A_B_DATA_INST/B2_DATA[15]
                         net (fo=1, routed)           0.000     4.015    gqav7_z19p_system_i/gqav7_accelerator_0/inst/u_accelerator/i_core/i_pipeline/i_downstream/i_pair_rescale/i_combine_alpha/significand_product_w/DSP_A_B_DATA.B2_DATA<15>
    DSP48E2_X4Y94        DSP_PREADD_DATA (Prop_DSP_PREADD_DATA_DSP48E2_B2_DATA[15]_B2B1[15])
                                                      0.073     4.088 r  gqav7_z19p_system_i/gqav7_accelerator_0/inst/u_accelerator/i_core/i_pipeline/i_downstream/i_pair_rescale/i_combine_alpha/significand_product_w/DSP_PREADD_DATA_INST/B2B1[15]
                         net (fo=1, routed)           0.000     4.088    gqav7_z19p_system_i/gqav7_accelerator_0/inst/u_accelerator/i_core/i_pipeline/i_downstream/i_pair_rescale/i_combine_alpha/significand_product_w/DSP_PREADD_DATA.B2B1<15>
    DSP48E2_X4Y94        DSP_MULTIPLIER (Prop_DSP_MULTIPLIER_DSP48E2_B2B1[15]_V[43])
                                                      0.609     4.697 f  gqav7_z19p_system_i/gqav7_accelerator_0/inst/u_accelerator/i_core/i_pipeline/i_downstream/i_pair_rescale/i_combine_alpha/significand_product_w/DSP_MULTIPLIER_INST/V[43]
                         net (fo=1, routed)           0.000     4.697    gqav7_z19p_system_i/gqav7_accelerator_0/inst/u_accelerator/i_core/i_pipeline/i_downstream/i_pair_rescale/i_combine_alpha/significand_product_w/DSP_MULTIPLIER.V<43>
    DSP48E2_X4Y94        DSP_M_DATA (Prop_DSP_M_DATA_DSP48E2_V[43]_V_DATA[43])
                                                      0.046     4.743 r  gqav7_z19p_system_i/gqav7_accelerator_0/inst/u_accelerator/i_core/i_pipeline/i_downstream/i_pair_rescale/i_combine_alpha/significand_product_w/DSP_M_DATA_INST/V_DATA[43]
                         net (fo=1, routed)           0.000     4.743    gqav7_z19p_system_i/gqav7_accelerator_0/inst/u_accelerator/i_core/i_pipeline/i_downstream/i_pair_rescale/i_combine_alpha/significand_product_w/DSP_M_DATA.V_DATA<43>
    DSP48E2_X4Y94        DSP_ALU (Prop_DSP_ALU_DSP48E2_V_DATA[43]_ALU_OUT[47])
                                                      0.571     5.314 f  gqav7_z19p_system_i/gqav7_accelerator_0/inst/u_accelerator/i_core/i_pipeline/i_downstream/i_pair_rescale/i_combine_alpha/significand_product_w/DSP_ALU_INST/ALU_OUT[47]
                         net (fo=1, routed)           0.000     5.314    gqav7_z19p_system_i/gqav7_accelerator_0/inst/u_accelerator/i_core/i_pipeline/i_downstream/i_pair_rescale/i_combine_alpha/significand_product_w/DSP_ALU.ALU_OUT<47>
    DSP48E2_X4Y94        DSP_OUTPUT (Prop_DSP_OUTPUT_DSP48E2_ALU_OUT[47]_PCOUT[47])
                                                      0.122     5.436 r  gqav7_z19p_system_i/gqav7_accelerator_0/inst/u_accelerator/i_core/i_pipeline/i_downstream/i_pair_rescale/i_combine_alpha/significand_product_w/DSP_OUTPUT_INST/PCOUT[47]
                         net (fo=1, routed)           0.014     5.450    gqav7_z19p_system_i/gqav7_accelerator_0/inst/u_accelerator/i_core/i_pipeline/i_downstream/i_pair_rescale/i_combine_alpha/s0_q_reg[significand_product]/PCIN[47]
    DSP48E2_X4Y95        DSP_ALU (Prop_DSP_ALU_DSP48E2_PCIN[47]_ALU_OUT[1])
                                                      0.546     5.996 r  gqav7_z19p_system_i/gqav7_accelerator_0/inst/u_accelerator/i_core/i_pipeline/i_downstream/i_pair_rescale/i_combine_alpha/s0_q_reg[significand_product]/DSP_ALU_INST/ALU_OUT[1]
                         net (fo=1, routed)           0.000     5.996    gqav7_z19p_system_i/gqav7_accelerator_0/inst/u_accelerator/i_core/i_pipeline/i_downstream/i_pair_rescale/i_combine_alpha/s0_q_reg[significand_product]/DSP_ALU.ALU_OUT<1>
    DSP48E2_X4Y95        DSP_OUTPUT                                   r  gqav7_z19p_system_i/gqav7_accelerator_0/inst/u_accelerator/i_core/i_pipeline/i_downstream/i_pair_rescale/i_combine_alpha/s0_q_reg[significand_product]/DSP_OUTPUT_INST/ALU_OUT[1]
  -------------------------------------------------------------------    -------------------

                         (clock clk_core_235_unbuf rise edge)
                                                      4.255     4.255 r  
                         clock source latency        -1.044     3.211    
                         propagated clock network latency
                                                      2.790     6.002    
                         clock pessimism              0.086     6.088    
                         clock uncertainty           -0.061     6.027    
    DSP48E2_X4Y95        DSP_OUTPUT (Setup_DSP_OUTPUT_DSP48E2_CLK_ALU_OUT[1])
                                                      0.015     6.042    gqav7_z19p_system_i/gqav7_accelerator_0/inst/u_accelerator/i_core/i_pipeline/i_downstream/i_pair_rescale/i_combine_alpha/s0_q_reg[significand_product]/DSP_OUTPUT_INST
  -------------------------------------------------------------------
                         required time                          6.042    
                         arrival time                          -5.996    
  -------------------------------------------------------------------
                         slack                                  0.046    

Slack (MET) :             0.046ns  (required time - arrival time)
  Source:                 gqav7_z19p_system_i/gqav7_accelerator_0/inst/u_accelerator/i_core/i_pipeline/i_downstream/i_softmax/meta_q_reg[37][row_index][1]/C
                            (rising edge-triggered cell FDRE clocked by clk_core_235_unbuf  {rise@0.000ns fall@2.128ns period=4.255ns})
  Destination:            gqav7_z19p_system_i/gqav7_accelerator_0/inst/u_accelerator/i_core/i_pipeline/i_downstream/i_pair_rescale/i_combine_alpha/s0_q_reg[significand_product]/DSP_OUTPUT_INST/ALU_OUT[20]
                            (rising edge-triggered cell DSP_OUTPUT clocked by clk_core_235_unbuf  {rise@0.000ns fall@2.128ns period=4.255ns})
  Path Group:             clk_core_235_unbuf
  Path Type:              Setup (Max at Slow Process Corner)
  Requirement:            4.255ns  (clk_core_235_unbuf rise@4.255ns - clk_core_235_unbuf rise@0.000ns)
  Data Path Delay:        3.959ns  (logic 2.396ns (60.515%)  route 1.563ns (39.485%))
  Logic Levels:           9  (DSP_A_B_DATA=1 DSP_ALU=2 DSP_M_DATA=1 DSP_MULTIPLIER=1 DSP_OUTPUT=1 DSP_PREADD_DATA=1 LUT6=1 MUXF7=1)
  Clock Path Skew:        -0.204ns (DCD - SCD + CPR)
    Destination Clock Delay (DCD):    1.746ns = ( 6.002 - 4.255 ) 
    Source Clock Delay      (SCD):    2.036ns
    Clock Pessimism Removal (CPR):    0.086ns
  Clock Uncertainty:      0.061ns  ((TSJ^2 + DJ^2)^1/2) / 2 + PE
    Total System Jitter     (TSJ):    0.071ns
    Discrete Jitter          (DJ):    0.099ns
    Phase Error              (PE):    0.000ns

    Location             Delay type                Incr(ns)  Path(ns)    Netlist Resource(s)
  -------------------------------------------------------------------    -------------------
                         (clock clk_core_235_unbuf rise edge)
                                                      0.000     0.000 r  
                         clock source latency        -1.206    -1.206    
                         propagated clock network latency
                                                      3.242     2.036    
    SLICE_X56Y211        FDRE                         0.000     2.036 r  gqav7_z19p_system_i/gqav7_accelerator_0/inst/u_accelerator/i_core/i_pipeline/i_downstream/i_softmax/meta_q_reg[37][row_index][1]/C
    SLICE_X56Y211        FDRE (Prop_GFF_SLICEL_C_Q)
                                                      0.079     2.115 r  gqav7_z19p_system_i/gqav7_accelerator_0/inst/u_accelerator/i_core/i_pipeline/i_downstream/i_softmax/meta_q_reg[37][row_index][1]/Q
                         net (fo=91, routed)          1.072     3.187    gqav7_z19p_system_i/gqav7_accelerator_0/inst/u_accelerator/i_core/i_pipeline/i_downstream/i_pair_rescale/i_combine_alpha/s0_q_reg[special_value][31]_1[1]
    SLICE_X35Y239        MUXF7 (Prop_F7MUX_GH_SLICEM_S_O)
                                                      0.076     3.263 f  gqav7_z19p_system_i/gqav7_accelerator_0/inst/u_accelerator/i_core/i_pipeline/i_downstream/i_pair_rescale/i_combine_alpha/significand_product_w_i_25/O
                         net (fo=1, routed)           0.196     3.459    gqav7_z19p_system_i/gqav7_accelerator_0/inst/u_accelerator/i_core/i_pipeline/i_downstream/i_pair_rescale/i_combine_alpha/significand_product_w_i_25_n_0
    SLICE_X35Y236        LUT6 (Prop_G6LUT_SLICEM_I5_O)
                                                      0.123     3.582 f  gqav7_z19p_system_i/gqav7_accelerator_0/inst/u_accelerator/i_core/i_pipeline/i_downstream/i_pair_rescale/i_combine_alpha/significand_product_w_i_2__7/O
                         net (fo=2, routed)           0.282     3.864    gqav7_z19p_system_i/gqav7_accelerator_0/inst/u_accelerator/i_core/i_pipeline/i_downstream/i_pair_rescale/i_combine_alpha/significand_product_w/B[15]
    DSP48E2_X4Y94        DSP_A_B_DATA (Prop_DSP_A_B_DATA_DSP48E2_B[15]_B2_DATA[15])
                                                      0.151     4.015 r  gqav7_z19p_system_i/gqav7_accelerator_0/inst/u_accelerator/i_core/i_pipeline/i_downstream/i_pair_rescale/i_combine_alpha/significand_product_w/DSP_A_B_DATA_INST/B2_DATA[15]
                         net (fo=1, routed)           0.000     4.015    gqav7_z19p_system_i/gqav7_accelerator_0/inst/u_accelerator/i_core/i_pipeline/i_downstream/i_pair_rescale/i_combine_alpha/significand_product_w/DSP_A_B_DATA.B2_DATA<15>
    DSP48E2_X4Y94        DSP_PREADD_DATA (Prop_DSP_PREADD_DATA_DSP48E2_B2_DATA[15]_B2B1[15])
                                                      0.073     4.088 r  gqav7_z19p_system_i/gqav7_accelerator_0/inst/u_accelerator/i_core/i_pipeline/i_downstream/i_pair_rescale/i_combine_alpha/significand_product_w/DSP_PREADD_DATA_INST/B2B1[15]
                         net (fo=1, routed)           0.000     4.088    gqav7_z19p_system_i/gqav7_accelerator_0/inst/u_accelerator/i_core/i_pipeline/i_downstream/i_pair_rescale/i_combine_alpha/significand_product_w/DSP_PREADD_DATA.B2B1<15>
    DSP48E2_X4Y94        DSP_MULTIPLIER (Prop_DSP_MULTIPLIER_DSP48E2_B2B1[15]_V[43])
                                                      0.609     4.697 f  gqav7_z19p_system_i/gqav7_accelerator_0/inst/u_accelerator/i_core/i_pipeline/i_downstream/i_pair_rescale/i_combine_alpha/significand_product_w/DSP_MULTIPLIER_INST/V[43]
                         net (fo=1, routed)           0.000     4.697    gqav7_z19p_system_i/gqav7_accelerator_0/inst/u_accelerator/i_core/i_pipeline/i_downstream/i_pair_rescale/i_combine_alpha/significand_product_w/DSP_MULTIPLIER.V<43>
    DSP48E2_X4Y94        DSP_M_DATA (Prop_DSP_M_DATA_DSP48E2_V[43]_V_DATA[43])
                                                      0.046     4.743 r  gqav7_z19p_system_i/gqav7_accelerator_0/inst/u_accelerator/i_core/i_pipeline/i_downstream/i_pair_rescale/i_combine_alpha/significand_product_w/DSP_M_DATA_INST/V_DATA[43]
                         net (fo=1, routed)           0.000     4.743    gqav7_z19p_system_i/gqav7_accelerator_0/inst/u_accelerator/i_core/i_pipeline/i_downstream/i_pair_rescale/i_combine_alpha/significand_product_w/DSP_M_DATA.V_DATA<43>
    DSP48E2_X4Y94        DSP_ALU (Prop_DSP_ALU_DSP48E2_V_DATA[43]_ALU_OUT[47])
                                                      0.571     5.314 f  gqav7_z19p_system_i/gqav7_accelerator_0/inst/u_accelerator/i_core/i_pipeline/i_downstream/i_pair_rescale/i_combine_alpha/significand_product_w/DSP_ALU_INST/ALU_OUT[47]
                         net (fo=1, routed)           0.000     5.314    gqav7_z19p_system_i/gqav7_accelerator_0/inst/u_accelerator/i_core/i_pipeline/i_downstream/i_pair_rescale/i_combine_alpha/significand_product_w/DSP_ALU.ALU_OUT<47>
    DSP48E2_X4Y94        DSP_OUTPUT (Prop_DSP_OUTPUT_DSP48E2_ALU_OUT[47]_PCOUT[47])
                                                      0.122     5.436 r  gqav7_z19p_system_i/gqav7_accelerator_0/inst/u_accelerator/i_core/i_pipeline/i_downstream/i_pair_rescale/i_combine_alpha/significand_product_w/DSP_OUTPUT_INST/PCOUT[47]
                         net (fo=1, routed)           0.014     5.450    gqav7_z19p_system_i/gqav7_accelerator_0/inst/u_accelerator/i_core/i_pipeline/i_downstream/i_pair_rescale/i_combine_alpha/s0_q_reg[significand_product]/PCIN[47]
    DSP48E2_X4Y95        DSP_ALU (Prop_DSP_ALU_DSP48E2_PCIN[47]_ALU_OUT[20])
                                                      0.546     5.996 r  gqav7_z19p_system_i/gqav7_accelerator_0/inst/u_accelerator/i_core/i_pipeline/i_downstream/i_pair_rescale/i_combine_alpha/s0_q_reg[significand_product]/DSP_ALU_INST/ALU_OUT[20]
                         net (fo=1, routed)           0.000     5.996    gqav7_z19p_system_i/gqav7_accelerator_0/inst/u_accelerator/i_core/i_pipeline/i_downstream/i_pair_rescale/i_combine_alpha/s0_q_reg[significand_product]/DSP_ALU.ALU_OUT<20>
    DSP48E2_X4Y95        DSP_OUTPUT                                   r  gqav7_z19p_system_i/gqav7_accelerator_0/inst/u_accelerator/i_core/i_pipeline/i_downstream/i_pair_rescale/i_combine_alpha/s0_q_reg[significand_product]/DSP_OUTPUT_INST/ALU_OUT[20]
  -------------------------------------------------------------------    -------------------

                         (clock clk_core_235_unbuf rise edge)
                                                      4.255     4.255 r  
                         clock source latency        -1.044     3.211    
                         propagated clock network latency
                                                      2.790     6.002    
                         clock pessimism              0.086     6.088    
                         clock uncertainty           -0.061     6.027    
    DSP48E2_X4Y95        DSP_OUTPUT (Setup_DSP_OUTPUT_DSP48E2_CLK_ALU_OUT[20])
                                                      0.015     6.042    gqav7_z19p_system_i/gqav7_accelerator_0/inst/u_accelerator/i_core/i_pipeline/i_downstream/i_pair_rescale/i_combine_alpha/s0_q_reg[significand_product]/DSP_OUTPUT_INST
  -------------------------------------------------------------------
                         required time                          6.042    
                         arrival time                          -5.996    
  -------------------------------------------------------------------
                         slack                                  0.046    

Slack (MET) :             0.046ns  (required time - arrival time)
  Source:                 gqav7_z19p_system_i/gqav7_accelerator_0/inst/u_accelerator/i_core/i_pipeline/i_downstream/i_softmax/meta_q_reg[37][row_index][1]/C
                            (rising edge-triggered cell FDRE clocked by clk_core_235_unbuf  {rise@0.000ns fall@2.128ns period=4.255ns})
  Destination:            gqav7_z19p_system_i/gqav7_accelerator_0/inst/u_accelerator/i_core/i_pipeline/i_downstream/i_pair_rescale/i_combine_alpha/s0_q_reg[significand_product]/DSP_OUTPUT_INST/ALU_OUT[21]
                            (rising edge-triggered cell DSP_OUTPUT clocked by clk_core_235_unbuf  {rise@0.000ns fall@2.128ns period=4.255ns})
  Path Group:             clk_core_235_unbuf
  Path Type:              Setup (Max at Slow Process Corner)
  Requirement:            4.255ns  (clk_core_235_unbuf rise@4.255ns - clk_core_235_unbuf rise@0.000ns)
  Data Path Delay:        3.959ns  (logic 2.396ns (60.515%)  route 1.563ns (39.485%))
  Logic Levels:           9  (DSP_A_B_DATA=1 DSP_ALU=2 DSP_M_DATA=1 DSP_MULTIPLIER=1 DSP_OUTPUT=1 DSP_PREADD_DATA=1 LUT6=1 MUXF7=1)
  Clock Path Skew:        -0.204ns (DCD - SCD + CPR)
    Destination Clock Delay (DCD):    1.746ns = ( 6.002 - 4.255 ) 
    Source Clock Delay      (SCD):    2.036ns
    Clock Pessimism Removal (CPR):    0.086ns
  Clock Uncertainty:      0.061ns  ((TSJ^2 + DJ^2)^1/2) / 2 + PE
    Total System Jitter     (TSJ):    0.071ns
    Discrete Jitter          (DJ):    0.099ns
    Phase Error              (PE):    0.000ns

    Location             Delay type                Incr(ns)  Path(ns)    Netlist Resource(s)
  -------------------------------------------------------------------    -------------------
                         (clock clk_core_235_unbuf rise edge)
                                                      0.000     0.000 r  
                         clock source latency        -1.206    -1.206    
                         propagated clock network latency
                                                      3.242     2.036    
    SLICE_X56Y211        FDRE                         0.000     2.036 r  gqav7_z19p_system_i/gqav7_accelerator_0/inst/u_accelerator/i_core/i_pipeline/i_downstream/i_softmax/meta_q_reg[37][row_index][1]/C
    SLICE_X56Y211        FDRE (Prop_GFF_SLICEL_C_Q)
                                                      0.079     2.115 r  gqav7_z19p_system_i/gqav7_accelerator_0/inst/u_accelerator/i_core/i_pipeline/i_downstream/i_softmax/meta_q_reg[37][row_index][1]/Q
                         net (fo=91, routed)          1.072     3.187    gqav7_z19p_system_i/gqav7_accelerator_0/inst/u_accelerator/i_core/i_pipeline/i_downstream/i_pair_rescale/i_combine_alpha/s0_q_reg[special_value][31]_1[1]
    SLICE_X35Y239        MUXF7 (Prop_F7MUX_GH_SLICEM_S_O)
                                                      0.076     3.263 f  gqav7_z19p_system_i/gqav7_accelerator_0/inst/u_accelerator/i_core/i_pipeline/i_downstream/i_pair_rescale/i_combine_alpha/significand_product_w_i_25/O
                         net (fo=1, routed)           0.196     3.459    gqav7_z19p_system_i/gqav7_accelerator_0/inst/u_accelerator/i_core/i_pipeline/i_downstream/i_pair_rescale/i_combine_alpha/significand_product_w_i_25_n_0
    SLICE_X35Y236        LUT6 (Prop_G6LUT_SLICEM_I5_O)
                                                      0.123     3.582 f  gqav7_z19p_system_i/gqav7_accelerator_0/inst/u_accelerator/i_core/i_pipeline/i_downstream/i_pair_rescale/i_combine_alpha/significand_product_w_i_2__7/O
                         net (fo=2, routed)           0.282     3.864    gqav7_z19p_system_i/gqav7_accelerator_0/inst/u_accelerator/i_core/i_pipeline/i_downstream/i_pair_rescale/i_combine_alpha/significand_product_w/B[15]
    DSP48E2_X4Y94        DSP_A_B_DATA (Prop_DSP_A_B_DATA_DSP48E2_B[15]_B2_DATA[15])
                                                      0.151     4.015 r  gqav7_z19p_system_i/gqav7_accelerator_0/inst/u_accelerator/i_core/i_pipeline/i_downstream/i_pair_rescale/i_combine_alpha/significand_product_w/DSP_A_B_DATA_INST/B2_DATA[15]
                         net (fo=1, routed)           0.000     4.015    gqav7_z19p_system_i/gqav7_accelerator_0/inst/u_accelerator/i_core/i_pipeline/i_downstream/i_pair_rescale/i_combine_alpha/significand_product_w/DSP_A_B_DATA.B2_DATA<15>
    DSP48E2_X4Y94        DSP_PREADD_DATA (Prop_DSP_PREADD_DATA_DSP48E2_B2_DATA[15]_B2B1[15])
                                                      0.073     4.088 r  gqav7_z19p_system_i/gqav7_accelerator_0/inst/u_accelerator/i_core/i_pipeline/i_downstream/i_pair_rescale/i_combine_alpha/significand_product_w/DSP_PREADD_DATA_INST/B2B1[15]
                         net (fo=1, routed)           0.000     4.088    gqav7_z19p_system_i/gqav7_accelerator_0/inst/u_accelerator/i_core/i_pipeline/i_downstream/i_pair_rescale/i_combine_alpha/significand_product_w/DSP_PREADD_DATA.B2B1<15>
    DSP48E2_X4Y94        DSP_MULTIPLIER (Prop_DSP_MULTIPLIER_DSP48E2_B2B1[15]_V[43])
                                                      0.609     4.697 f  gqav7_z19p_system_i/gqav7_accelerator_0/inst/u_accelerator/i_core/i_pipeline/i_downstream/i_pair_rescale/i_combine_alpha/significand_product_w/DSP_MULTIPLIER_INST/V[43]
                         net (fo=1, routed)           0.000     4.697    gqav7_z19p_system_i/gqav7_accelerator_0/inst/u_accelerator/i_core/i_pipeline/i_downstream/i_pair_rescale/i_combine_alpha/significand_product_w/DSP_MULTIPLIER.V<43>
    DSP48E2_X4Y94        DSP_M_DATA (Prop_DSP_M_DATA_DSP48E2_V[43]_V_DATA[43])
                                                      0.046     4.743 r  gqav7_z19p_system_i/gqav7_accelerator_0/inst/u_accelerator/i_core/i_pipeline/i_downstream/i_pair_rescale/i_combine_alpha/significand_product_w/DSP_M_DATA_INST/V_DATA[43]
                         net (fo=1, routed)           0.000     4.743    gqav7_z19p_system_i/gqav7_accelerator_0/inst/u_accelerator/i_core/i_pipeline/i_downstream/i_pair_rescale/i_combine_alpha/significand_product_w/DSP_M_DATA.V_DATA<43>
    DSP48E2_X4Y94        DSP_ALU (Prop_DSP_ALU_DSP48E2_V_DATA[43]_ALU_OUT[47])
                                                      0.571     5.314 f  gqav7_z19p_system_i/gqav7_accelerator_0/inst/u_accelerator/i_core/i_pipeline/i_downstream/i_pair_rescale/i_combine_alpha/significand_product_w/DSP_ALU_INST/ALU_OUT[47]
                         net (fo=1, routed)           0.000     5.314    gqav7_z19p_system_i/gqav7_accelerator_0/inst/u_accelerator/i_core/i_pipeline/i_downstream/i_pair_rescale/i_combine_alpha/significand_product_w/DSP_ALU.ALU_OUT<47>
    DSP48E2_X4Y94        DSP_OUTPUT (Prop_DSP_OUTPUT_DSP48E2_ALU_OUT[47]_PCOUT[47])
                                                      0.122     5.436 r  gqav7_z19p_system_i/gqav7_accelerator_0/inst/u_accelerator/i_core/i_pipeline/i_downstream/i_pair_rescale/i_combine_alpha/significand_product_w/DSP_OUTPUT_INST/PCOUT[47]
                         net (fo=1, routed)           0.014     5.450    gqav7_z19p_system_i/gqav7_accelerator_0/inst/u_accelerator/i_core/i_pipeline/i_downstream/i_pair_rescale/i_combine_alpha/s0_q_reg[significand_product]/PCIN[47]
    DSP48E2_X4Y95        DSP_ALU (Prop_DSP_ALU_DSP48E2_PCIN[47]_ALU_OUT[21])
                                                      0.546     5.996 r  gqav7_z19p_system_i/gqav7_accelerator_0/inst/u_accelerator/i_core/i_pipeline/i_downstream/i_pair_rescale/i_combine_alpha/s0_q_reg[significand_product]/DSP_ALU_INST/ALU_OUT[21]
                         net (fo=1, routed)           0.000     5.996    gqav7_z19p_system_i/gqav7_accelerator_0/inst/u_accelerator/i_core/i_pipeline/i_downstream/i_pair_rescale/i_combine_alpha/s0_q_reg[significand_product]/DSP_ALU.ALU_OUT<21>
    DSP48E2_X4Y95        DSP_OUTPUT                                   r  gqav7_z19p_system_i/gqav7_accelerator_0/inst/u_accelerator/i_core/i_pipeline/i_downstream/i_pair_rescale/i_combine_alpha/s0_q_reg[significand_product]/DSP_OUTPUT_INST/ALU_OUT[21]
  -------------------------------------------------------------------    -------------------

                         (clock clk_core_235_unbuf rise edge)
                                                      4.255     4.255 r  
                         clock source latency        -1.044     3.211    
                         propagated clock network latency
                                                      2.790     6.002    
                         clock pessimism              0.086     6.088    
                         clock uncertainty           -0.061     6.027    
    DSP48E2_X4Y95        DSP_OUTPUT (Setup_DSP_OUTPUT_DSP48E2_CLK_ALU_OUT[21])
                                                      0.015     6.042    gqav7_z19p_system_i/gqav7_accelerator_0/inst/u_accelerator/i_core/i_pipeline/i_downstream/i_pair_rescale/i_combine_alpha/s0_q_reg[significand_product]/DSP_OUTPUT_INST
  -------------------------------------------------------------------
                         required time                          6.042    
                         arrival time                          -5.996    
  -------------------------------------------------------------------
                         slack                                  0.046    

Slack (MET) :             0.046ns  (required time - arrival time)
  Source:                 gqav7_z19p_system_i/gqav7_accelerator_0/inst/u_accelerator/i_core/i_pipeline/i_downstream/i_softmax/meta_q_reg[37][row_index][1]/C
                            (rising edge-triggered cell FDRE clocked by clk_core_235_unbuf  {rise@0.000ns fall@2.128ns period=4.255ns})
  Destination:            gqav7_z19p_system_i/gqav7_accelerator_0/inst/u_accelerator/i_core/i_pipeline/i_downstream/i_pair_rescale/i_combine_alpha/s0_q_reg[significand_product]/DSP_OUTPUT_INST/ALU_OUT[22]
                            (rising edge-triggered cell DSP_OUTPUT clocked by clk_core_235_unbuf  {rise@0.000ns fall@2.128ns period=4.255ns})
  Path Group:             clk_core_235_unbuf
  Path Type:              Setup (Max at Slow Process Corner)
  Requirement:            4.255ns  (clk_core_235_unbuf rise@4.255ns - clk_core_235_unbuf rise@0.000ns)
  Data Path Delay:        3.959ns  (logic 2.396ns (60.515%)  route 1.563ns (39.485%))
  Logic Levels:           9  (DSP_A_B_DATA=1 DSP_ALU=2 DSP_M_DATA=1 DSP_MULTIPLIER=1 DSP_OUTPUT=1 DSP_PREADD_DATA=1 LUT6=1 MUXF7=1)
  Clock Path Skew:        -0.204ns (DCD - SCD + CPR)
    Destination Clock Delay (DCD):    1.746ns = ( 6.002 - 4.255 ) 
    Source Clock Delay      (SCD):    2.036ns
    Clock Pessimism Removal (CPR):    0.086ns
  Clock Uncertainty:      0.061ns  ((TSJ^2 + DJ^2)^1/2) / 2 + PE
    Total System Jitter     (TSJ):    0.071ns
    Discrete Jitter          (DJ):    0.099ns
    Phase Error              (PE):    0.000ns

    Location             Delay type                Incr(ns)  Path(ns)    Netlist Resource(s)
  -------------------------------------------------------------------    -------------------
                         (clock clk_core_235_unbuf rise edge)
                                                      0.000     0.000 r  
                         clock source latency        -1.206    -1.206    
                         propagated clock network latency
                                                      3.242     2.036    
    SLICE_X56Y211        FDRE                         0.000     2.036 r  gqav7_z19p_system_i/gqav7_accelerator_0/inst/u_accelerator/i_core/i_pipeline/i_downstream/i_softmax/meta_q_reg[37][row_index][1]/C
    SLICE_X56Y211        FDRE (Prop_GFF_SLICEL_C_Q)
                                                      0.079     2.115 r  gqav7_z19p_system_i/gqav7_accelerator_0/inst/u_accelerator/i_core/i_pipeline/i_downstream/i_softmax/meta_q_reg[37][row_index][1]/Q
                         net (fo=91, routed)          1.072     3.187    gqav7_z19p_system_i/gqav7_accelerator_0/inst/u_accelerator/i_core/i_pipeline/i_downstream/i_pair_rescale/i_combine_alpha/s0_q_reg[special_value][31]_1[1]
    SLICE_X35Y239        MUXF7 (Prop_F7MUX_GH_SLICEM_S_O)
                                                      0.076     3.263 f  gqav7_z19p_system_i/gqav7_accelerator_0/inst/u_accelerator/i_core/i_pipeline/i_downstream/i_pair_rescale/i_combine_alpha/significand_product_w_i_25/O
                         net (fo=1, routed)           0.196     3.459    gqav7_z19p_system_i/gqav7_accelerator_0/inst/u_accelerator/i_core/i_pipeline/i_downstream/i_pair_rescale/i_combine_alpha/significand_product_w_i_25_n_0
    SLICE_X35Y236        LUT6 (Prop_G6LUT_SLICEM_I5_O)
                                                      0.123     3.582 f  gqav7_z19p_system_i/gqav7_accelerator_0/inst/u_accelerator/i_core/i_pipeline/i_downstream/i_pair_rescale/i_combine_alpha/significand_product_w_i_2__7/O
                         net (fo=2, routed)           0.282     3.864    gqav7_z19p_system_i/gqav7_accelerator_0/inst/u_accelerator/i_core/i_pipeline/i_downstream/i_pair_rescale/i_combine_alpha/significand_product_w/B[15]
    DSP48E2_X4Y94        DSP_A_B_DATA (Prop_DSP_A_B_DATA_DSP48E2_B[15]_B2_DATA[15])
                                                      0.151     4.015 r  gqav7_z19p_system_i/gqav7_accelerator_0/inst/u_accelerator/i_core/i_pipeline/i_downstream/i_pair_rescale/i_combine_alpha/significand_product_w/DSP_A_B_DATA_INST/B2_DATA[15]
                         net (fo=1, routed)           0.000     4.015    gqav7_z19p_system_i/gqav7_accelerator_0/inst/u_accelerator/i_core/i_pipeline/i_downstream/i_pair_rescale/i_combine_alpha/significand_product_w/DSP_A_B_DATA.B2_DATA<15>
    DSP48E2_X4Y94        DSP_PREADD_DATA (Prop_DSP_PREADD_DATA_DSP48E2_B2_DATA[15]_B2B1[15])
                                                      0.073     4.088 r  gqav7_z19p_system_i/gqav7_accelerator_0/inst/u_accelerator/i_core/i_pipeline/i_downstream/i_pair_rescale/i_combine_alpha/significand_product_w/DSP_PREADD_DATA_INST/B2B1[15]
                         net (fo=1, routed)           0.000     4.088    gqav7_z19p_system_i/gqav7_accelerator_0/inst/u_accelerator/i_core/i_pipeline/i_downstream/i_pair_rescale/i_combine_alpha/significand_product_w/DSP_PREADD_DATA.B2B1<15>
    DSP48E2_X4Y94        DSP_MULTIPLIER (Prop_DSP_MULTIPLIER_DSP48E2_B2B1[15]_V[43])
                                                      0.609     4.697 f  gqav7_z19p_system_i/gqav7_accelerator_0/inst/u_accelerator/i_core/i_pipeline/i_downstream/i_pair_rescale/i_combine_alpha/significand_product_w/DSP_MULTIPLIER_INST/V[43]
                         net (fo=1, routed)           0.000     4.697    gqav7_z19p_system_i/gqav7_accelerator_0/inst/u_accelerator/i_core/i_pipeline/i_downstream/i_pair_rescale/i_combine_alpha/significand_product_w/DSP_MULTIPLIER.V<43>
    DSP48E2_X4Y94        DSP_M_DATA (Prop_DSP_M_DATA_DSP48E2_V[43]_V_DATA[43])
                                                      0.046     4.743 r  gqav7_z19p_system_i/gqav7_accelerator_0/inst/u_accelerator/i_core/i_pipeline/i_downstream/i_pair_rescale/i_combine_alpha/significand_product_w/DSP_M_DATA_INST/V_DATA[43]
                         net (fo=1, routed)           0.000     4.743    gqav7_z19p_system_i/gqav7_accelerator_0/inst/u_accelerator/i_core/i_pipeline/i_downstream/i_pair_rescale/i_combine_alpha/significand_product_w/DSP_M_DATA.V_DATA<43>
    DSP48E2_X4Y94        DSP_ALU (Prop_DSP_ALU_DSP48E2_V_DATA[43]_ALU_OUT[47])
                                                      0.571     5.314 f  gqav7_z19p_system_i/gqav7_accelerator_0/inst/u_accelerator/i_core/i_pipeline/i_downstream/i_pair_rescale/i_combine_alpha/significand_product_w/DSP_ALU_INST/ALU_OUT[47]
                         net (fo=1, routed)           0.000     5.314    gqav7_z19p_system_i/gqav7_accelerator_0/inst/u_accelerator/i_core/i_pipeline/i_downstream/i_pair_rescale/i_combine_alpha/significand_product_w/DSP_ALU.ALU_OUT<47>
    DSP48E2_X4Y94        DSP_OUTPUT (Prop_DSP_OUTPUT_DSP48E2_ALU_OUT[47]_PCOUT[47])
                                                      0.122     5.436 r  gqav7_z19p_system_i/gqav7_accelerator_0/inst/u_accelerator/i_core/i_pipeline/i_downstream/i_pair_rescale/i_combine_alpha/significand_product_w/DSP_OUTPUT_INST/PCOUT[47]
                         net (fo=1, routed)           0.014     5.450    gqav7_z19p_system_i/gqav7_accelerator_0/inst/u_accelerator/i_core/i_pipeline/i_downstream/i_pair_rescale/i_combine_alpha/s0_q_reg[significand_product]/PCIN[47]
    DSP48E2_X4Y95        DSP_ALU (Prop_DSP_ALU_DSP48E2_PCIN[47]_ALU_OUT[22])
                                                      0.546     5.996 r  gqav7_z19p_system_i/gqav7_accelerator_0/inst/u_accelerator/i_core/i_pipeline/i_downstream/i_pair_rescale/i_combine_alpha/s0_q_reg[significand_product]/DSP_ALU_INST/ALU_OUT[22]
                         net (fo=1, routed)           0.000     5.996    gqav7_z19p_system_i/gqav7_accelerator_0/inst/u_accelerator/i_core/i_pipeline/i_downstream/i_pair_rescale/i_combine_alpha/s0_q_reg[significand_product]/DSP_ALU.ALU_OUT<22>
    DSP48E2_X4Y95        DSP_OUTPUT                                   r  gqav7_z19p_system_i/gqav7_accelerator_0/inst/u_accelerator/i_core/i_pipeline/i_downstream/i_pair_rescale/i_combine_alpha/s0_q_reg[significand_product]/DSP_OUTPUT_INST/ALU_OUT[22]
  -------------------------------------------------------------------    -------------------

                         (clock clk_core_235_unbuf rise edge)
                                                      4.255     4.255 r  
                         clock source latency        -1.044     3.211    
                         propagated clock network latency
                                                      2.790     6.002    
                         clock pessimism              0.086     6.088    
                         clock uncertainty           -0.061     6.027    
    DSP48E2_X4Y95        DSP_OUTPUT (Setup_DSP_OUTPUT_DSP48E2_CLK_ALU_OUT[22])
                                                      0.015     6.042    gqav7_z19p_system_i/gqav7_accelerator_0/inst/u_accelerator/i_core/i_pipeline/i_downstream/i_pair_rescale/i_combine_alpha/s0_q_reg[significand_product]/DSP_OUTPUT_INST
  -------------------------------------------------------------------
                         required time                          6.042    
                         arrival time                          -5.996    
  -------------------------------------------------------------------
                         slack                                  0.046    

Slack (MET) :             0.046ns  (required time - arrival time)
  Source:                 gqav7_z19p_system_i/gqav7_accelerator_0/inst/u_accelerator/i_core/i_pipeline/i_downstream/i_softmax/meta_q_reg[37][row_index][1]/C
                            (rising edge-triggered cell FDRE clocked by clk_core_235_unbuf  {rise@0.000ns fall@2.128ns period=4.255ns})
  Destination:            gqav7_z19p_system_i/gqav7_accelerator_0/inst/u_accelerator/i_core/i_pipeline/i_downstream/i_pair_rescale/i_combine_alpha/s0_q_reg[significand_product]/DSP_OUTPUT_INST/ALU_OUT[23]
                            (rising edge-triggered cell DSP_OUTPUT clocked by clk_core_235_unbuf  {rise@0.000ns fall@2.128ns period=4.255ns})
  Path Group:             clk_core_235_unbuf
  Path Type:              Setup (Max at Slow Process Corner)
  Requirement:            4.255ns  (clk_core_235_unbuf rise@4.255ns - clk_core_235_unbuf rise@0.000ns)
  Data Path Delay:        3.959ns  (logic 2.396ns (60.515%)  route 1.563ns (39.485%))
  Logic Levels:           9  (DSP_A_B_DATA=1 DSP_ALU=2 DSP_M_DATA=1 DSP_MULTIPLIER=1 DSP_OUTPUT=1 DSP_PREADD_DATA=1 LUT6=1 MUXF7=1)
  Clock Path Skew:        -0.204ns (DCD - SCD + CPR)
    Destination Clock Delay (DCD):    1.746ns = ( 6.002 - 4.255 ) 
    Source Clock Delay      (SCD):    2.036ns
    Clock Pessimism Removal (CPR):    0.086ns
  Clock Uncertainty:      0.061ns  ((TSJ^2 + DJ^2)^1/2) / 2 + PE
    Total System Jitter     (TSJ):    0.071ns
    Discrete Jitter          (DJ):    0.099ns
    Phase Error              (PE):    0.000ns

    Location             Delay type                Incr(ns)  Path(ns)    Netlist Resource(s)
  -------------------------------------------------------------------    -------------------
                         (clock clk_core_235_unbuf rise edge)
                                                      0.000     0.000 r  
                         clock source latency        -1.206    -1.206    
                         propagated clock network latency
                                                      3.242     2.036    
    SLICE_X56Y211        FDRE                         0.000     2.036 r  gqav7_z19p_system_i/gqav7_accelerator_0/inst/u_accelerator/i_core/i_pipeline/i_downstream/i_softmax/meta_q_reg[37][row_index][1]/C
    SLICE_X56Y211        FDRE (Prop_GFF_SLICEL_C_Q)
                                                      0.079     2.115 r  gqav7_z19p_system_i/gqav7_accelerator_0/inst/u_accelerator/i_core/i_pipeline/i_downstream/i_softmax/meta_q_reg[37][row_index][1]/Q
                         net (fo=91, routed)          1.072     3.187    gqav7_z19p_system_i/gqav7_accelerator_0/inst/u_accelerator/i_core/i_pipeline/i_downstream/i_pair_rescale/i_combine_alpha/s0_q_reg[special_value][31]_1[1]
    SLICE_X35Y239        MUXF7 (Prop_F7MUX_GH_SLICEM_S_O)
                                                      0.076     3.263 f  gqav7_z19p_system_i/gqav7_accelerator_0/inst/u_accelerator/i_core/i_pipeline/i_downstream/i_pair_rescale/i_combine_alpha/significand_product_w_i_25/O
                         net (fo=1, routed)           0.196     3.459    gqav7_z19p_system_i/gqav7_accelerator_0/inst/u_accelerator/i_core/i_pipeline/i_downstream/i_pair_rescale/i_combine_alpha/significand_product_w_i_25_n_0
    SLICE_X35Y236        LUT6 (Prop_G6LUT_SLICEM_I5_O)
                                                      0.123     3.582 f  gqav7_z19p_system_i/gqav7_accelerator_0/inst/u_accelerator/i_core/i_pipeline/i_downstream/i_pair_rescale/i_combine_alpha/significand_product_w_i_2__7/O
                         net (fo=2, routed)           0.282     3.864    gqav7_z19p_system_i/gqav7_accelerator_0/inst/u_accelerator/i_core/i_pipeline/i_downstream/i_pair_rescale/i_combine_alpha/significand_product_w/B[15]
    DSP48E2_X4Y94        DSP_A_B_DATA (Prop_DSP_A_B_DATA_DSP48E2_B[15]_B2_DATA[15])
                                                      0.151     4.015 r  gqav7_z19p_system_i/gqav7_accelerator_0/inst/u_accelerator/i_core/i_pipeline/i_downstream/i_pair_rescale/i_combine_alpha/significand_product_w/DSP_A_B_DATA_INST/B2_DATA[15]
                         net (fo=1, routed)           0.000     4.015    gqav7_z19p_system_i/gqav7_accelerator_0/inst/u_accelerator/i_core/i_pipeline/i_downstream/i_pair_rescale/i_combine_alpha/significand_product_w/DSP_A_B_DATA.B2_DATA<15>
    DSP48E2_X4Y94        DSP_PREADD_DATA (Prop_DSP_PREADD_DATA_DSP48E2_B2_DATA[15]_B2B1[15])
                                                      0.073     4.088 r  gqav7_z19p_system_i/gqav7_accelerator_0/inst/u_accelerator/i_core/i_pipeline/i_downstream/i_pair_rescale/i_combine_alpha/significand_product_w/DSP_PREADD_DATA_INST/B2B1[15]
                         net (fo=1, routed)           0.000     4.088    gqav7_z19p_system_i/gqav7_accelerator_0/inst/u_accelerator/i_core/i_pipeline/i_downstream/i_pair_rescale/i_combine_alpha/significand_product_w/DSP_PREADD_DATA.B2B1<15>
    DSP48E2_X4Y94        DSP_MULTIPLIER (Prop_DSP_MULTIPLIER_DSP48E2_B2B1[15]_V[43])
                                                      0.609     4.697 f  gqav7_z19p_system_i/gqav7_accelerator_0/inst/u_accelerator/i_core/i_pipeline/i_downstream/i_pair_rescale/i_combine_alpha/significand_product_w/DSP_MULTIPLIER_INST/V[43]
                         net (fo=1, routed)           0.000     4.697    gqav7_z19p_system_i/gqav7_accelerator_0/inst/u_accelerator/i_core/i_pipeline/i_downstream/i_pair_rescale/i_combine_alpha/significand_product_w/DSP_MULTIPLIER.V<43>
    DSP48E2_X4Y94        DSP_M_DATA (Prop_DSP_M_DATA_DSP48E2_V[43]_V_DATA[43])
                                                      0.046     4.743 r  gqav7_z19p_system_i/gqav7_accelerator_0/inst/u_accelerator/i_core/i_pipeline/i_downstream/i_pair_rescale/i_combine_alpha/significand_product_w/DSP_M_DATA_INST/V_DATA[43]
                         net (fo=1, routed)           0.000     4.743    gqav7_z19p_system_i/gqav7_accelerator_0/inst/u_accelerator/i_core/i_pipeline/i_downstream/i_pair_rescale/i_combine_alpha/significand_product_w/DSP_M_DATA.V_DATA<43>
    DSP48E2_X4Y94        DSP_ALU (Prop_DSP_ALU_DSP48E2_V_DATA[43]_ALU_OUT[47])
                                                      0.571     5.314 f  gqav7_z19p_system_i/gqav7_accelerator_0/inst/u_accelerator/i_core/i_pipeline/i_downstream/i_pair_rescale/i_combine_alpha/significand_product_w/DSP_ALU_INST/ALU_OUT[47]
                         net (fo=1, routed)           0.000     5.314    gqav7_z19p_system_i/gqav7_accelerator_0/inst/u_accelerator/i_core/i_pipeline/i_downstream/i_pair_rescale/i_combine_alpha/significand_product_w/DSP_ALU.ALU_OUT<47>
    DSP48E2_X4Y94        DSP_OUTPUT (Prop_DSP_OUTPUT_DSP48E2_ALU_OUT[47]_PCOUT[47])
                                                      0.122     5.436 r  gqav7_z19p_system_i/gqav7_accelerator_0/inst/u_accelerator/i_core/i_pipeline/i_downstream/i_pair_rescale/i_combine_alpha/significand_product_w/DSP_OUTPUT_INST/PCOUT[47]
                         net (fo=1, routed)           0.014     5.450    gqav7_z19p_system_i/gqav7_accelerator_0/inst/u_accelerator/i_core/i_pipeline/i_downstream/i_pair_rescale/i_combine_alpha/s0_q_reg[significand_product]/PCIN[47]
    DSP48E2_X4Y95        DSP_ALU (Prop_DSP_ALU_DSP48E2_PCIN[47]_ALU_OUT[23])
                                                      0.546     5.996 r  gqav7_z19p_system_i/gqav7_accelerator_0/inst/u_accelerator/i_core/i_pipeline/i_downstream/i_pair_rescale/i_combine_alpha/s0_q_reg[significand_product]/DSP_ALU_INST/ALU_OUT[23]
                         net (fo=1, routed)           0.000     5.996    gqav7_z19p_system_i/gqav7_accelerator_0/inst/u_accelerator/i_core/i_pipeline/i_downstream/i_pair_rescale/i_combine_alpha/s0_q_reg[significand_product]/DSP_ALU.ALU_OUT<23>
    DSP48E2_X4Y95        DSP_OUTPUT                                   r  gqav7_z19p_system_i/gqav7_accelerator_0/inst/u_accelerator/i_core/i_pipeline/i_downstream/i_pair_rescale/i_combine_alpha/s0_q_reg[significand_product]/DSP_OUTPUT_INST/ALU_OUT[23]
  -------------------------------------------------------------------    -------------------

                         (clock clk_core_235_unbuf rise edge)
                                                      4.255     4.255 r  
                         clock source latency        -1.044     3.211    
                         propagated clock network latency
                                                      2.790     6.002    
                         clock pessimism              0.086     6.088    
                         clock uncertainty           -0.061     6.027    
    DSP48E2_X4Y95        DSP_OUTPUT (Setup_DSP_OUTPUT_DSP48E2_CLK_ALU_OUT[23])
                                                      0.015     6.042    gqav7_z19p_system_i/gqav7_accelerator_0/inst/u_accelerator/i_core/i_pipeline/i_downstream/i_pair_rescale/i_combine_alpha/s0_q_reg[significand_product]/DSP_OUTPUT_INST
  -------------------------------------------------------------------
                         required time                          6.042    
                         arrival time                          -5.996    
  -------------------------------------------------------------------
                         slack                                  0.046    

Slack (MET) :             0.046ns  (required time - arrival time)
  Source:                 gqav7_z19p_system_i/gqav7_accelerator_0/inst/u_accelerator/i_core/i_pipeline/i_downstream/i_softmax/meta_q_reg[37][row_index][1]/C
                            (rising edge-triggered cell FDRE clocked by clk_core_235_unbuf  {rise@0.000ns fall@2.128ns period=4.255ns})
  Destination:            gqav7_z19p_system_i/gqav7_accelerator_0/inst/u_accelerator/i_core/i_pipeline/i_downstream/i_pair_rescale/i_combine_alpha/s0_q_reg[significand_product]/DSP_OUTPUT_INST/ALU_OUT[24]
                            (rising edge-triggered cell DSP_OUTPUT clocked by clk_core_235_unbuf  {rise@0.000ns fall@2.128ns period=4.255ns})
  Path Group:             clk_core_235_unbuf
  Path Type:              Setup (Max at Slow Process Corner)
  Requirement:            4.255ns  (clk_core_235_unbuf rise@4.255ns - clk_core_235_unbuf rise@0.000ns)
  Data Path Delay:        3.959ns  (logic 2.396ns (60.515%)  route 1.563ns (39.485%))
  Logic Levels:           9  (DSP_A_B_DATA=1 DSP_ALU=2 DSP_M_DATA=1 DSP_MULTIPLIER=1 DSP_OUTPUT=1 DSP_PREADD_DATA=1 LUT6=1 MUXF7=1)
  Clock Path Skew:        -0.204ns (DCD - SCD + CPR)
    Destination Clock Delay (DCD):    1.746ns = ( 6.002 - 4.255 ) 
    Source Clock Delay      (SCD):    2.036ns
    Clock Pessimism Removal (CPR):    0.086ns
  Clock Uncertainty:      0.061ns  ((TSJ^2 + DJ^2)^1/2) / 2 + PE
    Total System Jitter     (TSJ):    0.071ns
    Discrete Jitter          (DJ):    0.099ns
    Phase Error              (PE):    0.000ns

    Location             Delay type                Incr(ns)  Path(ns)    Netlist Resource(s)
  -------------------------------------------------------------------    -------------------
                         (clock clk_core_235_unbuf rise edge)
                                                      0.000     0.000 r  
                         clock source latency        -1.206    -1.206    
                         propagated clock network latency
                                                      3.242     2.036    
    SLICE_X56Y211        FDRE                         0.000     2.036 r  gqav7_z19p_system_i/gqav7_accelerator_0/inst/u_accelerator/i_core/i_pipeline/i_downstream/i_softmax/meta_q_reg[37][row_index][1]/C
    SLICE_X56Y211        FDRE (Prop_GFF_SLICEL_C_Q)
                                                      0.079     2.115 r  gqav7_z19p_system_i/gqav7_accelerator_0/inst/u_accelerator/i_core/i_pipeline/i_downstream/i_softmax/meta_q_reg[37][row_index][1]/Q
                         net (fo=91, routed)          1.072     3.187    gqav7_z19p_system_i/gqav7_accelerator_0/inst/u_accelerator/i_core/i_pipeline/i_downstream/i_pair_rescale/i_combine_alpha/s0_q_reg[special_value][31]_1[1]
    SLICE_X35Y239        MUXF7 (Prop_F7MUX_GH_SLICEM_S_O)
                                                      0.076     3.263 f  gqav7_z19p_system_i/gqav7_accelerator_0/inst/u_accelerator/i_core/i_pipeline/i_downstream/i_pair_rescale/i_combine_alpha/significand_product_w_i_25/O
                         net (fo=1, routed)           0.196     3.459    gqav7_z19p_system_i/gqav7_accelerator_0/inst/u_accelerator/i_core/i_pipeline/i_downstream/i_pair_rescale/i_combine_alpha/significand_product_w_i_25_n_0
    SLICE_X35Y236        LUT6 (Prop_G6LUT_SLICEM_I5_O)
                                                      0.123     3.582 f  gqav7_z19p_system_i/gqav7_accelerator_0/inst/u_accelerator/i_core/i_pipeline/i_downstream/i_pair_rescale/i_combine_alpha/significand_product_w_i_2__7/O
                         net (fo=2, routed)           0.282     3.864    gqav7_z19p_system_i/gqav7_accelerator_0/inst/u_accelerator/i_core/i_pipeline/i_downstream/i_pair_rescale/i_combine_alpha/significand_product_w/B[15]
    DSP48E2_X4Y94        DSP_A_B_DATA (Prop_DSP_A_B_DATA_DSP48E2_B[15]_B2_DATA[15])
                                                      0.151     4.015 r  gqav7_z19p_system_i/gqav7_accelerator_0/inst/u_accelerator/i_core/i_pipeline/i_downstream/i_pair_rescale/i_combine_alpha/significand_product_w/DSP_A_B_DATA_INST/B2_DATA[15]
                         net (fo=1, routed)           0.000     4.015    gqav7_z19p_system_i/gqav7_accelerator_0/inst/u_accelerator/i_core/i_pipeline/i_downstream/i_pair_rescale/i_combine_alpha/significand_product_w/DSP_A_B_DATA.B2_DATA<15>
    DSP48E2_X4Y94        DSP_PREADD_DATA (Prop_DSP_PREADD_DATA_DSP48E2_B2_DATA[15]_B2B1[15])
                                                      0.073     4.088 r  gqav7_z19p_system_i/gqav7_accelerator_0/inst/u_accelerator/i_core/i_pipeline/i_downstream/i_pair_rescale/i_combine_alpha/significand_product_w/DSP_PREADD_DATA_INST/B2B1[15]
                         net (fo=1, routed)           0.000     4.088    gqav7_z19p_system_i/gqav7_accelerator_0/inst/u_accelerator/i_core/i_pipeline/i_downstream/i_pair_rescale/i_combine_alpha/significand_product_w/DSP_PREADD_DATA.B2B1<15>
    DSP48E2_X4Y94        DSP_MULTIPLIER (Prop_DSP_MULTIPLIER_DSP48E2_B2B1[15]_V[43])
                                                      0.609     4.697 f  gqav7_z19p_system_i/gqav7_accelerator_0/inst/u_accelerator/i_core/i_pipeline/i_downstream/i_pair_rescale/i_combine_alpha/significand_product_w/DSP_MULTIPLIER_INST/V[43]
                         net (fo=1, routed)           0.000     4.697    gqav7_z19p_system_i/gqav7_accelerator_0/inst/u_accelerator/i_core/i_pipeline/i_downstream/i_pair_rescale/i_combine_alpha/significand_product_w/DSP_MULTIPLIER.V<43>
    DSP48E2_X4Y94        DSP_M_DATA (Prop_DSP_M_DATA_DSP48E2_V[43]_V_DATA[43])
                                                      0.046     4.743 r  gqav7_z19p_system_i/gqav7_accelerator_0/inst/u_accelerator/i_core/i_pipeline/i_downstream/i_pair_rescale/i_combine_alpha/significand_product_w/DSP_M_DATA_INST/V_DATA[43]
                         net (fo=1, routed)           0.000     4.743    gqav7_z19p_system_i/gqav7_accelerator_0/inst/u_accelerator/i_core/i_pipeline/i_downstream/i_pair_rescale/i_combine_alpha/significand_product_w/DSP_M_DATA.V_DATA<43>
    DSP48E2_X4Y94        DSP_ALU (Prop_DSP_ALU_DSP48E2_V_DATA[43]_ALU_OUT[47])
                                                      0.571     5.314 f  gqav7_z19p_system_i/gqav7_accelerator_0/inst/u_accelerator/i_core/i_pipeline/i_downstream/i_pair_rescale/i_combine_alpha/significand_product_w/DSP_ALU_INST/ALU_OUT[47]
                         net (fo=1, routed)           0.000     5.314    gqav7_z19p_system_i/gqav7_accelerator_0/inst/u_accelerator/i_core/i_pipeline/i_downstream/i_pair_rescale/i_combine_alpha/significand_product_w/DSP_ALU.ALU_OUT<47>
    DSP48E2_X4Y94        DSP_OUTPUT (Prop_DSP_OUTPUT_DSP48E2_ALU_OUT[47]_PCOUT[47])
                                                      0.122     5.436 r  gqav7_z19p_system_i/gqav7_accelerator_0/inst/u_accelerator/i_core/i_pipeline/i_downstream/i_pair_rescale/i_combine_alpha/significand_product_w/DSP_OUTPUT_INST/PCOUT[47]
                         net (fo=1, routed)           0.014     5.450    gqav7_z19p_system_i/gqav7_accelerator_0/inst/u_accelerator/i_core/i_pipeline/i_downstream/i_pair_rescale/i_combine_alpha/s0_q_reg[significand_product]/PCIN[47]
    DSP48E2_X4Y95        DSP_ALU (Prop_DSP_ALU_DSP48E2_PCIN[47]_ALU_OUT[24])
                                                      0.546     5.996 r  gqav7_z19p_system_i/gqav7_accelerator_0/inst/u_accelerator/i_core/i_pipeline/i_downstream/i_pair_rescale/i_combine_alpha/s0_q_reg[significand_product]/DSP_ALU_INST/ALU_OUT[24]
                         net (fo=1, routed)           0.000     5.996    gqav7_z19p_system_i/gqav7_accelerator_0/inst/u_accelerator/i_core/i_pipeline/i_downstream/i_pair_rescale/i_combine_alpha/s0_q_reg[significand_product]/DSP_ALU.ALU_OUT<24>
    DSP48E2_X4Y95        DSP_OUTPUT                                   r  gqav7_z19p_system_i/gqav7_accelerator_0/inst/u_accelerator/i_core/i_pipeline/i_downstream/i_pair_rescale/i_combine_alpha/s0_q_reg[significand_product]/DSP_OUTPUT_INST/ALU_OUT[24]
  -------------------------------------------------------------------    -------------------

                         (clock clk_core_235_unbuf rise edge)
                                                      4.255     4.255 r  
                         clock source latency        -1.044     3.211    
                         propagated clock network latency
                                                      2.790     6.002    
                         clock pessimism              0.086     6.088    
                         clock uncertainty           -0.061     6.027    
    DSP48E2_X4Y95        DSP_OUTPUT (Setup_DSP_OUTPUT_DSP48E2_CLK_ALU_OUT[24])
                                                      0.015     6.042    gqav7_z19p_system_i/gqav7_accelerator_0/inst/u_accelerator/i_core/i_pipeline/i_downstream/i_pair_rescale/i_combine_alpha/s0_q_reg[significand_product]/DSP_OUTPUT_INST
  -------------------------------------------------------------------
                         required time                          6.042    
                         arrival time                          -5.996    
  -------------------------------------------------------------------
                         slack                                  0.046    

Slack (MET) :             0.046ns  (required time - arrival time)
  Source:                 gqav7_z19p_system_i/gqav7_accelerator_0/inst/u_accelerator/i_core/i_pipeline/i_downstream/i_softmax/meta_q_reg[37][row_index][1]/C
                            (rising edge-triggered cell FDRE clocked by clk_core_235_unbuf  {rise@0.000ns fall@2.128ns period=4.255ns})
  Destination:            gqav7_z19p_system_i/gqav7_accelerator_0/inst/u_accelerator/i_core/i_pipeline/i_downstream/i_pair_rescale/i_combine_alpha/s0_q_reg[significand_product]/DSP_OUTPUT_INST/ALU_OUT[25]
                            (rising edge-triggered cell DSP_OUTPUT clocked by clk_core_235_unbuf  {rise@0.000ns fall@2.128ns period=4.255ns})
  Path Group:             clk_core_235_unbuf
  Path Type:              Setup (Max at Slow Process Corner)
  Requirement:            4.255ns  (clk_core_235_unbuf rise@4.255ns - clk_core_235_unbuf rise@0.000ns)
  Data Path Delay:        3.959ns  (logic 2.396ns (60.515%)  route 1.563ns (39.485%))
  Logic Levels:           9  (DSP_A_B_DATA=1 DSP_ALU=2 DSP_M_DATA=1 DSP_MULTIPLIER=1 DSP_OUTPUT=1 DSP_PREADD_DATA=1 LUT6=1 MUXF7=1)
  Clock Path Skew:        -0.204ns (DCD - SCD + CPR)
    Destination Clock Delay (DCD):    1.746ns = ( 6.002 - 4.255 ) 
    Source Clock Delay      (SCD):    2.036ns
    Clock Pessimism Removal (CPR):    0.086ns
  Clock Uncertainty:      0.061ns  ((TSJ^2 + DJ^2)^1/2) / 2 + PE
    Total System Jitter     (TSJ):    0.071ns
    Discrete Jitter          (DJ):    0.099ns
    Phase Error              (PE):    0.000ns

    Location             Delay type                Incr(ns)  Path(ns)    Netlist Resource(s)
  -------------------------------------------------------------------    -------------------
                         (clock clk_core_235_unbuf rise edge)
                                                      0.000     0.000 r  
                         clock source latency        -1.206    -1.206    
                         propagated clock network latency
                                                      3.242     2.036    
    SLICE_X56Y211        FDRE                         0.000     2.036 r  gqav7_z19p_system_i/gqav7_accelerator_0/inst/u_accelerator/i_core/i_pipeline/i_downstream/i_softmax/meta_q_reg[37][row_index][1]/C
    SLICE_X56Y211        FDRE (Prop_GFF_SLICEL_C_Q)
                                                      0.079     2.115 r  gqav7_z19p_system_i/gqav7_accelerator_0/inst/u_accelerator/i_core/i_pipeline/i_downstream/i_softmax/meta_q_reg[37][row_index][1]/Q
                         net (fo=91, routed)          1.072     3.187    gqav7_z19p_system_i/gqav7_accelerator_0/inst/u_accelerator/i_core/i_pipeline/i_downstream/i_pair_rescale/i_combine_alpha/s0_q_reg[special_value][31]_1[1]
    SLICE_X35Y239        MUXF7 (Prop_F7MUX_GH_SLICEM_S_O)
                                                      0.076     3.263 f  gqav7_z19p_system_i/gqav7_accelerator_0/inst/u_accelerator/i_core/i_pipeline/i_downstream/i_pair_rescale/i_combine_alpha/significand_product_w_i_25/O
                         net (fo=1, routed)           0.196     3.459    gqav7_z19p_system_i/gqav7_accelerator_0/inst/u_accelerator/i_core/i_pipeline/i_downstream/i_pair_rescale/i_combine_alpha/significand_product_w_i_25_n_0
    SLICE_X35Y236        LUT6 (Prop_G6LUT_SLICEM_I5_O)
                                                      0.123     3.582 f  gqav7_z19p_system_i/gqav7_accelerator_0/inst/u_accelerator/i_core/i_pipeline/i_downstream/i_pair_rescale/i_combine_alpha/significand_product_w_i_2__7/O
                         net (fo=2, routed)           0.282     3.864    gqav7_z19p_system_i/gqav7_accelerator_0/inst/u_accelerator/i_core/i_pipeline/i_downstream/i_pair_rescale/i_combine_alpha/significand_product_w/B[15]
    DSP48E2_X4Y94        DSP_A_B_DATA (Prop_DSP_A_B_DATA_DSP48E2_B[15]_B2_DATA[15])
                                                      0.151     4.015 r  gqav7_z19p_system_i/gqav7_accelerator_0/inst/u_accelerator/i_core/i_pipeline/i_downstream/i_pair_rescale/i_combine_alpha/significand_product_w/DSP_A_B_DATA_INST/B2_DATA[15]
                         net (fo=1, routed)           0.000     4.015    gqav7_z19p_system_i/gqav7_accelerator_0/inst/u_accelerator/i_core/i_pipeline/i_downstream/i_pair_rescale/i_combine_alpha/significand_product_w/DSP_A_B_DATA.B2_DATA<15>
    DSP48E2_X4Y94        DSP_PREADD_DATA (Prop_DSP_PREADD_DATA_DSP48E2_B2_DATA[15]_B2B1[15])
                                                      0.073     4.088 r  gqav7_z19p_system_i/gqav7_accelerator_0/inst/u_accelerator/i_core/i_pipeline/i_downstream/i_pair_rescale/i_combine_alpha/significand_product_w/DSP_PREADD_DATA_INST/B2B1[15]
                         net (fo=1, routed)           0.000     4.088    gqav7_z19p_system_i/gqav7_accelerator_0/inst/u_accelerator/i_core/i_pipeline/i_downstream/i_pair_rescale/i_combine_alpha/significand_product_w/DSP_PREADD_DATA.B2B1<15>
    DSP48E2_X4Y94        DSP_MULTIPLIER (Prop_DSP_MULTIPLIER_DSP48E2_B2B1[15]_V[43])
                                                      0.609     4.697 f  gqav7_z19p_system_i/gqav7_accelerator_0/inst/u_accelerator/i_core/i_pipeline/i_downstream/i_pair_rescale/i_combine_alpha/significand_product_w/DSP_MULTIPLIER_INST/V[43]
                         net (fo=1, routed)           0.000     4.697    gqav7_z19p_system_i/gqav7_accelerator_0/inst/u_accelerator/i_core/i_pipeline/i_downstream/i_pair_rescale/i_combine_alpha/significand_product_w/DSP_MULTIPLIER.V<43>
    DSP48E2_X4Y94        DSP_M_DATA (Prop_DSP_M_DATA_DSP48E2_V[43]_V_DATA[43])
                                                      0.046     4.743 r  gqav7_z19p_system_i/gqav7_accelerator_0/inst/u_accelerator/i_core/i_pipeline/i_downstream/i_pair_rescale/i_combine_alpha/significand_product_w/DSP_M_DATA_INST/V_DATA[43]
                         net (fo=1, routed)           0.000     4.743    gqav7_z19p_system_i/gqav7_accelerator_0/inst/u_accelerator/i_core/i_pipeline/i_downstream/i_pair_rescale/i_combine_alpha/significand_product_w/DSP_M_DATA.V_DATA<43>
    DSP48E2_X4Y94        DSP_ALU (Prop_DSP_ALU_DSP48E2_V_DATA[43]_ALU_OUT[47])
                                                      0.571     5.314 f  gqav7_z19p_system_i/gqav7_accelerator_0/inst/u_accelerator/i_core/i_pipeline/i_downstream/i_pair_rescale/i_combine_alpha/significand_product_w/DSP_ALU_INST/ALU_OUT[47]
                         net (fo=1, routed)           0.000     5.314    gqav7_z19p_system_i/gqav7_accelerator_0/inst/u_accelerator/i_core/i_pipeline/i_downstream/i_pair_rescale/i_combine_alpha/significand_product_w/DSP_ALU.ALU_OUT<47>
    DSP48E2_X4Y94        DSP_OUTPUT (Prop_DSP_OUTPUT_DSP48E2_ALU_OUT[47]_PCOUT[47])
                                                      0.122     5.436 r  gqav7_z19p_system_i/gqav7_accelerator_0/inst/u_accelerator/i_core/i_pipeline/i_downstream/i_pair_rescale/i_combine_alpha/significand_product_w/DSP_OUTPUT_INST/PCOUT[47]
                         net (fo=1, routed)           0.014     5.450    gqav7_z19p_system_i/gqav7_accelerator_0/inst/u_accelerator/i_core/i_pipeline/i_downstream/i_pair_rescale/i_combine_alpha/s0_q_reg[significand_product]/PCIN[47]
    DSP48E2_X4Y95        DSP_ALU (Prop_DSP_ALU_DSP48E2_PCIN[47]_ALU_OUT[25])
                                                      0.546     5.996 r  gqav7_z19p_system_i/gqav7_accelerator_0/inst/u_accelerator/i_core/i_pipeline/i_downstream/i_pair_rescale/i_combine_alpha/s0_q_reg[significand_product]/DSP_ALU_INST/ALU_OUT[25]
                         net (fo=1, routed)           0.000     5.996    gqav7_z19p_system_i/gqav7_accelerator_0/inst/u_accelerator/i_core/i_pipeline/i_downstream/i_pair_rescale/i_combine_alpha/s0_q_reg[significand_product]/DSP_ALU.ALU_OUT<25>
    DSP48E2_X4Y95        DSP_OUTPUT                                   r  gqav7_z19p_system_i/gqav7_accelerator_0/inst/u_accelerator/i_core/i_pipeline/i_downstream/i_pair_rescale/i_combine_alpha/s0_q_reg[significand_product]/DSP_OUTPUT_INST/ALU_OUT[25]
  -------------------------------------------------------------------    -------------------

                         (clock clk_core_235_unbuf rise edge)
                                                      4.255     4.255 r  
                         clock source latency        -1.044     3.211    
                         propagated clock network latency
                                                      2.790     6.002    
                         clock pessimism              0.086     6.088    
                         clock uncertainty           -0.061     6.027    
    DSP48E2_X4Y95        DSP_OUTPUT (Setup_DSP_OUTPUT_DSP48E2_CLK_ALU_OUT[25])
                                                      0.015     6.042    gqav7_z19p_system_i/gqav7_accelerator_0/inst/u_accelerator/i_core/i_pipeline/i_downstream/i_pair_rescale/i_combine_alpha/s0_q_reg[significand_product]/DSP_OUTPUT_INST
  -------------------------------------------------------------------
                         required time                          6.042    
                         arrival time                          -5.996    
  -------------------------------------------------------------------
                         slack                                  0.046    

Slack (MET) :             0.046ns  (required time - arrival time)
  Source:                 gqav7_z19p_system_i/gqav7_accelerator_0/inst/u_accelerator/i_core/i_pipeline/i_downstream/i_softmax/meta_q_reg[37][row_index][1]/C
                            (rising edge-triggered cell FDRE clocked by clk_core_235_unbuf  {rise@0.000ns fall@2.128ns period=4.255ns})
  Destination:            gqav7_z19p_system_i/gqav7_accelerator_0/inst/u_accelerator/i_core/i_pipeline/i_downstream/i_pair_rescale/i_combine_alpha/s0_q_reg[significand_product]/DSP_OUTPUT_INST/ALU_OUT[26]
                            (rising edge-triggered cell DSP_OUTPUT clocked by clk_core_235_unbuf  {rise@0.000ns fall@2.128ns period=4.255ns})
  Path Group:             clk_core_235_unbuf
  Path Type:              Setup (Max at Slow Process Corner)
  Requirement:            4.255ns  (clk_core_235_unbuf rise@4.255ns - clk_core_235_unbuf rise@0.000ns)
  Data Path Delay:        3.959ns  (logic 2.396ns (60.515%)  route 1.563ns (39.485%))
  Logic Levels:           9  (DSP_A_B_DATA=1 DSP_ALU=2 DSP_M_DATA=1 DSP_MULTIPLIER=1 DSP_OUTPUT=1 DSP_PREADD_DATA=1 LUT6=1 MUXF7=1)
  Clock Path Skew:        -0.204ns (DCD - SCD + CPR)
    Destination Clock Delay (DCD):    1.746ns = ( 6.002 - 4.255 ) 
    Source Clock Delay      (SCD):    2.036ns
    Clock Pessimism Removal (CPR):    0.086ns
  Clock Uncertainty:      0.061ns  ((TSJ^2 + DJ^2)^1/2) / 2 + PE
    Total System Jitter     (TSJ):    0.071ns
    Discrete Jitter          (DJ):    0.099ns
    Phase Error              (PE):    0.000ns

    Location             Delay type                Incr(ns)  Path(ns)    Netlist Resource(s)
  -------------------------------------------------------------------    -------------------
                         (clock clk_core_235_unbuf rise edge)
                                                      0.000     0.000 r  
                         clock source latency        -1.206    -1.206    
                         propagated clock network latency
                                                      3.242     2.036    
    SLICE_X56Y211        FDRE                         0.000     2.036 r  gqav7_z19p_system_i/gqav7_accelerator_0/inst/u_accelerator/i_core/i_pipeline/i_downstream/i_softmax/meta_q_reg[37][row_index][1]/C
    SLICE_X56Y211        FDRE (Prop_GFF_SLICEL_C_Q)
                                                      0.079     2.115 r  gqav7_z19p_system_i/gqav7_accelerator_0/inst/u_accelerator/i_core/i_pipeline/i_downstream/i_softmax/meta_q_reg[37][row_index][1]/Q
                         net (fo=91, routed)          1.072     3.187    gqav7_z19p_system_i/gqav7_accelerator_0/inst/u_accelerator/i_core/i_pipeline/i_downstream/i_pair_rescale/i_combine_alpha/s0_q_reg[special_value][31]_1[1]
    SLICE_X35Y239        MUXF7 (Prop_F7MUX_GH_SLICEM_S_O)
                                                      0.076     3.263 f  gqav7_z19p_system_i/gqav7_accelerator_0/inst/u_accelerator/i_core/i_pipeline/i_downstream/i_pair_rescale/i_combine_alpha/significand_product_w_i_25/O
                         net (fo=1, routed)           0.196     3.459    gqav7_z19p_system_i/gqav7_accelerator_0/inst/u_accelerator/i_core/i_pipeline/i_downstream/i_pair_rescale/i_combine_alpha/significand_product_w_i_25_n_0
    SLICE_X35Y236        LUT6 (Prop_G6LUT_SLICEM_I5_O)
                                                      0.123     3.582 f  gqav7_z19p_system_i/gqav7_accelerator_0/inst/u_accelerator/i_core/i_pipeline/i_downstream/i_pair_rescale/i_combine_alpha/significand_product_w_i_2__7/O
                         net (fo=2, routed)           0.282     3.864    gqav7_z19p_system_i/gqav7_accelerator_0/inst/u_accelerator/i_core/i_pipeline/i_downstream/i_pair_rescale/i_combine_alpha/significand_product_w/B[15]
    DSP48E2_X4Y94        DSP_A_B_DATA (Prop_DSP_A_B_DATA_DSP48E2_B[15]_B2_DATA[15])
                                                      0.151     4.015 r  gqav7_z19p_system_i/gqav7_accelerator_0/inst/u_accelerator/i_core/i_pipeline/i_downstream/i_pair_rescale/i_combine_alpha/significand_product_w/DSP_A_B_DATA_INST/B2_DATA[15]
                         net (fo=1, routed)           0.000     4.015    gqav7_z19p_system_i/gqav7_accelerator_0/inst/u_accelerator/i_core/i_pipeline/i_downstream/i_pair_rescale/i_combine_alpha/significand_product_w/DSP_A_B_DATA.B2_DATA<15>
    DSP48E2_X4Y94        DSP_PREADD_DATA (Prop_DSP_PREADD_DATA_DSP48E2_B2_DATA[15]_B2B1[15])
                                                      0.073     4.088 r  gqav7_z19p_system_i/gqav7_accelerator_0/inst/u_accelerator/i_core/i_pipeline/i_downstream/i_pair_rescale/i_combine_alpha/significand_product_w/DSP_PREADD_DATA_INST/B2B1[15]
                         net (fo=1, routed)           0.000     4.088    gqav7_z19p_system_i/gqav7_accelerator_0/inst/u_accelerator/i_core/i_pipeline/i_downstream/i_pair_rescale/i_combine_alpha/significand_product_w/DSP_PREADD_DATA.B2B1<15>
    DSP48E2_X4Y94        DSP_MULTIPLIER (Prop_DSP_MULTIPLIER_DSP48E2_B2B1[15]_V[43])
                                                      0.609     4.697 f  gqav7_z19p_system_i/gqav7_accelerator_0/inst/u_accelerator/i_core/i_pipeline/i_downstream/i_pair_rescale/i_combine_alpha/significand_product_w/DSP_MULTIPLIER_INST/V[43]
                         net (fo=1, routed)           0.000     4.697    gqav7_z19p_system_i/gqav7_accelerator_0/inst/u_accelerator/i_core/i_pipeline/i_downstream/i_pair_rescale/i_combine_alpha/significand_product_w/DSP_MULTIPLIER.V<43>
    DSP48E2_X4Y94        DSP_M_DATA (Prop_DSP_M_DATA_DSP48E2_V[43]_V_DATA[43])
                                                      0.046     4.743 r  gqav7_z19p_system_i/gqav7_accelerator_0/inst/u_accelerator/i_core/i_pipeline/i_downstream/i_pair_rescale/i_combine_alpha/significand_product_w/DSP_M_DATA_INST/V_DATA[43]
                         net (fo=1, routed)           0.000     4.743    gqav7_z19p_system_i/gqav7_accelerator_0/inst/u_accelerator/i_core/i_pipeline/i_downstream/i_pair_rescale/i_combine_alpha/significand_product_w/DSP_M_DATA.V_DATA<43>
    DSP48E2_X4Y94        DSP_ALU (Prop_DSP_ALU_DSP48E2_V_DATA[43]_ALU_OUT[47])
                                                      0.571     5.314 f  gqav7_z19p_system_i/gqav7_accelerator_0/inst/u_accelerator/i_core/i_pipeline/i_downstream/i_pair_rescale/i_combine_alpha/significand_product_w/DSP_ALU_INST/ALU_OUT[47]
                         net (fo=1, routed)           0.000     5.314    gqav7_z19p_system_i/gqav7_accelerator_0/inst/u_accelerator/i_core/i_pipeline/i_downstream/i_pair_rescale/i_combine_alpha/significand_product_w/DSP_ALU.ALU_OUT<47>
    DSP48E2_X4Y94        DSP_OUTPUT (Prop_DSP_OUTPUT_DSP48E2_ALU_OUT[47]_PCOUT[47])
                                                      0.122     5.436 r  gqav7_z19p_system_i/gqav7_accelerator_0/inst/u_accelerator/i_core/i_pipeline/i_downstream/i_pair_rescale/i_combine_alpha/significand_product_w/DSP_OUTPUT_INST/PCOUT[47]
                         net (fo=1, routed)           0.014     5.450    gqav7_z19p_system_i/gqav7_accelerator_0/inst/u_accelerator/i_core/i_pipeline/i_downstream/i_pair_rescale/i_combine_alpha/s0_q_reg[significand_product]/PCIN[47]
    DSP48E2_X4Y95        DSP_ALU (Prop_DSP_ALU_DSP48E2_PCIN[47]_ALU_OUT[26])
                                                      0.546     5.996 r  gqav7_z19p_system_i/gqav7_accelerator_0/inst/u_accelerator/i_core/i_pipeline/i_downstream/i_pair_rescale/i_combine_alpha/s0_q_reg[significand_product]/DSP_ALU_INST/ALU_OUT[26]
                         net (fo=1, routed)           0.000     5.996    gqav7_z19p_system_i/gqav7_accelerator_0/inst/u_accelerator/i_core/i_pipeline/i_downstream/i_pair_rescale/i_combine_alpha/s0_q_reg[significand_product]/DSP_ALU.ALU_OUT<26>
    DSP48E2_X4Y95        DSP_OUTPUT                                   r  gqav7_z19p_system_i/gqav7_accelerator_0/inst/u_accelerator/i_core/i_pipeline/i_downstream/i_pair_rescale/i_combine_alpha/s0_q_reg[significand_product]/DSP_OUTPUT_INST/ALU_OUT[26]
  -------------------------------------------------------------------    -------------------

                         (clock clk_core_235_unbuf rise edge)
                                                      4.255     4.255 r  
                         clock source latency        -1.044     3.211    
                         propagated clock network latency
                                                      2.790     6.002    
                         clock pessimism              0.086     6.088    
                         clock uncertainty           -0.061     6.027    
    DSP48E2_X4Y95        DSP_OUTPUT (Setup_DSP_OUTPUT_DSP48E2_CLK_ALU_OUT[26])
                                                      0.015     6.042    gqav7_z19p_system_i/gqav7_accelerator_0/inst/u_accelerator/i_core/i_pipeline/i_downstream/i_pair_rescale/i_combine_alpha/s0_q_reg[significand_product]/DSP_OUTPUT_INST
  -------------------------------------------------------------------
                         required time                          6.042    
                         arrival time                          -5.996    
  -------------------------------------------------------------------
                         slack                                  0.046    

Slack (MET) :             0.046ns  (required time - arrival time)
  Source:                 gqav7_z19p_system_i/gqav7_accelerator_0/inst/u_accelerator/i_core/i_pipeline/i_downstream/i_softmax/meta_q_reg[37][row_index][1]/C
                            (rising edge-triggered cell FDRE clocked by clk_core_235_unbuf  {rise@0.000ns fall@2.128ns period=4.255ns})
  Destination:            gqav7_z19p_system_i/gqav7_accelerator_0/inst/u_accelerator/i_core/i_pipeline/i_downstream/i_pair_rescale/i_combine_alpha/s0_q_reg[significand_product]/DSP_OUTPUT_INST/ALU_OUT[27]
                            (rising edge-triggered cell DSP_OUTPUT clocked by clk_core_235_unbuf  {rise@0.000ns fall@2.128ns period=4.255ns})
  Path Group:             clk_core_235_unbuf
  Path Type:              Setup (Max at Slow Process Corner)
  Requirement:            4.255ns  (clk_core_235_unbuf rise@4.255ns - clk_core_235_unbuf rise@0.000ns)
  Data Path Delay:        3.959ns  (logic 2.396ns (60.515%)  route 1.563ns (39.485%))
  Logic Levels:           9  (DSP_A_B_DATA=1 DSP_ALU=2 DSP_M_DATA=1 DSP_MULTIPLIER=1 DSP_OUTPUT=1 DSP_PREADD_DATA=1 LUT6=1 MUXF7=1)
  Clock Path Skew:        -0.204ns (DCD - SCD + CPR)
    Destination Clock Delay (DCD):    1.746ns = ( 6.002 - 4.255 ) 
    Source Clock Delay      (SCD):    2.036ns
    Clock Pessimism Removal (CPR):    0.086ns
  Clock Uncertainty:      0.061ns  ((TSJ^2 + DJ^2)^1/2) / 2 + PE
    Total System Jitter     (TSJ):    0.071ns
    Discrete Jitter          (DJ):    0.099ns
    Phase Error              (PE):    0.000ns

    Location             Delay type                Incr(ns)  Path(ns)    Netlist Resource(s)
  -------------------------------------------------------------------    -------------------
                         (clock clk_core_235_unbuf rise edge)
                                                      0.000     0.000 r  
                         clock source latency        -1.206    -1.206    
                         propagated clock network latency
                                                      3.242     2.036    
    SLICE_X56Y211        FDRE                         0.000     2.036 r  gqav7_z19p_system_i/gqav7_accelerator_0/inst/u_accelerator/i_core/i_pipeline/i_downstream/i_softmax/meta_q_reg[37][row_index][1]/C
    SLICE_X56Y211        FDRE (Prop_GFF_SLICEL_C_Q)
                                                      0.079     2.115 r  gqav7_z19p_system_i/gqav7_accelerator_0/inst/u_accelerator/i_core/i_pipeline/i_downstream/i_softmax/meta_q_reg[37][row_index][1]/Q
                         net (fo=91, routed)          1.072     3.187    gqav7_z19p_system_i/gqav7_accelerator_0/inst/u_accelerator/i_core/i_pipeline/i_downstream/i_pair_rescale/i_combine_alpha/s0_q_reg[special_value][31]_1[1]
    SLICE_X35Y239        MUXF7 (Prop_F7MUX_GH_SLICEM_S_O)
                                                      0.076     3.263 f  gqav7_z19p_system_i/gqav7_accelerator_0/inst/u_accelerator/i_core/i_pipeline/i_downstream/i_pair_rescale/i_combine_alpha/significand_product_w_i_25/O
                         net (fo=1, routed)           0.196     3.459    gqav7_z19p_system_i/gqav7_accelerator_0/inst/u_accelerator/i_core/i_pipeline/i_downstream/i_pair_rescale/i_combine_alpha/significand_product_w_i_25_n_0
    SLICE_X35Y236        LUT6 (Prop_G6LUT_SLICEM_I5_O)
                                                      0.123     3.582 f  gqav7_z19p_system_i/gqav7_accelerator_0/inst/u_accelerator/i_core/i_pipeline/i_downstream/i_pair_rescale/i_combine_alpha/significand_product_w_i_2__7/O
                         net (fo=2, routed)           0.282     3.864    gqav7_z19p_system_i/gqav7_accelerator_0/inst/u_accelerator/i_core/i_pipeline/i_downstream/i_pair_rescale/i_combine_alpha/significand_product_w/B[15]
    DSP48E2_X4Y94        DSP_A_B_DATA (Prop_DSP_A_B_DATA_DSP48E2_B[15]_B2_DATA[15])
                                                      0.151     4.015 r  gqav7_z19p_system_i/gqav7_accelerator_0/inst/u_accelerator/i_core/i_pipeline/i_downstream/i_pair_rescale/i_combine_alpha/significand_product_w/DSP_A_B_DATA_INST/B2_DATA[15]
                         net (fo=1, routed)           0.000     4.015    gqav7_z19p_system_i/gqav7_accelerator_0/inst/u_accelerator/i_core/i_pipeline/i_downstream/i_pair_rescale/i_combine_alpha/significand_product_w/DSP_A_B_DATA.B2_DATA<15>
    DSP48E2_X4Y94        DSP_PREADD_DATA (Prop_DSP_PREADD_DATA_DSP48E2_B2_DATA[15]_B2B1[15])
                                                      0.073     4.088 r  gqav7_z19p_system_i/gqav7_accelerator_0/inst/u_accelerator/i_core/i_pipeline/i_downstream/i_pair_rescale/i_combine_alpha/significand_product_w/DSP_PREADD_DATA_INST/B2B1[15]
                         net (fo=1, routed)           0.000     4.088    gqav7_z19p_system_i/gqav7_accelerator_0/inst/u_accelerator/i_core/i_pipeline/i_downstream/i_pair_rescale/i_combine_alpha/significand_product_w/DSP_PREADD_DATA.B2B1<15>
    DSP48E2_X4Y94        DSP_MULTIPLIER (Prop_DSP_MULTIPLIER_DSP48E2_B2B1[15]_V[43])
                                                      0.609     4.697 f  gqav7_z19p_system_i/gqav7_accelerator_0/inst/u_accelerator/i_core/i_pipeline/i_downstream/i_pair_rescale/i_combine_alpha/significand_product_w/DSP_MULTIPLIER_INST/V[43]
                         net (fo=1, routed)           0.000     4.697    gqav7_z19p_system_i/gqav7_accelerator_0/inst/u_accelerator/i_core/i_pipeline/i_downstream/i_pair_rescale/i_combine_alpha/significand_product_w/DSP_MULTIPLIER.V<43>
    DSP48E2_X4Y94        DSP_M_DATA (Prop_DSP_M_DATA_DSP48E2_V[43]_V_DATA[43])
                                                      0.046     4.743 r  gqav7_z19p_system_i/gqav7_accelerator_0/inst/u_accelerator/i_core/i_pipeline/i_downstream/i_pair_rescale/i_combine_alpha/significand_product_w/DSP_M_DATA_INST/V_DATA[43]
                         net (fo=1, routed)           0.000     4.743    gqav7_z19p_system_i/gqav7_accelerator_0/inst/u_accelerator/i_core/i_pipeline/i_downstream/i_pair_rescale/i_combine_alpha/significand_product_w/DSP_M_DATA.V_DATA<43>
    DSP48E2_X4Y94        DSP_ALU (Prop_DSP_ALU_DSP48E2_V_DATA[43]_ALU_OUT[47])
                                                      0.571     5.314 f  gqav7_z19p_system_i/gqav7_accelerator_0/inst/u_accelerator/i_core/i_pipeline/i_downstream/i_pair_rescale/i_combine_alpha/significand_product_w/DSP_ALU_INST/ALU_OUT[47]
                         net (fo=1, routed)           0.000     5.314    gqav7_z19p_system_i/gqav7_accelerator_0/inst/u_accelerator/i_core/i_pipeline/i_downstream/i_pair_rescale/i_combine_alpha/significand_product_w/DSP_ALU.ALU_OUT<47>
    DSP48E2_X4Y94        DSP_OUTPUT (Prop_DSP_OUTPUT_DSP48E2_ALU_OUT[47]_PCOUT[47])
                                                      0.122     5.436 r  gqav7_z19p_system_i/gqav7_accelerator_0/inst/u_accelerator/i_core/i_pipeline/i_downstream/i_pair_rescale/i_combine_alpha/significand_product_w/DSP_OUTPUT_INST/PCOUT[47]
                         net (fo=1, routed)           0.014     5.450    gqav7_z19p_system_i/gqav7_accelerator_0/inst/u_accelerator/i_core/i_pipeline/i_downstream/i_pair_rescale/i_combine_alpha/s0_q_reg[significand_product]/PCIN[47]
    DSP48E2_X4Y95        DSP_ALU (Prop_DSP_ALU_DSP48E2_PCIN[47]_ALU_OUT[27])
                                                      0.546     5.996 r  gqav7_z19p_system_i/gqav7_accelerator_0/inst/u_accelerator/i_core/i_pipeline/i_downstream/i_pair_rescale/i_combine_alpha/s0_q_reg[significand_product]/DSP_ALU_INST/ALU_OUT[27]
                         net (fo=1, routed)           0.000     5.996    gqav7_z19p_system_i/gqav7_accelerator_0/inst/u_accelerator/i_core/i_pipeline/i_downstream/i_pair_rescale/i_combine_alpha/s0_q_reg[significand_product]/DSP_ALU.ALU_OUT<27>
    DSP48E2_X4Y95        DSP_OUTPUT                                   r  gqav7_z19p_system_i/gqav7_accelerator_0/inst/u_accelerator/i_core/i_pipeline/i_downstream/i_pair_rescale/i_combine_alpha/s0_q_reg[significand_product]/DSP_OUTPUT_INST/ALU_OUT[27]
  -------------------------------------------------------------------    -------------------

                         (clock clk_core_235_unbuf rise edge)
                                                      4.255     4.255 r  
                         clock source latency        -1.044     3.211    
                         propagated clock network latency
                                                      2.790     6.002    
                         clock pessimism              0.086     6.088    
                         clock uncertainty           -0.061     6.027    
    DSP48E2_X4Y95        DSP_OUTPUT (Setup_DSP_OUTPUT_DSP48E2_CLK_ALU_OUT[27])
                                                      0.015     6.042    gqav7_z19p_system_i/gqav7_accelerator_0/inst/u_accelerator/i_core/i_pipeline/i_downstream/i_pair_rescale/i_combine_alpha/s0_q_reg[significand_product]/DSP_OUTPUT_INST
  -------------------------------------------------------------------
                         required time                          6.042    
                         arrival time                          -5.996    
  -------------------------------------------------------------------
                         slack                                  0.046    

Slack (MET) :             0.046ns  (required time - arrival time)
  Source:                 gqav7_z19p_system_i/gqav7_accelerator_0/inst/u_accelerator/i_core/i_pipeline/i_downstream/i_softmax/meta_q_reg[37][row_index][1]/C
                            (rising edge-triggered cell FDRE clocked by clk_core_235_unbuf  {rise@0.000ns fall@2.128ns period=4.255ns})
  Destination:            gqav7_z19p_system_i/gqav7_accelerator_0/inst/u_accelerator/i_core/i_pipeline/i_downstream/i_pair_rescale/i_combine_alpha/s0_q_reg[significand_product]/DSP_OUTPUT_INST/ALU_OUT[28]
                            (rising edge-triggered cell DSP_OUTPUT clocked by clk_core_235_unbuf  {rise@0.000ns fall@2.128ns period=4.255ns})
  Path Group:             clk_core_235_unbuf
  Path Type:              Setup (Max at Slow Process Corner)
  Requirement:            4.255ns  (clk_core_235_unbuf rise@4.255ns - clk_core_235_unbuf rise@0.000ns)
  Data Path Delay:        3.959ns  (logic 2.396ns (60.515%)  route 1.563ns (39.485%))
  Logic Levels:           9  (DSP_A_B_DATA=1 DSP_ALU=2 DSP_M_DATA=1 DSP_MULTIPLIER=1 DSP_OUTPUT=1 DSP_PREADD_DATA=1 LUT6=1 MUXF7=1)
  Clock Path Skew:        -0.204ns (DCD - SCD + CPR)
    Destination Clock Delay (DCD):    1.746ns = ( 6.002 - 4.255 ) 
    Source Clock Delay      (SCD):    2.036ns
    Clock Pessimism Removal (CPR):    0.086ns
  Clock Uncertainty:      0.061ns  ((TSJ^2 + DJ^2)^1/2) / 2 + PE
    Total System Jitter     (TSJ):    0.071ns
    Discrete Jitter          (DJ):    0.099ns
    Phase Error              (PE):    0.000ns

    Location             Delay type                Incr(ns)  Path(ns)    Netlist Resource(s)
  -------------------------------------------------------------------    -------------------
                         (clock clk_core_235_unbuf rise edge)
                                                      0.000     0.000 r  
                         clock source latency        -1.206    -1.206    
                         propagated clock network latency
                                                      3.242     2.036    
    SLICE_X56Y211        FDRE                         0.000     2.036 r  gqav7_z19p_system_i/gqav7_accelerator_0/inst/u_accelerator/i_core/i_pipeline/i_downstream/i_softmax/meta_q_reg[37][row_index][1]/C
    SLICE_X56Y211        FDRE (Prop_GFF_SLICEL_C_Q)
                                                      0.079     2.115 r  gqav7_z19p_system_i/gqav7_accelerator_0/inst/u_accelerator/i_core/i_pipeline/i_downstream/i_softmax/meta_q_reg[37][row_index][1]/Q
                         net (fo=91, routed)          1.072     3.187    gqav7_z19p_system_i/gqav7_accelerator_0/inst/u_accelerator/i_core/i_pipeline/i_downstream/i_pair_rescale/i_combine_alpha/s0_q_reg[special_value][31]_1[1]
    SLICE_X35Y239        MUXF7 (Prop_F7MUX_GH_SLICEM_S_O)
                                                      0.076     3.263 f  gqav7_z19p_system_i/gqav7_accelerator_0/inst/u_accelerator/i_core/i_pipeline/i_downstream/i_pair_rescale/i_combine_alpha/significand_product_w_i_25/O
                         net (fo=1, routed)           0.196     3.459    gqav7_z19p_system_i/gqav7_accelerator_0/inst/u_accelerator/i_core/i_pipeline/i_downstream/i_pair_rescale/i_combine_alpha/significand_product_w_i_25_n_0
    SLICE_X35Y236        LUT6 (Prop_G6LUT_SLICEM_I5_O)
                                                      0.123     3.582 f  gqav7_z19p_system_i/gqav7_accelerator_0/inst/u_accelerator/i_core/i_pipeline/i_downstream/i_pair_rescale/i_combine_alpha/significand_product_w_i_2__7/O
                         net (fo=2, routed)           0.282     3.864    gqav7_z19p_system_i/gqav7_accelerator_0/inst/u_accelerator/i_core/i_pipeline/i_downstream/i_pair_rescale/i_combine_alpha/significand_product_w/B[15]
    DSP48E2_X4Y94        DSP_A_B_DATA (Prop_DSP_A_B_DATA_DSP48E2_B[15]_B2_DATA[15])
                                                      0.151     4.015 r  gqav7_z19p_system_i/gqav7_accelerator_0/inst/u_accelerator/i_core/i_pipeline/i_downstream/i_pair_rescale/i_combine_alpha/significand_product_w/DSP_A_B_DATA_INST/B2_DATA[15]
                         net (fo=1, routed)           0.000     4.015    gqav7_z19p_system_i/gqav7_accelerator_0/inst/u_accelerator/i_core/i_pipeline/i_downstream/i_pair_rescale/i_combine_alpha/significand_product_w/DSP_A_B_DATA.B2_DATA<15>
    DSP48E2_X4Y94        DSP_PREADD_DATA (Prop_DSP_PREADD_DATA_DSP48E2_B2_DATA[15]_B2B1[15])
                                                      0.073     4.088 r  gqav7_z19p_system_i/gqav7_accelerator_0/inst/u_accelerator/i_core/i_pipeline/i_downstream/i_pair_rescale/i_combine_alpha/significand_product_w/DSP_PREADD_DATA_INST/B2B1[15]
                         net (fo=1, routed)           0.000     4.088    gqav7_z19p_system_i/gqav7_accelerator_0/inst/u_accelerator/i_core/i_pipeline/i_downstream/i_pair_rescale/i_combine_alpha/significand_product_w/DSP_PREADD_DATA.B2B1<15>
    DSP48E2_X4Y94        DSP_MULTIPLIER (Prop_DSP_MULTIPLIER_DSP48E2_B2B1[15]_V[43])
                                                      0.609     4.697 f  gqav7_z19p_system_i/gqav7_accelerator_0/inst/u_accelerator/i_core/i_pipeline/i_downstream/i_pair_rescale/i_combine_alpha/significand_product_w/DSP_MULTIPLIER_INST/V[43]
                         net (fo=1, routed)           0.000     4.697    gqav7_z19p_system_i/gqav7_accelerator_0/inst/u_accelerator/i_core/i_pipeline/i_downstream/i_pair_rescale/i_combine_alpha/significand_product_w/DSP_MULTIPLIER.V<43>
    DSP48E2_X4Y94        DSP_M_DATA (Prop_DSP_M_DATA_DSP48E2_V[43]_V_DATA[43])
                                                      0.046     4.743 r  gqav7_z19p_system_i/gqav7_accelerator_0/inst/u_accelerator/i_core/i_pipeline/i_downstream/i_pair_rescale/i_combine_alpha/significand_product_w/DSP_M_DATA_INST/V_DATA[43]
                         net (fo=1, routed)           0.000     4.743    gqav7_z19p_system_i/gqav7_accelerator_0/inst/u_accelerator/i_core/i_pipeline/i_downstream/i_pair_rescale/i_combine_alpha/significand_product_w/DSP_M_DATA.V_DATA<43>
    DSP48E2_X4Y94        DSP_ALU (Prop_DSP_ALU_DSP48E2_V_DATA[43]_ALU_OUT[47])
                                                      0.571     5.314 f  gqav7_z19p_system_i/gqav7_accelerator_0/inst/u_accelerator/i_core/i_pipeline/i_downstream/i_pair_rescale/i_combine_alpha/significand_product_w/DSP_ALU_INST/ALU_OUT[47]
                         net (fo=1, routed)           0.000     5.314    gqav7_z19p_system_i/gqav7_accelerator_0/inst/u_accelerator/i_core/i_pipeline/i_downstream/i_pair_rescale/i_combine_alpha/significand_product_w/DSP_ALU.ALU_OUT<47>
    DSP48E2_X4Y94        DSP_OUTPUT (Prop_DSP_OUTPUT_DSP48E2_ALU_OUT[47]_PCOUT[47])
                                                      0.122     5.436 r  gqav7_z19p_system_i/gqav7_accelerator_0/inst/u_accelerator/i_core/i_pipeline/i_downstream/i_pair_rescale/i_combine_alpha/significand_product_w/DSP_OUTPUT_INST/PCOUT[47]
                         net (fo=1, routed)           0.014     5.450    gqav7_z19p_system_i/gqav7_accelerator_0/inst/u_accelerator/i_core/i_pipeline/i_downstream/i_pair_rescale/i_combine_alpha/s0_q_reg[significand_product]/PCIN[47]
    DSP48E2_X4Y95        DSP_ALU (Prop_DSP_ALU_DSP48E2_PCIN[47]_ALU_OUT[28])
                                                      0.546     5.996 r  gqav7_z19p_system_i/gqav7_accelerator_0/inst/u_accelerator/i_core/i_pipeline/i_downstream/i_pair_rescale/i_combine_alpha/s0_q_reg[significand_product]/DSP_ALU_INST/ALU_OUT[28]
                         net (fo=1, routed)           0.000     5.996    gqav7_z19p_system_i/gqav7_accelerator_0/inst/u_accelerator/i_core/i_pipeline/i_downstream/i_pair_rescale/i_combine_alpha/s0_q_reg[significand_product]/DSP_ALU.ALU_OUT<28>
    DSP48E2_X4Y95        DSP_OUTPUT                                   r  gqav7_z19p_system_i/gqav7_accelerator_0/inst/u_accelerator/i_core/i_pipeline/i_downstream/i_pair_rescale/i_combine_alpha/s0_q_reg[significand_product]/DSP_OUTPUT_INST/ALU_OUT[28]
  -------------------------------------------------------------------    -------------------

                         (clock clk_core_235_unbuf rise edge)
                                                      4.255     4.255 r  
                         clock source latency        -1.044     3.211    
                         propagated clock network latency
                                                      2.790     6.002    
                         clock pessimism              0.086     6.088    
                         clock uncertainty           -0.061     6.027    
    DSP48E2_X4Y95        DSP_OUTPUT (Setup_DSP_OUTPUT_DSP48E2_CLK_ALU_OUT[28])
                                                      0.015     6.042    gqav7_z19p_system_i/gqav7_accelerator_0/inst/u_accelerator/i_core/i_pipeline/i_downstream/i_pair_rescale/i_combine_alpha/s0_q_reg[significand_product]/DSP_OUTPUT_INST
  -------------------------------------------------------------------
                         required time                          6.042    
                         arrival time                          -5.996    
  -------------------------------------------------------------------
                         slack                                  0.046    

Slack (MET) :             0.046ns  (required time - arrival time)
  Source:                 gqav7_z19p_system_i/gqav7_accelerator_0/inst/u_accelerator/i_core/i_pipeline/i_downstream/i_softmax/meta_q_reg[37][row_index][1]/C
                            (rising edge-triggered cell FDRE clocked by clk_core_235_unbuf  {rise@0.000ns fall@2.128ns period=4.255ns})
  Destination:            gqav7_z19p_system_i/gqav7_accelerator_0/inst/u_accelerator/i_core/i_pipeline/i_downstream/i_pair_rescale/i_combine_alpha/s0_q_reg[significand_product]/DSP_OUTPUT_INST/ALU_OUT[29]
                            (rising edge-triggered cell DSP_OUTPUT clocked by clk_core_235_unbuf  {rise@0.000ns fall@2.128ns period=4.255ns})
  Path Group:             clk_core_235_unbuf
  Path Type:              Setup (Max at Slow Process Corner)
  Requirement:            4.255ns  (clk_core_235_unbuf rise@4.255ns - clk_core_235_unbuf rise@0.000ns)
  Data Path Delay:        3.959ns  (logic 2.396ns (60.515%)  route 1.563ns (39.485%))
  Logic Levels:           9  (DSP_A_B_DATA=1 DSP_ALU=2 DSP_M_DATA=1 DSP_MULTIPLIER=1 DSP_OUTPUT=1 DSP_PREADD_DATA=1 LUT6=1 MUXF7=1)
  Clock Path Skew:        -0.204ns (DCD - SCD + CPR)
    Destination Clock Delay (DCD):    1.746ns = ( 6.002 - 4.255 ) 
    Source Clock Delay      (SCD):    2.036ns
    Clock Pessimism Removal (CPR):    0.086ns
  Clock Uncertainty:      0.061ns  ((TSJ^2 + DJ^2)^1/2) / 2 + PE
    Total System Jitter     (TSJ):    0.071ns
    Discrete Jitter          (DJ):    0.099ns
    Phase Error              (PE):    0.000ns

    Location             Delay type                Incr(ns)  Path(ns)    Netlist Resource(s)
  -------------------------------------------------------------------    -------------------
                         (clock clk_core_235_unbuf rise edge)
                                                      0.000     0.000 r  
                         clock source latency        -1.206    -1.206    
                         propagated clock network latency
                                                      3.242     2.036    
    SLICE_X56Y211        FDRE                         0.000     2.036 r  gqav7_z19p_system_i/gqav7_accelerator_0/inst/u_accelerator/i_core/i_pipeline/i_downstream/i_softmax/meta_q_reg[37][row_index][1]/C
    SLICE_X56Y211        FDRE (Prop_GFF_SLICEL_C_Q)
                                                      0.079     2.115 r  gqav7_z19p_system_i/gqav7_accelerator_0/inst/u_accelerator/i_core/i_pipeline/i_downstream/i_softmax/meta_q_reg[37][row_index][1]/Q
                         net (fo=91, routed)          1.072     3.187    gqav7_z19p_system_i/gqav7_accelerator_0/inst/u_accelerator/i_core/i_pipeline/i_downstream/i_pair_rescale/i_combine_alpha/s0_q_reg[special_value][31]_1[1]
    SLICE_X35Y239        MUXF7 (Prop_F7MUX_GH_SLICEM_S_O)
                                                      0.076     3.263 f  gqav7_z19p_system_i/gqav7_accelerator_0/inst/u_accelerator/i_core/i_pipeline/i_downstream/i_pair_rescale/i_combine_alpha/significand_product_w_i_25/O
                         net (fo=1, routed)           0.196     3.459    gqav7_z19p_system_i/gqav7_accelerator_0/inst/u_accelerator/i_core/i_pipeline/i_downstream/i_pair_rescale/i_combine_alpha/significand_product_w_i_25_n_0
    SLICE_X35Y236        LUT6 (Prop_G6LUT_SLICEM_I5_O)
                                                      0.123     3.582 f  gqav7_z19p_system_i/gqav7_accelerator_0/inst/u_accelerator/i_core/i_pipeline/i_downstream/i_pair_rescale/i_combine_alpha/significand_product_w_i_2__7/O
                         net (fo=2, routed)           0.282     3.864    gqav7_z19p_system_i/gqav7_accelerator_0/inst/u_accelerator/i_core/i_pipeline/i_downstream/i_pair_rescale/i_combine_alpha/significand_product_w/B[15]
    DSP48E2_X4Y94        DSP_A_B_DATA (Prop_DSP_A_B_DATA_DSP48E2_B[15]_B2_DATA[15])
                                                      0.151     4.015 r  gqav7_z19p_system_i/gqav7_accelerator_0/inst/u_accelerator/i_core/i_pipeline/i_downstream/i_pair_rescale/i_combine_alpha/significand_product_w/DSP_A_B_DATA_INST/B2_DATA[15]
                         net (fo=1, routed)           0.000     4.015    gqav7_z19p_system_i/gqav7_accelerator_0/inst/u_accelerator/i_core/i_pipeline/i_downstream/i_pair_rescale/i_combine_alpha/significand_product_w/DSP_A_B_DATA.B2_DATA<15>
    DSP48E2_X4Y94        DSP_PREADD_DATA (Prop_DSP_PREADD_DATA_DSP48E2_B2_DATA[15]_B2B1[15])
                                                      0.073     4.088 r  gqav7_z19p_system_i/gqav7_accelerator_0/inst/u_accelerator/i_core/i_pipeline/i_downstream/i_pair_rescale/i_combine_alpha/significand_product_w/DSP_PREADD_DATA_INST/B2B1[15]
                         net (fo=1, routed)           0.000     4.088    gqav7_z19p_system_i/gqav7_accelerator_0/inst/u_accelerator/i_core/i_pipeline/i_downstream/i_pair_rescale/i_combine_alpha/significand_product_w/DSP_PREADD_DATA.B2B1<15>
    DSP48E2_X4Y94        DSP_MULTIPLIER (Prop_DSP_MULTIPLIER_DSP48E2_B2B1[15]_V[43])
                                                      0.609     4.697 f  gqav7_z19p_system_i/gqav7_accelerator_0/inst/u_accelerator/i_core/i_pipeline/i_downstream/i_pair_rescale/i_combine_alpha/significand_product_w/DSP_MULTIPLIER_INST/V[43]
                         net (fo=1, routed)           0.000     4.697    gqav7_z19p_system_i/gqav7_accelerator_0/inst/u_accelerator/i_core/i_pipeline/i_downstream/i_pair_rescale/i_combine_alpha/significand_product_w/DSP_MULTIPLIER.V<43>
    DSP48E2_X4Y94        DSP_M_DATA (Prop_DSP_M_DATA_DSP48E2_V[43]_V_DATA[43])
                                                      0.046     4.743 r  gqav7_z19p_system_i/gqav7_accelerator_0/inst/u_accelerator/i_core/i_pipeline/i_downstream/i_pair_rescale/i_combine_alpha/significand_product_w/DSP_M_DATA_INST/V_DATA[43]
                         net (fo=1, routed)           0.000     4.743    gqav7_z19p_system_i/gqav7_accelerator_0/inst/u_accelerator/i_core/i_pipeline/i_downstream/i_pair_rescale/i_combine_alpha/significand_product_w/DSP_M_DATA.V_DATA<43>
    DSP48E2_X4Y94        DSP_ALU (Prop_DSP_ALU_DSP48E2_V_DATA[43]_ALU_OUT[47])
                                                      0.571     5.314 f  gqav7_z19p_system_i/gqav7_accelerator_0/inst/u_accelerator/i_core/i_pipeline/i_downstream/i_pair_rescale/i_combine_alpha/significand_product_w/DSP_ALU_INST/ALU_OUT[47]
                         net (fo=1, routed)           0.000     5.314    gqav7_z19p_system_i/gqav7_accelerator_0/inst/u_accelerator/i_core/i_pipeline/i_downstream/i_pair_rescale/i_combine_alpha/significand_product_w/DSP_ALU.ALU_OUT<47>
    DSP48E2_X4Y94        DSP_OUTPUT (Prop_DSP_OUTPUT_DSP48E2_ALU_OUT[47]_PCOUT[47])
                                                      0.122     5.436 r  gqav7_z19p_system_i/gqav7_accelerator_0/inst/u_accelerator/i_core/i_pipeline/i_downstream/i_pair_rescale/i_combine_alpha/significand_product_w/DSP_OUTPUT_INST/PCOUT[47]
                         net (fo=1, routed)           0.014     5.450    gqav7_z19p_system_i/gqav7_accelerator_0/inst/u_accelerator/i_core/i_pipeline/i_downstream/i_pair_rescale/i_combine_alpha/s0_q_reg[significand_product]/PCIN[47]
    DSP48E2_X4Y95        DSP_ALU (Prop_DSP_ALU_DSP48E2_PCIN[47]_ALU_OUT[29])
                                                      0.546     5.996 r  gqav7_z19p_system_i/gqav7_accelerator_0/inst/u_accelerator/i_core/i_pipeline/i_downstream/i_pair_rescale/i_combine_alpha/s0_q_reg[significand_product]/DSP_ALU_INST/ALU_OUT[29]
                         net (fo=1, routed)           0.000     5.996    gqav7_z19p_system_i/gqav7_accelerator_0/inst/u_accelerator/i_core/i_pipeline/i_downstream/i_pair_rescale/i_combine_alpha/s0_q_reg[significand_product]/DSP_ALU.ALU_OUT<29>
    DSP48E2_X4Y95        DSP_OUTPUT                                   r  gqav7_z19p_system_i/gqav7_accelerator_0/inst/u_accelerator/i_core/i_pipeline/i_downstream/i_pair_rescale/i_combine_alpha/s0_q_reg[significand_product]/DSP_OUTPUT_INST/ALU_OUT[29]
  -------------------------------------------------------------------    -------------------

                         (clock clk_core_235_unbuf rise edge)
                                                      4.255     4.255 r  
                         clock source latency        -1.044     3.211    
                         propagated clock network latency
                                                      2.790     6.002    
                         clock pessimism              0.086     6.088    
                         clock uncertainty           -0.061     6.027    
    DSP48E2_X4Y95        DSP_OUTPUT (Setup_DSP_OUTPUT_DSP48E2_CLK_ALU_OUT[29])
                                                      0.015     6.042    gqav7_z19p_system_i/gqav7_accelerator_0/inst/u_accelerator/i_core/i_pipeline/i_downstream/i_pair_rescale/i_combine_alpha/s0_q_reg[significand_product]/DSP_OUTPUT_INST
  -------------------------------------------------------------------
                         required time                          6.042    
                         arrival time                          -5.996    
  -------------------------------------------------------------------
                         slack                                  0.046    

Slack (MET) :             0.046ns  (required time - arrival time)
  Source:                 gqav7_z19p_system_i/gqav7_accelerator_0/inst/u_accelerator/i_core/i_pipeline/i_downstream/i_softmax/meta_q_reg[37][row_index][1]/C
                            (rising edge-triggered cell FDRE clocked by clk_core_235_unbuf  {rise@0.000ns fall@2.128ns period=4.255ns})
  Destination:            gqav7_z19p_system_i/gqav7_accelerator_0/inst/u_accelerator/i_core/i_pipeline/i_downstream/i_pair_rescale/i_combine_alpha/s0_q_reg[significand_product]/DSP_OUTPUT_INST/ALU_OUT[2]
                            (rising edge-triggered cell DSP_OUTPUT clocked by clk_core_235_unbuf  {rise@0.000ns fall@2.128ns period=4.255ns})
  Path Group:             clk_core_235_unbuf
  Path Type:              Setup (Max at Slow Process Corner)
  Requirement:            4.255ns  (clk_core_235_unbuf rise@4.255ns - clk_core_235_unbuf rise@0.000ns)
  Data Path Delay:        3.959ns  (logic 2.396ns (60.515%)  route 1.563ns (39.485%))
  Logic Levels:           9  (DSP_A_B_DATA=1 DSP_ALU=2 DSP_M_DATA=1 DSP_MULTIPLIER=1 DSP_OUTPUT=1 DSP_PREADD_DATA=1 LUT6=1 MUXF7=1)
  Clock Path Skew:        -0.204ns (DCD - SCD + CPR)
    Destination Clock Delay (DCD):    1.746ns = ( 6.002 - 4.255 ) 
    Source Clock Delay      (SCD):    2.036ns
    Clock Pessimism Removal (CPR):    0.086ns
  Clock Uncertainty:      0.061ns  ((TSJ^2 + DJ^2)^1/2) / 2 + PE
    Total System Jitter     (TSJ):    0.071ns
    Discrete Jitter          (DJ):    0.099ns
    Phase Error              (PE):    0.000ns

    Location             Delay type                Incr(ns)  Path(ns)    Netlist Resource(s)
  -------------------------------------------------------------------    -------------------
                         (clock clk_core_235_unbuf rise edge)
                                                      0.000     0.000 r  
                         clock source latency        -1.206    -1.206    
                         propagated clock network latency
                                                      3.242     2.036    
    SLICE_X56Y211        FDRE                         0.000     2.036 r  gqav7_z19p_system_i/gqav7_accelerator_0/inst/u_accelerator/i_core/i_pipeline/i_downstream/i_softmax/meta_q_reg[37][row_index][1]/C
    SLICE_X56Y211        FDRE (Prop_GFF_SLICEL_C_Q)
                                                      0.079     2.115 r  gqav7_z19p_system_i/gqav7_accelerator_0/inst/u_accelerator/i_core/i_pipeline/i_downstream/i_softmax/meta_q_reg[37][row_index][1]/Q
                         net (fo=91, routed)          1.072     3.187    gqav7_z19p_system_i/gqav7_accelerator_0/inst/u_accelerator/i_core/i_pipeline/i_downstream/i_pair_rescale/i_combine_alpha/s0_q_reg[special_value][31]_1[1]
    SLICE_X35Y239        MUXF7 (Prop_F7MUX_GH_SLICEM_S_O)
                                                      0.076     3.263 f  gqav7_z19p_system_i/gqav7_accelerator_0/inst/u_accelerator/i_core/i_pipeline/i_downstream/i_pair_rescale/i_combine_alpha/significand_product_w_i_25/O
                         net (fo=1, routed)           0.196     3.459    gqav7_z19p_system_i/gqav7_accelerator_0/inst/u_accelerator/i_core/i_pipeline/i_downstream/i_pair_rescale/i_combine_alpha/significand_product_w_i_25_n_0
    SLICE_X35Y236        LUT6 (Prop_G6LUT_SLICEM_I5_O)
                                                      0.123     3.582 f  gqav7_z19p_system_i/gqav7_accelerator_0/inst/u_accelerator/i_core/i_pipeline/i_downstream/i_pair_rescale/i_combine_alpha/significand_product_w_i_2__7/O
                         net (fo=2, routed)           0.282     3.864    gqav7_z19p_system_i/gqav7_accelerator_0/inst/u_accelerator/i_core/i_pipeline/i_downstream/i_pair_rescale/i_combine_alpha/significand_product_w/B[15]
    DSP48E2_X4Y94        DSP_A_B_DATA (Prop_DSP_A_B_DATA_DSP48E2_B[15]_B2_DATA[15])
                                                      0.151     4.015 r  gqav7_z19p_system_i/gqav7_accelerator_0/inst/u_accelerator/i_core/i_pipeline/i_downstream/i_pair_rescale/i_combine_alpha/significand_product_w/DSP_A_B_DATA_INST/B2_DATA[15]
                         net (fo=1, routed)           0.000     4.015    gqav7_z19p_system_i/gqav7_accelerator_0/inst/u_accelerator/i_core/i_pipeline/i_downstream/i_pair_rescale/i_combine_alpha/significand_product_w/DSP_A_B_DATA.B2_DATA<15>
    DSP48E2_X4Y94        DSP_PREADD_DATA (Prop_DSP_PREADD_DATA_DSP48E2_B2_DATA[15]_B2B1[15])
                                                      0.073     4.088 r  gqav7_z19p_system_i/gqav7_accelerator_0/inst/u_accelerator/i_core/i_pipeline/i_downstream/i_pair_rescale/i_combine_alpha/significand_product_w/DSP_PREADD_DATA_INST/B2B1[15]
                         net (fo=1, routed)           0.000     4.088    gqav7_z19p_system_i/gqav7_accelerator_0/inst/u_accelerator/i_core/i_pipeline/i_downstream/i_pair_rescale/i_combine_alpha/significand_product_w/DSP_PREADD_DATA.B2B1<15>
    DSP48E2_X4Y94        DSP_MULTIPLIER (Prop_DSP_MULTIPLIER_DSP48E2_B2B1[15]_V[43])
                                                      0.609     4.697 f  gqav7_z19p_system_i/gqav7_accelerator_0/inst/u_accelerator/i_core/i_pipeline/i_downstream/i_pair_rescale/i_combine_alpha/significand_product_w/DSP_MULTIPLIER_INST/V[43]
                         net (fo=1, routed)           0.000     4.697    gqav7_z19p_system_i/gqav7_accelerator_0/inst/u_accelerator/i_core/i_pipeline/i_downstream/i_pair_rescale/i_combine_alpha/significand_product_w/DSP_MULTIPLIER.V<43>
    DSP48E2_X4Y94        DSP_M_DATA (Prop_DSP_M_DATA_DSP48E2_V[43]_V_DATA[43])
                                                      0.046     4.743 r  gqav7_z19p_system_i/gqav7_accelerator_0/inst/u_accelerator/i_core/i_pipeline/i_downstream/i_pair_rescale/i_combine_alpha/significand_product_w/DSP_M_DATA_INST/V_DATA[43]
                         net (fo=1, routed)           0.000     4.743    gqav7_z19p_system_i/gqav7_accelerator_0/inst/u_accelerator/i_core/i_pipeline/i_downstream/i_pair_rescale/i_combine_alpha/significand_product_w/DSP_M_DATA.V_DATA<43>
    DSP48E2_X4Y94        DSP_ALU (Prop_DSP_ALU_DSP48E2_V_DATA[43]_ALU_OUT[47])
                                                      0.571     5.314 f  gqav7_z19p_system_i/gqav7_accelerator_0/inst/u_accelerator/i_core/i_pipeline/i_downstream/i_pair_rescale/i_combine_alpha/significand_product_w/DSP_ALU_INST/ALU_OUT[47]
                         net (fo=1, routed)           0.000     5.314    gqav7_z19p_system_i/gqav7_accelerator_0/inst/u_accelerator/i_core/i_pipeline/i_downstream/i_pair_rescale/i_combine_alpha/significand_product_w/DSP_ALU.ALU_OUT<47>
    DSP48E2_X4Y94        DSP_OUTPUT (Prop_DSP_OUTPUT_DSP48E2_ALU_OUT[47]_PCOUT[47])
                                                      0.122     5.436 r  gqav7_z19p_system_i/gqav7_accelerator_0/inst/u_accelerator/i_core/i_pipeline/i_downstream/i_pair_rescale/i_combine_alpha/significand_product_w/DSP_OUTPUT_INST/PCOUT[47]
                         net (fo=1, routed)           0.014     5.450    gqav7_z19p_system_i/gqav7_accelerator_0/inst/u_accelerator/i_core/i_pipeline/i_downstream/i_pair_rescale/i_combine_alpha/s0_q_reg[significand_product]/PCIN[47]
    DSP48E2_X4Y95        DSP_ALU (Prop_DSP_ALU_DSP48E2_PCIN[47]_ALU_OUT[2])
                                                      0.546     5.996 r  gqav7_z19p_system_i/gqav7_accelerator_0/inst/u_accelerator/i_core/i_pipeline/i_downstream/i_pair_rescale/i_combine_alpha/s0_q_reg[significand_product]/DSP_ALU_INST/ALU_OUT[2]
                         net (fo=1, routed)           0.000     5.996    gqav7_z19p_system_i/gqav7_accelerator_0/inst/u_accelerator/i_core/i_pipeline/i_downstream/i_pair_rescale/i_combine_alpha/s0_q_reg[significand_product]/DSP_ALU.ALU_OUT<2>
    DSP48E2_X4Y95        DSP_OUTPUT                                   r  gqav7_z19p_system_i/gqav7_accelerator_0/inst/u_accelerator/i_core/i_pipeline/i_downstream/i_pair_rescale/i_combine_alpha/s0_q_reg[significand_product]/DSP_OUTPUT_INST/ALU_OUT[2]
  -------------------------------------------------------------------    -------------------

                         (clock clk_core_235_unbuf rise edge)
                                                      4.255     4.255 r  
                         clock source latency        -1.044     3.211    
                         propagated clock network latency
                                                      2.790     6.002    
                         clock pessimism              0.086     6.088    
                         clock uncertainty           -0.061     6.027    
    DSP48E2_X4Y95        DSP_OUTPUT (Setup_DSP_OUTPUT_DSP48E2_CLK_ALU_OUT[2])
                                                      0.015     6.042    gqav7_z19p_system_i/gqav7_accelerator_0/inst/u_accelerator/i_core/i_pipeline/i_downstream/i_pair_rescale/i_combine_alpha/s0_q_reg[significand_product]/DSP_OUTPUT_INST
  -------------------------------------------------------------------
                         required time                          6.042    
                         arrival time                          -5.996    
  -------------------------------------------------------------------
                         slack                                  0.046    

Slack (MET) :             0.046ns  (required time - arrival time)
  Source:                 gqav7_z19p_system_i/gqav7_accelerator_0/inst/u_accelerator/i_core/i_pipeline/i_downstream/i_softmax/meta_q_reg[37][row_index][1]/C
                            (rising edge-triggered cell FDRE clocked by clk_core_235_unbuf  {rise@0.000ns fall@2.128ns period=4.255ns})
  Destination:            gqav7_z19p_system_i/gqav7_accelerator_0/inst/u_accelerator/i_core/i_pipeline/i_downstream/i_pair_rescale/i_combine_alpha/s0_q_reg[significand_product]/DSP_OUTPUT_INST/ALU_OUT[30]
                            (rising edge-triggered cell DSP_OUTPUT clocked by clk_core_235_unbuf  {rise@0.000ns fall@2.128ns period=4.255ns})
  Path Group:             clk_core_235_unbuf
  Path Type:              Setup (Max at Slow Process Corner)
  Requirement:            4.255ns  (clk_core_235_unbuf rise@4.255ns - clk_core_235_unbuf rise@0.000ns)
  Data Path Delay:        3.959ns  (logic 2.396ns (60.515%)  route 1.563ns (39.485%))
  Logic Levels:           9  (DSP_A_B_DATA=1 DSP_ALU=2 DSP_M_DATA=1 DSP_MULTIPLIER=1 DSP_OUTPUT=1 DSP_PREADD_DATA=1 LUT6=1 MUXF7=1)
  Clock Path Skew:        -0.204ns (DCD - SCD + CPR)
    Destination Clock Delay (DCD):    1.746ns = ( 6.002 - 4.255 ) 
    Source Clock Delay      (SCD):    2.036ns
    Clock Pessimism Removal (CPR):    0.086ns
  Clock Uncertainty:      0.061ns  ((TSJ^2 + DJ^2)^1/2) / 2 + PE
    Total System Jitter     (TSJ):    0.071ns
    Discrete Jitter          (DJ):    0.099ns
    Phase Error              (PE):    0.000ns

    Location             Delay type                Incr(ns)  Path(ns)    Netlist Resource(s)
  -------------------------------------------------------------------    -------------------
                         (clock clk_core_235_unbuf rise edge)
                                                      0.000     0.000 r  
                         clock source latency        -1.206    -1.206    
                         propagated clock network latency
                                                      3.242     2.036    
    SLICE_X56Y211        FDRE                         0.000     2.036 r  gqav7_z19p_system_i/gqav7_accelerator_0/inst/u_accelerator/i_core/i_pipeline/i_downstream/i_softmax/meta_q_reg[37][row_index][1]/C
    SLICE_X56Y211        FDRE (Prop_GFF_SLICEL_C_Q)
                                                      0.079     2.115 r  gqav7_z19p_system_i/gqav7_accelerator_0/inst/u_accelerator/i_core/i_pipeline/i_downstream/i_softmax/meta_q_reg[37][row_index][1]/Q
                         net (fo=91, routed)          1.072     3.187    gqav7_z19p_system_i/gqav7_accelerator_0/inst/u_accelerator/i_core/i_pipeline/i_downstream/i_pair_rescale/i_combine_alpha/s0_q_reg[special_value][31]_1[1]
    SLICE_X35Y239        MUXF7 (Prop_F7MUX_GH_SLICEM_S_O)
                                                      0.076     3.263 f  gqav7_z19p_system_i/gqav7_accelerator_0/inst/u_accelerator/i_core/i_pipeline/i_downstream/i_pair_rescale/i_combine_alpha/significand_product_w_i_25/O
                         net (fo=1, routed)           0.196     3.459    gqav7_z19p_system_i/gqav7_accelerator_0/inst/u_accelerator/i_core/i_pipeline/i_downstream/i_pair_rescale/i_combine_alpha/significand_product_w_i_25_n_0
    SLICE_X35Y236        LUT6 (Prop_G6LUT_SLICEM_I5_O)
                                                      0.123     3.582 f  gqav7_z19p_system_i/gqav7_accelerator_0/inst/u_accelerator/i_core/i_pipeline/i_downstream/i_pair_rescale/i_combine_alpha/significand_product_w_i_2__7/O
                         net (fo=2, routed)           0.282     3.864    gqav7_z19p_system_i/gqav7_accelerator_0/inst/u_accelerator/i_core/i_pipeline/i_downstream/i_pair_rescale/i_combine_alpha/significand_product_w/B[15]
    DSP48E2_X4Y94        DSP_A_B_DATA (Prop_DSP_A_B_DATA_DSP48E2_B[15]_B2_DATA[15])
                                                      0.151     4.015 r  gqav7_z19p_system_i/gqav7_accelerator_0/inst/u_accelerator/i_core/i_pipeline/i_downstream/i_pair_rescale/i_combine_alpha/significand_product_w/DSP_A_B_DATA_INST/B2_DATA[15]
                         net (fo=1, routed)           0.000     4.015    gqav7_z19p_system_i/gqav7_accelerator_0/inst/u_accelerator/i_core/i_pipeline/i_downstream/i_pair_rescale/i_combine_alpha/significand_product_w/DSP_A_B_DATA.B2_DATA<15>
    DSP48E2_X4Y94        DSP_PREADD_DATA (Prop_DSP_PREADD_DATA_DSP48E2_B2_DATA[15]_B2B1[15])
                                                      0.073     4.088 r  gqav7_z19p_system_i/gqav7_accelerator_0/inst/u_accelerator/i_core/i_pipeline/i_downstream/i_pair_rescale/i_combine_alpha/significand_product_w/DSP_PREADD_DATA_INST/B2B1[15]
                         net (fo=1, routed)           0.000     4.088    gqav7_z19p_system_i/gqav7_accelerator_0/inst/u_accelerator/i_core/i_pipeline/i_downstream/i_pair_rescale/i_combine_alpha/significand_product_w/DSP_PREADD_DATA.B2B1<15>
    DSP48E2_X4Y94        DSP_MULTIPLIER (Prop_DSP_MULTIPLIER_DSP48E2_B2B1[15]_V[43])
                                                      0.609     4.697 f  gqav7_z19p_system_i/gqav7_accelerator_0/inst/u_accelerator/i_core/i_pipeline/i_downstream/i_pair_rescale/i_combine_alpha/significand_product_w/DSP_MULTIPLIER_INST/V[43]
                         net (fo=1, routed)           0.000     4.697    gqav7_z19p_system_i/gqav7_accelerator_0/inst/u_accelerator/i_core/i_pipeline/i_downstream/i_pair_rescale/i_combine_alpha/significand_product_w/DSP_MULTIPLIER.V<43>
    DSP48E2_X4Y94        DSP_M_DATA (Prop_DSP_M_DATA_DSP48E2_V[43]_V_DATA[43])
                                                      0.046     4.743 r  gqav7_z19p_system_i/gqav7_accelerator_0/inst/u_accelerator/i_core/i_pipeline/i_downstream/i_pair_rescale/i_combine_alpha/significand_product_w/DSP_M_DATA_INST/V_DATA[43]
                         net (fo=1, routed)           0.000     4.743    gqav7_z19p_system_i/gqav7_accelerator_0/inst/u_accelerator/i_core/i_pipeline/i_downstream/i_pair_rescale/i_combine_alpha/significand_product_w/DSP_M_DATA.V_DATA<43>
    DSP48E2_X4Y94        DSP_ALU (Prop_DSP_ALU_DSP48E2_V_DATA[43]_ALU_OUT[47])
                                                      0.571     5.314 f  gqav7_z19p_system_i/gqav7_accelerator_0/inst/u_accelerator/i_core/i_pipeline/i_downstream/i_pair_rescale/i_combine_alpha/significand_product_w/DSP_ALU_INST/ALU_OUT[47]
                         net (fo=1, routed)           0.000     5.314    gqav7_z19p_system_i/gqav7_accelerator_0/inst/u_accelerator/i_core/i_pipeline/i_downstream/i_pair_rescale/i_combine_alpha/significand_product_w/DSP_ALU.ALU_OUT<47>
    DSP48E2_X4Y94        DSP_OUTPUT (Prop_DSP_OUTPUT_DSP48E2_ALU_OUT[47]_PCOUT[47])
                                                      0.122     5.436 r  gqav7_z19p_system_i/gqav7_accelerator_0/inst/u_accelerator/i_core/i_pipeline/i_downstream/i_pair_rescale/i_combine_alpha/significand_product_w/DSP_OUTPUT_INST/PCOUT[47]
                         net (fo=1, routed)           0.014     5.450    gqav7_z19p_system_i/gqav7_accelerator_0/inst/u_accelerator/i_core/i_pipeline/i_downstream/i_pair_rescale/i_combine_alpha/s0_q_reg[significand_product]/PCIN[47]
    DSP48E2_X4Y95        DSP_ALU (Prop_DSP_ALU_DSP48E2_PCIN[47]_ALU_OUT[30])
                                                      0.546     5.996 r  gqav7_z19p_system_i/gqav7_accelerator_0/inst/u_accelerator/i_core/i_pipeline/i_downstream/i_pair_rescale/i_combine_alpha/s0_q_reg[significand_product]/DSP_ALU_INST/ALU_OUT[30]
                         net (fo=1, routed)           0.000     5.996    gqav7_z19p_system_i/gqav7_accelerator_0/inst/u_accelerator/i_core/i_pipeline/i_downstream/i_pair_rescale/i_combine_alpha/s0_q_reg[significand_product]/DSP_ALU.ALU_OUT<30>
    DSP48E2_X4Y95        DSP_OUTPUT                                   r  gqav7_z19p_system_i/gqav7_accelerator_0/inst/u_accelerator/i_core/i_pipeline/i_downstream/i_pair_rescale/i_combine_alpha/s0_q_reg[significand_product]/DSP_OUTPUT_INST/ALU_OUT[30]
  -------------------------------------------------------------------    -------------------

                         (clock clk_core_235_unbuf rise edge)
                                                      4.255     4.255 r  
                         clock source latency        -1.044     3.211    
                         propagated clock network latency
                                                      2.790     6.002    
                         clock pessimism              0.086     6.088    
                         clock uncertainty           -0.061     6.027    
    DSP48E2_X4Y95        DSP_OUTPUT (Setup_DSP_OUTPUT_DSP48E2_CLK_ALU_OUT[30])
                                                      0.015     6.042    gqav7_z19p_system_i/gqav7_accelerator_0/inst/u_accelerator/i_core/i_pipeline/i_downstream/i_pair_rescale/i_combine_alpha/s0_q_reg[significand_product]/DSP_OUTPUT_INST
  -------------------------------------------------------------------
                         required time                          6.042    
                         arrival time                          -5.996    
  -------------------------------------------------------------------
                         slack                                  0.046    

Slack (MET) :             0.046ns  (required time - arrival time)
  Source:                 gqav7_z19p_system_i/gqav7_accelerator_0/inst/u_accelerator/i_core/i_pipeline/i_downstream/i_softmax/meta_q_reg[37][row_index][1]/C
                            (rising edge-triggered cell FDRE clocked by clk_core_235_unbuf  {rise@0.000ns fall@2.128ns period=4.255ns})
  Destination:            gqav7_z19p_system_i/gqav7_accelerator_0/inst/u_accelerator/i_core/i_pipeline/i_downstream/i_pair_rescale/i_combine_alpha/s0_q_reg[significand_product]/DSP_OUTPUT_INST/ALU_OUT[31]
                            (rising edge-triggered cell DSP_OUTPUT clocked by clk_core_235_unbuf  {rise@0.000ns fall@2.128ns period=4.255ns})
  Path Group:             clk_core_235_unbuf
  Path Type:              Setup (Max at Slow Process Corner)
  Requirement:            4.255ns  (clk_core_235_unbuf rise@4.255ns - clk_core_235_unbuf rise@0.000ns)
  Data Path Delay:        3.959ns  (logic 2.396ns (60.515%)  route 1.563ns (39.485%))
  Logic Levels:           9  (DSP_A_B_DATA=1 DSP_ALU=2 DSP_M_DATA=1 DSP_MULTIPLIER=1 DSP_OUTPUT=1 DSP_PREADD_DATA=1 LUT6=1 MUXF7=1)
  Clock Path Skew:        -0.204ns (DCD - SCD + CPR)
    Destination Clock Delay (DCD):    1.746ns = ( 6.002 - 4.255 ) 
    Source Clock Delay      (SCD):    2.036ns
    Clock Pessimism Removal (CPR):    0.086ns
  Clock Uncertainty:      0.061ns  ((TSJ^2 + DJ^2)^1/2) / 2 + PE
    Total System Jitter     (TSJ):    0.071ns
    Discrete Jitter          (DJ):    0.099ns
    Phase Error              (PE):    0.000ns

    Location             Delay type                Incr(ns)  Path(ns)    Netlist Resource(s)
  -------------------------------------------------------------------    -------------------
                         (clock clk_core_235_unbuf rise edge)
                                                      0.000     0.000 r  
                         clock source latency        -1.206    -1.206    
                         propagated clock network latency
                                                      3.242     2.036    
    SLICE_X56Y211        FDRE                         0.000     2.036 r  gqav7_z19p_system_i/gqav7_accelerator_0/inst/u_accelerator/i_core/i_pipeline/i_downstream/i_softmax/meta_q_reg[37][row_index][1]/C
    SLICE_X56Y211        FDRE (Prop_GFF_SLICEL_C_Q)
                                                      0.079     2.115 r  gqav7_z19p_system_i/gqav7_accelerator_0/inst/u_accelerator/i_core/i_pipeline/i_downstream/i_softmax/meta_q_reg[37][row_index][1]/Q
                         net (fo=91, routed)          1.072     3.187    gqav7_z19p_system_i/gqav7_accelerator_0/inst/u_accelerator/i_core/i_pipeline/i_downstream/i_pair_rescale/i_combine_alpha/s0_q_reg[special_value][31]_1[1]
    SLICE_X35Y239        MUXF7 (Prop_F7MUX_GH_SLICEM_S_O)
                                                      0.076     3.263 f  gqav7_z19p_system_i/gqav7_accelerator_0/inst/u_accelerator/i_core/i_pipeline/i_downstream/i_pair_rescale/i_combine_alpha/significand_product_w_i_25/O
                         net (fo=1, routed)           0.196     3.459    gqav7_z19p_system_i/gqav7_accelerator_0/inst/u_accelerator/i_core/i_pipeline/i_downstream/i_pair_rescale/i_combine_alpha/significand_product_w_i_25_n_0
    SLICE_X35Y236        LUT6 (Prop_G6LUT_SLICEM_I5_O)
                                                      0.123     3.582 f  gqav7_z19p_system_i/gqav7_accelerator_0/inst/u_accelerator/i_core/i_pipeline/i_downstream/i_pair_rescale/i_combine_alpha/significand_product_w_i_2__7/O
                         net (fo=2, routed)           0.282     3.864    gqav7_z19p_system_i/gqav7_accelerator_0/inst/u_accelerator/i_core/i_pipeline/i_downstream/i_pair_rescale/i_combine_alpha/significand_product_w/B[15]
    DSP48E2_X4Y94        DSP_A_B_DATA (Prop_DSP_A_B_DATA_DSP48E2_B[15]_B2_DATA[15])
                                                      0.151     4.015 r  gqav7_z19p_system_i/gqav7_accelerator_0/inst/u_accelerator/i_core/i_pipeline/i_downstream/i_pair_rescale/i_combine_alpha/significand_product_w/DSP_A_B_DATA_INST/B2_DATA[15]
                         net (fo=1, routed)           0.000     4.015    gqav7_z19p_system_i/gqav7_accelerator_0/inst/u_accelerator/i_core/i_pipeline/i_downstream/i_pair_rescale/i_combine_alpha/significand_product_w/DSP_A_B_DATA.B2_DATA<15>
    DSP48E2_X4Y94        DSP_PREADD_DATA (Prop_DSP_PREADD_DATA_DSP48E2_B2_DATA[15]_B2B1[15])
                                                      0.073     4.088 r  gqav7_z19p_system_i/gqav7_accelerator_0/inst/u_accelerator/i_core/i_pipeline/i_downstream/i_pair_rescale/i_combine_alpha/significand_product_w/DSP_PREADD_DATA_INST/B2B1[15]
                         net (fo=1, routed)           0.000     4.088    gqav7_z19p_system_i/gqav7_accelerator_0/inst/u_accelerator/i_core/i_pipeline/i_downstream/i_pair_rescale/i_combine_alpha/significand_product_w/DSP_PREADD_DATA.B2B1<15>
    DSP48E2_X4Y94        DSP_MULTIPLIER (Prop_DSP_MULTIPLIER_DSP48E2_B2B1[15]_V[43])
                                                      0.609     4.697 f  gqav7_z19p_system_i/gqav7_accelerator_0/inst/u_accelerator/i_core/i_pipeline/i_downstream/i_pair_rescale/i_combine_alpha/significand_product_w/DSP_MULTIPLIER_INST/V[43]
                         net (fo=1, routed)           0.000     4.697    gqav7_z19p_system_i/gqav7_accelerator_0/inst/u_accelerator/i_core/i_pipeline/i_downstream/i_pair_rescale/i_combine_alpha/significand_product_w/DSP_MULTIPLIER.V<43>
    DSP48E2_X4Y94        DSP_M_DATA (Prop_DSP_M_DATA_DSP48E2_V[43]_V_DATA[43])
                                                      0.046     4.743 r  gqav7_z19p_system_i/gqav7_accelerator_0/inst/u_accelerator/i_core/i_pipeline/i_downstream/i_pair_rescale/i_combine_alpha/significand_product_w/DSP_M_DATA_INST/V_DATA[43]
                         net (fo=1, routed)           0.000     4.743    gqav7_z19p_system_i/gqav7_accelerator_0/inst/u_accelerator/i_core/i_pipeline/i_downstream/i_pair_rescale/i_combine_alpha/significand_product_w/DSP_M_DATA.V_DATA<43>
    DSP48E2_X4Y94        DSP_ALU (Prop_DSP_ALU_DSP48E2_V_DATA[43]_ALU_OUT[47])
                                                      0.571     5.314 f  gqav7_z19p_system_i/gqav7_accelerator_0/inst/u_accelerator/i_core/i_pipeline/i_downstream/i_pair_rescale/i_combine_alpha/significand_product_w/DSP_ALU_INST/ALU_OUT[47]
                         net (fo=1, routed)           0.000     5.314    gqav7_z19p_system_i/gqav7_accelerator_0/inst/u_accelerator/i_core/i_pipeline/i_downstream/i_pair_rescale/i_combine_alpha/significand_product_w/DSP_ALU.ALU_OUT<47>
    DSP48E2_X4Y94        DSP_OUTPUT (Prop_DSP_OUTPUT_DSP48E2_ALU_OUT[47]_PCOUT[47])
                                                      0.122     5.436 r  gqav7_z19p_system_i/gqav7_accelerator_0/inst/u_accelerator/i_core/i_pipeline/i_downstream/i_pair_rescale/i_combine_alpha/significand_product_w/DSP_OUTPUT_INST/PCOUT[47]
                         net (fo=1, routed)           0.014     5.450    gqav7_z19p_system_i/gqav7_accelerator_0/inst/u_accelerator/i_core/i_pipeline/i_downstream/i_pair_rescale/i_combine_alpha/s0_q_reg[significand_product]/PCIN[47]
    DSP48E2_X4Y95        DSP_ALU (Prop_DSP_ALU_DSP48E2_PCIN[47]_ALU_OUT[31])
                                                      0.546     5.996 r  gqav7_z19p_system_i/gqav7_accelerator_0/inst/u_accelerator/i_core/i_pipeline/i_downstream/i_pair_rescale/i_combine_alpha/s0_q_reg[significand_product]/DSP_ALU_INST/ALU_OUT[31]
                         net (fo=1, routed)           0.000     5.996    gqav7_z19p_system_i/gqav7_accelerator_0/inst/u_accelerator/i_core/i_pipeline/i_downstream/i_pair_rescale/i_combine_alpha/s0_q_reg[significand_product]/DSP_ALU.ALU_OUT<31>
    DSP48E2_X4Y95        DSP_OUTPUT                                   r  gqav7_z19p_system_i/gqav7_accelerator_0/inst/u_accelerator/i_core/i_pipeline/i_downstream/i_pair_rescale/i_combine_alpha/s0_q_reg[significand_product]/DSP_OUTPUT_INST/ALU_OUT[31]
  -------------------------------------------------------------------    -------------------

                         (clock clk_core_235_unbuf rise edge)
                                                      4.255     4.255 r  
                         clock source latency        -1.044     3.211    
                         propagated clock network latency
                                                      2.790     6.002    
                         clock pessimism              0.086     6.088    
                         clock uncertainty           -0.061     6.027    
    DSP48E2_X4Y95        DSP_OUTPUT (Setup_DSP_OUTPUT_DSP48E2_CLK_ALU_OUT[31])
                                                      0.015     6.042    gqav7_z19p_system_i/gqav7_accelerator_0/inst/u_accelerator/i_core/i_pipeline/i_downstream/i_pair_rescale/i_combine_alpha/s0_q_reg[significand_product]/DSP_OUTPUT_INST
  -------------------------------------------------------------------
                         required time                          6.042    
                         arrival time                          -5.996    
  -------------------------------------------------------------------
                         slack                                  0.046    

Slack (MET) :             0.046ns  (required time - arrival time)
  Source:                 gqav7_z19p_system_i/gqav7_accelerator_0/inst/u_accelerator/i_core/i_pipeline/i_downstream/i_softmax/meta_q_reg[37][row_index][1]/C
                            (rising edge-triggered cell FDRE clocked by clk_core_235_unbuf  {rise@0.000ns fall@2.128ns period=4.255ns})
  Destination:            gqav7_z19p_system_i/gqav7_accelerator_0/inst/u_accelerator/i_core/i_pipeline/i_downstream/i_pair_rescale/i_combine_alpha/s0_q_reg[significand_product]/DSP_OUTPUT_INST/ALU_OUT[32]
                            (rising edge-triggered cell DSP_OUTPUT clocked by clk_core_235_unbuf  {rise@0.000ns fall@2.128ns period=4.255ns})
  Path Group:             clk_core_235_unbuf
  Path Type:              Setup (Max at Slow Process Corner)
  Requirement:            4.255ns  (clk_core_235_unbuf rise@4.255ns - clk_core_235_unbuf rise@0.000ns)
  Data Path Delay:        3.959ns  (logic 2.396ns (60.515%)  route 1.563ns (39.485%))
  Logic Levels:           9  (DSP_A_B_DATA=1 DSP_ALU=2 DSP_M_DATA=1 DSP_MULTIPLIER=1 DSP_OUTPUT=1 DSP_PREADD_DATA=1 LUT6=1 MUXF7=1)
  Clock Path Skew:        -0.204ns (DCD - SCD + CPR)
    Destination Clock Delay (DCD):    1.746ns = ( 6.002 - 4.255 ) 
    Source Clock Delay      (SCD):    2.036ns
    Clock Pessimism Removal (CPR):    0.086ns
  Clock Uncertainty:      0.061ns  ((TSJ^2 + DJ^2)^1/2) / 2 + PE
    Total System Jitter     (TSJ):    0.071ns
    Discrete Jitter          (DJ):    0.099ns
    Phase Error              (PE):    0.000ns

    Location             Delay type                Incr(ns)  Path(ns)    Netlist Resource(s)
  -------------------------------------------------------------------    -------------------
                         (clock clk_core_235_unbuf rise edge)
                                                      0.000     0.000 r  
                         clock source latency        -1.206    -1.206    
                         propagated clock network latency
                                                      3.242     2.036    
    SLICE_X56Y211        FDRE                         0.000     2.036 r  gqav7_z19p_system_i/gqav7_accelerator_0/inst/u_accelerator/i_core/i_pipeline/i_downstream/i_softmax/meta_q_reg[37][row_index][1]/C
    SLICE_X56Y211        FDRE (Prop_GFF_SLICEL_C_Q)
                                                      0.079     2.115 r  gqav7_z19p_system_i/gqav7_accelerator_0/inst/u_accelerator/i_core/i_pipeline/i_downstream/i_softmax/meta_q_reg[37][row_index][1]/Q
                         net (fo=91, routed)          1.072     3.187    gqav7_z19p_system_i/gqav7_accelerator_0/inst/u_accelerator/i_core/i_pipeline/i_downstream/i_pair_rescale/i_combine_alpha/s0_q_reg[special_value][31]_1[1]
    SLICE_X35Y239        MUXF7 (Prop_F7MUX_GH_SLICEM_S_O)
                                                      0.076     3.263 f  gqav7_z19p_system_i/gqav7_accelerator_0/inst/u_accelerator/i_core/i_pipeline/i_downstream/i_pair_rescale/i_combine_alpha/significand_product_w_i_25/O
                         net (fo=1, routed)           0.196     3.459    gqav7_z19p_system_i/gqav7_accelerator_0/inst/u_accelerator/i_core/i_pipeline/i_downstream/i_pair_rescale/i_combine_alpha/significand_product_w_i_25_n_0
    SLICE_X35Y236        LUT6 (Prop_G6LUT_SLICEM_I5_O)
                                                      0.123     3.582 f  gqav7_z19p_system_i/gqav7_accelerator_0/inst/u_accelerator/i_core/i_pipeline/i_downstream/i_pair_rescale/i_combine_alpha/significand_product_w_i_2__7/O
                         net (fo=2, routed)           0.282     3.864    gqav7_z19p_system_i/gqav7_accelerator_0/inst/u_accelerator/i_core/i_pipeline/i_downstream/i_pair_rescale/i_combine_alpha/significand_product_w/B[15]
    DSP48E2_X4Y94        DSP_A_B_DATA (Prop_DSP_A_B_DATA_DSP48E2_B[15]_B2_DATA[15])
                                                      0.151     4.015 r  gqav7_z19p_system_i/gqav7_accelerator_0/inst/u_accelerator/i_core/i_pipeline/i_downstream/i_pair_rescale/i_combine_alpha/significand_product_w/DSP_A_B_DATA_INST/B2_DATA[15]
                         net (fo=1, routed)           0.000     4.015    gqav7_z19p_system_i/gqav7_accelerator_0/inst/u_accelerator/i_core/i_pipeline/i_downstream/i_pair_rescale/i_combine_alpha/significand_product_w/DSP_A_B_DATA.B2_DATA<15>
    DSP48E2_X4Y94        DSP_PREADD_DATA (Prop_DSP_PREADD_DATA_DSP48E2_B2_DATA[15]_B2B1[15])
                                                      0.073     4.088 r  gqav7_z19p_system_i/gqav7_accelerator_0/inst/u_accelerator/i_core/i_pipeline/i_downstream/i_pair_rescale/i_combine_alpha/significand_product_w/DSP_PREADD_DATA_INST/B2B1[15]
                         net (fo=1, routed)           0.000     4.088    gqav7_z19p_system_i/gqav7_accelerator_0/inst/u_accelerator/i_core/i_pipeline/i_downstream/i_pair_rescale/i_combine_alpha/significand_product_w/DSP_PREADD_DATA.B2B1<15>
    DSP48E2_X4Y94        DSP_MULTIPLIER (Prop_DSP_MULTIPLIER_DSP48E2_B2B1[15]_V[43])
                                                      0.609     4.697 f  gqav7_z19p_system_i/gqav7_accelerator_0/inst/u_accelerator/i_core/i_pipeline/i_downstream/i_pair_rescale/i_combine_alpha/significand_product_w/DSP_MULTIPLIER_INST/V[43]
                         net (fo=1, routed)           0.000     4.697    gqav7_z19p_system_i/gqav7_accelerator_0/inst/u_accelerator/i_core/i_pipeline/i_downstream/i_pair_rescale/i_combine_alpha/significand_product_w/DSP_MULTIPLIER.V<43>
    DSP48E2_X4Y94        DSP_M_DATA (Prop_DSP_M_DATA_DSP48E2_V[43]_V_DATA[43])
                                                      0.046     4.743 r  gqav7_z19p_system_i/gqav7_accelerator_0/inst/u_accelerator/i_core/i_pipeline/i_downstream/i_pair_rescale/i_combine_alpha/significand_product_w/DSP_M_DATA_INST/V_DATA[43]
                         net (fo=1, routed)           0.000     4.743    gqav7_z19p_system_i/gqav7_accelerator_0/inst/u_accelerator/i_core/i_pipeline/i_downstream/i_pair_rescale/i_combine_alpha/significand_product_w/DSP_M_DATA.V_DATA<43>
    DSP48E2_X4Y94        DSP_ALU (Prop_DSP_ALU_DSP48E2_V_DATA[43]_ALU_OUT[47])
                                                      0.571     5.314 f  gqav7_z19p_system_i/gqav7_accelerator_0/inst/u_accelerator/i_core/i_pipeline/i_downstream/i_pair_rescale/i_combine_alpha/significand_product_w/DSP_ALU_INST/ALU_OUT[47]
                         net (fo=1, routed)           0.000     5.314    gqav7_z19p_system_i/gqav7_accelerator_0/inst/u_accelerator/i_core/i_pipeline/i_downstream/i_pair_rescale/i_combine_alpha/significand_product_w/DSP_ALU.ALU_OUT<47>
    DSP48E2_X4Y94        DSP_OUTPUT (Prop_DSP_OUTPUT_DSP48E2_ALU_OUT[47]_PCOUT[47])
                                                      0.122     5.436 r  gqav7_z19p_system_i/gqav7_accelerator_0/inst/u_accelerator/i_core/i_pipeline/i_downstream/i_pair_rescale/i_combine_alpha/significand_product_w/DSP_OUTPUT_INST/PCOUT[47]
                         net (fo=1, routed)           0.014     5.450    gqav7_z19p_system_i/gqav7_accelerator_0/inst/u_accelerator/i_core/i_pipeline/i_downstream/i_pair_rescale/i_combine_alpha/s0_q_reg[significand_product]/PCIN[47]
    DSP48E2_X4Y95        DSP_ALU (Prop_DSP_ALU_DSP48E2_PCIN[47]_ALU_OUT[32])
                                                      0.546     5.996 r  gqav7_z19p_system_i/gqav7_accelerator_0/inst/u_accelerator/i_core/i_pipeline/i_downstream/i_pair_rescale/i_combine_alpha/s0_q_reg[significand_product]/DSP_ALU_INST/ALU_OUT[32]
                         net (fo=1, routed)           0.000     5.996    gqav7_z19p_system_i/gqav7_accelerator_0/inst/u_accelerator/i_core/i_pipeline/i_downstream/i_pair_rescale/i_combine_alpha/s0_q_reg[significand_product]/DSP_ALU.ALU_OUT<32>
    DSP48E2_X4Y95        DSP_OUTPUT                                   r  gqav7_z19p_system_i/gqav7_accelerator_0/inst/u_accelerator/i_core/i_pipeline/i_downstream/i_pair_rescale/i_combine_alpha/s0_q_reg[significand_product]/DSP_OUTPUT_INST/ALU_OUT[32]
  -------------------------------------------------------------------    -------------------

                         (clock clk_core_235_unbuf rise edge)
                                                      4.255     4.255 r  
                         clock source latency        -1.044     3.211    
                         propagated clock network latency
                                                      2.790     6.002    
                         clock pessimism              0.086     6.088    
                         clock uncertainty           -0.061     6.027    
    DSP48E2_X4Y95        DSP_OUTPUT (Setup_DSP_OUTPUT_DSP48E2_CLK_ALU_OUT[32])
                                                      0.015     6.042    gqav7_z19p_system_i/gqav7_accelerator_0/inst/u_accelerator/i_core/i_pipeline/i_downstream/i_pair_rescale/i_combine_alpha/s0_q_reg[significand_product]/DSP_OUTPUT_INST
  -------------------------------------------------------------------
                         required time                          6.042    
                         arrival time                          -5.996    
  -------------------------------------------------------------------
                         slack                                  0.046    

Slack (MET) :             0.046ns  (required time - arrival time)
  Source:                 gqav7_z19p_system_i/gqav7_accelerator_0/inst/u_accelerator/i_core/i_pipeline/i_downstream/i_softmax/meta_q_reg[37][row_index][1]/C
                            (rising edge-triggered cell FDRE clocked by clk_core_235_unbuf  {rise@0.000ns fall@2.128ns period=4.255ns})
  Destination:            gqav7_z19p_system_i/gqav7_accelerator_0/inst/u_accelerator/i_core/i_pipeline/i_downstream/i_pair_rescale/i_combine_alpha/s0_q_reg[significand_product]/DSP_OUTPUT_INST/ALU_OUT[33]
                            (rising edge-triggered cell DSP_OUTPUT clocked by clk_core_235_unbuf  {rise@0.000ns fall@2.128ns period=4.255ns})
  Path Group:             clk_core_235_unbuf
  Path Type:              Setup (Max at Slow Process Corner)
  Requirement:            4.255ns  (clk_core_235_unbuf rise@4.255ns - clk_core_235_unbuf rise@0.000ns)
  Data Path Delay:        3.959ns  (logic 2.396ns (60.515%)  route 1.563ns (39.485%))
  Logic Levels:           9  (DSP_A_B_DATA=1 DSP_ALU=2 DSP_M_DATA=1 DSP_MULTIPLIER=1 DSP_OUTPUT=1 DSP_PREADD_DATA=1 LUT6=1 MUXF7=1)
  Clock Path Skew:        -0.204ns (DCD - SCD + CPR)
    Destination Clock Delay (DCD):    1.746ns = ( 6.002 - 4.255 ) 
    Source Clock Delay      (SCD):    2.036ns
    Clock Pessimism Removal (CPR):    0.086ns
  Clock Uncertainty:      0.061ns  ((TSJ^2 + DJ^2)^1/2) / 2 + PE
    Total System Jitter     (TSJ):    0.071ns
    Discrete Jitter          (DJ):    0.099ns
    Phase Error              (PE):    0.000ns

    Location             Delay type                Incr(ns)  Path(ns)    Netlist Resource(s)
  -------------------------------------------------------------------    -------------------
                         (clock clk_core_235_unbuf rise edge)
                                                      0.000     0.000 r  
                         clock source latency        -1.206    -1.206    
                         propagated clock network latency
                                                      3.242     2.036    
    SLICE_X56Y211        FDRE                         0.000     2.036 r  gqav7_z19p_system_i/gqav7_accelerator_0/inst/u_accelerator/i_core/i_pipeline/i_downstream/i_softmax/meta_q_reg[37][row_index][1]/C
    SLICE_X56Y211        FDRE (Prop_GFF_SLICEL_C_Q)
                                                      0.079     2.115 r  gqav7_z19p_system_i/gqav7_accelerator_0/inst/u_accelerator/i_core/i_pipeline/i_downstream/i_softmax/meta_q_reg[37][row_index][1]/Q
                         net (fo=91, routed)          1.072     3.187    gqav7_z19p_system_i/gqav7_accelerator_0/inst/u_accelerator/i_core/i_pipeline/i_downstream/i_pair_rescale/i_combine_alpha/s0_q_reg[special_value][31]_1[1]
    SLICE_X35Y239        MUXF7 (Prop_F7MUX_GH_SLICEM_S_O)
                                                      0.076     3.263 f  gqav7_z19p_system_i/gqav7_accelerator_0/inst/u_accelerator/i_core/i_pipeline/i_downstream/i_pair_rescale/i_combine_alpha/significand_product_w_i_25/O
                         net (fo=1, routed)           0.196     3.459    gqav7_z19p_system_i/gqav7_accelerator_0/inst/u_accelerator/i_core/i_pipeline/i_downstream/i_pair_rescale/i_combine_alpha/significand_product_w_i_25_n_0
    SLICE_X35Y236        LUT6 (Prop_G6LUT_SLICEM_I5_O)
                                                      0.123     3.582 f  gqav7_z19p_system_i/gqav7_accelerator_0/inst/u_accelerator/i_core/i_pipeline/i_downstream/i_pair_rescale/i_combine_alpha/significand_product_w_i_2__7/O
                         net (fo=2, routed)           0.282     3.864    gqav7_z19p_system_i/gqav7_accelerator_0/inst/u_accelerator/i_core/i_pipeline/i_downstream/i_pair_rescale/i_combine_alpha/significand_product_w/B[15]
    DSP48E2_X4Y94        DSP_A_B_DATA (Prop_DSP_A_B_DATA_DSP48E2_B[15]_B2_DATA[15])
                                                      0.151     4.015 r  gqav7_z19p_system_i/gqav7_accelerator_0/inst/u_accelerator/i_core/i_pipeline/i_downstream/i_pair_rescale/i_combine_alpha/significand_product_w/DSP_A_B_DATA_INST/B2_DATA[15]
                         net (fo=1, routed)           0.000     4.015    gqav7_z19p_system_i/gqav7_accelerator_0/inst/u_accelerator/i_core/i_pipeline/i_downstream/i_pair_rescale/i_combine_alpha/significand_product_w/DSP_A_B_DATA.B2_DATA<15>
    DSP48E2_X4Y94        DSP_PREADD_DATA (Prop_DSP_PREADD_DATA_DSP48E2_B2_DATA[15]_B2B1[15])
                                                      0.073     4.088 r  gqav7_z19p_system_i/gqav7_accelerator_0/inst/u_accelerator/i_core/i_pipeline/i_downstream/i_pair_rescale/i_combine_alpha/significand_product_w/DSP_PREADD_DATA_INST/B2B1[15]
                         net (fo=1, routed)           0.000     4.088    gqav7_z19p_system_i/gqav7_accelerator_0/inst/u_accelerator/i_core/i_pipeline/i_downstream/i_pair_rescale/i_combine_alpha/significand_product_w/DSP_PREADD_DATA.B2B1<15>
    DSP48E2_X4Y94        DSP_MULTIPLIER (Prop_DSP_MULTIPLIER_DSP48E2_B2B1[15]_V[43])
                                                      0.609     4.697 f  gqav7_z19p_system_i/gqav7_accelerator_0/inst/u_accelerator/i_core/i_pipeline/i_downstream/i_pair_rescale/i_combine_alpha/significand_product_w/DSP_MULTIPLIER_INST/V[43]
                         net (fo=1, routed)           0.000     4.697    gqav7_z19p_system_i/gqav7_accelerator_0/inst/u_accelerator/i_core/i_pipeline/i_downstream/i_pair_rescale/i_combine_alpha/significand_product_w/DSP_MULTIPLIER.V<43>
    DSP48E2_X4Y94        DSP_M_DATA (Prop_DSP_M_DATA_DSP48E2_V[43]_V_DATA[43])
                                                      0.046     4.743 r  gqav7_z19p_system_i/gqav7_accelerator_0/inst/u_accelerator/i_core/i_pipeline/i_downstream/i_pair_rescale/i_combine_alpha/significand_product_w/DSP_M_DATA_INST/V_DATA[43]
                         net (fo=1, routed)           0.000     4.743    gqav7_z19p_system_i/gqav7_accelerator_0/inst/u_accelerator/i_core/i_pipeline/i_downstream/i_pair_rescale/i_combine_alpha/significand_product_w/DSP_M_DATA.V_DATA<43>
    DSP48E2_X4Y94        DSP_ALU (Prop_DSP_ALU_DSP48E2_V_DATA[43]_ALU_OUT[47])
                                                      0.571     5.314 f  gqav7_z19p_system_i/gqav7_accelerator_0/inst/u_accelerator/i_core/i_pipeline/i_downstream/i_pair_rescale/i_combine_alpha/significand_product_w/DSP_ALU_INST/ALU_OUT[47]
                         net (fo=1, routed)           0.000     5.314    gqav7_z19p_system_i/gqav7_accelerator_0/inst/u_accelerator/i_core/i_pipeline/i_downstream/i_pair_rescale/i_combine_alpha/significand_product_w/DSP_ALU.ALU_OUT<47>
    DSP48E2_X4Y94        DSP_OUTPUT (Prop_DSP_OUTPUT_DSP48E2_ALU_OUT[47]_PCOUT[47])
                                                      0.122     5.436 r  gqav7_z19p_system_i/gqav7_accelerator_0/inst/u_accelerator/i_core/i_pipeline/i_downstream/i_pair_rescale/i_combine_alpha/significand_product_w/DSP_OUTPUT_INST/PCOUT[47]
                         net (fo=1, routed)           0.014     5.450    gqav7_z19p_system_i/gqav7_accelerator_0/inst/u_accelerator/i_core/i_pipeline/i_downstream/i_pair_rescale/i_combine_alpha/s0_q_reg[significand_product]/PCIN[47]
    DSP48E2_X4Y95        DSP_ALU (Prop_DSP_ALU_DSP48E2_PCIN[47]_ALU_OUT[33])
                                                      0.546     5.996 r  gqav7_z19p_system_i/gqav7_accelerator_0/inst/u_accelerator/i_core/i_pipeline/i_downstream/i_pair_rescale/i_combine_alpha/s0_q_reg[significand_product]/DSP_ALU_INST/ALU_OUT[33]
                         net (fo=1, routed)           0.000     5.996    gqav7_z19p_system_i/gqav7_accelerator_0/inst/u_accelerator/i_core/i_pipeline/i_downstream/i_pair_rescale/i_combine_alpha/s0_q_reg[significand_product]/DSP_ALU.ALU_OUT<33>
    DSP48E2_X4Y95        DSP_OUTPUT                                   r  gqav7_z19p_system_i/gqav7_accelerator_0/inst/u_accelerator/i_core/i_pipeline/i_downstream/i_pair_rescale/i_combine_alpha/s0_q_reg[significand_product]/DSP_OUTPUT_INST/ALU_OUT[33]
  -------------------------------------------------------------------    -------------------

                         (clock clk_core_235_unbuf rise edge)
                                                      4.255     4.255 r  
                         clock source latency        -1.044     3.211    
                         propagated clock network latency
                                                      2.790     6.002    
                         clock pessimism              0.086     6.088    
                         clock uncertainty           -0.061     6.027    
    DSP48E2_X4Y95        DSP_OUTPUT (Setup_DSP_OUTPUT_DSP48E2_CLK_ALU_OUT[33])
                                                      0.015     6.042    gqav7_z19p_system_i/gqav7_accelerator_0/inst/u_accelerator/i_core/i_pipeline/i_downstream/i_pair_rescale/i_combine_alpha/s0_q_reg[significand_product]/DSP_OUTPUT_INST
  -------------------------------------------------------------------
                         required time                          6.042    
                         arrival time                          -5.996    
  -------------------------------------------------------------------
                         slack                                  0.046    

Slack (MET) :             0.046ns  (required time - arrival time)
  Source:                 gqav7_z19p_system_i/gqav7_accelerator_0/inst/u_accelerator/i_core/i_pipeline/i_downstream/i_softmax/meta_q_reg[37][row_index][1]/C
                            (rising edge-triggered cell FDRE clocked by clk_core_235_unbuf  {rise@0.000ns fall@2.128ns period=4.255ns})
  Destination:            gqav7_z19p_system_i/gqav7_accelerator_0/inst/u_accelerator/i_core/i_pipeline/i_downstream/i_pair_rescale/i_combine_alpha/s0_q_reg[significand_product]/DSP_OUTPUT_INST/ALU_OUT[34]
                            (rising edge-triggered cell DSP_OUTPUT clocked by clk_core_235_unbuf  {rise@0.000ns fall@2.128ns period=4.255ns})
  Path Group:             clk_core_235_unbuf
  Path Type:              Setup (Max at Slow Process Corner)
  Requirement:            4.255ns  (clk_core_235_unbuf rise@4.255ns - clk_core_235_unbuf rise@0.000ns)
  Data Path Delay:        3.959ns  (logic 2.396ns (60.515%)  route 1.563ns (39.485%))
  Logic Levels:           9  (DSP_A_B_DATA=1 DSP_ALU=2 DSP_M_DATA=1 DSP_MULTIPLIER=1 DSP_OUTPUT=1 DSP_PREADD_DATA=1 LUT6=1 MUXF7=1)
  Clock Path Skew:        -0.204ns (DCD - SCD + CPR)
    Destination Clock Delay (DCD):    1.746ns = ( 6.002 - 4.255 ) 
    Source Clock Delay      (SCD):    2.036ns
    Clock Pessimism Removal (CPR):    0.086ns
  Clock Uncertainty:      0.061ns  ((TSJ^2 + DJ^2)^1/2) / 2 + PE
    Total System Jitter     (TSJ):    0.071ns
    Discrete Jitter          (DJ):    0.099ns
    Phase Error              (PE):    0.000ns

    Location             Delay type                Incr(ns)  Path(ns)    Netlist Resource(s)
  -------------------------------------------------------------------    -------------------
                         (clock clk_core_235_unbuf rise edge)
                                                      0.000     0.000 r  
                         clock source latency        -1.206    -1.206    
                         propagated clock network latency
                                                      3.242     2.036    
    SLICE_X56Y211        FDRE                         0.000     2.036 r  gqav7_z19p_system_i/gqav7_accelerator_0/inst/u_accelerator/i_core/i_pipeline/i_downstream/i_softmax/meta_q_reg[37][row_index][1]/C
    SLICE_X56Y211        FDRE (Prop_GFF_SLICEL_C_Q)
                                                      0.079     2.115 r  gqav7_z19p_system_i/gqav7_accelerator_0/inst/u_accelerator/i_core/i_pipeline/i_downstream/i_softmax/meta_q_reg[37][row_index][1]/Q
                         net (fo=91, routed)          1.072     3.187    gqav7_z19p_system_i/gqav7_accelerator_0/inst/u_accelerator/i_core/i_pipeline/i_downstream/i_pair_rescale/i_combine_alpha/s0_q_reg[special_value][31]_1[1]
    SLICE_X35Y239        MUXF7 (Prop_F7MUX_GH_SLICEM_S_O)
                                                      0.076     3.263 f  gqav7_z19p_system_i/gqav7_accelerator_0/inst/u_accelerator/i_core/i_pipeline/i_downstream/i_pair_rescale/i_combine_alpha/significand_product_w_i_25/O
                         net (fo=1, routed)           0.196     3.459    gqav7_z19p_system_i/gqav7_accelerator_0/inst/u_accelerator/i_core/i_pipeline/i_downstream/i_pair_rescale/i_combine_alpha/significand_product_w_i_25_n_0
    SLICE_X35Y236        LUT6 (Prop_G6LUT_SLICEM_I5_O)
                                                      0.123     3.582 f  gqav7_z19p_system_i/gqav7_accelerator_0/inst/u_accelerator/i_core/i_pipeline/i_downstream/i_pair_rescale/i_combine_alpha/significand_product_w_i_2__7/O
                         net (fo=2, routed)           0.282     3.864    gqav7_z19p_system_i/gqav7_accelerator_0/inst/u_accelerator/i_core/i_pipeline/i_downstream/i_pair_rescale/i_combine_alpha/significand_product_w/B[15]
    DSP48E2_X4Y94        DSP_A_B_DATA (Prop_DSP_A_B_DATA_DSP48E2_B[15]_B2_DATA[15])
                                                      0.151     4.015 r  gqav7_z19p_system_i/gqav7_accelerator_0/inst/u_accelerator/i_core/i_pipeline/i_downstream/i_pair_rescale/i_combine_alpha/significand_product_w/DSP_A_B_DATA_INST/B2_DATA[15]
                         net (fo=1, routed)           0.000     4.015    gqav7_z19p_system_i/gqav7_accelerator_0/inst/u_accelerator/i_core/i_pipeline/i_downstream/i_pair_rescale/i_combine_alpha/significand_product_w/DSP_A_B_DATA.B2_DATA<15>
    DSP48E2_X4Y94        DSP_PREADD_DATA (Prop_DSP_PREADD_DATA_DSP48E2_B2_DATA[15]_B2B1[15])
                                                      0.073     4.088 r  gqav7_z19p_system_i/gqav7_accelerator_0/inst/u_accelerator/i_core/i_pipeline/i_downstream/i_pair_rescale/i_combine_alpha/significand_product_w/DSP_PREADD_DATA_INST/B2B1[15]
                         net (fo=1, routed)           0.000     4.088    gqav7_z19p_system_i/gqav7_accelerator_0/inst/u_accelerator/i_core/i_pipeline/i_downstream/i_pair_rescale/i_combine_alpha/significand_product_w/DSP_PREADD_DATA.B2B1<15>
    DSP48E2_X4Y94        DSP_MULTIPLIER (Prop_DSP_MULTIPLIER_DSP48E2_B2B1[15]_V[43])
                                                      0.609     4.697 f  gqav7_z19p_system_i/gqav7_accelerator_0/inst/u_accelerator/i_core/i_pipeline/i_downstream/i_pair_rescale/i_combine_alpha/significand_product_w/DSP_MULTIPLIER_INST/V[43]
                         net (fo=1, routed)           0.000     4.697    gqav7_z19p_system_i/gqav7_accelerator_0/inst/u_accelerator/i_core/i_pipeline/i_downstream/i_pair_rescale/i_combine_alpha/significand_product_w/DSP_MULTIPLIER.V<43>
    DSP48E2_X4Y94        DSP_M_DATA (Prop_DSP_M_DATA_DSP48E2_V[43]_V_DATA[43])
                                                      0.046     4.743 r  gqav7_z19p_system_i/gqav7_accelerator_0/inst/u_accelerator/i_core/i_pipeline/i_downstream/i_pair_rescale/i_combine_alpha/significand_product_w/DSP_M_DATA_INST/V_DATA[43]
                         net (fo=1, routed)           0.000     4.743    gqav7_z19p_system_i/gqav7_accelerator_0/inst/u_accelerator/i_core/i_pipeline/i_downstream/i_pair_rescale/i_combine_alpha/significand_product_w/DSP_M_DATA.V_DATA<43>
    DSP48E2_X4Y94        DSP_ALU (Prop_DSP_ALU_DSP48E2_V_DATA[43]_ALU_OUT[47])
                                                      0.571     5.314 f  gqav7_z19p_system_i/gqav7_accelerator_0/inst/u_accelerator/i_core/i_pipeline/i_downstream/i_pair_rescale/i_combine_alpha/significand_product_w/DSP_ALU_INST/ALU_OUT[47]
                         net (fo=1, routed)           0.000     5.314    gqav7_z19p_system_i/gqav7_accelerator_0/inst/u_accelerator/i_core/i_pipeline/i_downstream/i_pair_rescale/i_combine_alpha/significand_product_w/DSP_ALU.ALU_OUT<47>
    DSP48E2_X4Y94        DSP_OUTPUT (Prop_DSP_OUTPUT_DSP48E2_ALU_OUT[47]_PCOUT[47])
                                                      0.122     5.436 r  gqav7_z19p_system_i/gqav7_accelerator_0/inst/u_accelerator/i_core/i_pipeline/i_downstream/i_pair_rescale/i_combine_alpha/significand_product_w/DSP_OUTPUT_INST/PCOUT[47]
                         net (fo=1, routed)           0.014     5.450    gqav7_z19p_system_i/gqav7_accelerator_0/inst/u_accelerator/i_core/i_pipeline/i_downstream/i_pair_rescale/i_combine_alpha/s0_q_reg[significand_product]/PCIN[47]
    DSP48E2_X4Y95        DSP_ALU (Prop_DSP_ALU_DSP48E2_PCIN[47]_ALU_OUT[34])
                                                      0.546     5.996 r  gqav7_z19p_system_i/gqav7_accelerator_0/inst/u_accelerator/i_core/i_pipeline/i_downstream/i_pair_rescale/i_combine_alpha/s0_q_reg[significand_product]/DSP_ALU_INST/ALU_OUT[34]
                         net (fo=1, routed)           0.000     5.996    gqav7_z19p_system_i/gqav7_accelerator_0/inst/u_accelerator/i_core/i_pipeline/i_downstream/i_pair_rescale/i_combine_alpha/s0_q_reg[significand_product]/DSP_ALU.ALU_OUT<34>
    DSP48E2_X4Y95        DSP_OUTPUT                                   r  gqav7_z19p_system_i/gqav7_accelerator_0/inst/u_accelerator/i_core/i_pipeline/i_downstream/i_pair_rescale/i_combine_alpha/s0_q_reg[significand_product]/DSP_OUTPUT_INST/ALU_OUT[34]
  -------------------------------------------------------------------    -------------------

                         (clock clk_core_235_unbuf rise edge)
                                                      4.255     4.255 r  
                         clock source latency        -1.044     3.211    
                         propagated clock network latency
                                                      2.790     6.002    
                         clock pessimism              0.086     6.088    
                         clock uncertainty           -0.061     6.027    
    DSP48E2_X4Y95        DSP_OUTPUT (Setup_DSP_OUTPUT_DSP48E2_CLK_ALU_OUT[34])
                                                      0.015     6.042    gqav7_z19p_system_i/gqav7_accelerator_0/inst/u_accelerator/i_core/i_pipeline/i_downstream/i_pair_rescale/i_combine_alpha/s0_q_reg[significand_product]/DSP_OUTPUT_INST
  -------------------------------------------------------------------
                         required time                          6.042    
                         arrival time                          -5.996    
  -------------------------------------------------------------------
                         slack                                  0.046    

Slack (MET) :             0.046ns  (required time - arrival time)
  Source:                 gqav7_z19p_system_i/gqav7_accelerator_0/inst/u_accelerator/i_core/i_pipeline/i_downstream/i_softmax/meta_q_reg[37][row_index][1]/C
                            (rising edge-triggered cell FDRE clocked by clk_core_235_unbuf  {rise@0.000ns fall@2.128ns period=4.255ns})
  Destination:            gqav7_z19p_system_i/gqav7_accelerator_0/inst/u_accelerator/i_core/i_pipeline/i_downstream/i_pair_rescale/i_combine_alpha/s0_q_reg[significand_product]/DSP_OUTPUT_INST/ALU_OUT[35]
                            (rising edge-triggered cell DSP_OUTPUT clocked by clk_core_235_unbuf  {rise@0.000ns fall@2.128ns period=4.255ns})
  Path Group:             clk_core_235_unbuf
  Path Type:              Setup (Max at Slow Process Corner)
  Requirement:            4.255ns  (clk_core_235_unbuf rise@4.255ns - clk_core_235_unbuf rise@0.000ns)
  Data Path Delay:        3.959ns  (logic 2.396ns (60.515%)  route 1.563ns (39.485%))
  Logic Levels:           9  (DSP_A_B_DATA=1 DSP_ALU=2 DSP_M_DATA=1 DSP_MULTIPLIER=1 DSP_OUTPUT=1 DSP_PREADD_DATA=1 LUT6=1 MUXF7=1)
  Clock Path Skew:        -0.204ns (DCD - SCD + CPR)
    Destination Clock Delay (DCD):    1.746ns = ( 6.002 - 4.255 ) 
    Source Clock Delay      (SCD):    2.036ns
    Clock Pessimism Removal (CPR):    0.086ns
  Clock Uncertainty:      0.061ns  ((TSJ^2 + DJ^2)^1/2) / 2 + PE
    Total System Jitter     (TSJ):    0.071ns
    Discrete Jitter          (DJ):    0.099ns
    Phase Error              (PE):    0.000ns

    Location             Delay type                Incr(ns)  Path(ns)    Netlist Resource(s)
  -------------------------------------------------------------------    -------------------
                         (clock clk_core_235_unbuf rise edge)
                                                      0.000     0.000 r  
                         clock source latency        -1.206    -1.206    
                         propagated clock network latency
                                                      3.242     2.036    
    SLICE_X56Y211        FDRE                         0.000     2.036 r  gqav7_z19p_system_i/gqav7_accelerator_0/inst/u_accelerator/i_core/i_pipeline/i_downstream/i_softmax/meta_q_reg[37][row_index][1]/C
    SLICE_X56Y211        FDRE (Prop_GFF_SLICEL_C_Q)
                                                      0.079     2.115 r  gqav7_z19p_system_i/gqav7_accelerator_0/inst/u_accelerator/i_core/i_pipeline/i_downstream/i_softmax/meta_q_reg[37][row_index][1]/Q
                         net (fo=91, routed)          1.072     3.187    gqav7_z19p_system_i/gqav7_accelerator_0/inst/u_accelerator/i_core/i_pipeline/i_downstream/i_pair_rescale/i_combine_alpha/s0_q_reg[special_value][31]_1[1]
    SLICE_X35Y239        MUXF7 (Prop_F7MUX_GH_SLICEM_S_O)
                                                      0.076     3.263 f  gqav7_z19p_system_i/gqav7_accelerator_0/inst/u_accelerator/i_core/i_pipeline/i_downstream/i_pair_rescale/i_combine_alpha/significand_product_w_i_25/O
                         net (fo=1, routed)           0.196     3.459    gqav7_z19p_system_i/gqav7_accelerator_0/inst/u_accelerator/i_core/i_pipeline/i_downstream/i_pair_rescale/i_combine_alpha/significand_product_w_i_25_n_0
    SLICE_X35Y236        LUT6 (Prop_G6LUT_SLICEM_I5_O)
                                                      0.123     3.582 f  gqav7_z19p_system_i/gqav7_accelerator_0/inst/u_accelerator/i_core/i_pipeline/i_downstream/i_pair_rescale/i_combine_alpha/significand_product_w_i_2__7/O
                         net (fo=2, routed)           0.282     3.864    gqav7_z19p_system_i/gqav7_accelerator_0/inst/u_accelerator/i_core/i_pipeline/i_downstream/i_pair_rescale/i_combine_alpha/significand_product_w/B[15]
    DSP48E2_X4Y94        DSP_A_B_DATA (Prop_DSP_A_B_DATA_DSP48E2_B[15]_B2_DATA[15])
                                                      0.151     4.015 r  gqav7_z19p_system_i/gqav7_accelerator_0/inst/u_accelerator/i_core/i_pipeline/i_downstream/i_pair_rescale/i_combine_alpha/significand_product_w/DSP_A_B_DATA_INST/B2_DATA[15]
                         net (fo=1, routed)           0.000     4.015    gqav7_z19p_system_i/gqav7_accelerator_0/inst/u_accelerator/i_core/i_pipeline/i_downstream/i_pair_rescale/i_combine_alpha/significand_product_w/DSP_A_B_DATA.B2_DATA<15>
    DSP48E2_X4Y94        DSP_PREADD_DATA (Prop_DSP_PREADD_DATA_DSP48E2_B2_DATA[15]_B2B1[15])
                                                      0.073     4.088 r  gqav7_z19p_system_i/gqav7_accelerator_0/inst/u_accelerator/i_core/i_pipeline/i_downstream/i_pair_rescale/i_combine_alpha/significand_product_w/DSP_PREADD_DATA_INST/B2B1[15]
                         net (fo=1, routed)           0.000     4.088    gqav7_z19p_system_i/gqav7_accelerator_0/inst/u_accelerator/i_core/i_pipeline/i_downstream/i_pair_rescale/i_combine_alpha/significand_product_w/DSP_PREADD_DATA.B2B1<15>
    DSP48E2_X4Y94        DSP_MULTIPLIER (Prop_DSP_MULTIPLIER_DSP48E2_B2B1[15]_V[43])
                                                      0.609     4.697 f  gqav7_z19p_system_i/gqav7_accelerator_0/inst/u_accelerator/i_core/i_pipeline/i_downstream/i_pair_rescale/i_combine_alpha/significand_product_w/DSP_MULTIPLIER_INST/V[43]
                         net (fo=1, routed)           0.000     4.697    gqav7_z19p_system_i/gqav7_accelerator_0/inst/u_accelerator/i_core/i_pipeline/i_downstream/i_pair_rescale/i_combine_alpha/significand_product_w/DSP_MULTIPLIER.V<43>
    DSP48E2_X4Y94        DSP_M_DATA (Prop_DSP_M_DATA_DSP48E2_V[43]_V_DATA[43])
                                                      0.046     4.743 r  gqav7_z19p_system_i/gqav7_accelerator_0/inst/u_accelerator/i_core/i_pipeline/i_downstream/i_pair_rescale/i_combine_alpha/significand_product_w/DSP_M_DATA_INST/V_DATA[43]
                         net (fo=1, routed)           0.000     4.743    gqav7_z19p_system_i/gqav7_accelerator_0/inst/u_accelerator/i_core/i_pipeline/i_downstream/i_pair_rescale/i_combine_alpha/significand_product_w/DSP_M_DATA.V_DATA<43>
    DSP48E2_X4Y94        DSP_ALU (Prop_DSP_ALU_DSP48E2_V_DATA[43]_ALU_OUT[47])
                                                      0.571     5.314 f  gqav7_z19p_system_i/gqav7_accelerator_0/inst/u_accelerator/i_core/i_pipeline/i_downstream/i_pair_rescale/i_combine_alpha/significand_product_w/DSP_ALU_INST/ALU_OUT[47]
                         net (fo=1, routed)           0.000     5.314    gqav7_z19p_system_i/gqav7_accelerator_0/inst/u_accelerator/i_core/i_pipeline/i_downstream/i_pair_rescale/i_combine_alpha/significand_product_w/DSP_ALU.ALU_OUT<47>
    DSP48E2_X4Y94        DSP_OUTPUT (Prop_DSP_OUTPUT_DSP48E2_ALU_OUT[47]_PCOUT[47])
                                                      0.122     5.436 r  gqav7_z19p_system_i/gqav7_accelerator_0/inst/u_accelerator/i_core/i_pipeline/i_downstream/i_pair_rescale/i_combine_alpha/significand_product_w/DSP_OUTPUT_INST/PCOUT[47]
                         net (fo=1, routed)           0.014     5.450    gqav7_z19p_system_i/gqav7_accelerator_0/inst/u_accelerator/i_core/i_pipeline/i_downstream/i_pair_rescale/i_combine_alpha/s0_q_reg[significand_product]/PCIN[47]
    DSP48E2_X4Y95        DSP_ALU (Prop_DSP_ALU_DSP48E2_PCIN[47]_ALU_OUT[35])
                                                      0.546     5.996 r  gqav7_z19p_system_i/gqav7_accelerator_0/inst/u_accelerator/i_core/i_pipeline/i_downstream/i_pair_rescale/i_combine_alpha/s0_q_reg[significand_product]/DSP_ALU_INST/ALU_OUT[35]
                         net (fo=1, routed)           0.000     5.996    gqav7_z19p_system_i/gqav7_accelerator_0/inst/u_accelerator/i_core/i_pipeline/i_downstream/i_pair_rescale/i_combine_alpha/s0_q_reg[significand_product]/DSP_ALU.ALU_OUT<35>
    DSP48E2_X4Y95        DSP_OUTPUT                                   r  gqav7_z19p_system_i/gqav7_accelerator_0/inst/u_accelerator/i_core/i_pipeline/i_downstream/i_pair_rescale/i_combine_alpha/s0_q_reg[significand_product]/DSP_OUTPUT_INST/ALU_OUT[35]
  -------------------------------------------------------------------    -------------------

                         (clock clk_core_235_unbuf rise edge)
                                                      4.255     4.255 r  
                         clock source latency        -1.044     3.211    
                         propagated clock network latency
                                                      2.790     6.002    
                         clock pessimism              0.086     6.088    
                         clock uncertainty           -0.061     6.027    
    DSP48E2_X4Y95        DSP_OUTPUT (Setup_DSP_OUTPUT_DSP48E2_CLK_ALU_OUT[35])
                                                      0.015     6.042    gqav7_z19p_system_i/gqav7_accelerator_0/inst/u_accelerator/i_core/i_pipeline/i_downstream/i_pair_rescale/i_combine_alpha/s0_q_reg[significand_product]/DSP_OUTPUT_INST
  -------------------------------------------------------------------
                         required time                          6.042    
                         arrival time                          -5.996    
  -------------------------------------------------------------------
                         slack                                  0.046    

Slack (MET) :             0.046ns  (required time - arrival time)
  Source:                 gqav7_z19p_system_i/gqav7_accelerator_0/inst/u_accelerator/i_core/i_pipeline/i_downstream/i_softmax/meta_q_reg[37][row_index][1]/C
                            (rising edge-triggered cell FDRE clocked by clk_core_235_unbuf  {rise@0.000ns fall@2.128ns period=4.255ns})
  Destination:            gqav7_z19p_system_i/gqav7_accelerator_0/inst/u_accelerator/i_core/i_pipeline/i_downstream/i_pair_rescale/i_combine_alpha/s0_q_reg[significand_product]/DSP_OUTPUT_INST/ALU_OUT[36]
                            (rising edge-triggered cell DSP_OUTPUT clocked by clk_core_235_unbuf  {rise@0.000ns fall@2.128ns period=4.255ns})
  Path Group:             clk_core_235_unbuf
  Path Type:              Setup (Max at Slow Process Corner)
  Requirement:            4.255ns  (clk_core_235_unbuf rise@4.255ns - clk_core_235_unbuf rise@0.000ns)
  Data Path Delay:        3.959ns  (logic 2.396ns (60.515%)  route 1.563ns (39.485%))
  Logic Levels:           9  (DSP_A_B_DATA=1 DSP_ALU=2 DSP_M_DATA=1 DSP_MULTIPLIER=1 DSP_OUTPUT=1 DSP_PREADD_DATA=1 LUT6=1 MUXF7=1)
  Clock Path Skew:        -0.204ns (DCD - SCD + CPR)
    Destination Clock Delay (DCD):    1.746ns = ( 6.002 - 4.255 ) 
    Source Clock Delay      (SCD):    2.036ns
    Clock Pessimism Removal (CPR):    0.086ns
  Clock Uncertainty:      0.061ns  ((TSJ^2 + DJ^2)^1/2) / 2 + PE
    Total System Jitter     (TSJ):    0.071ns
    Discrete Jitter          (DJ):    0.099ns
    Phase Error              (PE):    0.000ns

    Location             Delay type                Incr(ns)  Path(ns)    Netlist Resource(s)
  -------------------------------------------------------------------    -------------------
                         (clock clk_core_235_unbuf rise edge)
                                                      0.000     0.000 r  
                         clock source latency        -1.206    -1.206    
                         propagated clock network latency
                                                      3.242     2.036    
    SLICE_X56Y211        FDRE                         0.000     2.036 r  gqav7_z19p_system_i/gqav7_accelerator_0/inst/u_accelerator/i_core/i_pipeline/i_downstream/i_softmax/meta_q_reg[37][row_index][1]/C
    SLICE_X56Y211        FDRE (Prop_GFF_SLICEL_C_Q)
                                                      0.079     2.115 r  gqav7_z19p_system_i/gqav7_accelerator_0/inst/u_accelerator/i_core/i_pipeline/i_downstream/i_softmax/meta_q_reg[37][row_index][1]/Q
                         net (fo=91, routed)          1.072     3.187    gqav7_z19p_system_i/gqav7_accelerator_0/inst/u_accelerator/i_core/i_pipeline/i_downstream/i_pair_rescale/i_combine_alpha/s0_q_reg[special_value][31]_1[1]
    SLICE_X35Y239        MUXF7 (Prop_F7MUX_GH_SLICEM_S_O)
                                                      0.076     3.263 f  gqav7_z19p_system_i/gqav7_accelerator_0/inst/u_accelerator/i_core/i_pipeline/i_downstream/i_pair_rescale/i_combine_alpha/significand_product_w_i_25/O
                         net (fo=1, routed)           0.196     3.459    gqav7_z19p_system_i/gqav7_accelerator_0/inst/u_accelerator/i_core/i_pipeline/i_downstream/i_pair_rescale/i_combine_alpha/significand_product_w_i_25_n_0
    SLICE_X35Y236        LUT6 (Prop_G6LUT_SLICEM_I5_O)
                                                      0.123     3.582 f  gqav7_z19p_system_i/gqav7_accelerator_0/inst/u_accelerator/i_core/i_pipeline/i_downstream/i_pair_rescale/i_combine_alpha/significand_product_w_i_2__7/O
                         net (fo=2, routed)           0.282     3.864    gqav7_z19p_system_i/gqav7_accelerator_0/inst/u_accelerator/i_core/i_pipeline/i_downstream/i_pair_rescale/i_combine_alpha/significand_product_w/B[15]
    DSP48E2_X4Y94        DSP_A_B_DATA (Prop_DSP_A_B_DATA_DSP48E2_B[15]_B2_DATA[15])
                                                      0.151     4.015 r  gqav7_z19p_system_i/gqav7_accelerator_0/inst/u_accelerator/i_core/i_pipeline/i_downstream/i_pair_rescale/i_combine_alpha/significand_product_w/DSP_A_B_DATA_INST/B2_DATA[15]
                         net (fo=1, routed)           0.000     4.015    gqav7_z19p_system_i/gqav7_accelerator_0/inst/u_accelerator/i_core/i_pipeline/i_downstream/i_pair_rescale/i_combine_alpha/significand_product_w/DSP_A_B_DATA.B2_DATA<15>
    DSP48E2_X4Y94        DSP_PREADD_DATA (Prop_DSP_PREADD_DATA_DSP48E2_B2_DATA[15]_B2B1[15])
                                                      0.073     4.088 r  gqav7_z19p_system_i/gqav7_accelerator_0/inst/u_accelerator/i_core/i_pipeline/i_downstream/i_pair_rescale/i_combine_alpha/significand_product_w/DSP_PREADD_DATA_INST/B2B1[15]
                         net (fo=1, routed)           0.000     4.088    gqav7_z19p_system_i/gqav7_accelerator_0/inst/u_accelerator/i_core/i_pipeline/i_downstream/i_pair_rescale/i_combine_alpha/significand_product_w/DSP_PREADD_DATA.B2B1<15>
    DSP48E2_X4Y94        DSP_MULTIPLIER (Prop_DSP_MULTIPLIER_DSP48E2_B2B1[15]_V[43])
                                                      0.609     4.697 f  gqav7_z19p_system_i/gqav7_accelerator_0/inst/u_accelerator/i_core/i_pipeline/i_downstream/i_pair_rescale/i_combine_alpha/significand_product_w/DSP_MULTIPLIER_INST/V[43]
                         net (fo=1, routed)           0.000     4.697    gqav7_z19p_system_i/gqav7_accelerator_0/inst/u_accelerator/i_core/i_pipeline/i_downstream/i_pair_rescale/i_combine_alpha/significand_product_w/DSP_MULTIPLIER.V<43>
    DSP48E2_X4Y94        DSP_M_DATA (Prop_DSP_M_DATA_DSP48E2_V[43]_V_DATA[43])
                                                      0.046     4.743 r  gqav7_z19p_system_i/gqav7_accelerator_0/inst/u_accelerator/i_core/i_pipeline/i_downstream/i_pair_rescale/i_combine_alpha/significand_product_w/DSP_M_DATA_INST/V_DATA[43]
                         net (fo=1, routed)           0.000     4.743    gqav7_z19p_system_i/gqav7_accelerator_0/inst/u_accelerator/i_core/i_pipeline/i_downstream/i_pair_rescale/i_combine_alpha/significand_product_w/DSP_M_DATA.V_DATA<43>
    DSP48E2_X4Y94        DSP_ALU (Prop_DSP_ALU_DSP48E2_V_DATA[43]_ALU_OUT[47])
                                                      0.571     5.314 f  gqav7_z19p_system_i/gqav7_accelerator_0/inst/u_accelerator/i_core/i_pipeline/i_downstream/i_pair_rescale/i_combine_alpha/significand_product_w/DSP_ALU_INST/ALU_OUT[47]
                         net (fo=1, routed)           0.000     5.314    gqav7_z19p_system_i/gqav7_accelerator_0/inst/u_accelerator/i_core/i_pipeline/i_downstream/i_pair_rescale/i_combine_alpha/significand_product_w/DSP_ALU.ALU_OUT<47>
    DSP48E2_X4Y94        DSP_OUTPUT (Prop_DSP_OUTPUT_DSP48E2_ALU_OUT[47]_PCOUT[47])
                                                      0.122     5.436 r  gqav7_z19p_system_i/gqav7_accelerator_0/inst/u_accelerator/i_core/i_pipeline/i_downstream/i_pair_rescale/i_combine_alpha/significand_product_w/DSP_OUTPUT_INST/PCOUT[47]
                         net (fo=1, routed)           0.014     5.450    gqav7_z19p_system_i/gqav7_accelerator_0/inst/u_accelerator/i_core/i_pipeline/i_downstream/i_pair_rescale/i_combine_alpha/s0_q_reg[significand_product]/PCIN[47]
    DSP48E2_X4Y95        DSP_ALU (Prop_DSP_ALU_DSP48E2_PCIN[47]_ALU_OUT[36])
                                                      0.546     5.996 r  gqav7_z19p_system_i/gqav7_accelerator_0/inst/u_accelerator/i_core/i_pipeline/i_downstream/i_pair_rescale/i_combine_alpha/s0_q_reg[significand_product]/DSP_ALU_INST/ALU_OUT[36]
                         net (fo=1, routed)           0.000     5.996    gqav7_z19p_system_i/gqav7_accelerator_0/inst/u_accelerator/i_core/i_pipeline/i_downstream/i_pair_rescale/i_combine_alpha/s0_q_reg[significand_product]/DSP_ALU.ALU_OUT<36>
    DSP48E2_X4Y95        DSP_OUTPUT                                   r  gqav7_z19p_system_i/gqav7_accelerator_0/inst/u_accelerator/i_core/i_pipeline/i_downstream/i_pair_rescale/i_combine_alpha/s0_q_reg[significand_product]/DSP_OUTPUT_INST/ALU_OUT[36]
  -------------------------------------------------------------------    -------------------

                         (clock clk_core_235_unbuf rise edge)
                                                      4.255     4.255 r  
                         clock source latency        -1.044     3.211    
                         propagated clock network latency
                                                      2.790     6.002    
                         clock pessimism              0.086     6.088    
                         clock uncertainty           -0.061     6.027    
    DSP48E2_X4Y95        DSP_OUTPUT (Setup_DSP_OUTPUT_DSP48E2_CLK_ALU_OUT[36])
                                                      0.015     6.042    gqav7_z19p_system_i/gqav7_accelerator_0/inst/u_accelerator/i_core/i_pipeline/i_downstream/i_pair_rescale/i_combine_alpha/s0_q_reg[significand_product]/DSP_OUTPUT_INST
  -------------------------------------------------------------------
                         required time                          6.042    
                         arrival time                          -5.996    
  -------------------------------------------------------------------
                         slack                                  0.046    

Slack (MET) :             0.046ns  (required time - arrival time)
  Source:                 gqav7_z19p_system_i/gqav7_accelerator_0/inst/u_accelerator/i_core/i_pipeline/i_downstream/i_softmax/meta_q_reg[37][row_index][1]/C
                            (rising edge-triggered cell FDRE clocked by clk_core_235_unbuf  {rise@0.000ns fall@2.128ns period=4.255ns})
  Destination:            gqav7_z19p_system_i/gqav7_accelerator_0/inst/u_accelerator/i_core/i_pipeline/i_downstream/i_pair_rescale/i_combine_alpha/s0_q_reg[significand_product]/DSP_OUTPUT_INST/ALU_OUT[37]
                            (rising edge-triggered cell DSP_OUTPUT clocked by clk_core_235_unbuf  {rise@0.000ns fall@2.128ns period=4.255ns})
  Path Group:             clk_core_235_unbuf
  Path Type:              Setup (Max at Slow Process Corner)
  Requirement:            4.255ns  (clk_core_235_unbuf rise@4.255ns - clk_core_235_unbuf rise@0.000ns)
  Data Path Delay:        3.959ns  (logic 2.396ns (60.515%)  route 1.563ns (39.485%))
  Logic Levels:           9  (DSP_A_B_DATA=1 DSP_ALU=2 DSP_M_DATA=1 DSP_MULTIPLIER=1 DSP_OUTPUT=1 DSP_PREADD_DATA=1 LUT6=1 MUXF7=1)
  Clock Path Skew:        -0.204ns (DCD - SCD + CPR)
    Destination Clock Delay (DCD):    1.746ns = ( 6.002 - 4.255 ) 
    Source Clock Delay      (SCD):    2.036ns
    Clock Pessimism Removal (CPR):    0.086ns
  Clock Uncertainty:      0.061ns  ((TSJ^2 + DJ^2)^1/2) / 2 + PE
    Total System Jitter     (TSJ):    0.071ns
    Discrete Jitter          (DJ):    0.099ns
    Phase Error              (PE):    0.000ns

    Location             Delay type                Incr(ns)  Path(ns)    Netlist Resource(s)
  -------------------------------------------------------------------    -------------------
                         (clock clk_core_235_unbuf rise edge)
                                                      0.000     0.000 r  
                         clock source latency        -1.206    -1.206    
                         propagated clock network latency
                                                      3.242     2.036    
    SLICE_X56Y211        FDRE                         0.000     2.036 r  gqav7_z19p_system_i/gqav7_accelerator_0/inst/u_accelerator/i_core/i_pipeline/i_downstream/i_softmax/meta_q_reg[37][row_index][1]/C
    SLICE_X56Y211        FDRE (Prop_GFF_SLICEL_C_Q)
                                                      0.079     2.115 r  gqav7_z19p_system_i/gqav7_accelerator_0/inst/u_accelerator/i_core/i_pipeline/i_downstream/i_softmax/meta_q_reg[37][row_index][1]/Q
                         net (fo=91, routed)          1.072     3.187    gqav7_z19p_system_i/gqav7_accelerator_0/inst/u_accelerator/i_core/i_pipeline/i_downstream/i_pair_rescale/i_combine_alpha/s0_q_reg[special_value][31]_1[1]
    SLICE_X35Y239        MUXF7 (Prop_F7MUX_GH_SLICEM_S_O)
                                                      0.076     3.263 f  gqav7_z19p_system_i/gqav7_accelerator_0/inst/u_accelerator/i_core/i_pipeline/i_downstream/i_pair_rescale/i_combine_alpha/significand_product_w_i_25/O
                         net (fo=1, routed)           0.196     3.459    gqav7_z19p_system_i/gqav7_accelerator_0/inst/u_accelerator/i_core/i_pipeline/i_downstream/i_pair_rescale/i_combine_alpha/significand_product_w_i_25_n_0
    SLICE_X35Y236        LUT6 (Prop_G6LUT_SLICEM_I5_O)
                                                      0.123     3.582 f  gqav7_z19p_system_i/gqav7_accelerator_0/inst/u_accelerator/i_core/i_pipeline/i_downstream/i_pair_rescale/i_combine_alpha/significand_product_w_i_2__7/O
                         net (fo=2, routed)           0.282     3.864    gqav7_z19p_system_i/gqav7_accelerator_0/inst/u_accelerator/i_core/i_pipeline/i_downstream/i_pair_rescale/i_combine_alpha/significand_product_w/B[15]
    DSP48E2_X4Y94        DSP_A_B_DATA (Prop_DSP_A_B_DATA_DSP48E2_B[15]_B2_DATA[15])
                                                      0.151     4.015 r  gqav7_z19p_system_i/gqav7_accelerator_0/inst/u_accelerator/i_core/i_pipeline/i_downstream/i_pair_rescale/i_combine_alpha/significand_product_w/DSP_A_B_DATA_INST/B2_DATA[15]
                         net (fo=1, routed)           0.000     4.015    gqav7_z19p_system_i/gqav7_accelerator_0/inst/u_accelerator/i_core/i_pipeline/i_downstream/i_pair_rescale/i_combine_alpha/significand_product_w/DSP_A_B_DATA.B2_DATA<15>
    DSP48E2_X4Y94        DSP_PREADD_DATA (Prop_DSP_PREADD_DATA_DSP48E2_B2_DATA[15]_B2B1[15])
                                                      0.073     4.088 r  gqav7_z19p_system_i/gqav7_accelerator_0/inst/u_accelerator/i_core/i_pipeline/i_downstream/i_pair_rescale/i_combine_alpha/significand_product_w/DSP_PREADD_DATA_INST/B2B1[15]
                         net (fo=1, routed)           0.000     4.088    gqav7_z19p_system_i/gqav7_accelerator_0/inst/u_accelerator/i_core/i_pipeline/i_downstream/i_pair_rescale/i_combine_alpha/significand_product_w/DSP_PREADD_DATA.B2B1<15>
    DSP48E2_X4Y94        DSP_MULTIPLIER (Prop_DSP_MULTIPLIER_DSP48E2_B2B1[15]_V[43])
                                                      0.609     4.697 f  gqav7_z19p_system_i/gqav7_accelerator_0/inst/u_accelerator/i_core/i_pipeline/i_downstream/i_pair_rescale/i_combine_alpha/significand_product_w/DSP_MULTIPLIER_INST/V[43]
                         net (fo=1, routed)           0.000     4.697    gqav7_z19p_system_i/gqav7_accelerator_0/inst/u_accelerator/i_core/i_pipeline/i_downstream/i_pair_rescale/i_combine_alpha/significand_product_w/DSP_MULTIPLIER.V<43>
    DSP48E2_X4Y94        DSP_M_DATA (Prop_DSP_M_DATA_DSP48E2_V[43]_V_DATA[43])
                                                      0.046     4.743 r  gqav7_z19p_system_i/gqav7_accelerator_0/inst/u_accelerator/i_core/i_pipeline/i_downstream/i_pair_rescale/i_combine_alpha/significand_product_w/DSP_M_DATA_INST/V_DATA[43]
                         net (fo=1, routed)           0.000     4.743    gqav7_z19p_system_i/gqav7_accelerator_0/inst/u_accelerator/i_core/i_pipeline/i_downstream/i_pair_rescale/i_combine_alpha/significand_product_w/DSP_M_DATA.V_DATA<43>
    DSP48E2_X4Y94        DSP_ALU (Prop_DSP_ALU_DSP48E2_V_DATA[43]_ALU_OUT[47])
                                                      0.571     5.314 f  gqav7_z19p_system_i/gqav7_accelerator_0/inst/u_accelerator/i_core/i_pipeline/i_downstream/i_pair_rescale/i_combine_alpha/significand_product_w/DSP_ALU_INST/ALU_OUT[47]
                         net (fo=1, routed)           0.000     5.314    gqav7_z19p_system_i/gqav7_accelerator_0/inst/u_accelerator/i_core/i_pipeline/i_downstream/i_pair_rescale/i_combine_alpha/significand_product_w/DSP_ALU.ALU_OUT<47>
    DSP48E2_X4Y94        DSP_OUTPUT (Prop_DSP_OUTPUT_DSP48E2_ALU_OUT[47]_PCOUT[47])
                                                      0.122     5.436 r  gqav7_z19p_system_i/gqav7_accelerator_0/inst/u_accelerator/i_core/i_pipeline/i_downstream/i_pair_rescale/i_combine_alpha/significand_product_w/DSP_OUTPUT_INST/PCOUT[47]
                         net (fo=1, routed)           0.014     5.450    gqav7_z19p_system_i/gqav7_accelerator_0/inst/u_accelerator/i_core/i_pipeline/i_downstream/i_pair_rescale/i_combine_alpha/s0_q_reg[significand_product]/PCIN[47]
    DSP48E2_X4Y95        DSP_ALU (Prop_DSP_ALU_DSP48E2_PCIN[47]_ALU_OUT[37])
                                                      0.546     5.996 r  gqav7_z19p_system_i/gqav7_accelerator_0/inst/u_accelerator/i_core/i_pipeline/i_downstream/i_pair_rescale/i_combine_alpha/s0_q_reg[significand_product]/DSP_ALU_INST/ALU_OUT[37]
                         net (fo=1, routed)           0.000     5.996    gqav7_z19p_system_i/gqav7_accelerator_0/inst/u_accelerator/i_core/i_pipeline/i_downstream/i_pair_rescale/i_combine_alpha/s0_q_reg[significand_product]/DSP_ALU.ALU_OUT<37>
    DSP48E2_X4Y95        DSP_OUTPUT                                   r  gqav7_z19p_system_i/gqav7_accelerator_0/inst/u_accelerator/i_core/i_pipeline/i_downstream/i_pair_rescale/i_combine_alpha/s0_q_reg[significand_product]/DSP_OUTPUT_INST/ALU_OUT[37]
  -------------------------------------------------------------------    -------------------

                         (clock clk_core_235_unbuf rise edge)
                                                      4.255     4.255 r  
                         clock source latency        -1.044     3.211    
                         propagated clock network latency
                                                      2.790     6.002    
                         clock pessimism              0.086     6.088    
                         clock uncertainty           -0.061     6.027    
    DSP48E2_X4Y95        DSP_OUTPUT (Setup_DSP_OUTPUT_DSP48E2_CLK_ALU_OUT[37])
                                                      0.015     6.042    gqav7_z19p_system_i/gqav7_accelerator_0/inst/u_accelerator/i_core/i_pipeline/i_downstream/i_pair_rescale/i_combine_alpha/s0_q_reg[significand_product]/DSP_OUTPUT_INST
  -------------------------------------------------------------------
                         required time                          6.042    
                         arrival time                          -5.996    
  -------------------------------------------------------------------
                         slack                                  0.046    

Slack (MET) :             0.046ns  (required time - arrival time)
  Source:                 gqav7_z19p_system_i/gqav7_accelerator_0/inst/u_accelerator/i_core/i_pipeline/i_downstream/i_softmax/meta_q_reg[37][row_index][1]/C
                            (rising edge-triggered cell FDRE clocked by clk_core_235_unbuf  {rise@0.000ns fall@2.128ns period=4.255ns})
  Destination:            gqav7_z19p_system_i/gqav7_accelerator_0/inst/u_accelerator/i_core/i_pipeline/i_downstream/i_pair_rescale/i_combine_alpha/s0_q_reg[significand_product]/DSP_OUTPUT_INST/ALU_OUT[38]
                            (rising edge-triggered cell DSP_OUTPUT clocked by clk_core_235_unbuf  {rise@0.000ns fall@2.128ns period=4.255ns})
  Path Group:             clk_core_235_unbuf
  Path Type:              Setup (Max at Slow Process Corner)
  Requirement:            4.255ns  (clk_core_235_unbuf rise@4.255ns - clk_core_235_unbuf rise@0.000ns)
  Data Path Delay:        3.959ns  (logic 2.396ns (60.515%)  route 1.563ns (39.485%))
  Logic Levels:           9  (DSP_A_B_DATA=1 DSP_ALU=2 DSP_M_DATA=1 DSP_MULTIPLIER=1 DSP_OUTPUT=1 DSP_PREADD_DATA=1 LUT6=1 MUXF7=1)
  Clock Path Skew:        -0.204ns (DCD - SCD + CPR)
    Destination Clock Delay (DCD):    1.746ns = ( 6.002 - 4.255 ) 
    Source Clock Delay      (SCD):    2.036ns
    Clock Pessimism Removal (CPR):    0.086ns
  Clock Uncertainty:      0.061ns  ((TSJ^2 + DJ^2)^1/2) / 2 + PE
    Total System Jitter     (TSJ):    0.071ns
    Discrete Jitter          (DJ):    0.099ns
    Phase Error              (PE):    0.000ns

    Location             Delay type                Incr(ns)  Path(ns)    Netlist Resource(s)
  -------------------------------------------------------------------    -------------------
                         (clock clk_core_235_unbuf rise edge)
                                                      0.000     0.000 r  
                         clock source latency        -1.206    -1.206    
                         propagated clock network latency
                                                      3.242     2.036    
    SLICE_X56Y211        FDRE                         0.000     2.036 r  gqav7_z19p_system_i/gqav7_accelerator_0/inst/u_accelerator/i_core/i_pipeline/i_downstream/i_softmax/meta_q_reg[37][row_index][1]/C
    SLICE_X56Y211        FDRE (Prop_GFF_SLICEL_C_Q)
                                                      0.079     2.115 r  gqav7_z19p_system_i/gqav7_accelerator_0/inst/u_accelerator/i_core/i_pipeline/i_downstream/i_softmax/meta_q_reg[37][row_index][1]/Q
                         net (fo=91, routed)          1.072     3.187    gqav7_z19p_system_i/gqav7_accelerator_0/inst/u_accelerator/i_core/i_pipeline/i_downstream/i_pair_rescale/i_combine_alpha/s0_q_reg[special_value][31]_1[1]
    SLICE_X35Y239        MUXF7 (Prop_F7MUX_GH_SLICEM_S_O)
                                                      0.076     3.263 f  gqav7_z19p_system_i/gqav7_accelerator_0/inst/u_accelerator/i_core/i_pipeline/i_downstream/i_pair_rescale/i_combine_alpha/significand_product_w_i_25/O
                         net (fo=1, routed)           0.196     3.459    gqav7_z19p_system_i/gqav7_accelerator_0/inst/u_accelerator/i_core/i_pipeline/i_downstream/i_pair_rescale/i_combine_alpha/significand_product_w_i_25_n_0
    SLICE_X35Y236        LUT6 (Prop_G6LUT_SLICEM_I5_O)
                                                      0.123     3.582 f  gqav7_z19p_system_i/gqav7_accelerator_0/inst/u_accelerator/i_core/i_pipeline/i_downstream/i_pair_rescale/i_combine_alpha/significand_product_w_i_2__7/O
                         net (fo=2, routed)           0.282     3.864    gqav7_z19p_system_i/gqav7_accelerator_0/inst/u_accelerator/i_core/i_pipeline/i_downstream/i_pair_rescale/i_combine_alpha/significand_product_w/B[15]
    DSP48E2_X4Y94        DSP_A_B_DATA (Prop_DSP_A_B_DATA_DSP48E2_B[15]_B2_DATA[15])
                                                      0.151     4.015 r  gqav7_z19p_system_i/gqav7_accelerator_0/inst/u_accelerator/i_core/i_pipeline/i_downstream/i_pair_rescale/i_combine_alpha/significand_product_w/DSP_A_B_DATA_INST/B2_DATA[15]
                         net (fo=1, routed)           0.000     4.015    gqav7_z19p_system_i/gqav7_accelerator_0/inst/u_accelerator/i_core/i_pipeline/i_downstream/i_pair_rescale/i_combine_alpha/significand_product_w/DSP_A_B_DATA.B2_DATA<15>
    DSP48E2_X4Y94        DSP_PREADD_DATA (Prop_DSP_PREADD_DATA_DSP48E2_B2_DATA[15]_B2B1[15])
                                                      0.073     4.088 r  gqav7_z19p_system_i/gqav7_accelerator_0/inst/u_accelerator/i_core/i_pipeline/i_downstream/i_pair_rescale/i_combine_alpha/significand_product_w/DSP_PREADD_DATA_INST/B2B1[15]
                         net (fo=1, routed)           0.000     4.088    gqav7_z19p_system_i/gqav7_accelerator_0/inst/u_accelerator/i_core/i_pipeline/i_downstream/i_pair_rescale/i_combine_alpha/significand_product_w/DSP_PREADD_DATA.B2B1<15>
    DSP48E2_X4Y94        DSP_MULTIPLIER (Prop_DSP_MULTIPLIER_DSP48E2_B2B1[15]_V[43])
                                                      0.609     4.697 f  gqav7_z19p_system_i/gqav7_accelerator_0/inst/u_accelerator/i_core/i_pipeline/i_downstream/i_pair_rescale/i_combine_alpha/significand_product_w/DSP_MULTIPLIER_INST/V[43]
                         net (fo=1, routed)           0.000     4.697    gqav7_z19p_system_i/gqav7_accelerator_0/inst/u_accelerator/i_core/i_pipeline/i_downstream/i_pair_rescale/i_combine_alpha/significand_product_w/DSP_MULTIPLIER.V<43>
    DSP48E2_X4Y94        DSP_M_DATA (Prop_DSP_M_DATA_DSP48E2_V[43]_V_DATA[43])
                                                      0.046     4.743 r  gqav7_z19p_system_i/gqav7_accelerator_0/inst/u_accelerator/i_core/i_pipeline/i_downstream/i_pair_rescale/i_combine_alpha/significand_product_w/DSP_M_DATA_INST/V_DATA[43]
                         net (fo=1, routed)           0.000     4.743    gqav7_z19p_system_i/gqav7_accelerator_0/inst/u_accelerator/i_core/i_pipeline/i_downstream/i_pair_rescale/i_combine_alpha/significand_product_w/DSP_M_DATA.V_DATA<43>
    DSP48E2_X4Y94        DSP_ALU (Prop_DSP_ALU_DSP48E2_V_DATA[43]_ALU_OUT[47])
                                                      0.571     5.314 f  gqav7_z19p_system_i/gqav7_accelerator_0/inst/u_accelerator/i_core/i_pipeline/i_downstream/i_pair_rescale/i_combine_alpha/significand_product_w/DSP_ALU_INST/ALU_OUT[47]
                         net (fo=1, routed)           0.000     5.314    gqav7_z19p_system_i/gqav7_accelerator_0/inst/u_accelerator/i_core/i_pipeline/i_downstream/i_pair_rescale/i_combine_alpha/significand_product_w/DSP_ALU.ALU_OUT<47>
    DSP48E2_X4Y94        DSP_OUTPUT (Prop_DSP_OUTPUT_DSP48E2_ALU_OUT[47]_PCOUT[47])
                                                      0.122     5.436 r  gqav7_z19p_system_i/gqav7_accelerator_0/inst/u_accelerator/i_core/i_pipeline/i_downstream/i_pair_rescale/i_combine_alpha/significand_product_w/DSP_OUTPUT_INST/PCOUT[47]
                         net (fo=1, routed)           0.014     5.450    gqav7_z19p_system_i/gqav7_accelerator_0/inst/u_accelerator/i_core/i_pipeline/i_downstream/i_pair_rescale/i_combine_alpha/s0_q_reg[significand_product]/PCIN[47]
    DSP48E2_X4Y95        DSP_ALU (Prop_DSP_ALU_DSP48E2_PCIN[47]_ALU_OUT[38])
                                                      0.546     5.996 r  gqav7_z19p_system_i/gqav7_accelerator_0/inst/u_accelerator/i_core/i_pipeline/i_downstream/i_pair_rescale/i_combine_alpha/s0_q_reg[significand_product]/DSP_ALU_INST/ALU_OUT[38]
                         net (fo=1, routed)           0.000     5.996    gqav7_z19p_system_i/gqav7_accelerator_0/inst/u_accelerator/i_core/i_pipeline/i_downstream/i_pair_rescale/i_combine_alpha/s0_q_reg[significand_product]/DSP_ALU.ALU_OUT<38>
    DSP48E2_X4Y95        DSP_OUTPUT                                   r  gqav7_z19p_system_i/gqav7_accelerator_0/inst/u_accelerator/i_core/i_pipeline/i_downstream/i_pair_rescale/i_combine_alpha/s0_q_reg[significand_product]/DSP_OUTPUT_INST/ALU_OUT[38]
  -------------------------------------------------------------------    -------------------

                         (clock clk_core_235_unbuf rise edge)
                                                      4.255     4.255 r  
                         clock source latency        -1.044     3.211    
                         propagated clock network latency
                                                      2.790     6.002    
                         clock pessimism              0.086     6.088    
                         clock uncertainty           -0.061     6.027    
    DSP48E2_X4Y95        DSP_OUTPUT (Setup_DSP_OUTPUT_DSP48E2_CLK_ALU_OUT[38])
                                                      0.015     6.042    gqav7_z19p_system_i/gqav7_accelerator_0/inst/u_accelerator/i_core/i_pipeline/i_downstream/i_pair_rescale/i_combine_alpha/s0_q_reg[significand_product]/DSP_OUTPUT_INST
  -------------------------------------------------------------------
                         required time                          6.042    
                         arrival time                          -5.996    
  -------------------------------------------------------------------
                         slack                                  0.046    

Slack (MET) :             0.046ns  (required time - arrival time)
  Source:                 gqav7_z19p_system_i/gqav7_accelerator_0/inst/u_accelerator/i_core/i_pipeline/i_downstream/i_softmax/meta_q_reg[37][row_index][1]/C
                            (rising edge-triggered cell FDRE clocked by clk_core_235_unbuf  {rise@0.000ns fall@2.128ns period=4.255ns})
  Destination:            gqav7_z19p_system_i/gqav7_accelerator_0/inst/u_accelerator/i_core/i_pipeline/i_downstream/i_pair_rescale/i_combine_alpha/s0_q_reg[significand_product]/DSP_OUTPUT_INST/ALU_OUT[39]
                            (rising edge-triggered cell DSP_OUTPUT clocked by clk_core_235_unbuf  {rise@0.000ns fall@2.128ns period=4.255ns})
  Path Group:             clk_core_235_unbuf
  Path Type:              Setup (Max at Slow Process Corner)
  Requirement:            4.255ns  (clk_core_235_unbuf rise@4.255ns - clk_core_235_unbuf rise@0.000ns)
  Data Path Delay:        3.959ns  (logic 2.396ns (60.515%)  route 1.563ns (39.485%))
  Logic Levels:           9  (DSP_A_B_DATA=1 DSP_ALU=2 DSP_M_DATA=1 DSP_MULTIPLIER=1 DSP_OUTPUT=1 DSP_PREADD_DATA=1 LUT6=1 MUXF7=1)
  Clock Path Skew:        -0.204ns (DCD - SCD + CPR)
    Destination Clock Delay (DCD):    1.746ns = ( 6.002 - 4.255 ) 
    Source Clock Delay      (SCD):    2.036ns
    Clock Pessimism Removal (CPR):    0.086ns
  Clock Uncertainty:      0.061ns  ((TSJ^2 + DJ^2)^1/2) / 2 + PE
    Total System Jitter     (TSJ):    0.071ns
    Discrete Jitter          (DJ):    0.099ns
    Phase Error              (PE):    0.000ns

    Location             Delay type                Incr(ns)  Path(ns)    Netlist Resource(s)
  -------------------------------------------------------------------    -------------------
                         (clock clk_core_235_unbuf rise edge)
                                                      0.000     0.000 r  
                         clock source latency        -1.206    -1.206    
                         propagated clock network latency
                                                      3.242     2.036    
    SLICE_X56Y211        FDRE                         0.000     2.036 r  gqav7_z19p_system_i/gqav7_accelerator_0/inst/u_accelerator/i_core/i_pipeline/i_downstream/i_softmax/meta_q_reg[37][row_index][1]/C
    SLICE_X56Y211        FDRE (Prop_GFF_SLICEL_C_Q)
                                                      0.079     2.115 r  gqav7_z19p_system_i/gqav7_accelerator_0/inst/u_accelerator/i_core/i_pipeline/i_downstream/i_softmax/meta_q_reg[37][row_index][1]/Q
                         net (fo=91, routed)          1.072     3.187    gqav7_z19p_system_i/gqav7_accelerator_0/inst/u_accelerator/i_core/i_pipeline/i_downstream/i_pair_rescale/i_combine_alpha/s0_q_reg[special_value][31]_1[1]
    SLICE_X35Y239        MUXF7 (Prop_F7MUX_GH_SLICEM_S_O)
                                                      0.076     3.263 f  gqav7_z19p_system_i/gqav7_accelerator_0/inst/u_accelerator/i_core/i_pipeline/i_downstream/i_pair_rescale/i_combine_alpha/significand_product_w_i_25/O
                         net (fo=1, routed)           0.196     3.459    gqav7_z19p_system_i/gqav7_accelerator_0/inst/u_accelerator/i_core/i_pipeline/i_downstream/i_pair_rescale/i_combine_alpha/significand_product_w_i_25_n_0
    SLICE_X35Y236        LUT6 (Prop_G6LUT_SLICEM_I5_O)
                                                      0.123     3.582 f  gqav7_z19p_system_i/gqav7_accelerator_0/inst/u_accelerator/i_core/i_pipeline/i_downstream/i_pair_rescale/i_combine_alpha/significand_product_w_i_2__7/O
                         net (fo=2, routed)           0.282     3.864    gqav7_z19p_system_i/gqav7_accelerator_0/inst/u_accelerator/i_core/i_pipeline/i_downstream/i_pair_rescale/i_combine_alpha/significand_product_w/B[15]
    DSP48E2_X4Y94        DSP_A_B_DATA (Prop_DSP_A_B_DATA_DSP48E2_B[15]_B2_DATA[15])
                                                      0.151     4.015 r  gqav7_z19p_system_i/gqav7_accelerator_0/inst/u_accelerator/i_core/i_pipeline/i_downstream/i_pair_rescale/i_combine_alpha/significand_product_w/DSP_A_B_DATA_INST/B2_DATA[15]
                         net (fo=1, routed)           0.000     4.015    gqav7_z19p_system_i/gqav7_accelerator_0/inst/u_accelerator/i_core/i_pipeline/i_downstream/i_pair_rescale/i_combine_alpha/significand_product_w/DSP_A_B_DATA.B2_DATA<15>
    DSP48E2_X4Y94        DSP_PREADD_DATA (Prop_DSP_PREADD_DATA_DSP48E2_B2_DATA[15]_B2B1[15])
                                                      0.073     4.088 r  gqav7_z19p_system_i/gqav7_accelerator_0/inst/u_accelerator/i_core/i_pipeline/i_downstream/i_pair_rescale/i_combine_alpha/significand_product_w/DSP_PREADD_DATA_INST/B2B1[15]
                         net (fo=1, routed)           0.000     4.088    gqav7_z19p_system_i/gqav7_accelerator_0/inst/u_accelerator/i_core/i_pipeline/i_downstream/i_pair_rescale/i_combine_alpha/significand_product_w/DSP_PREADD_DATA.B2B1<15>
    DSP48E2_X4Y94        DSP_MULTIPLIER (Prop_DSP_MULTIPLIER_DSP48E2_B2B1[15]_V[43])
                                                      0.609     4.697 f  gqav7_z19p_system_i/gqav7_accelerator_0/inst/u_accelerator/i_core/i_pipeline/i_downstream/i_pair_rescale/i_combine_alpha/significand_product_w/DSP_MULTIPLIER_INST/V[43]
                         net (fo=1, routed)           0.000     4.697    gqav7_z19p_system_i/gqav7_accelerator_0/inst/u_accelerator/i_core/i_pipeline/i_downstream/i_pair_rescale/i_combine_alpha/significand_product_w/DSP_MULTIPLIER.V<43>
    DSP48E2_X4Y94        DSP_M_DATA (Prop_DSP_M_DATA_DSP48E2_V[43]_V_DATA[43])
                                                      0.046     4.743 r  gqav7_z19p_system_i/gqav7_accelerator_0/inst/u_accelerator/i_core/i_pipeline/i_downstream/i_pair_rescale/i_combine_alpha/significand_product_w/DSP_M_DATA_INST/V_DATA[43]
                         net (fo=1, routed)           0.000     4.743    gqav7_z19p_system_i/gqav7_accelerator_0/inst/u_accelerator/i_core/i_pipeline/i_downstream/i_pair_rescale/i_combine_alpha/significand_product_w/DSP_M_DATA.V_DATA<43>
    DSP48E2_X4Y94        DSP_ALU (Prop_DSP_ALU_DSP48E2_V_DATA[43]_ALU_OUT[47])
                                                      0.571     5.314 f  gqav7_z19p_system_i/gqav7_accelerator_0/inst/u_accelerator/i_core/i_pipeline/i_downstream/i_pair_rescale/i_combine_alpha/significand_product_w/DSP_ALU_INST/ALU_OUT[47]
                         net (fo=1, routed)           0.000     5.314    gqav7_z19p_system_i/gqav7_accelerator_0/inst/u_accelerator/i_core/i_pipeline/i_downstream/i_pair_rescale/i_combine_alpha/significand_product_w/DSP_ALU.ALU_OUT<47>
    DSP48E2_X4Y94        DSP_OUTPUT (Prop_DSP_OUTPUT_DSP48E2_ALU_OUT[47]_PCOUT[47])
                                                      0.122     5.436 r  gqav7_z19p_system_i/gqav7_accelerator_0/inst/u_accelerator/i_core/i_pipeline/i_downstream/i_pair_rescale/i_combine_alpha/significand_product_w/DSP_OUTPUT_INST/PCOUT[47]
                         net (fo=1, routed)           0.014     5.450    gqav7_z19p_system_i/gqav7_accelerator_0/inst/u_accelerator/i_core/i_pipeline/i_downstream/i_pair_rescale/i_combine_alpha/s0_q_reg[significand_product]/PCIN[47]
    DSP48E2_X4Y95        DSP_ALU (Prop_DSP_ALU_DSP48E2_PCIN[47]_ALU_OUT[39])
                                                      0.546     5.996 r  gqav7_z19p_system_i/gqav7_accelerator_0/inst/u_accelerator/i_core/i_pipeline/i_downstream/i_pair_rescale/i_combine_alpha/s0_q_reg[significand_product]/DSP_ALU_INST/ALU_OUT[39]
                         net (fo=1, routed)           0.000     5.996    gqav7_z19p_system_i/gqav7_accelerator_0/inst/u_accelerator/i_core/i_pipeline/i_downstream/i_pair_rescale/i_combine_alpha/s0_q_reg[significand_product]/DSP_ALU.ALU_OUT<39>
    DSP48E2_X4Y95        DSP_OUTPUT                                   r  gqav7_z19p_system_i/gqav7_accelerator_0/inst/u_accelerator/i_core/i_pipeline/i_downstream/i_pair_rescale/i_combine_alpha/s0_q_reg[significand_product]/DSP_OUTPUT_INST/ALU_OUT[39]
  -------------------------------------------------------------------    -------------------

                         (clock clk_core_235_unbuf rise edge)
                                                      4.255     4.255 r  
                         clock source latency        -1.044     3.211    
                         propagated clock network latency
                                                      2.790     6.002    
                         clock pessimism              0.086     6.088    
                         clock uncertainty           -0.061     6.027    
    DSP48E2_X4Y95        DSP_OUTPUT (Setup_DSP_OUTPUT_DSP48E2_CLK_ALU_OUT[39])
                                                      0.015     6.042    gqav7_z19p_system_i/gqav7_accelerator_0/inst/u_accelerator/i_core/i_pipeline/i_downstream/i_pair_rescale/i_combine_alpha/s0_q_reg[significand_product]/DSP_OUTPUT_INST
  -------------------------------------------------------------------
                         required time                          6.042    
                         arrival time                          -5.996    
  -------------------------------------------------------------------
                         slack                                  0.046    

Slack (MET) :             0.046ns  (required time - arrival time)
  Source:                 gqav7_z19p_system_i/gqav7_accelerator_0/inst/u_accelerator/i_core/i_pipeline/i_downstream/i_softmax/meta_q_reg[37][row_index][1]/C
                            (rising edge-triggered cell FDRE clocked by clk_core_235_unbuf  {rise@0.000ns fall@2.128ns period=4.255ns})
  Destination:            gqav7_z19p_system_i/gqav7_accelerator_0/inst/u_accelerator/i_core/i_pipeline/i_downstream/i_pair_rescale/i_combine_alpha/s0_q_reg[significand_product]/DSP_OUTPUT_INST/ALU_OUT[3]
                            (rising edge-triggered cell DSP_OUTPUT clocked by clk_core_235_unbuf  {rise@0.000ns fall@2.128ns period=4.255ns})
  Path Group:             clk_core_235_unbuf
  Path Type:              Setup (Max at Slow Process Corner)
  Requirement:            4.255ns  (clk_core_235_unbuf rise@4.255ns - clk_core_235_unbuf rise@0.000ns)
  Data Path Delay:        3.959ns  (logic 2.396ns (60.515%)  route 1.563ns (39.485%))
  Logic Levels:           9  (DSP_A_B_DATA=1 DSP_ALU=2 DSP_M_DATA=1 DSP_MULTIPLIER=1 DSP_OUTPUT=1 DSP_PREADD_DATA=1 LUT6=1 MUXF7=1)
  Clock Path Skew:        -0.204ns (DCD - SCD + CPR)
    Destination Clock Delay (DCD):    1.746ns = ( 6.002 - 4.255 ) 
    Source Clock Delay      (SCD):    2.036ns
    Clock Pessimism Removal (CPR):    0.086ns
  Clock Uncertainty:      0.061ns  ((TSJ^2 + DJ^2)^1/2) / 2 + PE
    Total System Jitter     (TSJ):    0.071ns
    Discrete Jitter          (DJ):    0.099ns
    Phase Error              (PE):    0.000ns

    Location             Delay type                Incr(ns)  Path(ns)    Netlist Resource(s)
  -------------------------------------------------------------------    -------------------
                         (clock clk_core_235_unbuf rise edge)
                                                      0.000     0.000 r  
                         clock source latency        -1.206    -1.206    
                         propagated clock network latency
                                                      3.242     2.036    
    SLICE_X56Y211        FDRE                         0.000     2.036 r  gqav7_z19p_system_i/gqav7_accelerator_0/inst/u_accelerator/i_core/i_pipeline/i_downstream/i_softmax/meta_q_reg[37][row_index][1]/C
    SLICE_X56Y211        FDRE (Prop_GFF_SLICEL_C_Q)
                                                      0.079     2.115 r  gqav7_z19p_system_i/gqav7_accelerator_0/inst/u_accelerator/i_core/i_pipeline/i_downstream/i_softmax/meta_q_reg[37][row_index][1]/Q
                         net (fo=91, routed)          1.072     3.187    gqav7_z19p_system_i/gqav7_accelerator_0/inst/u_accelerator/i_core/i_pipeline/i_downstream/i_pair_rescale/i_combine_alpha/s0_q_reg[special_value][31]_1[1]
    SLICE_X35Y239        MUXF7 (Prop_F7MUX_GH_SLICEM_S_O)
                                                      0.076     3.263 f  gqav7_z19p_system_i/gqav7_accelerator_0/inst/u_accelerator/i_core/i_pipeline/i_downstream/i_pair_rescale/i_combine_alpha/significand_product_w_i_25/O
                         net (fo=1, routed)           0.196     3.459    gqav7_z19p_system_i/gqav7_accelerator_0/inst/u_accelerator/i_core/i_pipeline/i_downstream/i_pair_rescale/i_combine_alpha/significand_product_w_i_25_n_0
    SLICE_X35Y236        LUT6 (Prop_G6LUT_SLICEM_I5_O)
                                                      0.123     3.582 f  gqav7_z19p_system_i/gqav7_accelerator_0/inst/u_accelerator/i_core/i_pipeline/i_downstream/i_pair_rescale/i_combine_alpha/significand_product_w_i_2__7/O
                         net (fo=2, routed)           0.282     3.864    gqav7_z19p_system_i/gqav7_accelerator_0/inst/u_accelerator/i_core/i_pipeline/i_downstream/i_pair_rescale/i_combine_alpha/significand_product_w/B[15]
    DSP48E2_X4Y94        DSP_A_B_DATA (Prop_DSP_A_B_DATA_DSP48E2_B[15]_B2_DATA[15])
                                                      0.151     4.015 r  gqav7_z19p_system_i/gqav7_accelerator_0/inst/u_accelerator/i_core/i_pipeline/i_downstream/i_pair_rescale/i_combine_alpha/significand_product_w/DSP_A_B_DATA_INST/B2_DATA[15]
                         net (fo=1, routed)           0.000     4.015    gqav7_z19p_system_i/gqav7_accelerator_0/inst/u_accelerator/i_core/i_pipeline/i_downstream/i_pair_rescale/i_combine_alpha/significand_product_w/DSP_A_B_DATA.B2_DATA<15>
    DSP48E2_X4Y94        DSP_PREADD_DATA (Prop_DSP_PREADD_DATA_DSP48E2_B2_DATA[15]_B2B1[15])
                                                      0.073     4.088 r  gqav7_z19p_system_i/gqav7_accelerator_0/inst/u_accelerator/i_core/i_pipeline/i_downstream/i_pair_rescale/i_combine_alpha/significand_product_w/DSP_PREADD_DATA_INST/B2B1[15]
                         net (fo=1, routed)           0.000     4.088    gqav7_z19p_system_i/gqav7_accelerator_0/inst/u_accelerator/i_core/i_pipeline/i_downstream/i_pair_rescale/i_combine_alpha/significand_product_w/DSP_PREADD_DATA.B2B1<15>
    DSP48E2_X4Y94        DSP_MULTIPLIER (Prop_DSP_MULTIPLIER_DSP48E2_B2B1[15]_V[43])
                                                      0.609     4.697 f  gqav7_z19p_system_i/gqav7_accelerator_0/inst/u_accelerator/i_core/i_pipeline/i_downstream/i_pair_rescale/i_combine_alpha/significand_product_w/DSP_MULTIPLIER_INST/V[43]
                         net (fo=1, routed)           0.000     4.697    gqav7_z19p_system_i/gqav7_accelerator_0/inst/u_accelerator/i_core/i_pipeline/i_downstream/i_pair_rescale/i_combine_alpha/significand_product_w/DSP_MULTIPLIER.V<43>
    DSP48E2_X4Y94        DSP_M_DATA (Prop_DSP_M_DATA_DSP48E2_V[43]_V_DATA[43])
                                                      0.046     4.743 r  gqav7_z19p_system_i/gqav7_accelerator_0/inst/u_accelerator/i_core/i_pipeline/i_downstream/i_pair_rescale/i_combine_alpha/significand_product_w/DSP_M_DATA_INST/V_DATA[43]
                         net (fo=1, routed)           0.000     4.743    gqav7_z19p_system_i/gqav7_accelerator_0/inst/u_accelerator/i_core/i_pipeline/i_downstream/i_pair_rescale/i_combine_alpha/significand_product_w/DSP_M_DATA.V_DATA<43>
    DSP48E2_X4Y94        DSP_ALU (Prop_DSP_ALU_DSP48E2_V_DATA[43]_ALU_OUT[47])
                                                      0.571     5.314 f  gqav7_z19p_system_i/gqav7_accelerator_0/inst/u_accelerator/i_core/i_pipeline/i_downstream/i_pair_rescale/i_combine_alpha/significand_product_w/DSP_ALU_INST/ALU_OUT[47]
                         net (fo=1, routed)           0.000     5.314    gqav7_z19p_system_i/gqav7_accelerator_0/inst/u_accelerator/i_core/i_pipeline/i_downstream/i_pair_rescale/i_combine_alpha/significand_product_w/DSP_ALU.ALU_OUT<47>
    DSP48E2_X4Y94        DSP_OUTPUT (Prop_DSP_OUTPUT_DSP48E2_ALU_OUT[47]_PCOUT[47])
                                                      0.122     5.436 r  gqav7_z19p_system_i/gqav7_accelerator_0/inst/u_accelerator/i_core/i_pipeline/i_downstream/i_pair_rescale/i_combine_alpha/significand_product_w/DSP_OUTPUT_INST/PCOUT[47]
                         net (fo=1, routed)           0.014     5.450    gqav7_z19p_system_i/gqav7_accelerator_0/inst/u_accelerator/i_core/i_pipeline/i_downstream/i_pair_rescale/i_combine_alpha/s0_q_reg[significand_product]/PCIN[47]
    DSP48E2_X4Y95        DSP_ALU (Prop_DSP_ALU_DSP48E2_PCIN[47]_ALU_OUT[3])
                                                      0.546     5.996 r  gqav7_z19p_system_i/gqav7_accelerator_0/inst/u_accelerator/i_core/i_pipeline/i_downstream/i_pair_rescale/i_combine_alpha/s0_q_reg[significand_product]/DSP_ALU_INST/ALU_OUT[3]
                         net (fo=1, routed)           0.000     5.996    gqav7_z19p_system_i/gqav7_accelerator_0/inst/u_accelerator/i_core/i_pipeline/i_downstream/i_pair_rescale/i_combine_alpha/s0_q_reg[significand_product]/DSP_ALU.ALU_OUT<3>
    DSP48E2_X4Y95        DSP_OUTPUT                                   r  gqav7_z19p_system_i/gqav7_accelerator_0/inst/u_accelerator/i_core/i_pipeline/i_downstream/i_pair_rescale/i_combine_alpha/s0_q_reg[significand_product]/DSP_OUTPUT_INST/ALU_OUT[3]
  -------------------------------------------------------------------    -------------------

                         (clock clk_core_235_unbuf rise edge)
                                                      4.255     4.255 r  
                         clock source latency        -1.044     3.211    
                         propagated clock network latency
                                                      2.790     6.002    
                         clock pessimism              0.086     6.088    
                         clock uncertainty           -0.061     6.027    
    DSP48E2_X4Y95        DSP_OUTPUT (Setup_DSP_OUTPUT_DSP48E2_CLK_ALU_OUT[3])
                                                      0.015     6.042    gqav7_z19p_system_i/gqav7_accelerator_0/inst/u_accelerator/i_core/i_pipeline/i_downstream/i_pair_rescale/i_combine_alpha/s0_q_reg[significand_product]/DSP_OUTPUT_INST
  -------------------------------------------------------------------
                         required time                          6.042    
                         arrival time                          -5.996    
  -------------------------------------------------------------------
                         slack                                  0.046    

Slack (MET) :             0.046ns  (required time - arrival time)
  Source:                 gqav7_z19p_system_i/gqav7_accelerator_0/inst/u_accelerator/i_core/i_pipeline/i_downstream/i_softmax/meta_q_reg[37][row_index][1]/C
                            (rising edge-triggered cell FDRE clocked by clk_core_235_unbuf  {rise@0.000ns fall@2.128ns period=4.255ns})
  Destination:            gqav7_z19p_system_i/gqav7_accelerator_0/inst/u_accelerator/i_core/i_pipeline/i_downstream/i_pair_rescale/i_combine_alpha/s0_q_reg[significand_product]/DSP_OUTPUT_INST/ALU_OUT[40]
                            (rising edge-triggered cell DSP_OUTPUT clocked by clk_core_235_unbuf  {rise@0.000ns fall@2.128ns period=4.255ns})
  Path Group:             clk_core_235_unbuf
  Path Type:              Setup (Max at Slow Process Corner)
  Requirement:            4.255ns  (clk_core_235_unbuf rise@4.255ns - clk_core_235_unbuf rise@0.000ns)
  Data Path Delay:        3.959ns  (logic 2.396ns (60.515%)  route 1.563ns (39.485%))
  Logic Levels:           9  (DSP_A_B_DATA=1 DSP_ALU=2 DSP_M_DATA=1 DSP_MULTIPLIER=1 DSP_OUTPUT=1 DSP_PREADD_DATA=1 LUT6=1 MUXF7=1)
  Clock Path Skew:        -0.204ns (DCD - SCD + CPR)
    Destination Clock Delay (DCD):    1.746ns = ( 6.002 - 4.255 ) 
    Source Clock Delay      (SCD):    2.036ns
    Clock Pessimism Removal (CPR):    0.086ns
  Clock Uncertainty:      0.061ns  ((TSJ^2 + DJ^2)^1/2) / 2 + PE
    Total System Jitter     (TSJ):    0.071ns
    Discrete Jitter          (DJ):    0.099ns
    Phase Error              (PE):    0.000ns

    Location             Delay type                Incr(ns)  Path(ns)    Netlist Resource(s)
  -------------------------------------------------------------------    -------------------
                         (clock clk_core_235_unbuf rise edge)
                                                      0.000     0.000 r  
                         clock source latency        -1.206    -1.206    
                         propagated clock network latency
                                                      3.242     2.036    
    SLICE_X56Y211        FDRE                         0.000     2.036 r  gqav7_z19p_system_i/gqav7_accelerator_0/inst/u_accelerator/i_core/i_pipeline/i_downstream/i_softmax/meta_q_reg[37][row_index][1]/C
    SLICE_X56Y211        FDRE (Prop_GFF_SLICEL_C_Q)
                                                      0.079     2.115 r  gqav7_z19p_system_i/gqav7_accelerator_0/inst/u_accelerator/i_core/i_pipeline/i_downstream/i_softmax/meta_q_reg[37][row_index][1]/Q
                         net (fo=91, routed)          1.072     3.187    gqav7_z19p_system_i/gqav7_accelerator_0/inst/u_accelerator/i_core/i_pipeline/i_downstream/i_pair_rescale/i_combine_alpha/s0_q_reg[special_value][31]_1[1]
    SLICE_X35Y239        MUXF7 (Prop_F7MUX_GH_SLICEM_S_O)
                                                      0.076     3.263 f  gqav7_z19p_system_i/gqav7_accelerator_0/inst/u_accelerator/i_core/i_pipeline/i_downstream/i_pair_rescale/i_combine_alpha/significand_product_w_i_25/O
                         net (fo=1, routed)           0.196     3.459    gqav7_z19p_system_i/gqav7_accelerator_0/inst/u_accelerator/i_core/i_pipeline/i_downstream/i_pair_rescale/i_combine_alpha/significand_product_w_i_25_n_0
    SLICE_X35Y236        LUT6 (Prop_G6LUT_SLICEM_I5_O)
                                                      0.123     3.582 f  gqav7_z19p_system_i/gqav7_accelerator_0/inst/u_accelerator/i_core/i_pipeline/i_downstream/i_pair_rescale/i_combine_alpha/significand_product_w_i_2__7/O
                         net (fo=2, routed)           0.282     3.864    gqav7_z19p_system_i/gqav7_accelerator_0/inst/u_accelerator/i_core/i_pipeline/i_downstream/i_pair_rescale/i_combine_alpha/significand_product_w/B[15]
    DSP48E2_X4Y94        DSP_A_B_DATA (Prop_DSP_A_B_DATA_DSP48E2_B[15]_B2_DATA[15])
                                                      0.151     4.015 r  gqav7_z19p_system_i/gqav7_accelerator_0/inst/u_accelerator/i_core/i_pipeline/i_downstream/i_pair_rescale/i_combine_alpha/significand_product_w/DSP_A_B_DATA_INST/B2_DATA[15]
                         net (fo=1, routed)           0.000     4.015    gqav7_z19p_system_i/gqav7_accelerator_0/inst/u_accelerator/i_core/i_pipeline/i_downstream/i_pair_rescale/i_combine_alpha/significand_product_w/DSP_A_B_DATA.B2_DATA<15>
    DSP48E2_X4Y94        DSP_PREADD_DATA (Prop_DSP_PREADD_DATA_DSP48E2_B2_DATA[15]_B2B1[15])
                                                      0.073     4.088 r  gqav7_z19p_system_i/gqav7_accelerator_0/inst/u_accelerator/i_core/i_pipeline/i_downstream/i_pair_rescale/i_combine_alpha/significand_product_w/DSP_PREADD_DATA_INST/B2B1[15]
                         net (fo=1, routed)           0.000     4.088    gqav7_z19p_system_i/gqav7_accelerator_0/inst/u_accelerator/i_core/i_pipeline/i_downstream/i_pair_rescale/i_combine_alpha/significand_product_w/DSP_PREADD_DATA.B2B1<15>
    DSP48E2_X4Y94        DSP_MULTIPLIER (Prop_DSP_MULTIPLIER_DSP48E2_B2B1[15]_V[43])
                                                      0.609     4.697 f  gqav7_z19p_system_i/gqav7_accelerator_0/inst/u_accelerator/i_core/i_pipeline/i_downstream/i_pair_rescale/i_combine_alpha/significand_product_w/DSP_MULTIPLIER_INST/V[43]
                         net (fo=1, routed)           0.000     4.697    gqav7_z19p_system_i/gqav7_accelerator_0/inst/u_accelerator/i_core/i_pipeline/i_downstream/i_pair_rescale/i_combine_alpha/significand_product_w/DSP_MULTIPLIER.V<43>
    DSP48E2_X4Y94        DSP_M_DATA (Prop_DSP_M_DATA_DSP48E2_V[43]_V_DATA[43])
                                                      0.046     4.743 r  gqav7_z19p_system_i/gqav7_accelerator_0/inst/u_accelerator/i_core/i_pipeline/i_downstream/i_pair_rescale/i_combine_alpha/significand_product_w/DSP_M_DATA_INST/V_DATA[43]
                         net (fo=1, routed)           0.000     4.743    gqav7_z19p_system_i/gqav7_accelerator_0/inst/u_accelerator/i_core/i_pipeline/i_downstream/i_pair_rescale/i_combine_alpha/significand_product_w/DSP_M_DATA.V_DATA<43>
    DSP48E2_X4Y94        DSP_ALU (Prop_DSP_ALU_DSP48E2_V_DATA[43]_ALU_OUT[47])
                                                      0.571     5.314 f  gqav7_z19p_system_i/gqav7_accelerator_0/inst/u_accelerator/i_core/i_pipeline/i_downstream/i_pair_rescale/i_combine_alpha/significand_product_w/DSP_ALU_INST/ALU_OUT[47]
                         net (fo=1, routed)           0.000     5.314    gqav7_z19p_system_i/gqav7_accelerator_0/inst/u_accelerator/i_core/i_pipeline/i_downstream/i_pair_rescale/i_combine_alpha/significand_product_w/DSP_ALU.ALU_OUT<47>
    DSP48E2_X4Y94        DSP_OUTPUT (Prop_DSP_OUTPUT_DSP48E2_ALU_OUT[47]_PCOUT[47])
                                                      0.122     5.436 r  gqav7_z19p_system_i/gqav7_accelerator_0/inst/u_accelerator/i_core/i_pipeline/i_downstream/i_pair_rescale/i_combine_alpha/significand_product_w/DSP_OUTPUT_INST/PCOUT[47]
                         net (fo=1, routed)           0.014     5.450    gqav7_z19p_system_i/gqav7_accelerator_0/inst/u_accelerator/i_core/i_pipeline/i_downstream/i_pair_rescale/i_combine_alpha/s0_q_reg[significand_product]/PCIN[47]
    DSP48E2_X4Y95        DSP_ALU (Prop_DSP_ALU_DSP48E2_PCIN[47]_ALU_OUT[40])
                                                      0.546     5.996 r  gqav7_z19p_system_i/gqav7_accelerator_0/inst/u_accelerator/i_core/i_pipeline/i_downstream/i_pair_rescale/i_combine_alpha/s0_q_reg[significand_product]/DSP_ALU_INST/ALU_OUT[40]
                         net (fo=1, routed)           0.000     5.996    gqav7_z19p_system_i/gqav7_accelerator_0/inst/u_accelerator/i_core/i_pipeline/i_downstream/i_pair_rescale/i_combine_alpha/s0_q_reg[significand_product]/DSP_ALU.ALU_OUT<40>
    DSP48E2_X4Y95        DSP_OUTPUT                                   r  gqav7_z19p_system_i/gqav7_accelerator_0/inst/u_accelerator/i_core/i_pipeline/i_downstream/i_pair_rescale/i_combine_alpha/s0_q_reg[significand_product]/DSP_OUTPUT_INST/ALU_OUT[40]
  -------------------------------------------------------------------    -------------------

                         (clock clk_core_235_unbuf rise edge)
                                                      4.255     4.255 r  
                         clock source latency        -1.044     3.211    
                         propagated clock network latency
                                                      2.790     6.002    
                         clock pessimism              0.086     6.088    
                         clock uncertainty           -0.061     6.027    
    DSP48E2_X4Y95        DSP_OUTPUT (Setup_DSP_OUTPUT_DSP48E2_CLK_ALU_OUT[40])
                                                      0.015     6.042    gqav7_z19p_system_i/gqav7_accelerator_0/inst/u_accelerator/i_core/i_pipeline/i_downstream/i_pair_rescale/i_combine_alpha/s0_q_reg[significand_product]/DSP_OUTPUT_INST
  -------------------------------------------------------------------
                         required time                          6.042    
                         arrival time                          -5.996    
  -------------------------------------------------------------------
                         slack                                  0.046    

Slack (MET) :             0.046ns  (required time - arrival time)
  Source:                 gqav7_z19p_system_i/gqav7_accelerator_0/inst/u_accelerator/i_core/i_pipeline/i_downstream/i_softmax/meta_q_reg[37][row_index][1]/C
                            (rising edge-triggered cell FDRE clocked by clk_core_235_unbuf  {rise@0.000ns fall@2.128ns period=4.255ns})
  Destination:            gqav7_z19p_system_i/gqav7_accelerator_0/inst/u_accelerator/i_core/i_pipeline/i_downstream/i_pair_rescale/i_combine_alpha/s0_q_reg[significand_product]/DSP_OUTPUT_INST/ALU_OUT[41]
                            (rising edge-triggered cell DSP_OUTPUT clocked by clk_core_235_unbuf  {rise@0.000ns fall@2.128ns period=4.255ns})
  Path Group:             clk_core_235_unbuf
  Path Type:              Setup (Max at Slow Process Corner)
  Requirement:            4.255ns  (clk_core_235_unbuf rise@4.255ns - clk_core_235_unbuf rise@0.000ns)
  Data Path Delay:        3.959ns  (logic 2.396ns (60.515%)  route 1.563ns (39.485%))
  Logic Levels:           9  (DSP_A_B_DATA=1 DSP_ALU=2 DSP_M_DATA=1 DSP_MULTIPLIER=1 DSP_OUTPUT=1 DSP_PREADD_DATA=1 LUT6=1 MUXF7=1)
  Clock Path Skew:        -0.204ns (DCD - SCD + CPR)
    Destination Clock Delay (DCD):    1.746ns = ( 6.002 - 4.255 ) 
    Source Clock Delay      (SCD):    2.036ns
    Clock Pessimism Removal (CPR):    0.086ns
  Clock Uncertainty:      0.061ns  ((TSJ^2 + DJ^2)^1/2) / 2 + PE
    Total System Jitter     (TSJ):    0.071ns
    Discrete Jitter          (DJ):    0.099ns
    Phase Error              (PE):    0.000ns

    Location             Delay type                Incr(ns)  Path(ns)    Netlist Resource(s)
  -------------------------------------------------------------------    -------------------
                         (clock clk_core_235_unbuf rise edge)
                                                      0.000     0.000 r  
                         clock source latency        -1.206    -1.206    
                         propagated clock network latency
                                                      3.242     2.036    
    SLICE_X56Y211        FDRE                         0.000     2.036 r  gqav7_z19p_system_i/gqav7_accelerator_0/inst/u_accelerator/i_core/i_pipeline/i_downstream/i_softmax/meta_q_reg[37][row_index][1]/C
    SLICE_X56Y211        FDRE (Prop_GFF_SLICEL_C_Q)
                                                      0.079     2.115 r  gqav7_z19p_system_i/gqav7_accelerator_0/inst/u_accelerator/i_core/i_pipeline/i_downstream/i_softmax/meta_q_reg[37][row_index][1]/Q
                         net (fo=91, routed)          1.072     3.187    gqav7_z19p_system_i/gqav7_accelerator_0/inst/u_accelerator/i_core/i_pipeline/i_downstream/i_pair_rescale/i_combine_alpha/s0_q_reg[special_value][31]_1[1]
    SLICE_X35Y239        MUXF7 (Prop_F7MUX_GH_SLICEM_S_O)
                                                      0.076     3.263 f  gqav7_z19p_system_i/gqav7_accelerator_0/inst/u_accelerator/i_core/i_pipeline/i_downstream/i_pair_rescale/i_combine_alpha/significand_product_w_i_25/O
                         net (fo=1, routed)           0.196     3.459    gqav7_z19p_system_i/gqav7_accelerator_0/inst/u_accelerator/i_core/i_pipeline/i_downstream/i_pair_rescale/i_combine_alpha/significand_product_w_i_25_n_0
    SLICE_X35Y236        LUT6 (Prop_G6LUT_SLICEM_I5_O)
                                                      0.123     3.582 f  gqav7_z19p_system_i/gqav7_accelerator_0/inst/u_accelerator/i_core/i_pipeline/i_downstream/i_pair_rescale/i_combine_alpha/significand_product_w_i_2__7/O
                         net (fo=2, routed)           0.282     3.864    gqav7_z19p_system_i/gqav7_accelerator_0/inst/u_accelerator/i_core/i_pipeline/i_downstream/i_pair_rescale/i_combine_alpha/significand_product_w/B[15]
    DSP48E2_X4Y94        DSP_A_B_DATA (Prop_DSP_A_B_DATA_DSP48E2_B[15]_B2_DATA[15])
                                                      0.151     4.015 r  gqav7_z19p_system_i/gqav7_accelerator_0/inst/u_accelerator/i_core/i_pipeline/i_downstream/i_pair_rescale/i_combine_alpha/significand_product_w/DSP_A_B_DATA_INST/B2_DATA[15]
                         net (fo=1, routed)           0.000     4.015    gqav7_z19p_system_i/gqav7_accelerator_0/inst/u_accelerator/i_core/i_pipeline/i_downstream/i_pair_rescale/i_combine_alpha/significand_product_w/DSP_A_B_DATA.B2_DATA<15>
    DSP48E2_X4Y94        DSP_PREADD_DATA (Prop_DSP_PREADD_DATA_DSP48E2_B2_DATA[15]_B2B1[15])
                                                      0.073     4.088 r  gqav7_z19p_system_i/gqav7_accelerator_0/inst/u_accelerator/i_core/i_pipeline/i_downstream/i_pair_rescale/i_combine_alpha/significand_product_w/DSP_PREADD_DATA_INST/B2B1[15]
                         net (fo=1, routed)           0.000     4.088    gqav7_z19p_system_i/gqav7_accelerator_0/inst/u_accelerator/i_core/i_pipeline/i_downstream/i_pair_rescale/i_combine_alpha/significand_product_w/DSP_PREADD_DATA.B2B1<15>
    DSP48E2_X4Y94        DSP_MULTIPLIER (Prop_DSP_MULTIPLIER_DSP48E2_B2B1[15]_V[43])
                                                      0.609     4.697 f  gqav7_z19p_system_i/gqav7_accelerator_0/inst/u_accelerator/i_core/i_pipeline/i_downstream/i_pair_rescale/i_combine_alpha/significand_product_w/DSP_MULTIPLIER_INST/V[43]
                         net (fo=1, routed)           0.000     4.697    gqav7_z19p_system_i/gqav7_accelerator_0/inst/u_accelerator/i_core/i_pipeline/i_downstream/i_pair_rescale/i_combine_alpha/significand_product_w/DSP_MULTIPLIER.V<43>
    DSP48E2_X4Y94        DSP_M_DATA (Prop_DSP_M_DATA_DSP48E2_V[43]_V_DATA[43])
                                                      0.046     4.743 r  gqav7_z19p_system_i/gqav7_accelerator_0/inst/u_accelerator/i_core/i_pipeline/i_downstream/i_pair_rescale/i_combine_alpha/significand_product_w/DSP_M_DATA_INST/V_DATA[43]
                         net (fo=1, routed)           0.000     4.743    gqav7_z19p_system_i/gqav7_accelerator_0/inst/u_accelerator/i_core/i_pipeline/i_downstream/i_pair_rescale/i_combine_alpha/significand_product_w/DSP_M_DATA.V_DATA<43>
    DSP48E2_X4Y94        DSP_ALU (Prop_DSP_ALU_DSP48E2_V_DATA[43]_ALU_OUT[47])
                                                      0.571     5.314 f  gqav7_z19p_system_i/gqav7_accelerator_0/inst/u_accelerator/i_core/i_pipeline/i_downstream/i_pair_rescale/i_combine_alpha/significand_product_w/DSP_ALU_INST/ALU_OUT[47]
                         net (fo=1, routed)           0.000     5.314    gqav7_z19p_system_i/gqav7_accelerator_0/inst/u_accelerator/i_core/i_pipeline/i_downstream/i_pair_rescale/i_combine_alpha/significand_product_w/DSP_ALU.ALU_OUT<47>
    DSP48E2_X4Y94        DSP_OUTPUT (Prop_DSP_OUTPUT_DSP48E2_ALU_OUT[47]_PCOUT[47])
                                                      0.122     5.436 r  gqav7_z19p_system_i/gqav7_accelerator_0/inst/u_accelerator/i_core/i_pipeline/i_downstream/i_pair_rescale/i_combine_alpha/significand_product_w/DSP_OUTPUT_INST/PCOUT[47]
                         net (fo=1, routed)           0.014     5.450    gqav7_z19p_system_i/gqav7_accelerator_0/inst/u_accelerator/i_core/i_pipeline/i_downstream/i_pair_rescale/i_combine_alpha/s0_q_reg[significand_product]/PCIN[47]
    DSP48E2_X4Y95        DSP_ALU (Prop_DSP_ALU_DSP48E2_PCIN[47]_ALU_OUT[41])
                                                      0.546     5.996 r  gqav7_z19p_system_i/gqav7_accelerator_0/inst/u_accelerator/i_core/i_pipeline/i_downstream/i_pair_rescale/i_combine_alpha/s0_q_reg[significand_product]/DSP_ALU_INST/ALU_OUT[41]
                         net (fo=1, routed)           0.000     5.996    gqav7_z19p_system_i/gqav7_accelerator_0/inst/u_accelerator/i_core/i_pipeline/i_downstream/i_pair_rescale/i_combine_alpha/s0_q_reg[significand_product]/DSP_ALU.ALU_OUT<41>
    DSP48E2_X4Y95        DSP_OUTPUT                                   r  gqav7_z19p_system_i/gqav7_accelerator_0/inst/u_accelerator/i_core/i_pipeline/i_downstream/i_pair_rescale/i_combine_alpha/s0_q_reg[significand_product]/DSP_OUTPUT_INST/ALU_OUT[41]
  -------------------------------------------------------------------    -------------------

                         (clock clk_core_235_unbuf rise edge)
                                                      4.255     4.255 r  
                         clock source latency        -1.044     3.211    
                         propagated clock network latency
                                                      2.790     6.002    
                         clock pessimism              0.086     6.088    
                         clock uncertainty           -0.061     6.027    
    DSP48E2_X4Y95        DSP_OUTPUT (Setup_DSP_OUTPUT_DSP48E2_CLK_ALU_OUT[41])
                                                      0.015     6.042    gqav7_z19p_system_i/gqav7_accelerator_0/inst/u_accelerator/i_core/i_pipeline/i_downstream/i_pair_rescale/i_combine_alpha/s0_q_reg[significand_product]/DSP_OUTPUT_INST
  -------------------------------------------------------------------
                         required time                          6.042    
                         arrival time                          -5.996    
  -------------------------------------------------------------------
                         slack                                  0.046    

Slack (MET) :             0.046ns  (required time - arrival time)
  Source:                 gqav7_z19p_system_i/gqav7_accelerator_0/inst/u_accelerator/i_core/i_pipeline/i_downstream/i_softmax/meta_q_reg[37][row_index][1]/C
                            (rising edge-triggered cell FDRE clocked by clk_core_235_unbuf  {rise@0.000ns fall@2.128ns period=4.255ns})
  Destination:            gqav7_z19p_system_i/gqav7_accelerator_0/inst/u_accelerator/i_core/i_pipeline/i_downstream/i_pair_rescale/i_combine_alpha/s0_q_reg[significand_product]/DSP_OUTPUT_INST/ALU_OUT[42]
                            (rising edge-triggered cell DSP_OUTPUT clocked by clk_core_235_unbuf  {rise@0.000ns fall@2.128ns period=4.255ns})
  Path Group:             clk_core_235_unbuf
  Path Type:              Setup (Max at Slow Process Corner)
  Requirement:            4.255ns  (clk_core_235_unbuf rise@4.255ns - clk_core_235_unbuf rise@0.000ns)
  Data Path Delay:        3.959ns  (logic 2.396ns (60.515%)  route 1.563ns (39.485%))
  Logic Levels:           9  (DSP_A_B_DATA=1 DSP_ALU=2 DSP_M_DATA=1 DSP_MULTIPLIER=1 DSP_OUTPUT=1 DSP_PREADD_DATA=1 LUT6=1 MUXF7=1)
  Clock Path Skew:        -0.204ns (DCD - SCD + CPR)
    Destination Clock Delay (DCD):    1.746ns = ( 6.002 - 4.255 ) 
    Source Clock Delay      (SCD):    2.036ns
    Clock Pessimism Removal (CPR):    0.086ns
  Clock Uncertainty:      0.061ns  ((TSJ^2 + DJ^2)^1/2) / 2 + PE
    Total System Jitter     (TSJ):    0.071ns
    Discrete Jitter          (DJ):    0.099ns
    Phase Error              (PE):    0.000ns

    Location             Delay type                Incr(ns)  Path(ns)    Netlist Resource(s)
  -------------------------------------------------------------------    -------------------
                         (clock clk_core_235_unbuf rise edge)
                                                      0.000     0.000 r  
                         clock source latency        -1.206    -1.206    
                         propagated clock network latency
                                                      3.242     2.036    
    SLICE_X56Y211        FDRE                         0.000     2.036 r  gqav7_z19p_system_i/gqav7_accelerator_0/inst/u_accelerator/i_core/i_pipeline/i_downstream/i_softmax/meta_q_reg[37][row_index][1]/C
    SLICE_X56Y211        FDRE (Prop_GFF_SLICEL_C_Q)
                                                      0.079     2.115 r  gqav7_z19p_system_i/gqav7_accelerator_0/inst/u_accelerator/i_core/i_pipeline/i_downstream/i_softmax/meta_q_reg[37][row_index][1]/Q
                         net (fo=91, routed)          1.072     3.187    gqav7_z19p_system_i/gqav7_accelerator_0/inst/u_accelerator/i_core/i_pipeline/i_downstream/i_pair_rescale/i_combine_alpha/s0_q_reg[special_value][31]_1[1]
    SLICE_X35Y239        MUXF7 (Prop_F7MUX_GH_SLICEM_S_O)
                                                      0.076     3.263 f  gqav7_z19p_system_i/gqav7_accelerator_0/inst/u_accelerator/i_core/i_pipeline/i_downstream/i_pair_rescale/i_combine_alpha/significand_product_w_i_25/O
                         net (fo=1, routed)           0.196     3.459    gqav7_z19p_system_i/gqav7_accelerator_0/inst/u_accelerator/i_core/i_pipeline/i_downstream/i_pair_rescale/i_combine_alpha/significand_product_w_i_25_n_0
    SLICE_X35Y236        LUT6 (Prop_G6LUT_SLICEM_I5_O)
                                                      0.123     3.582 f  gqav7_z19p_system_i/gqav7_accelerator_0/inst/u_accelerator/i_core/i_pipeline/i_downstream/i_pair_rescale/i_combine_alpha/significand_product_w_i_2__7/O
                         net (fo=2, routed)           0.282     3.864    gqav7_z19p_system_i/gqav7_accelerator_0/inst/u_accelerator/i_core/i_pipeline/i_downstream/i_pair_rescale/i_combine_alpha/significand_product_w/B[15]
    DSP48E2_X4Y94        DSP_A_B_DATA (Prop_DSP_A_B_DATA_DSP48E2_B[15]_B2_DATA[15])
                                                      0.151     4.015 r  gqav7_z19p_system_i/gqav7_accelerator_0/inst/u_accelerator/i_core/i_pipeline/i_downstream/i_pair_rescale/i_combine_alpha/significand_product_w/DSP_A_B_DATA_INST/B2_DATA[15]
                         net (fo=1, routed)           0.000     4.015    gqav7_z19p_system_i/gqav7_accelerator_0/inst/u_accelerator/i_core/i_pipeline/i_downstream/i_pair_rescale/i_combine_alpha/significand_product_w/DSP_A_B_DATA.B2_DATA<15>
    DSP48E2_X4Y94        DSP_PREADD_DATA (Prop_DSP_PREADD_DATA_DSP48E2_B2_DATA[15]_B2B1[15])
                                                      0.073     4.088 r  gqav7_z19p_system_i/gqav7_accelerator_0/inst/u_accelerator/i_core/i_pipeline/i_downstream/i_pair_rescale/i_combine_alpha/significand_product_w/DSP_PREADD_DATA_INST/B2B1[15]
                         net (fo=1, routed)           0.000     4.088    gqav7_z19p_system_i/gqav7_accelerator_0/inst/u_accelerator/i_core/i_pipeline/i_downstream/i_pair_rescale/i_combine_alpha/significand_product_w/DSP_PREADD_DATA.B2B1<15>
    DSP48E2_X4Y94        DSP_MULTIPLIER (Prop_DSP_MULTIPLIER_DSP48E2_B2B1[15]_V[43])
                                                      0.609     4.697 f  gqav7_z19p_system_i/gqav7_accelerator_0/inst/u_accelerator/i_core/i_pipeline/i_downstream/i_pair_rescale/i_combine_alpha/significand_product_w/DSP_MULTIPLIER_INST/V[43]
                         net (fo=1, routed)           0.000     4.697    gqav7_z19p_system_i/gqav7_accelerator_0/inst/u_accelerator/i_core/i_pipeline/i_downstream/i_pair_rescale/i_combine_alpha/significand_product_w/DSP_MULTIPLIER.V<43>
    DSP48E2_X4Y94        DSP_M_DATA (Prop_DSP_M_DATA_DSP48E2_V[43]_V_DATA[43])
                                                      0.046     4.743 r  gqav7_z19p_system_i/gqav7_accelerator_0/inst/u_accelerator/i_core/i_pipeline/i_downstream/i_pair_rescale/i_combine_alpha/significand_product_w/DSP_M_DATA_INST/V_DATA[43]
                         net (fo=1, routed)           0.000     4.743    gqav7_z19p_system_i/gqav7_accelerator_0/inst/u_accelerator/i_core/i_pipeline/i_downstream/i_pair_rescale/i_combine_alpha/significand_product_w/DSP_M_DATA.V_DATA<43>
    DSP48E2_X4Y94        DSP_ALU (Prop_DSP_ALU_DSP48E2_V_DATA[43]_ALU_OUT[47])
                                                      0.571     5.314 f  gqav7_z19p_system_i/gqav7_accelerator_0/inst/u_accelerator/i_core/i_pipeline/i_downstream/i_pair_rescale/i_combine_alpha/significand_product_w/DSP_ALU_INST/ALU_OUT[47]
                         net (fo=1, routed)           0.000     5.314    gqav7_z19p_system_i/gqav7_accelerator_0/inst/u_accelerator/i_core/i_pipeline/i_downstream/i_pair_rescale/i_combine_alpha/significand_product_w/DSP_ALU.ALU_OUT<47>
    DSP48E2_X4Y94        DSP_OUTPUT (Prop_DSP_OUTPUT_DSP48E2_ALU_OUT[47]_PCOUT[47])
                                                      0.122     5.436 r  gqav7_z19p_system_i/gqav7_accelerator_0/inst/u_accelerator/i_core/i_pipeline/i_downstream/i_pair_rescale/i_combine_alpha/significand_product_w/DSP_OUTPUT_INST/PCOUT[47]
                         net (fo=1, routed)           0.014     5.450    gqav7_z19p_system_i/gqav7_accelerator_0/inst/u_accelerator/i_core/i_pipeline/i_downstream/i_pair_rescale/i_combine_alpha/s0_q_reg[significand_product]/PCIN[47]
    DSP48E2_X4Y95        DSP_ALU (Prop_DSP_ALU_DSP48E2_PCIN[47]_ALU_OUT[42])
                                                      0.546     5.996 r  gqav7_z19p_system_i/gqav7_accelerator_0/inst/u_accelerator/i_core/i_pipeline/i_downstream/i_pair_rescale/i_combine_alpha/s0_q_reg[significand_product]/DSP_ALU_INST/ALU_OUT[42]
                         net (fo=1, routed)           0.000     5.996    gqav7_z19p_system_i/gqav7_accelerator_0/inst/u_accelerator/i_core/i_pipeline/i_downstream/i_pair_rescale/i_combine_alpha/s0_q_reg[significand_product]/DSP_ALU.ALU_OUT<42>
    DSP48E2_X4Y95        DSP_OUTPUT                                   r  gqav7_z19p_system_i/gqav7_accelerator_0/inst/u_accelerator/i_core/i_pipeline/i_downstream/i_pair_rescale/i_combine_alpha/s0_q_reg[significand_product]/DSP_OUTPUT_INST/ALU_OUT[42]
  -------------------------------------------------------------------    -------------------

                         (clock clk_core_235_unbuf rise edge)
                                                      4.255     4.255 r  
                         clock source latency        -1.044     3.211    
                         propagated clock network latency
                                                      2.790     6.002    
                         clock pessimism              0.086     6.088    
                         clock uncertainty           -0.061     6.027    
    DSP48E2_X4Y95        DSP_OUTPUT (Setup_DSP_OUTPUT_DSP48E2_CLK_ALU_OUT[42])
                                                      0.015     6.042    gqav7_z19p_system_i/gqav7_accelerator_0/inst/u_accelerator/i_core/i_pipeline/i_downstream/i_pair_rescale/i_combine_alpha/s0_q_reg[significand_product]/DSP_OUTPUT_INST
  -------------------------------------------------------------------
                         required time                          6.042    
                         arrival time                          -5.996    
  -------------------------------------------------------------------
                         slack                                  0.046    

Slack (MET) :             0.046ns  (required time - arrival time)
  Source:                 gqav7_z19p_system_i/gqav7_accelerator_0/inst/u_accelerator/i_core/i_pipeline/i_downstream/i_softmax/meta_q_reg[37][row_index][1]/C
                            (rising edge-triggered cell FDRE clocked by clk_core_235_unbuf  {rise@0.000ns fall@2.128ns period=4.255ns})
  Destination:            gqav7_z19p_system_i/gqav7_accelerator_0/inst/u_accelerator/i_core/i_pipeline/i_downstream/i_pair_rescale/i_combine_alpha/s0_q_reg[significand_product]/DSP_OUTPUT_INST/ALU_OUT[43]
                            (rising edge-triggered cell DSP_OUTPUT clocked by clk_core_235_unbuf  {rise@0.000ns fall@2.128ns period=4.255ns})
  Path Group:             clk_core_235_unbuf
  Path Type:              Setup (Max at Slow Process Corner)
  Requirement:            4.255ns  (clk_core_235_unbuf rise@4.255ns - clk_core_235_unbuf rise@0.000ns)
  Data Path Delay:        3.959ns  (logic 2.396ns (60.515%)  route 1.563ns (39.485%))
  Logic Levels:           9  (DSP_A_B_DATA=1 DSP_ALU=2 DSP_M_DATA=1 DSP_MULTIPLIER=1 DSP_OUTPUT=1 DSP_PREADD_DATA=1 LUT6=1 MUXF7=1)
  Clock Path Skew:        -0.204ns (DCD - SCD + CPR)
    Destination Clock Delay (DCD):    1.746ns = ( 6.002 - 4.255 ) 
    Source Clock Delay      (SCD):    2.036ns
    Clock Pessimism Removal (CPR):    0.086ns
  Clock Uncertainty:      0.061ns  ((TSJ^2 + DJ^2)^1/2) / 2 + PE
    Total System Jitter     (TSJ):    0.071ns
    Discrete Jitter          (DJ):    0.099ns
    Phase Error              (PE):    0.000ns

    Location             Delay type                Incr(ns)  Path(ns)    Netlist Resource(s)
  -------------------------------------------------------------------    -------------------
                         (clock clk_core_235_unbuf rise edge)
                                                      0.000     0.000 r  
                         clock source latency        -1.206    -1.206    
                         propagated clock network latency
                                                      3.242     2.036    
    SLICE_X56Y211        FDRE                         0.000     2.036 r  gqav7_z19p_system_i/gqav7_accelerator_0/inst/u_accelerator/i_core/i_pipeline/i_downstream/i_softmax/meta_q_reg[37][row_index][1]/C
    SLICE_X56Y211        FDRE (Prop_GFF_SLICEL_C_Q)
                                                      0.079     2.115 r  gqav7_z19p_system_i/gqav7_accelerator_0/inst/u_accelerator/i_core/i_pipeline/i_downstream/i_softmax/meta_q_reg[37][row_index][1]/Q
                         net (fo=91, routed)          1.072     3.187    gqav7_z19p_system_i/gqav7_accelerator_0/inst/u_accelerator/i_core/i_pipeline/i_downstream/i_pair_rescale/i_combine_alpha/s0_q_reg[special_value][31]_1[1]
    SLICE_X35Y239        MUXF7 (Prop_F7MUX_GH_SLICEM_S_O)
                                                      0.076     3.263 f  gqav7_z19p_system_i/gqav7_accelerator_0/inst/u_accelerator/i_core/i_pipeline/i_downstream/i_pair_rescale/i_combine_alpha/significand_product_w_i_25/O
                         net (fo=1, routed)           0.196     3.459    gqav7_z19p_system_i/gqav7_accelerator_0/inst/u_accelerator/i_core/i_pipeline/i_downstream/i_pair_rescale/i_combine_alpha/significand_product_w_i_25_n_0
    SLICE_X35Y236        LUT6 (Prop_G6LUT_SLICEM_I5_O)
                                                      0.123     3.582 f  gqav7_z19p_system_i/gqav7_accelerator_0/inst/u_accelerator/i_core/i_pipeline/i_downstream/i_pair_rescale/i_combine_alpha/significand_product_w_i_2__7/O
                         net (fo=2, routed)           0.282     3.864    gqav7_z19p_system_i/gqav7_accelerator_0/inst/u_accelerator/i_core/i_pipeline/i_downstream/i_pair_rescale/i_combine_alpha/significand_product_w/B[15]
    DSP48E2_X4Y94        DSP_A_B_DATA (Prop_DSP_A_B_DATA_DSP48E2_B[15]_B2_DATA[15])
                                                      0.151     4.015 r  gqav7_z19p_system_i/gqav7_accelerator_0/inst/u_accelerator/i_core/i_pipeline/i_downstream/i_pair_rescale/i_combine_alpha/significand_product_w/DSP_A_B_DATA_INST/B2_DATA[15]
                         net (fo=1, routed)           0.000     4.015    gqav7_z19p_system_i/gqav7_accelerator_0/inst/u_accelerator/i_core/i_pipeline/i_downstream/i_pair_rescale/i_combine_alpha/significand_product_w/DSP_A_B_DATA.B2_DATA<15>
    DSP48E2_X4Y94        DSP_PREADD_DATA (Prop_DSP_PREADD_DATA_DSP48E2_B2_DATA[15]_B2B1[15])
                                                      0.073     4.088 r  gqav7_z19p_system_i/gqav7_accelerator_0/inst/u_accelerator/i_core/i_pipeline/i_downstream/i_pair_rescale/i_combine_alpha/significand_product_w/DSP_PREADD_DATA_INST/B2B1[15]
                         net (fo=1, routed)           0.000     4.088    gqav7_z19p_system_i/gqav7_accelerator_0/inst/u_accelerator/i_core/i_pipeline/i_downstream/i_pair_rescale/i_combine_alpha/significand_product_w/DSP_PREADD_DATA.B2B1<15>
    DSP48E2_X4Y94        DSP_MULTIPLIER (Prop_DSP_MULTIPLIER_DSP48E2_B2B1[15]_V[43])
                                                      0.609     4.697 f  gqav7_z19p_system_i/gqav7_accelerator_0/inst/u_accelerator/i_core/i_pipeline/i_downstream/i_pair_rescale/i_combine_alpha/significand_product_w/DSP_MULTIPLIER_INST/V[43]
                         net (fo=1, routed)           0.000     4.697    gqav7_z19p_system_i/gqav7_accelerator_0/inst/u_accelerator/i_core/i_pipeline/i_downstream/i_pair_rescale/i_combine_alpha/significand_product_w/DSP_MULTIPLIER.V<43>
    DSP48E2_X4Y94        DSP_M_DATA (Prop_DSP_M_DATA_DSP48E2_V[43]_V_DATA[43])
                                                      0.046     4.743 r  gqav7_z19p_system_i/gqav7_accelerator_0/inst/u_accelerator/i_core/i_pipeline/i_downstream/i_pair_rescale/i_combine_alpha/significand_product_w/DSP_M_DATA_INST/V_DATA[43]
                         net (fo=1, routed)           0.000     4.743    gqav7_z19p_system_i/gqav7_accelerator_0/inst/u_accelerator/i_core/i_pipeline/i_downstream/i_pair_rescale/i_combine_alpha/significand_product_w/DSP_M_DATA.V_DATA<43>
    DSP48E2_X4Y94        DSP_ALU (Prop_DSP_ALU_DSP48E2_V_DATA[43]_ALU_OUT[47])
                                                      0.571     5.314 f  gqav7_z19p_system_i/gqav7_accelerator_0/inst/u_accelerator/i_core/i_pipeline/i_downstream/i_pair_rescale/i_combine_alpha/significand_product_w/DSP_ALU_INST/ALU_OUT[47]
                         net (fo=1, routed)           0.000     5.314    gqav7_z19p_system_i/gqav7_accelerator_0/inst/u_accelerator/i_core/i_pipeline/i_downstream/i_pair_rescale/i_combine_alpha/significand_product_w/DSP_ALU.ALU_OUT<47>
    DSP48E2_X4Y94        DSP_OUTPUT (Prop_DSP_OUTPUT_DSP48E2_ALU_OUT[47]_PCOUT[47])
                                                      0.122     5.436 r  gqav7_z19p_system_i/gqav7_accelerator_0/inst/u_accelerator/i_core/i_pipeline/i_downstream/i_pair_rescale/i_combine_alpha/significand_product_w/DSP_OUTPUT_INST/PCOUT[47]
                         net (fo=1, routed)           0.014     5.450    gqav7_z19p_system_i/gqav7_accelerator_0/inst/u_accelerator/i_core/i_pipeline/i_downstream/i_pair_rescale/i_combine_alpha/s0_q_reg[significand_product]/PCIN[47]
    DSP48E2_X4Y95        DSP_ALU (Prop_DSP_ALU_DSP48E2_PCIN[47]_ALU_OUT[43])
                                                      0.546     5.996 r  gqav7_z19p_system_i/gqav7_accelerator_0/inst/u_accelerator/i_core/i_pipeline/i_downstream/i_pair_rescale/i_combine_alpha/s0_q_reg[significand_product]/DSP_ALU_INST/ALU_OUT[43]
                         net (fo=1, routed)           0.000     5.996    gqav7_z19p_system_i/gqav7_accelerator_0/inst/u_accelerator/i_core/i_pipeline/i_downstream/i_pair_rescale/i_combine_alpha/s0_q_reg[significand_product]/DSP_ALU.ALU_OUT<43>
    DSP48E2_X4Y95        DSP_OUTPUT                                   r  gqav7_z19p_system_i/gqav7_accelerator_0/inst/u_accelerator/i_core/i_pipeline/i_downstream/i_pair_rescale/i_combine_alpha/s0_q_reg[significand_product]/DSP_OUTPUT_INST/ALU_OUT[43]
  -------------------------------------------------------------------    -------------------

                         (clock clk_core_235_unbuf rise edge)
                                                      4.255     4.255 r  
                         clock source latency        -1.044     3.211    
                         propagated clock network latency
                                                      2.790     6.002    
                         clock pessimism              0.086     6.088    
                         clock uncertainty           -0.061     6.027    
    DSP48E2_X4Y95        DSP_OUTPUT (Setup_DSP_OUTPUT_DSP48E2_CLK_ALU_OUT[43])
                                                      0.015     6.042    gqav7_z19p_system_i/gqav7_accelerator_0/inst/u_accelerator/i_core/i_pipeline/i_downstream/i_pair_rescale/i_combine_alpha/s0_q_reg[significand_product]/DSP_OUTPUT_INST
  -------------------------------------------------------------------
                         required time                          6.042    
                         arrival time                          -5.996    
  -------------------------------------------------------------------
                         slack                                  0.046    

Slack (MET) :             0.046ns  (required time - arrival time)
  Source:                 gqav7_z19p_system_i/gqav7_accelerator_0/inst/u_accelerator/i_core/i_pipeline/i_downstream/i_softmax/meta_q_reg[37][row_index][1]/C
                            (rising edge-triggered cell FDRE clocked by clk_core_235_unbuf  {rise@0.000ns fall@2.128ns period=4.255ns})
  Destination:            gqav7_z19p_system_i/gqav7_accelerator_0/inst/u_accelerator/i_core/i_pipeline/i_downstream/i_pair_rescale/i_combine_alpha/s0_q_reg[significand_product]/DSP_OUTPUT_INST/ALU_OUT[44]
                            (rising edge-triggered cell DSP_OUTPUT clocked by clk_core_235_unbuf  {rise@0.000ns fall@2.128ns period=4.255ns})
  Path Group:             clk_core_235_unbuf
  Path Type:              Setup (Max at Slow Process Corner)
  Requirement:            4.255ns  (clk_core_235_unbuf rise@4.255ns - clk_core_235_unbuf rise@0.000ns)
  Data Path Delay:        3.959ns  (logic 2.396ns (60.515%)  route 1.563ns (39.485%))
  Logic Levels:           9  (DSP_A_B_DATA=1 DSP_ALU=2 DSP_M_DATA=1 DSP_MULTIPLIER=1 DSP_OUTPUT=1 DSP_PREADD_DATA=1 LUT6=1 MUXF7=1)
  Clock Path Skew:        -0.204ns (DCD - SCD + CPR)
    Destination Clock Delay (DCD):    1.746ns = ( 6.002 - 4.255 ) 
    Source Clock Delay      (SCD):    2.036ns
    Clock Pessimism Removal (CPR):    0.086ns
  Clock Uncertainty:      0.061ns  ((TSJ^2 + DJ^2)^1/2) / 2 + PE
    Total System Jitter     (TSJ):    0.071ns
    Discrete Jitter          (DJ):    0.099ns
    Phase Error              (PE):    0.000ns

    Location             Delay type                Incr(ns)  Path(ns)    Netlist Resource(s)
  -------------------------------------------------------------------    -------------------
                         (clock clk_core_235_unbuf rise edge)
                                                      0.000     0.000 r  
                         clock source latency        -1.206    -1.206    
                         propagated clock network latency
                                                      3.242     2.036    
    SLICE_X56Y211        FDRE                         0.000     2.036 r  gqav7_z19p_system_i/gqav7_accelerator_0/inst/u_accelerator/i_core/i_pipeline/i_downstream/i_softmax/meta_q_reg[37][row_index][1]/C
    SLICE_X56Y211        FDRE (Prop_GFF_SLICEL_C_Q)
                                                      0.079     2.115 r  gqav7_z19p_system_i/gqav7_accelerator_0/inst/u_accelerator/i_core/i_pipeline/i_downstream/i_softmax/meta_q_reg[37][row_index][1]/Q
                         net (fo=91, routed)          1.072     3.187    gqav7_z19p_system_i/gqav7_accelerator_0/inst/u_accelerator/i_core/i_pipeline/i_downstream/i_pair_rescale/i_combine_alpha/s0_q_reg[special_value][31]_1[1]
    SLICE_X35Y239        MUXF7 (Prop_F7MUX_GH_SLICEM_S_O)
                                                      0.076     3.263 f  gqav7_z19p_system_i/gqav7_accelerator_0/inst/u_accelerator/i_core/i_pipeline/i_downstream/i_pair_rescale/i_combine_alpha/significand_product_w_i_25/O
                         net (fo=1, routed)           0.196     3.459    gqav7_z19p_system_i/gqav7_accelerator_0/inst/u_accelerator/i_core/i_pipeline/i_downstream/i_pair_rescale/i_combine_alpha/significand_product_w_i_25_n_0
    SLICE_X35Y236        LUT6 (Prop_G6LUT_SLICEM_I5_O)
                                                      0.123     3.582 f  gqav7_z19p_system_i/gqav7_accelerator_0/inst/u_accelerator/i_core/i_pipeline/i_downstream/i_pair_rescale/i_combine_alpha/significand_product_w_i_2__7/O
                         net (fo=2, routed)           0.282     3.864    gqav7_z19p_system_i/gqav7_accelerator_0/inst/u_accelerator/i_core/i_pipeline/i_downstream/i_pair_rescale/i_combine_alpha/significand_product_w/B[15]
    DSP48E2_X4Y94        DSP_A_B_DATA (Prop_DSP_A_B_DATA_DSP48E2_B[15]_B2_DATA[15])
                                                      0.151     4.015 r  gqav7_z19p_system_i/gqav7_accelerator_0/inst/u_accelerator/i_core/i_pipeline/i_downstream/i_pair_rescale/i_combine_alpha/significand_product_w/DSP_A_B_DATA_INST/B2_DATA[15]
                         net (fo=1, routed)           0.000     4.015    gqav7_z19p_system_i/gqav7_accelerator_0/inst/u_accelerator/i_core/i_pipeline/i_downstream/i_pair_rescale/i_combine_alpha/significand_product_w/DSP_A_B_DATA.B2_DATA<15>
    DSP48E2_X4Y94        DSP_PREADD_DATA (Prop_DSP_PREADD_DATA_DSP48E2_B2_DATA[15]_B2B1[15])
                                                      0.073     4.088 r  gqav7_z19p_system_i/gqav7_accelerator_0/inst/u_accelerator/i_core/i_pipeline/i_downstream/i_pair_rescale/i_combine_alpha/significand_product_w/DSP_PREADD_DATA_INST/B2B1[15]
                         net (fo=1, routed)           0.000     4.088    gqav7_z19p_system_i/gqav7_accelerator_0/inst/u_accelerator/i_core/i_pipeline/i_downstream/i_pair_rescale/i_combine_alpha/significand_product_w/DSP_PREADD_DATA.B2B1<15>
    DSP48E2_X4Y94        DSP_MULTIPLIER (Prop_DSP_MULTIPLIER_DSP48E2_B2B1[15]_V[43])
                                                      0.609     4.697 f  gqav7_z19p_system_i/gqav7_accelerator_0/inst/u_accelerator/i_core/i_pipeline/i_downstream/i_pair_rescale/i_combine_alpha/significand_product_w/DSP_MULTIPLIER_INST/V[43]
                         net (fo=1, routed)           0.000     4.697    gqav7_z19p_system_i/gqav7_accelerator_0/inst/u_accelerator/i_core/i_pipeline/i_downstream/i_pair_rescale/i_combine_alpha/significand_product_w/DSP_MULTIPLIER.V<43>
    DSP48E2_X4Y94        DSP_M_DATA (Prop_DSP_M_DATA_DSP48E2_V[43]_V_DATA[43])
                                                      0.046     4.743 r  gqav7_z19p_system_i/gqav7_accelerator_0/inst/u_accelerator/i_core/i_pipeline/i_downstream/i_pair_rescale/i_combine_alpha/significand_product_w/DSP_M_DATA_INST/V_DATA[43]
                         net (fo=1, routed)           0.000     4.743    gqav7_z19p_system_i/gqav7_accelerator_0/inst/u_accelerator/i_core/i_pipeline/i_downstream/i_pair_rescale/i_combine_alpha/significand_product_w/DSP_M_DATA.V_DATA<43>
    DSP48E2_X4Y94        DSP_ALU (Prop_DSP_ALU_DSP48E2_V_DATA[43]_ALU_OUT[47])
                                                      0.571     5.314 f  gqav7_z19p_system_i/gqav7_accelerator_0/inst/u_accelerator/i_core/i_pipeline/i_downstream/i_pair_rescale/i_combine_alpha/significand_product_w/DSP_ALU_INST/ALU_OUT[47]
                         net (fo=1, routed)           0.000     5.314    gqav7_z19p_system_i/gqav7_accelerator_0/inst/u_accelerator/i_core/i_pipeline/i_downstream/i_pair_rescale/i_combine_alpha/significand_product_w/DSP_ALU.ALU_OUT<47>
    DSP48E2_X4Y94        DSP_OUTPUT (Prop_DSP_OUTPUT_DSP48E2_ALU_OUT[47]_PCOUT[47])
                                                      0.122     5.436 r  gqav7_z19p_system_i/gqav7_accelerator_0/inst/u_accelerator/i_core/i_pipeline/i_downstream/i_pair_rescale/i_combine_alpha/significand_product_w/DSP_OUTPUT_INST/PCOUT[47]
                         net (fo=1, routed)           0.014     5.450    gqav7_z19p_system_i/gqav7_accelerator_0/inst/u_accelerator/i_core/i_pipeline/i_downstream/i_pair_rescale/i_combine_alpha/s0_q_reg[significand_product]/PCIN[47]
    DSP48E2_X4Y95        DSP_ALU (Prop_DSP_ALU_DSP48E2_PCIN[47]_ALU_OUT[44])
                                                      0.546     5.996 r  gqav7_z19p_system_i/gqav7_accelerator_0/inst/u_accelerator/i_core/i_pipeline/i_downstream/i_pair_rescale/i_combine_alpha/s0_q_reg[significand_product]/DSP_ALU_INST/ALU_OUT[44]
                         net (fo=1, routed)           0.000     5.996    gqav7_z19p_system_i/gqav7_accelerator_0/inst/u_accelerator/i_core/i_pipeline/i_downstream/i_pair_rescale/i_combine_alpha/s0_q_reg[significand_product]/DSP_ALU.ALU_OUT<44>
    DSP48E2_X4Y95        DSP_OUTPUT                                   r  gqav7_z19p_system_i/gqav7_accelerator_0/inst/u_accelerator/i_core/i_pipeline/i_downstream/i_pair_rescale/i_combine_alpha/s0_q_reg[significand_product]/DSP_OUTPUT_INST/ALU_OUT[44]
  -------------------------------------------------------------------    -------------------

                         (clock clk_core_235_unbuf rise edge)
                                                      4.255     4.255 r  
                         clock source latency        -1.044     3.211    
                         propagated clock network latency
                                                      2.790     6.002    
                         clock pessimism              0.086     6.088    
                         clock uncertainty           -0.061     6.027    
    DSP48E2_X4Y95        DSP_OUTPUT (Setup_DSP_OUTPUT_DSP48E2_CLK_ALU_OUT[44])
                                                      0.015     6.042    gqav7_z19p_system_i/gqav7_accelerator_0/inst/u_accelerator/i_core/i_pipeline/i_downstream/i_pair_rescale/i_combine_alpha/s0_q_reg[significand_product]/DSP_OUTPUT_INST
  -------------------------------------------------------------------
                         required time                          6.042    
                         arrival time                          -5.996    
  -------------------------------------------------------------------
                         slack                                  0.046    

Slack (MET) :             0.046ns  (required time - arrival time)
  Source:                 gqav7_z19p_system_i/gqav7_accelerator_0/inst/u_accelerator/i_core/i_pipeline/i_downstream/i_softmax/meta_q_reg[37][row_index][1]/C
                            (rising edge-triggered cell FDRE clocked by clk_core_235_unbuf  {rise@0.000ns fall@2.128ns period=4.255ns})
  Destination:            gqav7_z19p_system_i/gqav7_accelerator_0/inst/u_accelerator/i_core/i_pipeline/i_downstream/i_pair_rescale/i_combine_alpha/s0_q_reg[significand_product]/DSP_OUTPUT_INST/ALU_OUT[45]
                            (rising edge-triggered cell DSP_OUTPUT clocked by clk_core_235_unbuf  {rise@0.000ns fall@2.128ns period=4.255ns})
  Path Group:             clk_core_235_unbuf
  Path Type:              Setup (Max at Slow Process Corner)
  Requirement:            4.255ns  (clk_core_235_unbuf rise@4.255ns - clk_core_235_unbuf rise@0.000ns)
  Data Path Delay:        3.959ns  (logic 2.396ns (60.515%)  route 1.563ns (39.485%))
  Logic Levels:           9  (DSP_A_B_DATA=1 DSP_ALU=2 DSP_M_DATA=1 DSP_MULTIPLIER=1 DSP_OUTPUT=1 DSP_PREADD_DATA=1 LUT6=1 MUXF7=1)
  Clock Path Skew:        -0.204ns (DCD - SCD + CPR)
    Destination Clock Delay (DCD):    1.746ns = ( 6.002 - 4.255 ) 
    Source Clock Delay      (SCD):    2.036ns
    Clock Pessimism Removal (CPR):    0.086ns
  Clock Uncertainty:      0.061ns  ((TSJ^2 + DJ^2)^1/2) / 2 + PE
    Total System Jitter     (TSJ):    0.071ns
    Discrete Jitter          (DJ):    0.099ns
    Phase Error              (PE):    0.000ns

    Location             Delay type                Incr(ns)  Path(ns)    Netlist Resource(s)
  -------------------------------------------------------------------    -------------------
                         (clock clk_core_235_unbuf rise edge)
                                                      0.000     0.000 r  
                         clock source latency        -1.206    -1.206    
                         propagated clock network latency
                                                      3.242     2.036    
    SLICE_X56Y211        FDRE                         0.000     2.036 r  gqav7_z19p_system_i/gqav7_accelerator_0/inst/u_accelerator/i_core/i_pipeline/i_downstream/i_softmax/meta_q_reg[37][row_index][1]/C
    SLICE_X56Y211        FDRE (Prop_GFF_SLICEL_C_Q)
                                                      0.079     2.115 r  gqav7_z19p_system_i/gqav7_accelerator_0/inst/u_accelerator/i_core/i_pipeline/i_downstream/i_softmax/meta_q_reg[37][row_index][1]/Q
                         net (fo=91, routed)          1.072     3.187    gqav7_z19p_system_i/gqav7_accelerator_0/inst/u_accelerator/i_core/i_pipeline/i_downstream/i_pair_rescale/i_combine_alpha/s0_q_reg[special_value][31]_1[1]
    SLICE_X35Y239        MUXF7 (Prop_F7MUX_GH_SLICEM_S_O)
                                                      0.076     3.263 f  gqav7_z19p_system_i/gqav7_accelerator_0/inst/u_accelerator/i_core/i_pipeline/i_downstream/i_pair_rescale/i_combine_alpha/significand_product_w_i_25/O
                         net (fo=1, routed)           0.196     3.459    gqav7_z19p_system_i/gqav7_accelerator_0/inst/u_accelerator/i_core/i_pipeline/i_downstream/i_pair_rescale/i_combine_alpha/significand_product_w_i_25_n_0
    SLICE_X35Y236        LUT6 (Prop_G6LUT_SLICEM_I5_O)
                                                      0.123     3.582 f  gqav7_z19p_system_i/gqav7_accelerator_0/inst/u_accelerator/i_core/i_pipeline/i_downstream/i_pair_rescale/i_combine_alpha/significand_product_w_i_2__7/O
                         net (fo=2, routed)           0.282     3.864    gqav7_z19p_system_i/gqav7_accelerator_0/inst/u_accelerator/i_core/i_pipeline/i_downstream/i_pair_rescale/i_combine_alpha/significand_product_w/B[15]
    DSP48E2_X4Y94        DSP_A_B_DATA (Prop_DSP_A_B_DATA_DSP48E2_B[15]_B2_DATA[15])
                                                      0.151     4.015 r  gqav7_z19p_system_i/gqav7_accelerator_0/inst/u_accelerator/i_core/i_pipeline/i_downstream/i_pair_rescale/i_combine_alpha/significand_product_w/DSP_A_B_DATA_INST/B2_DATA[15]
                         net (fo=1, routed)           0.000     4.015    gqav7_z19p_system_i/gqav7_accelerator_0/inst/u_accelerator/i_core/i_pipeline/i_downstream/i_pair_rescale/i_combine_alpha/significand_product_w/DSP_A_B_DATA.B2_DATA<15>
    DSP48E2_X4Y94        DSP_PREADD_DATA (Prop_DSP_PREADD_DATA_DSP48E2_B2_DATA[15]_B2B1[15])
                                                      0.073     4.088 r  gqav7_z19p_system_i/gqav7_accelerator_0/inst/u_accelerator/i_core/i_pipeline/i_downstream/i_pair_rescale/i_combine_alpha/significand_product_w/DSP_PREADD_DATA_INST/B2B1[15]
                         net (fo=1, routed)           0.000     4.088    gqav7_z19p_system_i/gqav7_accelerator_0/inst/u_accelerator/i_core/i_pipeline/i_downstream/i_pair_rescale/i_combine_alpha/significand_product_w/DSP_PREADD_DATA.B2B1<15>
    DSP48E2_X4Y94        DSP_MULTIPLIER (Prop_DSP_MULTIPLIER_DSP48E2_B2B1[15]_V[43])
                                                      0.609     4.697 f  gqav7_z19p_system_i/gqav7_accelerator_0/inst/u_accelerator/i_core/i_pipeline/i_downstream/i_pair_rescale/i_combine_alpha/significand_product_w/DSP_MULTIPLIER_INST/V[43]
                         net (fo=1, routed)           0.000     4.697    gqav7_z19p_system_i/gqav7_accelerator_0/inst/u_accelerator/i_core/i_pipeline/i_downstream/i_pair_rescale/i_combine_alpha/significand_product_w/DSP_MULTIPLIER.V<43>
    DSP48E2_X4Y94        DSP_M_DATA (Prop_DSP_M_DATA_DSP48E2_V[43]_V_DATA[43])
                                                      0.046     4.743 r  gqav7_z19p_system_i/gqav7_accelerator_0/inst/u_accelerator/i_core/i_pipeline/i_downstream/i_pair_rescale/i_combine_alpha/significand_product_w/DSP_M_DATA_INST/V_DATA[43]
                         net (fo=1, routed)           0.000     4.743    gqav7_z19p_system_i/gqav7_accelerator_0/inst/u_accelerator/i_core/i_pipeline/i_downstream/i_pair_rescale/i_combine_alpha/significand_product_w/DSP_M_DATA.V_DATA<43>
    DSP48E2_X4Y94        DSP_ALU (Prop_DSP_ALU_DSP48E2_V_DATA[43]_ALU_OUT[47])
                                                      0.571     5.314 f  gqav7_z19p_system_i/gqav7_accelerator_0/inst/u_accelerator/i_core/i_pipeline/i_downstream/i_pair_rescale/i_combine_alpha/significand_product_w/DSP_ALU_INST/ALU_OUT[47]
                         net (fo=1, routed)           0.000     5.314    gqav7_z19p_system_i/gqav7_accelerator_0/inst/u_accelerator/i_core/i_pipeline/i_downstream/i_pair_rescale/i_combine_alpha/significand_product_w/DSP_ALU.ALU_OUT<47>
    DSP48E2_X4Y94        DSP_OUTPUT (Prop_DSP_OUTPUT_DSP48E2_ALU_OUT[47]_PCOUT[47])
                                                      0.122     5.436 r  gqav7_z19p_system_i/gqav7_accelerator_0/inst/u_accelerator/i_core/i_pipeline/i_downstream/i_pair_rescale/i_combine_alpha/significand_product_w/DSP_OUTPUT_INST/PCOUT[47]
                         net (fo=1, routed)           0.014     5.450    gqav7_z19p_system_i/gqav7_accelerator_0/inst/u_accelerator/i_core/i_pipeline/i_downstream/i_pair_rescale/i_combine_alpha/s0_q_reg[significand_product]/PCIN[47]
    DSP48E2_X4Y95        DSP_ALU (Prop_DSP_ALU_DSP48E2_PCIN[47]_ALU_OUT[45])
                                                      0.546     5.996 r  gqav7_z19p_system_i/gqav7_accelerator_0/inst/u_accelerator/i_core/i_pipeline/i_downstream/i_pair_rescale/i_combine_alpha/s0_q_reg[significand_product]/DSP_ALU_INST/ALU_OUT[45]
                         net (fo=1, routed)           0.000     5.996    gqav7_z19p_system_i/gqav7_accelerator_0/inst/u_accelerator/i_core/i_pipeline/i_downstream/i_pair_rescale/i_combine_alpha/s0_q_reg[significand_product]/DSP_ALU.ALU_OUT<45>
    DSP48E2_X4Y95        DSP_OUTPUT                                   r  gqav7_z19p_system_i/gqav7_accelerator_0/inst/u_accelerator/i_core/i_pipeline/i_downstream/i_pair_rescale/i_combine_alpha/s0_q_reg[significand_product]/DSP_OUTPUT_INST/ALU_OUT[45]
  -------------------------------------------------------------------    -------------------

                         (clock clk_core_235_unbuf rise edge)
                                                      4.255     4.255 r  
                         clock source latency        -1.044     3.211    
                         propagated clock network latency
                                                      2.790     6.002    
                         clock pessimism              0.086     6.088    
                         clock uncertainty           -0.061     6.027    
    DSP48E2_X4Y95        DSP_OUTPUT (Setup_DSP_OUTPUT_DSP48E2_CLK_ALU_OUT[45])
                                                      0.015     6.042    gqav7_z19p_system_i/gqav7_accelerator_0/inst/u_accelerator/i_core/i_pipeline/i_downstream/i_pair_rescale/i_combine_alpha/s0_q_reg[significand_product]/DSP_OUTPUT_INST
  -------------------------------------------------------------------
                         required time                          6.042    
                         arrival time                          -5.996    
  -------------------------------------------------------------------
                         slack                                  0.046    

Slack (MET) :             0.046ns  (required time - arrival time)
  Source:                 gqav7_z19p_system_i/gqav7_accelerator_0/inst/u_accelerator/i_core/i_pipeline/i_downstream/i_softmax/meta_q_reg[37][row_index][1]/C
                            (rising edge-triggered cell FDRE clocked by clk_core_235_unbuf  {rise@0.000ns fall@2.128ns period=4.255ns})
  Destination:            gqav7_z19p_system_i/gqav7_accelerator_0/inst/u_accelerator/i_core/i_pipeline/i_downstream/i_pair_rescale/i_combine_alpha/s0_q_reg[significand_product]/DSP_OUTPUT_INST/ALU_OUT[46]
                            (rising edge-triggered cell DSP_OUTPUT clocked by clk_core_235_unbuf  {rise@0.000ns fall@2.128ns period=4.255ns})
  Path Group:             clk_core_235_unbuf
  Path Type:              Setup (Max at Slow Process Corner)
  Requirement:            4.255ns  (clk_core_235_unbuf rise@4.255ns - clk_core_235_unbuf rise@0.000ns)
  Data Path Delay:        3.959ns  (logic 2.396ns (60.515%)  route 1.563ns (39.485%))
  Logic Levels:           9  (DSP_A_B_DATA=1 DSP_ALU=2 DSP_M_DATA=1 DSP_MULTIPLIER=1 DSP_OUTPUT=1 DSP_PREADD_DATA=1 LUT6=1 MUXF7=1)
  Clock Path Skew:        -0.204ns (DCD - SCD + CPR)
    Destination Clock Delay (DCD):    1.746ns = ( 6.002 - 4.255 ) 
    Source Clock Delay      (SCD):    2.036ns
    Clock Pessimism Removal (CPR):    0.086ns
  Clock Uncertainty:      0.061ns  ((TSJ^2 + DJ^2)^1/2) / 2 + PE
    Total System Jitter     (TSJ):    0.071ns
    Discrete Jitter          (DJ):    0.099ns
    Phase Error              (PE):    0.000ns

    Location             Delay type                Incr(ns)  Path(ns)    Netlist Resource(s)
  -------------------------------------------------------------------    -------------------
                         (clock clk_core_235_unbuf rise edge)
                                                      0.000     0.000 r  
                         clock source latency        -1.206    -1.206    
                         propagated clock network latency
                                                      3.242     2.036    
    SLICE_X56Y211        FDRE                         0.000     2.036 r  gqav7_z19p_system_i/gqav7_accelerator_0/inst/u_accelerator/i_core/i_pipeline/i_downstream/i_softmax/meta_q_reg[37][row_index][1]/C
    SLICE_X56Y211        FDRE (Prop_GFF_SLICEL_C_Q)
                                                      0.079     2.115 r  gqav7_z19p_system_i/gqav7_accelerator_0/inst/u_accelerator/i_core/i_pipeline/i_downstream/i_softmax/meta_q_reg[37][row_index][1]/Q
                         net (fo=91, routed)          1.072     3.187    gqav7_z19p_system_i/gqav7_accelerator_0/inst/u_accelerator/i_core/i_pipeline/i_downstream/i_pair_rescale/i_combine_alpha/s0_q_reg[special_value][31]_1[1]
    SLICE_X35Y239        MUXF7 (Prop_F7MUX_GH_SLICEM_S_O)
                                                      0.076     3.263 f  gqav7_z19p_system_i/gqav7_accelerator_0/inst/u_accelerator/i_core/i_pipeline/i_downstream/i_pair_rescale/i_combine_alpha/significand_product_w_i_25/O
                         net (fo=1, routed)           0.196     3.459    gqav7_z19p_system_i/gqav7_accelerator_0/inst/u_accelerator/i_core/i_pipeline/i_downstream/i_pair_rescale/i_combine_alpha/significand_product_w_i_25_n_0
    SLICE_X35Y236        LUT6 (Prop_G6LUT_SLICEM_I5_O)
                                                      0.123     3.582 f  gqav7_z19p_system_i/gqav7_accelerator_0/inst/u_accelerator/i_core/i_pipeline/i_downstream/i_pair_rescale/i_combine_alpha/significand_product_w_i_2__7/O
                         net (fo=2, routed)           0.282     3.864    gqav7_z19p_system_i/gqav7_accelerator_0/inst/u_accelerator/i_core/i_pipeline/i_downstream/i_pair_rescale/i_combine_alpha/significand_product_w/B[15]
    DSP48E2_X4Y94        DSP_A_B_DATA (Prop_DSP_A_B_DATA_DSP48E2_B[15]_B2_DATA[15])
                                                      0.151     4.015 r  gqav7_z19p_system_i/gqav7_accelerator_0/inst/u_accelerator/i_core/i_pipeline/i_downstream/i_pair_rescale/i_combine_alpha/significand_product_w/DSP_A_B_DATA_INST/B2_DATA[15]
                         net (fo=1, routed)           0.000     4.015    gqav7_z19p_system_i/gqav7_accelerator_0/inst/u_accelerator/i_core/i_pipeline/i_downstream/i_pair_rescale/i_combine_alpha/significand_product_w/DSP_A_B_DATA.B2_DATA<15>
    DSP48E2_X4Y94        DSP_PREADD_DATA (Prop_DSP_PREADD_DATA_DSP48E2_B2_DATA[15]_B2B1[15])
                                                      0.073     4.088 r  gqav7_z19p_system_i/gqav7_accelerator_0/inst/u_accelerator/i_core/i_pipeline/i_downstream/i_pair_rescale/i_combine_alpha/significand_product_w/DSP_PREADD_DATA_INST/B2B1[15]
                         net (fo=1, routed)           0.000     4.088    gqav7_z19p_system_i/gqav7_accelerator_0/inst/u_accelerator/i_core/i_pipeline/i_downstream/i_pair_rescale/i_combine_alpha/significand_product_w/DSP_PREADD_DATA.B2B1<15>
    DSP48E2_X4Y94        DSP_MULTIPLIER (Prop_DSP_MULTIPLIER_DSP48E2_B2B1[15]_V[43])
                                                      0.609     4.697 f  gqav7_z19p_system_i/gqav7_accelerator_0/inst/u_accelerator/i_core/i_pipeline/i_downstream/i_pair_rescale/i_combine_alpha/significand_product_w/DSP_MULTIPLIER_INST/V[43]
                         net (fo=1, routed)           0.000     4.697    gqav7_z19p_system_i/gqav7_accelerator_0/inst/u_accelerator/i_core/i_pipeline/i_downstream/i_pair_rescale/i_combine_alpha/significand_product_w/DSP_MULTIPLIER.V<43>
    DSP48E2_X4Y94        DSP_M_DATA (Prop_DSP_M_DATA_DSP48E2_V[43]_V_DATA[43])
                                                      0.046     4.743 r  gqav7_z19p_system_i/gqav7_accelerator_0/inst/u_accelerator/i_core/i_pipeline/i_downstream/i_pair_rescale/i_combine_alpha/significand_product_w/DSP_M_DATA_INST/V_DATA[43]
                         net (fo=1, routed)           0.000     4.743    gqav7_z19p_system_i/gqav7_accelerator_0/inst/u_accelerator/i_core/i_pipeline/i_downstream/i_pair_rescale/i_combine_alpha/significand_product_w/DSP_M_DATA.V_DATA<43>
    DSP48E2_X4Y94        DSP_ALU (Prop_DSP_ALU_DSP48E2_V_DATA[43]_ALU_OUT[47])
                                                      0.571     5.314 f  gqav7_z19p_system_i/gqav7_accelerator_0/inst/u_accelerator/i_core/i_pipeline/i_downstream/i_pair_rescale/i_combine_alpha/significand_product_w/DSP_ALU_INST/ALU_OUT[47]
                         net (fo=1, routed)           0.000     5.314    gqav7_z19p_system_i/gqav7_accelerator_0/inst/u_accelerator/i_core/i_pipeline/i_downstream/i_pair_rescale/i_combine_alpha/significand_product_w/DSP_ALU.ALU_OUT<47>
    DSP48E2_X4Y94        DSP_OUTPUT (Prop_DSP_OUTPUT_DSP48E2_ALU_OUT[47]_PCOUT[47])
                                                      0.122     5.436 r  gqav7_z19p_system_i/gqav7_accelerator_0/inst/u_accelerator/i_core/i_pipeline/i_downstream/i_pair_rescale/i_combine_alpha/significand_product_w/DSP_OUTPUT_INST/PCOUT[47]
                         net (fo=1, routed)           0.014     5.450    gqav7_z19p_system_i/gqav7_accelerator_0/inst/u_accelerator/i_core/i_pipeline/i_downstream/i_pair_rescale/i_combine_alpha/s0_q_reg[significand_product]/PCIN[47]
    DSP48E2_X4Y95        DSP_ALU (Prop_DSP_ALU_DSP48E2_PCIN[47]_ALU_OUT[46])
                                                      0.546     5.996 r  gqav7_z19p_system_i/gqav7_accelerator_0/inst/u_accelerator/i_core/i_pipeline/i_downstream/i_pair_rescale/i_combine_alpha/s0_q_reg[significand_product]/DSP_ALU_INST/ALU_OUT[46]
                         net (fo=1, routed)           0.000     5.996    gqav7_z19p_system_i/gqav7_accelerator_0/inst/u_accelerator/i_core/i_pipeline/i_downstream/i_pair_rescale/i_combine_alpha/s0_q_reg[significand_product]/DSP_ALU.ALU_OUT<46>
    DSP48E2_X4Y95        DSP_OUTPUT                                   r  gqav7_z19p_system_i/gqav7_accelerator_0/inst/u_accelerator/i_core/i_pipeline/i_downstream/i_pair_rescale/i_combine_alpha/s0_q_reg[significand_product]/DSP_OUTPUT_INST/ALU_OUT[46]
  -------------------------------------------------------------------    -------------------

                         (clock clk_core_235_unbuf rise edge)
                                                      4.255     4.255 r  
                         clock source latency        -1.044     3.211    
                         propagated clock network latency
                                                      2.790     6.002    
                         clock pessimism              0.086     6.088    
                         clock uncertainty           -0.061     6.027    
    DSP48E2_X4Y95        DSP_OUTPUT (Setup_DSP_OUTPUT_DSP48E2_CLK_ALU_OUT[46])
                                                      0.015     6.042    gqav7_z19p_system_i/gqav7_accelerator_0/inst/u_accelerator/i_core/i_pipeline/i_downstream/i_pair_rescale/i_combine_alpha/s0_q_reg[significand_product]/DSP_OUTPUT_INST
  -------------------------------------------------------------------
                         required time                          6.042    
                         arrival time                          -5.996    
  -------------------------------------------------------------------
                         slack                                  0.046    

Slack (MET) :             0.046ns  (required time - arrival time)
  Source:                 gqav7_z19p_system_i/gqav7_accelerator_0/inst/u_accelerator/i_core/i_pipeline/i_downstream/i_softmax/meta_q_reg[37][row_index][1]/C
                            (rising edge-triggered cell FDRE clocked by clk_core_235_unbuf  {rise@0.000ns fall@2.128ns period=4.255ns})
  Destination:            gqav7_z19p_system_i/gqav7_accelerator_0/inst/u_accelerator/i_core/i_pipeline/i_downstream/i_pair_rescale/i_combine_alpha/s0_q_reg[significand_product]/DSP_OUTPUT_INST/ALU_OUT[47]
                            (rising edge-triggered cell DSP_OUTPUT clocked by clk_core_235_unbuf  {rise@0.000ns fall@2.128ns period=4.255ns})
  Path Group:             clk_core_235_unbuf
  Path Type:              Setup (Max at Slow Process Corner)
  Requirement:            4.255ns  (clk_core_235_unbuf rise@4.255ns - clk_core_235_unbuf rise@0.000ns)
  Data Path Delay:        3.959ns  (logic 2.396ns (60.515%)  route 1.563ns (39.485%))
  Logic Levels:           9  (DSP_A_B_DATA=1 DSP_ALU=2 DSP_M_DATA=1 DSP_MULTIPLIER=1 DSP_OUTPUT=1 DSP_PREADD_DATA=1 LUT6=1 MUXF7=1)
  Clock Path Skew:        -0.204ns (DCD - SCD + CPR)
    Destination Clock Delay (DCD):    1.746ns = ( 6.002 - 4.255 ) 
    Source Clock Delay      (SCD):    2.036ns
    Clock Pessimism Removal (CPR):    0.086ns
  Clock Uncertainty:      0.061ns  ((TSJ^2 + DJ^2)^1/2) / 2 + PE
    Total System Jitter     (TSJ):    0.071ns
    Discrete Jitter          (DJ):    0.099ns
    Phase Error              (PE):    0.000ns

    Location             Delay type                Incr(ns)  Path(ns)    Netlist Resource(s)
  -------------------------------------------------------------------    -------------------
                         (clock clk_core_235_unbuf rise edge)
                                                      0.000     0.000 r  
                         clock source latency        -1.206    -1.206    
                         propagated clock network latency
                                                      3.242     2.036    
    SLICE_X56Y211        FDRE                         0.000     2.036 r  gqav7_z19p_system_i/gqav7_accelerator_0/inst/u_accelerator/i_core/i_pipeline/i_downstream/i_softmax/meta_q_reg[37][row_index][1]/C
    SLICE_X56Y211        FDRE (Prop_GFF_SLICEL_C_Q)
                                                      0.079     2.115 r  gqav7_z19p_system_i/gqav7_accelerator_0/inst/u_accelerator/i_core/i_pipeline/i_downstream/i_softmax/meta_q_reg[37][row_index][1]/Q
                         net (fo=91, routed)          1.072     3.187    gqav7_z19p_system_i/gqav7_accelerator_0/inst/u_accelerator/i_core/i_pipeline/i_downstream/i_pair_rescale/i_combine_alpha/s0_q_reg[special_value][31]_1[1]
    SLICE_X35Y239        MUXF7 (Prop_F7MUX_GH_SLICEM_S_O)
                                                      0.076     3.263 f  gqav7_z19p_system_i/gqav7_accelerator_0/inst/u_accelerator/i_core/i_pipeline/i_downstream/i_pair_rescale/i_combine_alpha/significand_product_w_i_25/O
                         net (fo=1, routed)           0.196     3.459    gqav7_z19p_system_i/gqav7_accelerator_0/inst/u_accelerator/i_core/i_pipeline/i_downstream/i_pair_rescale/i_combine_alpha/significand_product_w_i_25_n_0
    SLICE_X35Y236        LUT6 (Prop_G6LUT_SLICEM_I5_O)
                                                      0.123     3.582 f  gqav7_z19p_system_i/gqav7_accelerator_0/inst/u_accelerator/i_core/i_pipeline/i_downstream/i_pair_rescale/i_combine_alpha/significand_product_w_i_2__7/O
                         net (fo=2, routed)           0.282     3.864    gqav7_z19p_system_i/gqav7_accelerator_0/inst/u_accelerator/i_core/i_pipeline/i_downstream/i_pair_rescale/i_combine_alpha/significand_product_w/B[15]
    DSP48E2_X4Y94        DSP_A_B_DATA (Prop_DSP_A_B_DATA_DSP48E2_B[15]_B2_DATA[15])
                                                      0.151     4.015 r  gqav7_z19p_system_i/gqav7_accelerator_0/inst/u_accelerator/i_core/i_pipeline/i_downstream/i_pair_rescale/i_combine_alpha/significand_product_w/DSP_A_B_DATA_INST/B2_DATA[15]
                         net (fo=1, routed)           0.000     4.015    gqav7_z19p_system_i/gqav7_accelerator_0/inst/u_accelerator/i_core/i_pipeline/i_downstream/i_pair_rescale/i_combine_alpha/significand_product_w/DSP_A_B_DATA.B2_DATA<15>
    DSP48E2_X4Y94        DSP_PREADD_DATA (Prop_DSP_PREADD_DATA_DSP48E2_B2_DATA[15]_B2B1[15])
                                                      0.073     4.088 r  gqav7_z19p_system_i/gqav7_accelerator_0/inst/u_accelerator/i_core/i_pipeline/i_downstream/i_pair_rescale/i_combine_alpha/significand_product_w/DSP_PREADD_DATA_INST/B2B1[15]
                         net (fo=1, routed)           0.000     4.088    gqav7_z19p_system_i/gqav7_accelerator_0/inst/u_accelerator/i_core/i_pipeline/i_downstream/i_pair_rescale/i_combine_alpha/significand_product_w/DSP_PREADD_DATA.B2B1<15>
    DSP48E2_X4Y94        DSP_MULTIPLIER (Prop_DSP_MULTIPLIER_DSP48E2_B2B1[15]_V[43])
                                                      0.609     4.697 f  gqav7_z19p_system_i/gqav7_accelerator_0/inst/u_accelerator/i_core/i_pipeline/i_downstream/i_pair_rescale/i_combine_alpha/significand_product_w/DSP_MULTIPLIER_INST/V[43]
                         net (fo=1, routed)           0.000     4.697    gqav7_z19p_system_i/gqav7_accelerator_0/inst/u_accelerator/i_core/i_pipeline/i_downstream/i_pair_rescale/i_combine_alpha/significand_product_w/DSP_MULTIPLIER.V<43>
    DSP48E2_X4Y94        DSP_M_DATA (Prop_DSP_M_DATA_DSP48E2_V[43]_V_DATA[43])
                                                      0.046     4.743 r  gqav7_z19p_system_i/gqav7_accelerator_0/inst/u_accelerator/i_core/i_pipeline/i_downstream/i_pair_rescale/i_combine_alpha/significand_product_w/DSP_M_DATA_INST/V_DATA[43]
                         net (fo=1, routed)           0.000     4.743    gqav7_z19p_system_i/gqav7_accelerator_0/inst/u_accelerator/i_core/i_pipeline/i_downstream/i_pair_rescale/i_combine_alpha/significand_product_w/DSP_M_DATA.V_DATA<43>
    DSP48E2_X4Y94        DSP_ALU (Prop_DSP_ALU_DSP48E2_V_DATA[43]_ALU_OUT[47])
                                                      0.571     5.314 f  gqav7_z19p_system_i/gqav7_accelerator_0/inst/u_accelerator/i_core/i_pipeline/i_downstream/i_pair_rescale/i_combine_alpha/significand_product_w/DSP_ALU_INST/ALU_OUT[47]
                         net (fo=1, routed)           0.000     5.314    gqav7_z19p_system_i/gqav7_accelerator_0/inst/u_accelerator/i_core/i_pipeline/i_downstream/i_pair_rescale/i_combine_alpha/significand_product_w/DSP_ALU.ALU_OUT<47>
    DSP48E2_X4Y94        DSP_OUTPUT (Prop_DSP_OUTPUT_DSP48E2_ALU_OUT[47]_PCOUT[47])
                                                      0.122     5.436 r  gqav7_z19p_system_i/gqav7_accelerator_0/inst/u_accelerator/i_core/i_pipeline/i_downstream/i_pair_rescale/i_combine_alpha/significand_product_w/DSP_OUTPUT_INST/PCOUT[47]
                         net (fo=1, routed)           0.014     5.450    gqav7_z19p_system_i/gqav7_accelerator_0/inst/u_accelerator/i_core/i_pipeline/i_downstream/i_pair_rescale/i_combine_alpha/s0_q_reg[significand_product]/PCIN[47]
    DSP48E2_X4Y95        DSP_ALU (Prop_DSP_ALU_DSP48E2_PCIN[47]_ALU_OUT[47])
                                                      0.546     5.996 r  gqav7_z19p_system_i/gqav7_accelerator_0/inst/u_accelerator/i_core/i_pipeline/i_downstream/i_pair_rescale/i_combine_alpha/s0_q_reg[significand_product]/DSP_ALU_INST/ALU_OUT[47]
                         net (fo=1, routed)           0.000     5.996    gqav7_z19p_system_i/gqav7_accelerator_0/inst/u_accelerator/i_core/i_pipeline/i_downstream/i_pair_rescale/i_combine_alpha/s0_q_reg[significand_product]/DSP_ALU.ALU_OUT<47>
    DSP48E2_X4Y95        DSP_OUTPUT                                   r  gqav7_z19p_system_i/gqav7_accelerator_0/inst/u_accelerator/i_core/i_pipeline/i_downstream/i_pair_rescale/i_combine_alpha/s0_q_reg[significand_product]/DSP_OUTPUT_INST/ALU_OUT[47]
  -------------------------------------------------------------------    -------------------

                         (clock clk_core_235_unbuf rise edge)
                                                      4.255     4.255 r  
                         clock source latency        -1.044     3.211    
                         propagated clock network latency
                                                      2.790     6.002    
                         clock pessimism              0.086     6.088    
                         clock uncertainty           -0.061     6.027    
    DSP48E2_X4Y95        DSP_OUTPUT (Setup_DSP_OUTPUT_DSP48E2_CLK_ALU_OUT[47])
                                                      0.015     6.042    gqav7_z19p_system_i/gqav7_accelerator_0/inst/u_accelerator/i_core/i_pipeline/i_downstream/i_pair_rescale/i_combine_alpha/s0_q_reg[significand_product]/DSP_OUTPUT_INST
  -------------------------------------------------------------------
                         required time                          6.042    
                         arrival time                          -5.996    
  -------------------------------------------------------------------
                         slack                                  0.046    

Slack (MET) :             0.046ns  (required time - arrival time)
  Source:                 gqav7_z19p_system_i/gqav7_accelerator_0/inst/u_accelerator/i_core/i_pipeline/i_downstream/i_softmax/meta_q_reg[37][row_index][1]/C
                            (rising edge-triggered cell FDRE clocked by clk_core_235_unbuf  {rise@0.000ns fall@2.128ns period=4.255ns})
  Destination:            gqav7_z19p_system_i/gqav7_accelerator_0/inst/u_accelerator/i_core/i_pipeline/i_downstream/i_pair_rescale/i_combine_alpha/s0_q_reg[significand_product]/DSP_OUTPUT_INST/ALU_OUT[4]
                            (rising edge-triggered cell DSP_OUTPUT clocked by clk_core_235_unbuf  {rise@0.000ns fall@2.128ns period=4.255ns})
  Path Group:             clk_core_235_unbuf
  Path Type:              Setup (Max at Slow Process Corner)
  Requirement:            4.255ns  (clk_core_235_unbuf rise@4.255ns - clk_core_235_unbuf rise@0.000ns)
  Data Path Delay:        3.959ns  (logic 2.396ns (60.515%)  route 1.563ns (39.485%))
  Logic Levels:           9  (DSP_A_B_DATA=1 DSP_ALU=2 DSP_M_DATA=1 DSP_MULTIPLIER=1 DSP_OUTPUT=1 DSP_PREADD_DATA=1 LUT6=1 MUXF7=1)
  Clock Path Skew:        -0.204ns (DCD - SCD + CPR)
    Destination Clock Delay (DCD):    1.746ns = ( 6.002 - 4.255 ) 
    Source Clock Delay      (SCD):    2.036ns
    Clock Pessimism Removal (CPR):    0.086ns
  Clock Uncertainty:      0.061ns  ((TSJ^2 + DJ^2)^1/2) / 2 + PE
    Total System Jitter     (TSJ):    0.071ns
    Discrete Jitter          (DJ):    0.099ns
    Phase Error              (PE):    0.000ns

    Location             Delay type                Incr(ns)  Path(ns)    Netlist Resource(s)
  -------------------------------------------------------------------    -------------------
                         (clock clk_core_235_unbuf rise edge)
                                                      0.000     0.000 r  
                         clock source latency        -1.206    -1.206    
                         propagated clock network latency
                                                      3.242     2.036    
    SLICE_X56Y211        FDRE                         0.000     2.036 r  gqav7_z19p_system_i/gqav7_accelerator_0/inst/u_accelerator/i_core/i_pipeline/i_downstream/i_softmax/meta_q_reg[37][row_index][1]/C
    SLICE_X56Y211        FDRE (Prop_GFF_SLICEL_C_Q)
                                                      0.079     2.115 r  gqav7_z19p_system_i/gqav7_accelerator_0/inst/u_accelerator/i_core/i_pipeline/i_downstream/i_softmax/meta_q_reg[37][row_index][1]/Q
                         net (fo=91, routed)          1.072     3.187    gqav7_z19p_system_i/gqav7_accelerator_0/inst/u_accelerator/i_core/i_pipeline/i_downstream/i_pair_rescale/i_combine_alpha/s0_q_reg[special_value][31]_1[1]
    SLICE_X35Y239        MUXF7 (Prop_F7MUX_GH_SLICEM_S_O)
                                                      0.076     3.263 f  gqav7_z19p_system_i/gqav7_accelerator_0/inst/u_accelerator/i_core/i_pipeline/i_downstream/i_pair_rescale/i_combine_alpha/significand_product_w_i_25/O
                         net (fo=1, routed)           0.196     3.459    gqav7_z19p_system_i/gqav7_accelerator_0/inst/u_accelerator/i_core/i_pipeline/i_downstream/i_pair_rescale/i_combine_alpha/significand_product_w_i_25_n_0
    SLICE_X35Y236        LUT6 (Prop_G6LUT_SLICEM_I5_O)
                                                      0.123     3.582 f  gqav7_z19p_system_i/gqav7_accelerator_0/inst/u_accelerator/i_core/i_pipeline/i_downstream/i_pair_rescale/i_combine_alpha/significand_product_w_i_2__7/O
                         net (fo=2, routed)           0.282     3.864    gqav7_z19p_system_i/gqav7_accelerator_0/inst/u_accelerator/i_core/i_pipeline/i_downstream/i_pair_rescale/i_combine_alpha/significand_product_w/B[15]
    DSP48E2_X4Y94        DSP_A_B_DATA (Prop_DSP_A_B_DATA_DSP48E2_B[15]_B2_DATA[15])
                                                      0.151     4.015 r  gqav7_z19p_system_i/gqav7_accelerator_0/inst/u_accelerator/i_core/i_pipeline/i_downstream/i_pair_rescale/i_combine_alpha/significand_product_w/DSP_A_B_DATA_INST/B2_DATA[15]
                         net (fo=1, routed)           0.000     4.015    gqav7_z19p_system_i/gqav7_accelerator_0/inst/u_accelerator/i_core/i_pipeline/i_downstream/i_pair_rescale/i_combine_alpha/significand_product_w/DSP_A_B_DATA.B2_DATA<15>
    DSP48E2_X4Y94        DSP_PREADD_DATA (Prop_DSP_PREADD_DATA_DSP48E2_B2_DATA[15]_B2B1[15])
                                                      0.073     4.088 r  gqav7_z19p_system_i/gqav7_accelerator_0/inst/u_accelerator/i_core/i_pipeline/i_downstream/i_pair_rescale/i_combine_alpha/significand_product_w/DSP_PREADD_DATA_INST/B2B1[15]
                         net (fo=1, routed)           0.000     4.088    gqav7_z19p_system_i/gqav7_accelerator_0/inst/u_accelerator/i_core/i_pipeline/i_downstream/i_pair_rescale/i_combine_alpha/significand_product_w/DSP_PREADD_DATA.B2B1<15>
    DSP48E2_X4Y94        DSP_MULTIPLIER (Prop_DSP_MULTIPLIER_DSP48E2_B2B1[15]_V[43])
                                                      0.609     4.697 f  gqav7_z19p_system_i/gqav7_accelerator_0/inst/u_accelerator/i_core/i_pipeline/i_downstream/i_pair_rescale/i_combine_alpha/significand_product_w/DSP_MULTIPLIER_INST/V[43]
                         net (fo=1, routed)           0.000     4.697    gqav7_z19p_system_i/gqav7_accelerator_0/inst/u_accelerator/i_core/i_pipeline/i_downstream/i_pair_rescale/i_combine_alpha/significand_product_w/DSP_MULTIPLIER.V<43>
    DSP48E2_X4Y94        DSP_M_DATA (Prop_DSP_M_DATA_DSP48E2_V[43]_V_DATA[43])
                                                      0.046     4.743 r  gqav7_z19p_system_i/gqav7_accelerator_0/inst/u_accelerator/i_core/i_pipeline/i_downstream/i_pair_rescale/i_combine_alpha/significand_product_w/DSP_M_DATA_INST/V_DATA[43]
                         net (fo=1, routed)           0.000     4.743    gqav7_z19p_system_i/gqav7_accelerator_0/inst/u_accelerator/i_core/i_pipeline/i_downstream/i_pair_rescale/i_combine_alpha/significand_product_w/DSP_M_DATA.V_DATA<43>
    DSP48E2_X4Y94        DSP_ALU (Prop_DSP_ALU_DSP48E2_V_DATA[43]_ALU_OUT[47])
                                                      0.571     5.314 f  gqav7_z19p_system_i/gqav7_accelerator_0/inst/u_accelerator/i_core/i_pipeline/i_downstream/i_pair_rescale/i_combine_alpha/significand_product_w/DSP_ALU_INST/ALU_OUT[47]
                         net (fo=1, routed)           0.000     5.314    gqav7_z19p_system_i/gqav7_accelerator_0/inst/u_accelerator/i_core/i_pipeline/i_downstream/i_pair_rescale/i_combine_alpha/significand_product_w/DSP_ALU.ALU_OUT<47>
    DSP48E2_X4Y94        DSP_OUTPUT (Prop_DSP_OUTPUT_DSP48E2_ALU_OUT[47]_PCOUT[47])
                                                      0.122     5.436 r  gqav7_z19p_system_i/gqav7_accelerator_0/inst/u_accelerator/i_core/i_pipeline/i_downstream/i_pair_rescale/i_combine_alpha/significand_product_w/DSP_OUTPUT_INST/PCOUT[47]
                         net (fo=1, routed)           0.014     5.450    gqav7_z19p_system_i/gqav7_accelerator_0/inst/u_accelerator/i_core/i_pipeline/i_downstream/i_pair_rescale/i_combine_alpha/s0_q_reg[significand_product]/PCIN[47]
    DSP48E2_X4Y95        DSP_ALU (Prop_DSP_ALU_DSP48E2_PCIN[47]_ALU_OUT[4])
                                                      0.546     5.996 r  gqav7_z19p_system_i/gqav7_accelerator_0/inst/u_accelerator/i_core/i_pipeline/i_downstream/i_pair_rescale/i_combine_alpha/s0_q_reg[significand_product]/DSP_ALU_INST/ALU_OUT[4]
                         net (fo=1, routed)           0.000     5.996    gqav7_z19p_system_i/gqav7_accelerator_0/inst/u_accelerator/i_core/i_pipeline/i_downstream/i_pair_rescale/i_combine_alpha/s0_q_reg[significand_product]/DSP_ALU.ALU_OUT<4>
    DSP48E2_X4Y95        DSP_OUTPUT                                   r  gqav7_z19p_system_i/gqav7_accelerator_0/inst/u_accelerator/i_core/i_pipeline/i_downstream/i_pair_rescale/i_combine_alpha/s0_q_reg[significand_product]/DSP_OUTPUT_INST/ALU_OUT[4]
  -------------------------------------------------------------------    -------------------

                         (clock clk_core_235_unbuf rise edge)
                                                      4.255     4.255 r  
                         clock source latency        -1.044     3.211    
                         propagated clock network latency
                                                      2.790     6.002    
                         clock pessimism              0.086     6.088    
                         clock uncertainty           -0.061     6.027    
    DSP48E2_X4Y95        DSP_OUTPUT (Setup_DSP_OUTPUT_DSP48E2_CLK_ALU_OUT[4])
                                                      0.015     6.042    gqav7_z19p_system_i/gqav7_accelerator_0/inst/u_accelerator/i_core/i_pipeline/i_downstream/i_pair_rescale/i_combine_alpha/s0_q_reg[significand_product]/DSP_OUTPUT_INST
  -------------------------------------------------------------------
                         required time                          6.042    
                         arrival time                          -5.996    
  -------------------------------------------------------------------
                         slack                                  0.046    

Slack (MET) :             0.046ns  (required time - arrival time)
  Source:                 gqav7_z19p_system_i/gqav7_accelerator_0/inst/u_accelerator/i_core/i_pipeline/i_downstream/i_softmax/meta_q_reg[37][row_index][1]/C
                            (rising edge-triggered cell FDRE clocked by clk_core_235_unbuf  {rise@0.000ns fall@2.128ns period=4.255ns})
  Destination:            gqav7_z19p_system_i/gqav7_accelerator_0/inst/u_accelerator/i_core/i_pipeline/i_downstream/i_pair_rescale/i_combine_alpha/s0_q_reg[significand_product]/DSP_OUTPUT_INST/ALU_OUT[5]
                            (rising edge-triggered cell DSP_OUTPUT clocked by clk_core_235_unbuf  {rise@0.000ns fall@2.128ns period=4.255ns})
  Path Group:             clk_core_235_unbuf
  Path Type:              Setup (Max at Slow Process Corner)
  Requirement:            4.255ns  (clk_core_235_unbuf rise@4.255ns - clk_core_235_unbuf rise@0.000ns)
  Data Path Delay:        3.959ns  (logic 2.396ns (60.515%)  route 1.563ns (39.485%))
  Logic Levels:           9  (DSP_A_B_DATA=1 DSP_ALU=2 DSP_M_DATA=1 DSP_MULTIPLIER=1 DSP_OUTPUT=1 DSP_PREADD_DATA=1 LUT6=1 MUXF7=1)
  Clock Path Skew:        -0.204ns (DCD - SCD + CPR)
    Destination Clock Delay (DCD):    1.746ns = ( 6.002 - 4.255 ) 
    Source Clock Delay      (SCD):    2.036ns
    Clock Pessimism Removal (CPR):    0.086ns
  Clock Uncertainty:      0.061ns  ((TSJ^2 + DJ^2)^1/2) / 2 + PE
    Total System Jitter     (TSJ):    0.071ns
    Discrete Jitter          (DJ):    0.099ns
    Phase Error              (PE):    0.000ns

    Location             Delay type                Incr(ns)  Path(ns)    Netlist Resource(s)
  -------------------------------------------------------------------    -------------------
                         (clock clk_core_235_unbuf rise edge)
                                                      0.000     0.000 r  
                         clock source latency        -1.206    -1.206    
                         propagated clock network latency
                                                      3.242     2.036    
    SLICE_X56Y211        FDRE                         0.000     2.036 r  gqav7_z19p_system_i/gqav7_accelerator_0/inst/u_accelerator/i_core/i_pipeline/i_downstream/i_softmax/meta_q_reg[37][row_index][1]/C
    SLICE_X56Y211        FDRE (Prop_GFF_SLICEL_C_Q)
                                                      0.079     2.115 r  gqav7_z19p_system_i/gqav7_accelerator_0/inst/u_accelerator/i_core/i_pipeline/i_downstream/i_softmax/meta_q_reg[37][row_index][1]/Q
                         net (fo=91, routed)          1.072     3.187    gqav7_z19p_system_i/gqav7_accelerator_0/inst/u_accelerator/i_core/i_pipeline/i_downstream/i_pair_rescale/i_combine_alpha/s0_q_reg[special_value][31]_1[1]
    SLICE_X35Y239        MUXF7 (Prop_F7MUX_GH_SLICEM_S_O)
                                                      0.076     3.263 f  gqav7_z19p_system_i/gqav7_accelerator_0/inst/u_accelerator/i_core/i_pipeline/i_downstream/i_pair_rescale/i_combine_alpha/significand_product_w_i_25/O
                         net (fo=1, routed)           0.196     3.459    gqav7_z19p_system_i/gqav7_accelerator_0/inst/u_accelerator/i_core/i_pipeline/i_downstream/i_pair_rescale/i_combine_alpha/significand_product_w_i_25_n_0
    SLICE_X35Y236        LUT6 (Prop_G6LUT_SLICEM_I5_O)
                                                      0.123     3.582 f  gqav7_z19p_system_i/gqav7_accelerator_0/inst/u_accelerator/i_core/i_pipeline/i_downstream/i_pair_rescale/i_combine_alpha/significand_product_w_i_2__7/O
                         net (fo=2, routed)           0.282     3.864    gqav7_z19p_system_i/gqav7_accelerator_0/inst/u_accelerator/i_core/i_pipeline/i_downstream/i_pair_rescale/i_combine_alpha/significand_product_w/B[15]
    DSP48E2_X4Y94        DSP_A_B_DATA (Prop_DSP_A_B_DATA_DSP48E2_B[15]_B2_DATA[15])
                                                      0.151     4.015 r  gqav7_z19p_system_i/gqav7_accelerator_0/inst/u_accelerator/i_core/i_pipeline/i_downstream/i_pair_rescale/i_combine_alpha/significand_product_w/DSP_A_B_DATA_INST/B2_DATA[15]
                         net (fo=1, routed)           0.000     4.015    gqav7_z19p_system_i/gqav7_accelerator_0/inst/u_accelerator/i_core/i_pipeline/i_downstream/i_pair_rescale/i_combine_alpha/significand_product_w/DSP_A_B_DATA.B2_DATA<15>
    DSP48E2_X4Y94        DSP_PREADD_DATA (Prop_DSP_PREADD_DATA_DSP48E2_B2_DATA[15]_B2B1[15])
                                                      0.073     4.088 r  gqav7_z19p_system_i/gqav7_accelerator_0/inst/u_accelerator/i_core/i_pipeline/i_downstream/i_pair_rescale/i_combine_alpha/significand_product_w/DSP_PREADD_DATA_INST/B2B1[15]
                         net (fo=1, routed)           0.000     4.088    gqav7_z19p_system_i/gqav7_accelerator_0/inst/u_accelerator/i_core/i_pipeline/i_downstream/i_pair_rescale/i_combine_alpha/significand_product_w/DSP_PREADD_DATA.B2B1<15>
    DSP48E2_X4Y94        DSP_MULTIPLIER (Prop_DSP_MULTIPLIER_DSP48E2_B2B1[15]_V[43])
                                                      0.609     4.697 f  gqav7_z19p_system_i/gqav7_accelerator_0/inst/u_accelerator/i_core/i_pipeline/i_downstream/i_pair_rescale/i_combine_alpha/significand_product_w/DSP_MULTIPLIER_INST/V[43]
                         net (fo=1, routed)           0.000     4.697    gqav7_z19p_system_i/gqav7_accelerator_0/inst/u_accelerator/i_core/i_pipeline/i_downstream/i_pair_rescale/i_combine_alpha/significand_product_w/DSP_MULTIPLIER.V<43>
    DSP48E2_X4Y94        DSP_M_DATA (Prop_DSP_M_DATA_DSP48E2_V[43]_V_DATA[43])
                                                      0.046     4.743 r  gqav7_z19p_system_i/gqav7_accelerator_0/inst/u_accelerator/i_core/i_pipeline/i_downstream/i_pair_rescale/i_combine_alpha/significand_product_w/DSP_M_DATA_INST/V_DATA[43]
                         net (fo=1, routed)           0.000     4.743    gqav7_z19p_system_i/gqav7_accelerator_0/inst/u_accelerator/i_core/i_pipeline/i_downstream/i_pair_rescale/i_combine_alpha/significand_product_w/DSP_M_DATA.V_DATA<43>
    DSP48E2_X4Y94        DSP_ALU (Prop_DSP_ALU_DSP48E2_V_DATA[43]_ALU_OUT[47])
                                                      0.571     5.314 f  gqav7_z19p_system_i/gqav7_accelerator_0/inst/u_accelerator/i_core/i_pipeline/i_downstream/i_pair_rescale/i_combine_alpha/significand_product_w/DSP_ALU_INST/ALU_OUT[47]
                         net (fo=1, routed)           0.000     5.314    gqav7_z19p_system_i/gqav7_accelerator_0/inst/u_accelerator/i_core/i_pipeline/i_downstream/i_pair_rescale/i_combine_alpha/significand_product_w/DSP_ALU.ALU_OUT<47>
    DSP48E2_X4Y94        DSP_OUTPUT (Prop_DSP_OUTPUT_DSP48E2_ALU_OUT[47]_PCOUT[47])
                                                      0.122     5.436 r  gqav7_z19p_system_i/gqav7_accelerator_0/inst/u_accelerator/i_core/i_pipeline/i_downstream/i_pair_rescale/i_combine_alpha/significand_product_w/DSP_OUTPUT_INST/PCOUT[47]
                         net (fo=1, routed)           0.014     5.450    gqav7_z19p_system_i/gqav7_accelerator_0/inst/u_accelerator/i_core/i_pipeline/i_downstream/i_pair_rescale/i_combine_alpha/s0_q_reg[significand_product]/PCIN[47]
    DSP48E2_X4Y95        DSP_ALU (Prop_DSP_ALU_DSP48E2_PCIN[47]_ALU_OUT[5])
                                                      0.546     5.996 r  gqav7_z19p_system_i/gqav7_accelerator_0/inst/u_accelerator/i_core/i_pipeline/i_downstream/i_pair_rescale/i_combine_alpha/s0_q_reg[significand_product]/DSP_ALU_INST/ALU_OUT[5]
                         net (fo=1, routed)           0.000     5.996    gqav7_z19p_system_i/gqav7_accelerator_0/inst/u_accelerator/i_core/i_pipeline/i_downstream/i_pair_rescale/i_combine_alpha/s0_q_reg[significand_product]/DSP_ALU.ALU_OUT<5>
    DSP48E2_X4Y95        DSP_OUTPUT                                   r  gqav7_z19p_system_i/gqav7_accelerator_0/inst/u_accelerator/i_core/i_pipeline/i_downstream/i_pair_rescale/i_combine_alpha/s0_q_reg[significand_product]/DSP_OUTPUT_INST/ALU_OUT[5]
  -------------------------------------------------------------------    -------------------

                         (clock clk_core_235_unbuf rise edge)
                                                      4.255     4.255 r  
                         clock source latency        -1.044     3.211    
                         propagated clock network latency
                                                      2.790     6.002    
                         clock pessimism              0.086     6.088    
                         clock uncertainty           -0.061     6.027    
    DSP48E2_X4Y95        DSP_OUTPUT (Setup_DSP_OUTPUT_DSP48E2_CLK_ALU_OUT[5])
                                                      0.015     6.042    gqav7_z19p_system_i/gqav7_accelerator_0/inst/u_accelerator/i_core/i_pipeline/i_downstream/i_pair_rescale/i_combine_alpha/s0_q_reg[significand_product]/DSP_OUTPUT_INST
  -------------------------------------------------------------------
                         required time                          6.042    
                         arrival time                          -5.996    
  -------------------------------------------------------------------
                         slack                                  0.046    

Slack (MET) :             0.046ns  (required time - arrival time)
  Source:                 gqav7_z19p_system_i/gqav7_accelerator_0/inst/u_accelerator/i_core/i_pipeline/i_downstream/i_softmax/meta_q_reg[37][row_index][1]/C
                            (rising edge-triggered cell FDRE clocked by clk_core_235_unbuf  {rise@0.000ns fall@2.128ns period=4.255ns})
  Destination:            gqav7_z19p_system_i/gqav7_accelerator_0/inst/u_accelerator/i_core/i_pipeline/i_downstream/i_pair_rescale/i_combine_alpha/s0_q_reg[significand_product]/DSP_OUTPUT_INST/ALU_OUT[6]
                            (rising edge-triggered cell DSP_OUTPUT clocked by clk_core_235_unbuf  {rise@0.000ns fall@2.128ns period=4.255ns})
  Path Group:             clk_core_235_unbuf
  Path Type:              Setup (Max at Slow Process Corner)
  Requirement:            4.255ns  (clk_core_235_unbuf rise@4.255ns - clk_core_235_unbuf rise@0.000ns)
  Data Path Delay:        3.959ns  (logic 2.396ns (60.515%)  route 1.563ns (39.485%))
  Logic Levels:           9  (DSP_A_B_DATA=1 DSP_ALU=2 DSP_M_DATA=1 DSP_MULTIPLIER=1 DSP_OUTPUT=1 DSP_PREADD_DATA=1 LUT6=1 MUXF7=1)
  Clock Path Skew:        -0.204ns (DCD - SCD + CPR)
    Destination Clock Delay (DCD):    1.746ns = ( 6.002 - 4.255 ) 
    Source Clock Delay      (SCD):    2.036ns
    Clock Pessimism Removal (CPR):    0.086ns
  Clock Uncertainty:      0.061ns  ((TSJ^2 + DJ^2)^1/2) / 2 + PE
    Total System Jitter     (TSJ):    0.071ns
    Discrete Jitter          (DJ):    0.099ns
    Phase Error              (PE):    0.000ns

    Location             Delay type                Incr(ns)  Path(ns)    Netlist Resource(s)
  -------------------------------------------------------------------    -------------------
                         (clock clk_core_235_unbuf rise edge)
                                                      0.000     0.000 r  
                         clock source latency        -1.206    -1.206    
                         propagated clock network latency
                                                      3.242     2.036    
    SLICE_X56Y211        FDRE                         0.000     2.036 r  gqav7_z19p_system_i/gqav7_accelerator_0/inst/u_accelerator/i_core/i_pipeline/i_downstream/i_softmax/meta_q_reg[37][row_index][1]/C
    SLICE_X56Y211        FDRE (Prop_GFF_SLICEL_C_Q)
                                                      0.079     2.115 r  gqav7_z19p_system_i/gqav7_accelerator_0/inst/u_accelerator/i_core/i_pipeline/i_downstream/i_softmax/meta_q_reg[37][row_index][1]/Q
                         net (fo=91, routed)          1.072     3.187    gqav7_z19p_system_i/gqav7_accelerator_0/inst/u_accelerator/i_core/i_pipeline/i_downstream/i_pair_rescale/i_combine_alpha/s0_q_reg[special_value][31]_1[1]
    SLICE_X35Y239        MUXF7 (Prop_F7MUX_GH_SLICEM_S_O)
                                                      0.076     3.263 f  gqav7_z19p_system_i/gqav7_accelerator_0/inst/u_accelerator/i_core/i_pipeline/i_downstream/i_pair_rescale/i_combine_alpha/significand_product_w_i_25/O
                         net (fo=1, routed)           0.196     3.459    gqav7_z19p_system_i/gqav7_accelerator_0/inst/u_accelerator/i_core/i_pipeline/i_downstream/i_pair_rescale/i_combine_alpha/significand_product_w_i_25_n_0
    SLICE_X35Y236        LUT6 (Prop_G6LUT_SLICEM_I5_O)
                                                      0.123     3.582 f  gqav7_z19p_system_i/gqav7_accelerator_0/inst/u_accelerator/i_core/i_pipeline/i_downstream/i_pair_rescale/i_combine_alpha/significand_product_w_i_2__7/O
                         net (fo=2, routed)           0.282     3.864    gqav7_z19p_system_i/gqav7_accelerator_0/inst/u_accelerator/i_core/i_pipeline/i_downstream/i_pair_rescale/i_combine_alpha/significand_product_w/B[15]
    DSP48E2_X4Y94        DSP_A_B_DATA (Prop_DSP_A_B_DATA_DSP48E2_B[15]_B2_DATA[15])
                                                      0.151     4.015 r  gqav7_z19p_system_i/gqav7_accelerator_0/inst/u_accelerator/i_core/i_pipeline/i_downstream/i_pair_rescale/i_combine_alpha/significand_product_w/DSP_A_B_DATA_INST/B2_DATA[15]
                         net (fo=1, routed)           0.000     4.015    gqav7_z19p_system_i/gqav7_accelerator_0/inst/u_accelerator/i_core/i_pipeline/i_downstream/i_pair_rescale/i_combine_alpha/significand_product_w/DSP_A_B_DATA.B2_DATA<15>
    DSP48E2_X4Y94        DSP_PREADD_DATA (Prop_DSP_PREADD_DATA_DSP48E2_B2_DATA[15]_B2B1[15])
                                                      0.073     4.088 r  gqav7_z19p_system_i/gqav7_accelerator_0/inst/u_accelerator/i_core/i_pipeline/i_downstream/i_pair_rescale/i_combine_alpha/significand_product_w/DSP_PREADD_DATA_INST/B2B1[15]
                         net (fo=1, routed)           0.000     4.088    gqav7_z19p_system_i/gqav7_accelerator_0/inst/u_accelerator/i_core/i_pipeline/i_downstream/i_pair_rescale/i_combine_alpha/significand_product_w/DSP_PREADD_DATA.B2B1<15>
    DSP48E2_X4Y94        DSP_MULTIPLIER (Prop_DSP_MULTIPLIER_DSP48E2_B2B1[15]_V[43])
                                                      0.609     4.697 f  gqav7_z19p_system_i/gqav7_accelerator_0/inst/u_accelerator/i_core/i_pipeline/i_downstream/i_pair_rescale/i_combine_alpha/significand_product_w/DSP_MULTIPLIER_INST/V[43]
                         net (fo=1, routed)           0.000     4.697    gqav7_z19p_system_i/gqav7_accelerator_0/inst/u_accelerator/i_core/i_pipeline/i_downstream/i_pair_rescale/i_combine_alpha/significand_product_w/DSP_MULTIPLIER.V<43>
    DSP48E2_X4Y94        DSP_M_DATA (Prop_DSP_M_DATA_DSP48E2_V[43]_V_DATA[43])
                                                      0.046     4.743 r  gqav7_z19p_system_i/gqav7_accelerator_0/inst/u_accelerator/i_core/i_pipeline/i_downstream/i_pair_rescale/i_combine_alpha/significand_product_w/DSP_M_DATA_INST/V_DATA[43]
                         net (fo=1, routed)           0.000     4.743    gqav7_z19p_system_i/gqav7_accelerator_0/inst/u_accelerator/i_core/i_pipeline/i_downstream/i_pair_rescale/i_combine_alpha/significand_product_w/DSP_M_DATA.V_DATA<43>
    DSP48E2_X4Y94        DSP_ALU (Prop_DSP_ALU_DSP48E2_V_DATA[43]_ALU_OUT[47])
                                                      0.571     5.314 f  gqav7_z19p_system_i/gqav7_accelerator_0/inst/u_accelerator/i_core/i_pipeline/i_downstream/i_pair_rescale/i_combine_alpha/significand_product_w/DSP_ALU_INST/ALU_OUT[47]
                         net (fo=1, routed)           0.000     5.314    gqav7_z19p_system_i/gqav7_accelerator_0/inst/u_accelerator/i_core/i_pipeline/i_downstream/i_pair_rescale/i_combine_alpha/significand_product_w/DSP_ALU.ALU_OUT<47>
    DSP48E2_X4Y94        DSP_OUTPUT (Prop_DSP_OUTPUT_DSP48E2_ALU_OUT[47]_PCOUT[47])
                                                      0.122     5.436 r  gqav7_z19p_system_i/gqav7_accelerator_0/inst/u_accelerator/i_core/i_pipeline/i_downstream/i_pair_rescale/i_combine_alpha/significand_product_w/DSP_OUTPUT_INST/PCOUT[47]
                         net (fo=1, routed)           0.014     5.450    gqav7_z19p_system_i/gqav7_accelerator_0/inst/u_accelerator/i_core/i_pipeline/i_downstream/i_pair_rescale/i_combine_alpha/s0_q_reg[significand_product]/PCIN[47]
    DSP48E2_X4Y95        DSP_ALU (Prop_DSP_ALU_DSP48E2_PCIN[47]_ALU_OUT[6])
                                                      0.546     5.996 r  gqav7_z19p_system_i/gqav7_accelerator_0/inst/u_accelerator/i_core/i_pipeline/i_downstream/i_pair_rescale/i_combine_alpha/s0_q_reg[significand_product]/DSP_ALU_INST/ALU_OUT[6]
                         net (fo=1, routed)           0.000     5.996    gqav7_z19p_system_i/gqav7_accelerator_0/inst/u_accelerator/i_core/i_pipeline/i_downstream/i_pair_rescale/i_combine_alpha/s0_q_reg[significand_product]/DSP_ALU.ALU_OUT<6>
    DSP48E2_X4Y95        DSP_OUTPUT                                   r  gqav7_z19p_system_i/gqav7_accelerator_0/inst/u_accelerator/i_core/i_pipeline/i_downstream/i_pair_rescale/i_combine_alpha/s0_q_reg[significand_product]/DSP_OUTPUT_INST/ALU_OUT[6]
  -------------------------------------------------------------------    -------------------

                         (clock clk_core_235_unbuf rise edge)
                                                      4.255     4.255 r  
                         clock source latency        -1.044     3.211    
                         propagated clock network latency
                                                      2.790     6.002    
                         clock pessimism              0.086     6.088    
                         clock uncertainty           -0.061     6.027    
    DSP48E2_X4Y95        DSP_OUTPUT (Setup_DSP_OUTPUT_DSP48E2_CLK_ALU_OUT[6])
                                                      0.015     6.042    gqav7_z19p_system_i/gqav7_accelerator_0/inst/u_accelerator/i_core/i_pipeline/i_downstream/i_pair_rescale/i_combine_alpha/s0_q_reg[significand_product]/DSP_OUTPUT_INST
  -------------------------------------------------------------------
                         required time                          6.042    
                         arrival time                          -5.996    
  -------------------------------------------------------------------
                         slack                                  0.046    

Slack (MET) :             0.046ns  (required time - arrival time)
  Source:                 gqav7_z19p_system_i/gqav7_accelerator_0/inst/u_accelerator/i_core/i_pipeline/i_downstream/i_softmax/meta_q_reg[37][row_index][1]/C
                            (rising edge-triggered cell FDRE clocked by clk_core_235_unbuf  {rise@0.000ns fall@2.128ns period=4.255ns})
  Destination:            gqav7_z19p_system_i/gqav7_accelerator_0/inst/u_accelerator/i_core/i_pipeline/i_downstream/i_pair_rescale/i_combine_alpha/s0_q_reg[significand_product]/DSP_OUTPUT_INST/ALU_OUT[7]
                            (rising edge-triggered cell DSP_OUTPUT clocked by clk_core_235_unbuf  {rise@0.000ns fall@2.128ns period=4.255ns})
  Path Group:             clk_core_235_unbuf
  Path Type:              Setup (Max at Slow Process Corner)
  Requirement:            4.255ns  (clk_core_235_unbuf rise@4.255ns - clk_core_235_unbuf rise@0.000ns)
  Data Path Delay:        3.959ns  (logic 2.396ns (60.515%)  route 1.563ns (39.485%))
  Logic Levels:           9  (DSP_A_B_DATA=1 DSP_ALU=2 DSP_M_DATA=1 DSP_MULTIPLIER=1 DSP_OUTPUT=1 DSP_PREADD_DATA=1 LUT6=1 MUXF7=1)
  Clock Path Skew:        -0.204ns (DCD - SCD + CPR)
    Destination Clock Delay (DCD):    1.746ns = ( 6.002 - 4.255 ) 
    Source Clock Delay      (SCD):    2.036ns
    Clock Pessimism Removal (CPR):    0.086ns
  Clock Uncertainty:      0.061ns  ((TSJ^2 + DJ^2)^1/2) / 2 + PE
    Total System Jitter     (TSJ):    0.071ns
    Discrete Jitter          (DJ):    0.099ns
    Phase Error              (PE):    0.000ns

    Location             Delay type                Incr(ns)  Path(ns)    Netlist Resource(s)
  -------------------------------------------------------------------    -------------------
                         (clock clk_core_235_unbuf rise edge)
                                                      0.000     0.000 r  
                         clock source latency        -1.206    -1.206    
                         propagated clock network latency
                                                      3.242     2.036    
    SLICE_X56Y211        FDRE                         0.000     2.036 r  gqav7_z19p_system_i/gqav7_accelerator_0/inst/u_accelerator/i_core/i_pipeline/i_downstream/i_softmax/meta_q_reg[37][row_index][1]/C
    SLICE_X56Y211        FDRE (Prop_GFF_SLICEL_C_Q)
                                                      0.079     2.115 r  gqav7_z19p_system_i/gqav7_accelerator_0/inst/u_accelerator/i_core/i_pipeline/i_downstream/i_softmax/meta_q_reg[37][row_index][1]/Q
                         net (fo=91, routed)          1.072     3.187    gqav7_z19p_system_i/gqav7_accelerator_0/inst/u_accelerator/i_core/i_pipeline/i_downstream/i_pair_rescale/i_combine_alpha/s0_q_reg[special_value][31]_1[1]
    SLICE_X35Y239        MUXF7 (Prop_F7MUX_GH_SLICEM_S_O)
                                                      0.076     3.263 f  gqav7_z19p_system_i/gqav7_accelerator_0/inst/u_accelerator/i_core/i_pipeline/i_downstream/i_pair_rescale/i_combine_alpha/significand_product_w_i_25/O
                         net (fo=1, routed)           0.196     3.459    gqav7_z19p_system_i/gqav7_accelerator_0/inst/u_accelerator/i_core/i_pipeline/i_downstream/i_pair_rescale/i_combine_alpha/significand_product_w_i_25_n_0
    SLICE_X35Y236        LUT6 (Prop_G6LUT_SLICEM_I5_O)
                                                      0.123     3.582 f  gqav7_z19p_system_i/gqav7_accelerator_0/inst/u_accelerator/i_core/i_pipeline/i_downstream/i_pair_rescale/i_combine_alpha/significand_product_w_i_2__7/O
                         net (fo=2, routed)           0.282     3.864    gqav7_z19p_system_i/gqav7_accelerator_0/inst/u_accelerator/i_core/i_pipeline/i_downstream/i_pair_rescale/i_combine_alpha/significand_product_w/B[15]
    DSP48E2_X4Y94        DSP_A_B_DATA (Prop_DSP_A_B_DATA_DSP48E2_B[15]_B2_DATA[15])
                                                      0.151     4.015 r  gqav7_z19p_system_i/gqav7_accelerator_0/inst/u_accelerator/i_core/i_pipeline/i_downstream/i_pair_rescale/i_combine_alpha/significand_product_w/DSP_A_B_DATA_INST/B2_DATA[15]
                         net (fo=1, routed)           0.000     4.015    gqav7_z19p_system_i/gqav7_accelerator_0/inst/u_accelerator/i_core/i_pipeline/i_downstream/i_pair_rescale/i_combine_alpha/significand_product_w/DSP_A_B_DATA.B2_DATA<15>
    DSP48E2_X4Y94        DSP_PREADD_DATA (Prop_DSP_PREADD_DATA_DSP48E2_B2_DATA[15]_B2B1[15])
                                                      0.073     4.088 r  gqav7_z19p_system_i/gqav7_accelerator_0/inst/u_accelerator/i_core/i_pipeline/i_downstream/i_pair_rescale/i_combine_alpha/significand_product_w/DSP_PREADD_DATA_INST/B2B1[15]
                         net (fo=1, routed)           0.000     4.088    gqav7_z19p_system_i/gqav7_accelerator_0/inst/u_accelerator/i_core/i_pipeline/i_downstream/i_pair_rescale/i_combine_alpha/significand_product_w/DSP_PREADD_DATA.B2B1<15>
    DSP48E2_X4Y94        DSP_MULTIPLIER (Prop_DSP_MULTIPLIER_DSP48E2_B2B1[15]_V[43])
                                                      0.609     4.697 f  gqav7_z19p_system_i/gqav7_accelerator_0/inst/u_accelerator/i_core/i_pipeline/i_downstream/i_pair_rescale/i_combine_alpha/significand_product_w/DSP_MULTIPLIER_INST/V[43]
                         net (fo=1, routed)           0.000     4.697    gqav7_z19p_system_i/gqav7_accelerator_0/inst/u_accelerator/i_core/i_pipeline/i_downstream/i_pair_rescale/i_combine_alpha/significand_product_w/DSP_MULTIPLIER.V<43>
    DSP48E2_X4Y94        DSP_M_DATA (Prop_DSP_M_DATA_DSP48E2_V[43]_V_DATA[43])
                                                      0.046     4.743 r  gqav7_z19p_system_i/gqav7_accelerator_0/inst/u_accelerator/i_core/i_pipeline/i_downstream/i_pair_rescale/i_combine_alpha/significand_product_w/DSP_M_DATA_INST/V_DATA[43]
                         net (fo=1, routed)           0.000     4.743    gqav7_z19p_system_i/gqav7_accelerator_0/inst/u_accelerator/i_core/i_pipeline/i_downstream/i_pair_rescale/i_combine_alpha/significand_product_w/DSP_M_DATA.V_DATA<43>
    DSP48E2_X4Y94        DSP_ALU (Prop_DSP_ALU_DSP48E2_V_DATA[43]_ALU_OUT[47])
                                                      0.571     5.314 f  gqav7_z19p_system_i/gqav7_accelerator_0/inst/u_accelerator/i_core/i_pipeline/i_downstream/i_pair_rescale/i_combine_alpha/significand_product_w/DSP_ALU_INST/ALU_OUT[47]
                         net (fo=1, routed)           0.000     5.314    gqav7_z19p_system_i/gqav7_accelerator_0/inst/u_accelerator/i_core/i_pipeline/i_downstream/i_pair_rescale/i_combine_alpha/significand_product_w/DSP_ALU.ALU_OUT<47>
    DSP48E2_X4Y94        DSP_OUTPUT (Prop_DSP_OUTPUT_DSP48E2_ALU_OUT[47]_PCOUT[47])
                                                      0.122     5.436 r  gqav7_z19p_system_i/gqav7_accelerator_0/inst/u_accelerator/i_core/i_pipeline/i_downstream/i_pair_rescale/i_combine_alpha/significand_product_w/DSP_OUTPUT_INST/PCOUT[47]
                         net (fo=1, routed)           0.014     5.450    gqav7_z19p_system_i/gqav7_accelerator_0/inst/u_accelerator/i_core/i_pipeline/i_downstream/i_pair_rescale/i_combine_alpha/s0_q_reg[significand_product]/PCIN[47]
    DSP48E2_X4Y95        DSP_ALU (Prop_DSP_ALU_DSP48E2_PCIN[47]_ALU_OUT[7])
                                                      0.546     5.996 r  gqav7_z19p_system_i/gqav7_accelerator_0/inst/u_accelerator/i_core/i_pipeline/i_downstream/i_pair_rescale/i_combine_alpha/s0_q_reg[significand_product]/DSP_ALU_INST/ALU_OUT[7]
                         net (fo=1, routed)           0.000     5.996    gqav7_z19p_system_i/gqav7_accelerator_0/inst/u_accelerator/i_core/i_pipeline/i_downstream/i_pair_rescale/i_combine_alpha/s0_q_reg[significand_product]/DSP_ALU.ALU_OUT<7>
    DSP48E2_X4Y95        DSP_OUTPUT                                   r  gqav7_z19p_system_i/gqav7_accelerator_0/inst/u_accelerator/i_core/i_pipeline/i_downstream/i_pair_rescale/i_combine_alpha/s0_q_reg[significand_product]/DSP_OUTPUT_INST/ALU_OUT[7]
  -------------------------------------------------------------------    -------------------

                         (clock clk_core_235_unbuf rise edge)
                                                      4.255     4.255 r  
                         clock source latency        -1.044     3.211    
                         propagated clock network latency
                                                      2.790     6.002    
                         clock pessimism              0.086     6.088    
                         clock uncertainty           -0.061     6.027    
    DSP48E2_X4Y95        DSP_OUTPUT (Setup_DSP_OUTPUT_DSP48E2_CLK_ALU_OUT[7])
                                                      0.015     6.042    gqav7_z19p_system_i/gqav7_accelerator_0/inst/u_accelerator/i_core/i_pipeline/i_downstream/i_pair_rescale/i_combine_alpha/s0_q_reg[significand_product]/DSP_OUTPUT_INST
  -------------------------------------------------------------------
                         required time                          6.042    
                         arrival time                          -5.996    
  -------------------------------------------------------------------
                         slack                                  0.046    

Slack (MET) :             0.046ns  (required time - arrival time)
  Source:                 gqav7_z19p_system_i/gqav7_accelerator_0/inst/u_accelerator/i_core/i_pipeline/i_downstream/i_softmax/meta_q_reg[37][row_index][1]/C
                            (rising edge-triggered cell FDRE clocked by clk_core_235_unbuf  {rise@0.000ns fall@2.128ns period=4.255ns})
  Destination:            gqav7_z19p_system_i/gqav7_accelerator_0/inst/u_accelerator/i_core/i_pipeline/i_downstream/i_pair_rescale/i_combine_alpha/s0_q_reg[significand_product]/DSP_OUTPUT_INST/ALU_OUT[8]
                            (rising edge-triggered cell DSP_OUTPUT clocked by clk_core_235_unbuf  {rise@0.000ns fall@2.128ns period=4.255ns})
  Path Group:             clk_core_235_unbuf
  Path Type:              Setup (Max at Slow Process Corner)
  Requirement:            4.255ns  (clk_core_235_unbuf rise@4.255ns - clk_core_235_unbuf rise@0.000ns)
  Data Path Delay:        3.959ns  (logic 2.396ns (60.515%)  route 1.563ns (39.485%))
  Logic Levels:           9  (DSP_A_B_DATA=1 DSP_ALU=2 DSP_M_DATA=1 DSP_MULTIPLIER=1 DSP_OUTPUT=1 DSP_PREADD_DATA=1 LUT6=1 MUXF7=1)
  Clock Path Skew:        -0.204ns (DCD - SCD + CPR)
    Destination Clock Delay (DCD):    1.746ns = ( 6.002 - 4.255 ) 
    Source Clock Delay      (SCD):    2.036ns
    Clock Pessimism Removal (CPR):    0.086ns
  Clock Uncertainty:      0.061ns  ((TSJ^2 + DJ^2)^1/2) / 2 + PE
    Total System Jitter     (TSJ):    0.071ns
    Discrete Jitter          (DJ):    0.099ns
    Phase Error              (PE):    0.000ns

    Location             Delay type                Incr(ns)  Path(ns)    Netlist Resource(s)
  -------------------------------------------------------------------    -------------------
                         (clock clk_core_235_unbuf rise edge)
                                                      0.000     0.000 r  
                         clock source latency        -1.206    -1.206    
                         propagated clock network latency
                                                      3.242     2.036    
    SLICE_X56Y211        FDRE                         0.000     2.036 r  gqav7_z19p_system_i/gqav7_accelerator_0/inst/u_accelerator/i_core/i_pipeline/i_downstream/i_softmax/meta_q_reg[37][row_index][1]/C
    SLICE_X56Y211        FDRE (Prop_GFF_SLICEL_C_Q)
                                                      0.079     2.115 r  gqav7_z19p_system_i/gqav7_accelerator_0/inst/u_accelerator/i_core/i_pipeline/i_downstream/i_softmax/meta_q_reg[37][row_index][1]/Q
                         net (fo=91, routed)          1.072     3.187    gqav7_z19p_system_i/gqav7_accelerator_0/inst/u_accelerator/i_core/i_pipeline/i_downstream/i_pair_rescale/i_combine_alpha/s0_q_reg[special_value][31]_1[1]
    SLICE_X35Y239        MUXF7 (Prop_F7MUX_GH_SLICEM_S_O)
                                                      0.076     3.263 f  gqav7_z19p_system_i/gqav7_accelerator_0/inst/u_accelerator/i_core/i_pipeline/i_downstream/i_pair_rescale/i_combine_alpha/significand_product_w_i_25/O
                         net (fo=1, routed)           0.196     3.459    gqav7_z19p_system_i/gqav7_accelerator_0/inst/u_accelerator/i_core/i_pipeline/i_downstream/i_pair_rescale/i_combine_alpha/significand_product_w_i_25_n_0
    SLICE_X35Y236        LUT6 (Prop_G6LUT_SLICEM_I5_O)
                                                      0.123     3.582 f  gqav7_z19p_system_i/gqav7_accelerator_0/inst/u_accelerator/i_core/i_pipeline/i_downstream/i_pair_rescale/i_combine_alpha/significand_product_w_i_2__7/O
                         net (fo=2, routed)           0.282     3.864    gqav7_z19p_system_i/gqav7_accelerator_0/inst/u_accelerator/i_core/i_pipeline/i_downstream/i_pair_rescale/i_combine_alpha/significand_product_w/B[15]
    DSP48E2_X4Y94        DSP_A_B_DATA (Prop_DSP_A_B_DATA_DSP48E2_B[15]_B2_DATA[15])
                                                      0.151     4.015 r  gqav7_z19p_system_i/gqav7_accelerator_0/inst/u_accelerator/i_core/i_pipeline/i_downstream/i_pair_rescale/i_combine_alpha/significand_product_w/DSP_A_B_DATA_INST/B2_DATA[15]
                         net (fo=1, routed)           0.000     4.015    gqav7_z19p_system_i/gqav7_accelerator_0/inst/u_accelerator/i_core/i_pipeline/i_downstream/i_pair_rescale/i_combine_alpha/significand_product_w/DSP_A_B_DATA.B2_DATA<15>
    DSP48E2_X4Y94        DSP_PREADD_DATA (Prop_DSP_PREADD_DATA_DSP48E2_B2_DATA[15]_B2B1[15])
                                                      0.073     4.088 r  gqav7_z19p_system_i/gqav7_accelerator_0/inst/u_accelerator/i_core/i_pipeline/i_downstream/i_pair_rescale/i_combine_alpha/significand_product_w/DSP_PREADD_DATA_INST/B2B1[15]
                         net (fo=1, routed)           0.000     4.088    gqav7_z19p_system_i/gqav7_accelerator_0/inst/u_accelerator/i_core/i_pipeline/i_downstream/i_pair_rescale/i_combine_alpha/significand_product_w/DSP_PREADD_DATA.B2B1<15>
    DSP48E2_X4Y94        DSP_MULTIPLIER (Prop_DSP_MULTIPLIER_DSP48E2_B2B1[15]_V[43])
                                                      0.609     4.697 f  gqav7_z19p_system_i/gqav7_accelerator_0/inst/u_accelerator/i_core/i_pipeline/i_downstream/i_pair_rescale/i_combine_alpha/significand_product_w/DSP_MULTIPLIER_INST/V[43]
                         net (fo=1, routed)           0.000     4.697    gqav7_z19p_system_i/gqav7_accelerator_0/inst/u_accelerator/i_core/i_pipeline/i_downstream/i_pair_rescale/i_combine_alpha/significand_product_w/DSP_MULTIPLIER.V<43>
    DSP48E2_X4Y94        DSP_M_DATA (Prop_DSP_M_DATA_DSP48E2_V[43]_V_DATA[43])
                                                      0.046     4.743 r  gqav7_z19p_system_i/gqav7_accelerator_0/inst/u_accelerator/i_core/i_pipeline/i_downstream/i_pair_rescale/i_combine_alpha/significand_product_w/DSP_M_DATA_INST/V_DATA[43]
                         net (fo=1, routed)           0.000     4.743    gqav7_z19p_system_i/gqav7_accelerator_0/inst/u_accelerator/i_core/i_pipeline/i_downstream/i_pair_rescale/i_combine_alpha/significand_product_w/DSP_M_DATA.V_DATA<43>
    DSP48E2_X4Y94        DSP_ALU (Prop_DSP_ALU_DSP48E2_V_DATA[43]_ALU_OUT[47])
                                                      0.571     5.314 f  gqav7_z19p_system_i/gqav7_accelerator_0/inst/u_accelerator/i_core/i_pipeline/i_downstream/i_pair_rescale/i_combine_alpha/significand_product_w/DSP_ALU_INST/ALU_OUT[47]
                         net (fo=1, routed)           0.000     5.314    gqav7_z19p_system_i/gqav7_accelerator_0/inst/u_accelerator/i_core/i_pipeline/i_downstream/i_pair_rescale/i_combine_alpha/significand_product_w/DSP_ALU.ALU_OUT<47>
    DSP48E2_X4Y94        DSP_OUTPUT (Prop_DSP_OUTPUT_DSP48E2_ALU_OUT[47]_PCOUT[47])
                                                      0.122     5.436 r  gqav7_z19p_system_i/gqav7_accelerator_0/inst/u_accelerator/i_core/i_pipeline/i_downstream/i_pair_rescale/i_combine_alpha/significand_product_w/DSP_OUTPUT_INST/PCOUT[47]
                         net (fo=1, routed)           0.014     5.450    gqav7_z19p_system_i/gqav7_accelerator_0/inst/u_accelerator/i_core/i_pipeline/i_downstream/i_pair_rescale/i_combine_alpha/s0_q_reg[significand_product]/PCIN[47]
    DSP48E2_X4Y95        DSP_ALU (Prop_DSP_ALU_DSP48E2_PCIN[47]_ALU_OUT[8])
                                                      0.546     5.996 r  gqav7_z19p_system_i/gqav7_accelerator_0/inst/u_accelerator/i_core/i_pipeline/i_downstream/i_pair_rescale/i_combine_alpha/s0_q_reg[significand_product]/DSP_ALU_INST/ALU_OUT[8]
                         net (fo=1, routed)           0.000     5.996    gqav7_z19p_system_i/gqav7_accelerator_0/inst/u_accelerator/i_core/i_pipeline/i_downstream/i_pair_rescale/i_combine_alpha/s0_q_reg[significand_product]/DSP_ALU.ALU_OUT<8>
    DSP48E2_X4Y95        DSP_OUTPUT                                   r  gqav7_z19p_system_i/gqav7_accelerator_0/inst/u_accelerator/i_core/i_pipeline/i_downstream/i_pair_rescale/i_combine_alpha/s0_q_reg[significand_product]/DSP_OUTPUT_INST/ALU_OUT[8]
  -------------------------------------------------------------------    -------------------

                         (clock clk_core_235_unbuf rise edge)
                                                      4.255     4.255 r  
                         clock source latency        -1.044     3.211    
                         propagated clock network latency
                                                      2.790     6.002    
                         clock pessimism              0.086     6.088    
                         clock uncertainty           -0.061     6.027    
    DSP48E2_X4Y95        DSP_OUTPUT (Setup_DSP_OUTPUT_DSP48E2_CLK_ALU_OUT[8])
                                                      0.015     6.042    gqav7_z19p_system_i/gqav7_accelerator_0/inst/u_accelerator/i_core/i_pipeline/i_downstream/i_pair_rescale/i_combine_alpha/s0_q_reg[significand_product]/DSP_OUTPUT_INST
  -------------------------------------------------------------------
                         required time                          6.042    
                         arrival time                          -5.996    
  -------------------------------------------------------------------
                         slack                                  0.046    

Slack (MET) :             0.046ns  (required time - arrival time)
  Source:                 gqav7_z19p_system_i/gqav7_accelerator_0/inst/u_accelerator/i_core/i_pipeline/i_downstream/i_softmax/meta_q_reg[37][row_index][1]/C
                            (rising edge-triggered cell FDRE clocked by clk_core_235_unbuf  {rise@0.000ns fall@2.128ns period=4.255ns})
  Destination:            gqav7_z19p_system_i/gqav7_accelerator_0/inst/u_accelerator/i_core/i_pipeline/i_downstream/i_pair_rescale/i_combine_alpha/s0_q_reg[significand_product]/DSP_OUTPUT_INST/ALU_OUT[9]
                            (rising edge-triggered cell DSP_OUTPUT clocked by clk_core_235_unbuf  {rise@0.000ns fall@2.128ns period=4.255ns})
  Path Group:             clk_core_235_unbuf
  Path Type:              Setup (Max at Slow Process Corner)
  Requirement:            4.255ns  (clk_core_235_unbuf rise@4.255ns - clk_core_235_unbuf rise@0.000ns)
  Data Path Delay:        3.959ns  (logic 2.396ns (60.515%)  route 1.563ns (39.485%))
  Logic Levels:           9  (DSP_A_B_DATA=1 DSP_ALU=2 DSP_M_DATA=1 DSP_MULTIPLIER=1 DSP_OUTPUT=1 DSP_PREADD_DATA=1 LUT6=1 MUXF7=1)
  Clock Path Skew:        -0.204ns (DCD - SCD + CPR)
    Destination Clock Delay (DCD):    1.746ns = ( 6.002 - 4.255 ) 
    Source Clock Delay      (SCD):    2.036ns
    Clock Pessimism Removal (CPR):    0.086ns
  Clock Uncertainty:      0.061ns  ((TSJ^2 + DJ^2)^1/2) / 2 + PE
    Total System Jitter     (TSJ):    0.071ns
    Discrete Jitter          (DJ):    0.099ns
    Phase Error              (PE):    0.000ns

    Location             Delay type                Incr(ns)  Path(ns)    Netlist Resource(s)
  -------------------------------------------------------------------    -------------------
                         (clock clk_core_235_unbuf rise edge)
                                                      0.000     0.000 r  
                         clock source latency        -1.206    -1.206    
                         propagated clock network latency
                                                      3.242     2.036    
    SLICE_X56Y211        FDRE                         0.000     2.036 r  gqav7_z19p_system_i/gqav7_accelerator_0/inst/u_accelerator/i_core/i_pipeline/i_downstream/i_softmax/meta_q_reg[37][row_index][1]/C
    SLICE_X56Y211        FDRE (Prop_GFF_SLICEL_C_Q)
                                                      0.079     2.115 r  gqav7_z19p_system_i/gqav7_accelerator_0/inst/u_accelerator/i_core/i_pipeline/i_downstream/i_softmax/meta_q_reg[37][row_index][1]/Q
                         net (fo=91, routed)          1.072     3.187    gqav7_z19p_system_i/gqav7_accelerator_0/inst/u_accelerator/i_core/i_pipeline/i_downstream/i_pair_rescale/i_combine_alpha/s0_q_reg[special_value][31]_1[1]
    SLICE_X35Y239        MUXF7 (Prop_F7MUX_GH_SLICEM_S_O)
                                                      0.076     3.263 f  gqav7_z19p_system_i/gqav7_accelerator_0/inst/u_accelerator/i_core/i_pipeline/i_downstream/i_pair_rescale/i_combine_alpha/significand_product_w_i_25/O
                         net (fo=1, routed)           0.196     3.459    gqav7_z19p_system_i/gqav7_accelerator_0/inst/u_accelerator/i_core/i_pipeline/i_downstream/i_pair_rescale/i_combine_alpha/significand_product_w_i_25_n_0
    SLICE_X35Y236        LUT6 (Prop_G6LUT_SLICEM_I5_O)
                                                      0.123     3.582 f  gqav7_z19p_system_i/gqav7_accelerator_0/inst/u_accelerator/i_core/i_pipeline/i_downstream/i_pair_rescale/i_combine_alpha/significand_product_w_i_2__7/O
                         net (fo=2, routed)           0.282     3.864    gqav7_z19p_system_i/gqav7_accelerator_0/inst/u_accelerator/i_core/i_pipeline/i_downstream/i_pair_rescale/i_combine_alpha/significand_product_w/B[15]
    DSP48E2_X4Y94        DSP_A_B_DATA (Prop_DSP_A_B_DATA_DSP48E2_B[15]_B2_DATA[15])
                                                      0.151     4.015 r  gqav7_z19p_system_i/gqav7_accelerator_0/inst/u_accelerator/i_core/i_pipeline/i_downstream/i_pair_rescale/i_combine_alpha/significand_product_w/DSP_A_B_DATA_INST/B2_DATA[15]
                         net (fo=1, routed)           0.000     4.015    gqav7_z19p_system_i/gqav7_accelerator_0/inst/u_accelerator/i_core/i_pipeline/i_downstream/i_pair_rescale/i_combine_alpha/significand_product_w/DSP_A_B_DATA.B2_DATA<15>
    DSP48E2_X4Y94        DSP_PREADD_DATA (Prop_DSP_PREADD_DATA_DSP48E2_B2_DATA[15]_B2B1[15])
                                                      0.073     4.088 r  gqav7_z19p_system_i/gqav7_accelerator_0/inst/u_accelerator/i_core/i_pipeline/i_downstream/i_pair_rescale/i_combine_alpha/significand_product_w/DSP_PREADD_DATA_INST/B2B1[15]
                         net (fo=1, routed)           0.000     4.088    gqav7_z19p_system_i/gqav7_accelerator_0/inst/u_accelerator/i_core/i_pipeline/i_downstream/i_pair_rescale/i_combine_alpha/significand_product_w/DSP_PREADD_DATA.B2B1<15>
    DSP48E2_X4Y94        DSP_MULTIPLIER (Prop_DSP_MULTIPLIER_DSP48E2_B2B1[15]_V[43])
                                                      0.609     4.697 f  gqav7_z19p_system_i/gqav7_accelerator_0/inst/u_accelerator/i_core/i_pipeline/i_downstream/i_pair_rescale/i_combine_alpha/significand_product_w/DSP_MULTIPLIER_INST/V[43]
                         net (fo=1, routed)           0.000     4.697    gqav7_z19p_system_i/gqav7_accelerator_0/inst/u_accelerator/i_core/i_pipeline/i_downstream/i_pair_rescale/i_combine_alpha/significand_product_w/DSP_MULTIPLIER.V<43>
    DSP48E2_X4Y94        DSP_M_DATA (Prop_DSP_M_DATA_DSP48E2_V[43]_V_DATA[43])
                                                      0.046     4.743 r  gqav7_z19p_system_i/gqav7_accelerator_0/inst/u_accelerator/i_core/i_pipeline/i_downstream/i_pair_rescale/i_combine_alpha/significand_product_w/DSP_M_DATA_INST/V_DATA[43]
                         net (fo=1, routed)           0.000     4.743    gqav7_z19p_system_i/gqav7_accelerator_0/inst/u_accelerator/i_core/i_pipeline/i_downstream/i_pair_rescale/i_combine_alpha/significand_product_w/DSP_M_DATA.V_DATA<43>
    DSP48E2_X4Y94        DSP_ALU (Prop_DSP_ALU_DSP48E2_V_DATA[43]_ALU_OUT[47])
                                                      0.571     5.314 f  gqav7_z19p_system_i/gqav7_accelerator_0/inst/u_accelerator/i_core/i_pipeline/i_downstream/i_pair_rescale/i_combine_alpha/significand_product_w/DSP_ALU_INST/ALU_OUT[47]
                         net (fo=1, routed)           0.000     5.314    gqav7_z19p_system_i/gqav7_accelerator_0/inst/u_accelerator/i_core/i_pipeline/i_downstream/i_pair_rescale/i_combine_alpha/significand_product_w/DSP_ALU.ALU_OUT<47>
    DSP48E2_X4Y94        DSP_OUTPUT (Prop_DSP_OUTPUT_DSP48E2_ALU_OUT[47]_PCOUT[47])
                                                      0.122     5.436 r  gqav7_z19p_system_i/gqav7_accelerator_0/inst/u_accelerator/i_core/i_pipeline/i_downstream/i_pair_rescale/i_combine_alpha/significand_product_w/DSP_OUTPUT_INST/PCOUT[47]
                         net (fo=1, routed)           0.014     5.450    gqav7_z19p_system_i/gqav7_accelerator_0/inst/u_accelerator/i_core/i_pipeline/i_downstream/i_pair_rescale/i_combine_alpha/s0_q_reg[significand_product]/PCIN[47]
    DSP48E2_X4Y95        DSP_ALU (Prop_DSP_ALU_DSP48E2_PCIN[47]_ALU_OUT[9])
                                                      0.546     5.996 r  gqav7_z19p_system_i/gqav7_accelerator_0/inst/u_accelerator/i_core/i_pipeline/i_downstream/i_pair_rescale/i_combine_alpha/s0_q_reg[significand_product]/DSP_ALU_INST/ALU_OUT[9]
                         net (fo=1, routed)           0.000     5.996    gqav7_z19p_system_i/gqav7_accelerator_0/inst/u_accelerator/i_core/i_pipeline/i_downstream/i_pair_rescale/i_combine_alpha/s0_q_reg[significand_product]/DSP_ALU.ALU_OUT<9>
    DSP48E2_X4Y95        DSP_OUTPUT                                   r  gqav7_z19p_system_i/gqav7_accelerator_0/inst/u_accelerator/i_core/i_pipeline/i_downstream/i_pair_rescale/i_combine_alpha/s0_q_reg[significand_product]/DSP_OUTPUT_INST/ALU_OUT[9]
  -------------------------------------------------------------------    -------------------

                         (clock clk_core_235_unbuf rise edge)
                                                      4.255     4.255 r  
                         clock source latency        -1.044     3.211    
                         propagated clock network latency
                                                      2.790     6.002    
                         clock pessimism              0.086     6.088    
                         clock uncertainty           -0.061     6.027    
    DSP48E2_X4Y95        DSP_OUTPUT (Setup_DSP_OUTPUT_DSP48E2_CLK_ALU_OUT[9])
                                                      0.015     6.042    gqav7_z19p_system_i/gqav7_accelerator_0/inst/u_accelerator/i_core/i_pipeline/i_downstream/i_pair_rescale/i_combine_alpha/s0_q_reg[significand_product]/DSP_OUTPUT_INST
  -------------------------------------------------------------------
                         required time                          6.042    
                         arrival time                          -5.996    
  -------------------------------------------------------------------
                         slack                                  0.046    

Slack (MET) :             0.047ns  (required time - arrival time)
  Source:                 gqav7_z19p_system_i/gqav7_accelerator_0/inst/u_accelerator/i_core/i_group_scheduler/replay_reduction_tile_q_reg[1]/C
                            (rising edge-triggered cell FDCE clocked by clk_core_235_unbuf  {rise@0.000ns fall@2.128ns period=4.255ns})
  Destination:            gqav7_z19p_system_i/gqav7_accelerator_0/inst/u_accelerator/i_core/i_resident_operands/i_k_column_cache/tile_valid_q_reg[61]/D
                            (rising edge-triggered cell FDCE clocked by clk_core_235_unbuf  {rise@0.000ns fall@2.128ns period=4.255ns})
  Path Group:             clk_core_235_unbuf
  Path Type:              Setup (Max at Slow Process Corner)
  Requirement:            4.255ns  (clk_core_235_unbuf rise@4.255ns - clk_core_235_unbuf rise@0.000ns)
  Data Path Delay:        4.135ns  (logic 1.061ns (25.658%)  route 3.074ns (74.342%))
  Logic Levels:           13  (LUT2=4 LUT5=1 LUT6=8)
  Clock Path Skew:        -0.037ns (DCD - SCD + CPR)
    Destination Clock Delay (DCD):    2.014ns = ( 6.269 - 4.255 ) 
    Source Clock Delay      (SCD):    2.157ns
    Clock Pessimism Removal (CPR):    0.106ns
  Clock Uncertainty:      0.061ns  ((TSJ^2 + DJ^2)^1/2) / 2 + PE
    Total System Jitter     (TSJ):    0.071ns
    Discrete Jitter          (DJ):    0.099ns
    Phase Error              (PE):    0.000ns

    Location             Delay type                Incr(ns)  Path(ns)    Netlist Resource(s)
  -------------------------------------------------------------------    -------------------
                         (clock clk_core_235_unbuf rise edge)
                                                      0.000     0.000 r  
                         clock source latency        -1.206    -1.206    
                         propagated clock network latency
                                                      3.363     2.157    
    SLICE_X92Y174        FDCE                         0.000     2.157 r  gqav7_z19p_system_i/gqav7_accelerator_0/inst/u_accelerator/i_core/i_group_scheduler/replay_reduction_tile_q_reg[1]/C
    SLICE_X92Y174        FDCE (Prop_HFF_SLICEL_C_Q)
                                                      0.079     2.236 r  gqav7_z19p_system_i/gqav7_accelerator_0/inst/u_accelerator/i_core/i_group_scheduler/replay_reduction_tile_q_reg[1]/Q
                         net (fo=9, routed)           0.483     2.719    gqav7_z19p_system_i/gqav7_accelerator_0/inst/u_accelerator/i_core/i_group_scheduler/replay_reduction_tile_q_reg_n_0_[1]
    SLICE_X94Y174        LUT2 (Prop_F6LUT_SLICEL_I0_O)
                                                      0.035     2.754 r  gqav7_z19p_system_i/gqav7_accelerator_0/inst/u_accelerator/i_core/i_group_scheduler/replay_base_tile_q[1]_i_1_replica_1/O
                         net (fo=18, routed)          0.166     2.920    gqav7_z19p_system_i/gqav7_accelerator_0/inst/u_accelerator/i_core/i_group_scheduler/replay_reduction_tile_q_reg[2]_0[1]_repN_1
    SLICE_X93Y176        LUT2 (Prop_G6LUT_SLICEL_I1_O)
                                                      0.089     3.009 f  gqav7_z19p_system_i/gqav7_accelerator_0/inst/u_accelerator/i_core/i_group_scheduler/replay_issue_column_q[3]_i_45_replica/O
                         net (fo=5, routed)           0.491     3.500    gqav7_z19p_system_i/gqav7_accelerator_0/inst/u_accelerator/i_core/i_group_scheduler/replay_issue_column_q[3]_i_45_n_0_repN
    SLICE_X92Y177        LUT6 (Prop_E6LUT_SLICEL_I5_O)
                                                      0.123     3.623 r  gqav7_z19p_system_i/gqav7_accelerator_0/inst/u_accelerator/i_core/i_group_scheduler/replay_issue_column_q[3]_i_216/O
                         net (fo=1, routed)           0.167     3.790    gqav7_z19p_system_i/gqav7_accelerator_0/inst/u_accelerator/i_core/i_group_scheduler/replay_issue_column_q[3]_i_216_n_0
    SLICE_X91Y173        LUT6 (Prop_F6LUT_SLICEL_I0_O)
                                                      0.148     3.938 f  gqav7_z19p_system_i/gqav7_accelerator_0/inst/u_accelerator/i_core/i_group_scheduler/replay_issue_column_q[3]_i_77/O
                         net (fo=1, routed)           0.193     4.131    gqav7_z19p_system_i/gqav7_accelerator_0/inst/u_accelerator/i_core/i_group_scheduler/replay_issue_column_q[3]_i_77_n_0
    SLICE_X90Y174        LUT6 (Prop_C6LUT_SLICEL_I0_O)
                                                      0.146     4.277 f  gqav7_z19p_system_i/gqav7_accelerator_0/inst/u_accelerator/i_core/i_group_scheduler/replay_issue_column_q[3]_i_20/O
                         net (fo=1, routed)           0.139     4.416    gqav7_z19p_system_i/gqav7_accelerator_0/inst/u_accelerator/i_core/i_group_scheduler/replay_issue_column_q[3]_i_20_n_0
    SLICE_X90Y171        LUT6 (Prop_A6LUT_SLICEL_I1_O)
                                                      0.124     4.540 f  gqav7_z19p_system_i/gqav7_accelerator_0/inst/u_accelerator/i_core/i_group_scheduler/replay_issue_column_q[3]_i_7/O
                         net (fo=3, routed)           0.237     4.777    gqav7_z19p_system_i/gqav7_accelerator_0/inst/u_accelerator/i_core/i_group_scheduler/replay_issue_column_q[3]_i_7_n_0
    SLICE_X91Y168        LUT6 (Prop_D6LUT_SLICEL_I1_O)
                                                      0.036     4.813 r  gqav7_z19p_system_i/gqav7_accelerator_0/inst/u_accelerator/i_core/i_group_scheduler/replay_issue_column_q[3]_i_3__0_replica/O
                         net (fo=1, routed)           0.038     4.851    gqav7_z19p_system_i/gqav7_accelerator_0/inst/u_accelerator/i_core/i_resident_operands/i_k_column_cache/q_direct_replay_start_ready_repN_alias
    SLICE_X91Y168        LUT5 (Prop_F6LUT_SLICEL_I0_O)
                                                      0.035     4.886 r  gqav7_z19p_system_i/gqav7_accelerator_0/inst/u_accelerator/i_core/i_resident_operands/i_k_column_cache/replay_wave_tiles_q[3]_i_1_rewire_replica/O
                         net (fo=1, routed)           0.137     5.023    gqav7_z19p_system_i/gqav7_accelerator_0/inst/u_accelerator/i_core/i_row_mover/E[0]_repN_alias
    SLICE_X91Y164        LUT6 (Prop_E6LUT_SLICEL_I0_O)
                                                      0.035     5.058 r  gqav7_z19p_system_i/gqav7_accelerator_0/inst/u_accelerator/i_core/i_row_mover/fill_expected_row_q[3]_i_3/O
                         net (fo=7, routed)           0.104     5.162    gqav7_z19p_system_i/gqav7_accelerator_0/inst/u_accelerator/i_core/i_row_mover/replay_out_valid_q_reg
    SLICE_X91Y166        LUT2 (Prop_A6LUT_SLICEL_I1_O)
                                                      0.035     5.197 f  gqav7_z19p_system_i/gqav7_accelerator_0/inst/u_accelerator/i_core/i_row_mover/tile_valid_q[124]_i_3/O
                         net (fo=47, routed)          0.128     5.325    gqav7_z19p_system_i/gqav7_accelerator_0/inst/u_accelerator/i_core/i_row_mover/fill_offer_can_evict
    SLICE_X91Y167        LUT2 (Prop_A6LUT_SLICEL_I0_O)
                                                      0.090     5.415 r  gqav7_z19p_system_i/gqav7_accelerator_0/inst/u_accelerator/i_core/i_row_mover/tile_valid_q[127]_i_7/O
                         net (fo=6, routed)           0.163     5.578    gqav7_z19p_system_i/gqav7_accelerator_0/inst/u_accelerator/i_core/i_row_mover/tile_valid_q[127]_i_7_n_0
    SLICE_X91Y167        LUT6 (Prop_E6LUT_SLICEL_I4_O)
                                                      0.035     5.613 r  gqav7_z19p_system_i/gqav7_accelerator_0/inst/u_accelerator/i_core/i_row_mover/tile_valid_q[125]_i_2/O
                         net (fo=4, routed)           0.577     6.191    gqav7_z19p_system_i/gqav7_accelerator_0/inst/u_accelerator/i_core/i_resident_operands/i_k_column_cache/tile_valid_q_reg[29]_1
    SLICE_X96Y169        LUT6 (Prop_H6LUT_SLICEL_I0_O)
                                                      0.051     6.242 r  gqav7_z19p_system_i/gqav7_accelerator_0/inst/u_accelerator/i_core/i_resident_operands/i_k_column_cache/tile_valid_q[61]_i_1/O
                         net (fo=1, routed)           0.051     6.293    gqav7_z19p_system_i/gqav7_accelerator_0/inst/u_accelerator/i_core/i_resident_operands/i_k_column_cache/tile_valid_q[61]_i_1_n_0
    SLICE_X96Y169        FDCE                                         r  gqav7_z19p_system_i/gqav7_accelerator_0/inst/u_accelerator/i_core/i_resident_operands/i_k_column_cache/tile_valid_q_reg[61]/D
  -------------------------------------------------------------------    -------------------

                         (clock clk_core_235_unbuf rise edge)
                                                      4.255     4.255 r  
                         clock source latency        -1.044     3.211    
                         propagated clock network latency
                                                      3.058     6.269    
                         clock pessimism              0.106     6.375    
                         clock uncertainty           -0.061     6.315    
    SLICE_X96Y169        FDCE (Setup_HFF_SLICEL_C_D)
                                                      0.025     6.340    gqav7_z19p_system_i/gqav7_accelerator_0/inst/u_accelerator/i_core/i_resident_operands/i_k_column_cache/tile_valid_q_reg[61]
  -------------------------------------------------------------------
                         required time                          6.340    
                         arrival time                          -6.293    
  -------------------------------------------------------------------
                         slack                                  0.047    

Slack (MET) :             0.048ns  (required time - arrival time)
  Source:                 gqav7_z19p_system_i/gqav7_accelerator_0/inst/u_accelerator/i_core/i_resident_operands/i_v_cache/gen_partition[2].i_cache/replay_out_valid_q_reg/C
                            (rising edge-triggered cell FDCE clocked by clk_core_235_unbuf  {rise@0.000ns fall@2.128ns period=4.255ns})
  Destination:            gqav7_z19p_system_i/gqav7_accelerator_0/inst/u_accelerator/i_core/i_pipeline/i_downstream/i_pv/input_fifo_p_column_q_reg[1][15][4]/CE
                            (rising edge-triggered cell FDRE clocked by clk_core_235_unbuf  {rise@0.000ns fall@2.128ns period=4.255ns})
  Path Group:             clk_core_235_unbuf
  Path Type:              Setup (Max at Slow Process Corner)
  Requirement:            4.255ns  (clk_core_235_unbuf rise@4.255ns - clk_core_235_unbuf rise@0.000ns)
  Data Path Delay:        3.852ns  (logic 0.475ns (12.330%)  route 3.377ns (87.670%))
  Logic Levels:           6  (LUT2=1 LUT4=1 LUT5=2 LUT6=2)
  Clock Path Skew:        -0.234ns (DCD - SCD + CPR)
    Destination Clock Delay (DCD):    1.928ns = ( 6.183 - 4.255 ) 
    Source Clock Delay      (SCD):    2.169ns
    Clock Pessimism Removal (CPR):    0.007ns
  Clock Uncertainty:      0.061ns  ((TSJ^2 + DJ^2)^1/2) / 2 + PE
    Total System Jitter     (TSJ):    0.071ns
    Discrete Jitter          (DJ):    0.099ns
    Phase Error              (PE):    0.000ns

    Location             Delay type                Incr(ns)  Path(ns)    Netlist Resource(s)
  -------------------------------------------------------------------    -------------------
                         (clock clk_core_235_unbuf rise edge)
                                                      0.000     0.000 r  
                         clock source latency        -1.206    -1.206    
                         propagated clock network latency
                                                      3.375     2.169    
    SLICE_X91Y193        FDCE                         0.000     2.169 r  gqav7_z19p_system_i/gqav7_accelerator_0/inst/u_accelerator/i_core/i_resident_operands/i_v_cache/gen_partition[2].i_cache/replay_out_valid_q_reg/C
    SLICE_X91Y193        FDCE (Prop_BFF2_SLICEL_C_Q)
                                                      0.080     2.249 r  gqav7_z19p_system_i/gqav7_accelerator_0/inst/u_accelerator/i_core/i_resident_operands/i_v_cache/gen_partition[2].i_cache/replay_out_valid_q_reg/Q
                         net (fo=9, routed)           0.169     2.419    gqav7_z19p_system_i/gqav7_accelerator_0/inst/u_accelerator/i_core/i_resident_operands/i_v_cache/gen_partition[2].i_cache/replay_out_valid_q_reg_0
    SLICE_X92Y193        LUT6 (Prop_A6LUT_SLICEL_I0_O)
                                                      0.124     2.543 r  gqav7_z19p_system_i/gqav7_accelerator_0/inst/u_accelerator/i_core/i_resident_operands/i_v_cache/gen_partition[2].i_cache/row_mem_q_reg_0_i_92/O
                         net (fo=7, routed)           0.143     2.686    gqav7_z19p_system_i/gqav7_accelerator_0/inst/u_accelerator/i_core/i_resident_operands/i_v_cache/gen_partition[2].i_cache/replay_out_valid_q_reg_2
    SLICE_X91Y192        LUT5 (Prop_A6LUT_SLICEL_I0_O)
                                                      0.035     2.721 r  gqav7_z19p_system_i/gqav7_accelerator_0/inst/u_accelerator/i_core/i_resident_operands/i_v_cache/gen_partition[2].i_cache/fast_active_q_i_6_rewire/O
                         net (fo=7, routed)           0.162     2.883    gqav7_z19p_system_i/gqav7_accelerator_0/inst/u_accelerator/i_core/i_pipeline/i_v_buffer/gen_buffer[0].i_buffer/pv_stream_row_valid
    SLICE_X91Y197        LUT6 (Prop_C6LUT_SLICEL_I0_O)
                                                      0.035     2.918 r  gqav7_z19p_system_i/gqav7_accelerator_0/inst/u_accelerator/i_core/i_pipeline/i_v_buffer/gen_buffer[0].i_buffer/expected_v_row_q[3]_i_3/O
                         net (fo=6, routed)           0.760     3.678    gqav7_z19p_system_i/gqav7_accelerator_0/inst/u_accelerator/i_core/i_pipeline/i_downstream/i_pv/v_row_valid
    SLICE_X57Y237        LUT4 (Prop_C6LUT_SLICEL_I3_O)
                                                      0.035     3.713 r  gqav7_z19p_system_i/gqav7_accelerator_0/inst/u_accelerator/i_core/i_pipeline/i_downstream/i_pv/input_fifo_start_q[1]_i_3/O
                         net (fo=5, routed)           0.149     3.863    gqav7_z19p_system_i/gqav7_accelerator_0/inst/u_accelerator/i_core/i_pipeline/i_downstream/i_pv/v_step_valid_i0
    SLICE_X57Y234        LUT5 (Prop_A6LUT_SLICEL_I4_O)
                                                      0.050     3.913 r  gqav7_z19p_system_i/gqav7_accelerator_0/inst/u_accelerator/i_core/i_pipeline/i_downstream/i_pv/input_fifo_count_q[1]_i_4_replica/O
                         net (fo=29, routed)          0.913     4.825    gqav7_z19p_system_i/gqav7_accelerator_0/inst/u_accelerator/i_core/i_pipeline/i_downstream/i_pv/p_75_in_repN
    SLICE_X34Y234        LUT2 (Prop_B5LUT_SLICEL_I0_O)
                                                      0.116     4.941 r  gqav7_z19p_system_i/gqav7_accelerator_0/inst/u_accelerator/i_core/i_pipeline/i_downstream/i_pv/input_fifo_p_column_q[1][15][11]_i_1_replica/O
                         net (fo=11, routed)          1.081     6.022    gqav7_z19p_system_i/gqav7_accelerator_0/inst/u_accelerator/i_core/i_pipeline/i_downstream/i_pv/input_fifo_p_column_q[1][15][11]_i_1_n_0_repN
    SLICE_X5Y246         FDRE                                         r  gqav7_z19p_system_i/gqav7_accelerator_0/inst/u_accelerator/i_core/i_pipeline/i_downstream/i_pv/input_fifo_p_column_q_reg[1][15][4]/CE
  -------------------------------------------------------------------    -------------------

                         (clock clk_core_235_unbuf rise edge)
                                                      4.255     4.255 r  
                         clock source latency        -1.044     3.211    
                         propagated clock network latency
                                                      2.972     6.183    
                         clock pessimism              0.007     6.191    
                         clock uncertainty           -0.061     6.130    
    SLICE_X5Y246         FDRE (Setup_DFF2_SLICEM_C_CE)
                                                     -0.060     6.070    gqav7_z19p_system_i/gqav7_accelerator_0/inst/u_accelerator/i_core/i_pipeline/i_downstream/i_pv/input_fifo_p_column_q_reg[1][15][4]
  -------------------------------------------------------------------
                         required time                          6.070    
                         arrival time                          -6.022    
  -------------------------------------------------------------------
                         slack                                  0.048    

Slack (MET) :             0.048ns  (required time - arrival time)
  Source:                 gqav7_z19p_system_i/gqav7_accelerator_0/inst/u_accelerator/i_core/i_resident_operands/i_v_cache/gen_partition[2].i_cache/replay_out_valid_q_reg/C
                            (rising edge-triggered cell FDCE clocked by clk_core_235_unbuf  {rise@0.000ns fall@2.128ns period=4.255ns})
  Destination:            gqav7_z19p_system_i/gqav7_accelerator_0/inst/u_accelerator/i_core/i_pipeline/i_downstream/i_pv/input_fifo_p_column_q_reg[1][15][8]/CE
                            (rising edge-triggered cell FDRE clocked by clk_core_235_unbuf  {rise@0.000ns fall@2.128ns period=4.255ns})
  Path Group:             clk_core_235_unbuf
  Path Type:              Setup (Max at Slow Process Corner)
  Requirement:            4.255ns  (clk_core_235_unbuf rise@4.255ns - clk_core_235_unbuf rise@0.000ns)
  Data Path Delay:        3.852ns  (logic 0.475ns (12.330%)  route 3.377ns (87.670%))
  Logic Levels:           6  (LUT2=1 LUT4=1 LUT5=2 LUT6=2)
  Clock Path Skew:        -0.234ns (DCD - SCD + CPR)
    Destination Clock Delay (DCD):    1.928ns = ( 6.183 - 4.255 ) 
    Source Clock Delay      (SCD):    2.169ns
    Clock Pessimism Removal (CPR):    0.007ns
  Clock Uncertainty:      0.061ns  ((TSJ^2 + DJ^2)^1/2) / 2 + PE
    Total System Jitter     (TSJ):    0.071ns
    Discrete Jitter          (DJ):    0.099ns
    Phase Error              (PE):    0.000ns

    Location             Delay type                Incr(ns)  Path(ns)    Netlist Resource(s)
  -------------------------------------------------------------------    -------------------
                         (clock clk_core_235_unbuf rise edge)
                                                      0.000     0.000 r  
                         clock source latency        -1.206    -1.206    
                         propagated clock network latency
                                                      3.375     2.169    
    SLICE_X91Y193        FDCE                         0.000     2.169 r  gqav7_z19p_system_i/gqav7_accelerator_0/inst/u_accelerator/i_core/i_resident_operands/i_v_cache/gen_partition[2].i_cache/replay_out_valid_q_reg/C
    SLICE_X91Y193        FDCE (Prop_BFF2_SLICEL_C_Q)
                                                      0.080     2.249 r  gqav7_z19p_system_i/gqav7_accelerator_0/inst/u_accelerator/i_core/i_resident_operands/i_v_cache/gen_partition[2].i_cache/replay_out_valid_q_reg/Q
                         net (fo=9, routed)           0.169     2.419    gqav7_z19p_system_i/gqav7_accelerator_0/inst/u_accelerator/i_core/i_resident_operands/i_v_cache/gen_partition[2].i_cache/replay_out_valid_q_reg_0
    SLICE_X92Y193        LUT6 (Prop_A6LUT_SLICEL_I0_O)
                                                      0.124     2.543 r  gqav7_z19p_system_i/gqav7_accelerator_0/inst/u_accelerator/i_core/i_resident_operands/i_v_cache/gen_partition[2].i_cache/row_mem_q_reg_0_i_92/O
                         net (fo=7, routed)           0.143     2.686    gqav7_z19p_system_i/gqav7_accelerator_0/inst/u_accelerator/i_core/i_resident_operands/i_v_cache/gen_partition[2].i_cache/replay_out_valid_q_reg_2
    SLICE_X91Y192        LUT5 (Prop_A6LUT_SLICEL_I0_O)
                                                      0.035     2.721 r  gqav7_z19p_system_i/gqav7_accelerator_0/inst/u_accelerator/i_core/i_resident_operands/i_v_cache/gen_partition[2].i_cache/fast_active_q_i_6_rewire/O
                         net (fo=7, routed)           0.162     2.883    gqav7_z19p_system_i/gqav7_accelerator_0/inst/u_accelerator/i_core/i_pipeline/i_v_buffer/gen_buffer[0].i_buffer/pv_stream_row_valid
    SLICE_X91Y197        LUT6 (Prop_C6LUT_SLICEL_I0_O)
                                                      0.035     2.918 r  gqav7_z19p_system_i/gqav7_accelerator_0/inst/u_accelerator/i_core/i_pipeline/i_v_buffer/gen_buffer[0].i_buffer/expected_v_row_q[3]_i_3/O
                         net (fo=6, routed)           0.760     3.678    gqav7_z19p_system_i/gqav7_accelerator_0/inst/u_accelerator/i_core/i_pipeline/i_downstream/i_pv/v_row_valid
    SLICE_X57Y237        LUT4 (Prop_C6LUT_SLICEL_I3_O)
                                                      0.035     3.713 r  gqav7_z19p_system_i/gqav7_accelerator_0/inst/u_accelerator/i_core/i_pipeline/i_downstream/i_pv/input_fifo_start_q[1]_i_3/O
                         net (fo=5, routed)           0.149     3.863    gqav7_z19p_system_i/gqav7_accelerator_0/inst/u_accelerator/i_core/i_pipeline/i_downstream/i_pv/v_step_valid_i0
    SLICE_X57Y234        LUT5 (Prop_A6LUT_SLICEL_I4_O)
                                                      0.050     3.913 r  gqav7_z19p_system_i/gqav7_accelerator_0/inst/u_accelerator/i_core/i_pipeline/i_downstream/i_pv/input_fifo_count_q[1]_i_4_replica/O
                         net (fo=29, routed)          0.913     4.825    gqav7_z19p_system_i/gqav7_accelerator_0/inst/u_accelerator/i_core/i_pipeline/i_downstream/i_pv/p_75_in_repN
    SLICE_X34Y234        LUT2 (Prop_B5LUT_SLICEL_I0_O)
                                                      0.116     4.941 r  gqav7_z19p_system_i/gqav7_accelerator_0/inst/u_accelerator/i_core/i_pipeline/i_downstream/i_pv/input_fifo_p_column_q[1][15][11]_i_1_replica/O
                         net (fo=11, routed)          1.081     6.022    gqav7_z19p_system_i/gqav7_accelerator_0/inst/u_accelerator/i_core/i_pipeline/i_downstream/i_pv/input_fifo_p_column_q[1][15][11]_i_1_n_0_repN
    SLICE_X5Y246         FDRE                                         r  gqav7_z19p_system_i/gqav7_accelerator_0/inst/u_accelerator/i_core/i_pipeline/i_downstream/i_pv/input_fifo_p_column_q_reg[1][15][8]/CE
  -------------------------------------------------------------------    -------------------

                         (clock clk_core_235_unbuf rise edge)
                                                      4.255     4.255 r  
                         clock source latency        -1.044     3.211    
                         propagated clock network latency
                                                      2.972     6.183    
                         clock pessimism              0.007     6.191    
                         clock uncertainty           -0.061     6.130    
    SLICE_X5Y246         FDRE (Setup_BFF2_SLICEM_C_CE)
                                                     -0.060     6.070    gqav7_z19p_system_i/gqav7_accelerator_0/inst/u_accelerator/i_core/i_pipeline/i_downstream/i_pv/input_fifo_p_column_q_reg[1][15][8]
  -------------------------------------------------------------------
                         required time                          6.070    
                         arrival time                          -6.022    
  -------------------------------------------------------------------
                         slack                                  0.048    

Slack (MET) :             0.050ns  (required time - arrival time)
  Source:                 gqav7_z19p_system_i/data_smartconnect/inst/s00_entry_pipeline/s00_si_converter/inst/areset_reg/C
                            (rising edge-triggered cell FDRE clocked by clk_dma_300_unbuf  {rise@0.000ns fall@1.667ns period=3.333ns})
  Destination:            gqav7_z19p_system_i/data_smartconnect/inst/s00_entry_pipeline/s00_si_converter/inst/converter.low_area_converter.low_area_wrap_inst/aw_user_reg[cascade][last_offset][2]/R
                            (rising edge-triggered cell FDRE clocked by clk_dma_300_unbuf  {rise@0.000ns fall@1.667ns period=3.333ns})
  Path Group:             clk_dma_300_unbuf
  Path Type:              Setup (Max at Slow Process Corner)
  Requirement:            3.333ns  (clk_dma_300_unbuf rise@3.333ns - clk_dma_300_unbuf rise@0.000ns)
  Data Path Delay:        2.996ns  (logic 0.080ns (2.670%)  route 2.916ns (97.330%))
  Logic Levels:           0  
  Clock Path Skew:        -0.157ns (DCD - SCD + CPR)
    Destination Clock Delay (DCD):    1.846ns = ( 5.179 - 3.333 ) 
    Source Clock Delay      (SCD):    2.016ns
    Clock Pessimism Removal (CPR):    0.013ns
  Clock Uncertainty:      0.055ns  ((TSJ^2 + DJ^2)^1/2) / 2 + PE
    Total System Jitter     (TSJ):    0.071ns
    Discrete Jitter          (DJ):    0.085ns
    Phase Error              (PE):    0.000ns

    Location             Delay type                Incr(ns)  Path(ns)    Netlist Resource(s)
  -------------------------------------------------------------------    -------------------
                         (clock clk_dma_300_unbuf rise edge)
                                                      0.000     0.000 r  
                         clock source latency        -1.165    -1.165    
                         propagated clock network latency
                                                      3.181     2.016    
    SLICE_X33Y129        FDRE                         0.000     2.016 r  gqav7_z19p_system_i/data_smartconnect/inst/s00_entry_pipeline/s00_si_converter/inst/areset_reg/C
    SLICE_X33Y129        FDRE (Prop_HFF2_SLICEL_C_Q)
                                                      0.080     2.096 r  gqav7_z19p_system_i/data_smartconnect/inst/s00_entry_pipeline/s00_si_converter/inst/areset_reg/Q
                         net (fo=381, routed)         2.916     5.013    gqav7_z19p_system_i/data_smartconnect/inst/s00_entry_pipeline/s00_si_converter/inst/converter.low_area_converter.low_area_wrap_inst/areset
    SLICE_X21Y300        FDRE                                         r  gqav7_z19p_system_i/data_smartconnect/inst/s00_entry_pipeline/s00_si_converter/inst/converter.low_area_converter.low_area_wrap_inst/aw_user_reg[cascade][last_offset][2]/R
  -------------------------------------------------------------------    -------------------

                         (clock clk_dma_300_unbuf rise edge)
                                                      3.333     3.333 r  
                         clock source latency        -1.007     2.326    
                         propagated clock network latency
                                                      2.853     5.179    
                         clock pessimism              0.013     5.193    
                         clock uncertainty           -0.055     5.137    
    SLICE_X21Y300        FDRE (Setup_CFF2_SLICEM_C_R)
                                                     -0.074     5.063    gqav7_z19p_system_i/data_smartconnect/inst/s00_entry_pipeline/s00_si_converter/inst/converter.low_area_converter.low_area_wrap_inst/aw_user_reg[cascade][last_offset][2]
  -------------------------------------------------------------------
                         required time                          5.063    
                         arrival time                          -5.013    
  -------------------------------------------------------------------
                         slack                                  0.050    

Slack (MET) :             0.050ns  (required time - arrival time)
  Source:                 gqav7_z19p_system_i/data_smartconnect/inst/s00_entry_pipeline/s00_si_converter/inst/areset_reg/C
                            (rising edge-triggered cell FDRE clocked by clk_dma_300_unbuf  {rise@0.000ns fall@1.667ns period=3.333ns})
  Destination:            gqav7_z19p_system_i/data_smartconnect/inst/s00_entry_pipeline/s00_si_converter/inst/converter.low_area_converter.low_area_wrap_inst/aw_user_reg[cascade][last_offset][4]/R
                            (rising edge-triggered cell FDRE clocked by clk_dma_300_unbuf  {rise@0.000ns fall@1.667ns period=3.333ns})
  Path Group:             clk_dma_300_unbuf
  Path Type:              Setup (Max at Slow Process Corner)
  Requirement:            3.333ns  (clk_dma_300_unbuf rise@3.333ns - clk_dma_300_unbuf rise@0.000ns)
  Data Path Delay:        2.996ns  (logic 0.080ns (2.670%)  route 2.916ns (97.330%))
  Logic Levels:           0  
  Clock Path Skew:        -0.157ns (DCD - SCD + CPR)
    Destination Clock Delay (DCD):    1.846ns = ( 5.179 - 3.333 ) 
    Source Clock Delay      (SCD):    2.016ns
    Clock Pessimism Removal (CPR):    0.013ns
  Clock Uncertainty:      0.055ns  ((TSJ^2 + DJ^2)^1/2) / 2 + PE
    Total System Jitter     (TSJ):    0.071ns
    Discrete Jitter          (DJ):    0.085ns
    Phase Error              (PE):    0.000ns

    Location             Delay type                Incr(ns)  Path(ns)    Netlist Resource(s)
  -------------------------------------------------------------------    -------------------
                         (clock clk_dma_300_unbuf rise edge)
                                                      0.000     0.000 r  
                         clock source latency        -1.165    -1.165    
                         propagated clock network latency
                                                      3.181     2.016    
    SLICE_X33Y129        FDRE                         0.000     2.016 r  gqav7_z19p_system_i/data_smartconnect/inst/s00_entry_pipeline/s00_si_converter/inst/areset_reg/C
    SLICE_X33Y129        FDRE (Prop_HFF2_SLICEL_C_Q)
                                                      0.080     2.096 r  gqav7_z19p_system_i/data_smartconnect/inst/s00_entry_pipeline/s00_si_converter/inst/areset_reg/Q
                         net (fo=381, routed)         2.916     5.013    gqav7_z19p_system_i/data_smartconnect/inst/s00_entry_pipeline/s00_si_converter/inst/converter.low_area_converter.low_area_wrap_inst/areset
    SLICE_X21Y300        FDRE                                         r  gqav7_z19p_system_i/data_smartconnect/inst/s00_entry_pipeline/s00_si_converter/inst/converter.low_area_converter.low_area_wrap_inst/aw_user_reg[cascade][last_offset][4]/R
  -------------------------------------------------------------------    -------------------

                         (clock clk_dma_300_unbuf rise edge)
                                                      3.333     3.333 r  
                         clock source latency        -1.007     2.326    
                         propagated clock network latency
                                                      2.853     5.179    
                         clock pessimism              0.013     5.193    
                         clock uncertainty           -0.055     5.137    
    SLICE_X21Y300        FDRE (Setup_BFF2_SLICEM_C_R)
                                                     -0.074     5.063    gqav7_z19p_system_i/data_smartconnect/inst/s00_entry_pipeline/s00_si_converter/inst/converter.low_area_converter.low_area_wrap_inst/aw_user_reg[cascade][last_offset][4]
  -------------------------------------------------------------------
                         required time                          5.063    
                         arrival time                          -5.013    
  -------------------------------------------------------------------
                         slack                                  0.050    

Slack (MET) :             0.052ns  (required time - arrival time)
  Source:                 gqav7_z19p_system_i/data_smartconnect/inst/s00_entry_pipeline/s00_si_converter/inst/areset_reg/C
                            (rising edge-triggered cell FDRE clocked by clk_dma_300_unbuf  {rise@0.000ns fall@1.667ns period=3.333ns})
  Destination:            gqav7_z19p_system_i/data_smartconnect/inst/s00_entry_pipeline/s00_si_converter/inst/converter.low_area_converter.low_area_wrap_inst/aw_user_reg[cascade][last_offset][3]/R
                            (rising edge-triggered cell FDRE clocked by clk_dma_300_unbuf  {rise@0.000ns fall@1.667ns period=3.333ns})
  Path Group:             clk_dma_300_unbuf
  Path Type:              Setup (Max at Slow Process Corner)
  Requirement:            3.333ns  (clk_dma_300_unbuf rise@3.333ns - clk_dma_300_unbuf rise@0.000ns)
  Data Path Delay:        2.993ns  (logic 0.080ns (2.673%)  route 2.913ns (97.327%))
  Logic Levels:           0  
  Clock Path Skew:        -0.158ns (DCD - SCD + CPR)
    Destination Clock Delay (DCD):    1.845ns = ( 5.178 - 3.333 ) 
    Source Clock Delay      (SCD):    2.016ns
    Clock Pessimism Removal (CPR):    0.013ns
  Clock Uncertainty:      0.055ns  ((TSJ^2 + DJ^2)^1/2) / 2 + PE
    Total System Jitter     (TSJ):    0.071ns
    Discrete Jitter          (DJ):    0.085ns
    Phase Error              (PE):    0.000ns

    Location             Delay type                Incr(ns)  Path(ns)    Netlist Resource(s)
  -------------------------------------------------------------------    -------------------
                         (clock clk_dma_300_unbuf rise edge)
                                                      0.000     0.000 r  
                         clock source latency        -1.165    -1.165    
                         propagated clock network latency
                                                      3.181     2.016    
    SLICE_X33Y129        FDRE                         0.000     2.016 r  gqav7_z19p_system_i/data_smartconnect/inst/s00_entry_pipeline/s00_si_converter/inst/areset_reg/C
    SLICE_X33Y129        FDRE (Prop_HFF2_SLICEL_C_Q)
                                                      0.080     2.096 r  gqav7_z19p_system_i/data_smartconnect/inst/s00_entry_pipeline/s00_si_converter/inst/areset_reg/Q
                         net (fo=381, routed)         2.913     5.010    gqav7_z19p_system_i/data_smartconnect/inst/s00_entry_pipeline/s00_si_converter/inst/converter.low_area_converter.low_area_wrap_inst/areset
    SLICE_X21Y300        FDRE                                         r  gqav7_z19p_system_i/data_smartconnect/inst/s00_entry_pipeline/s00_si_converter/inst/converter.low_area_converter.low_area_wrap_inst/aw_user_reg[cascade][last_offset][3]/R
  -------------------------------------------------------------------    -------------------

                         (clock clk_dma_300_unbuf rise edge)
                                                      3.333     3.333 r  
                         clock source latency        -1.007     2.326    
                         propagated clock network latency
                                                      2.852     5.178    
                         clock pessimism              0.013     5.192    
                         clock uncertainty           -0.055     5.136    
    SLICE_X21Y300        FDRE (Setup_EFF_SLICEM_C_R)
                                                     -0.074     5.062    gqav7_z19p_system_i/data_smartconnect/inst/s00_entry_pipeline/s00_si_converter/inst/converter.low_area_converter.low_area_wrap_inst/aw_user_reg[cascade][last_offset][3]
  -------------------------------------------------------------------
                         required time                          5.062    
                         arrival time                          -5.010    
  -------------------------------------------------------------------
                         slack                                  0.052    

Slack (MET) :             0.052ns  (required time - arrival time)
  Source:                 gqav7_z19p_system_i/data_smartconnect/inst/s00_entry_pipeline/s00_si_converter/inst/areset_reg/C
                            (rising edge-triggered cell FDRE clocked by clk_dma_300_unbuf  {rise@0.000ns fall@1.667ns period=3.333ns})
  Destination:            gqav7_z19p_system_i/data_smartconnect/inst/s00_entry_pipeline/s00_si_converter/inst/converter.low_area_converter.low_area_wrap_inst/orig_awaddr_reg[3]/R
                            (rising edge-triggered cell FDRE clocked by clk_dma_300_unbuf  {rise@0.000ns fall@1.667ns period=3.333ns})
  Path Group:             clk_dma_300_unbuf
  Path Type:              Setup (Max at Slow Process Corner)
  Requirement:            3.333ns  (clk_dma_300_unbuf rise@3.333ns - clk_dma_300_unbuf rise@0.000ns)
  Data Path Delay:        2.993ns  (logic 0.080ns (2.673%)  route 2.913ns (97.327%))
  Logic Levels:           0  
  Clock Path Skew:        -0.158ns (DCD - SCD + CPR)
    Destination Clock Delay (DCD):    1.845ns = ( 5.178 - 3.333 ) 
    Source Clock Delay      (SCD):    2.016ns
    Clock Pessimism Removal (CPR):    0.013ns
  Clock Uncertainty:      0.055ns  ((TSJ^2 + DJ^2)^1/2) / 2 + PE
    Total System Jitter     (TSJ):    0.071ns
    Discrete Jitter          (DJ):    0.085ns
    Phase Error              (PE):    0.000ns

    Location             Delay type                Incr(ns)  Path(ns)    Netlist Resource(s)
  -------------------------------------------------------------------    -------------------
                         (clock clk_dma_300_unbuf rise edge)
                                                      0.000     0.000 r  
                         clock source latency        -1.165    -1.165    
                         propagated clock network latency
                                                      3.181     2.016    
    SLICE_X33Y129        FDRE                         0.000     2.016 r  gqav7_z19p_system_i/data_smartconnect/inst/s00_entry_pipeline/s00_si_converter/inst/areset_reg/C
    SLICE_X33Y129        FDRE (Prop_HFF2_SLICEL_C_Q)
                                                      0.080     2.096 r  gqav7_z19p_system_i/data_smartconnect/inst/s00_entry_pipeline/s00_si_converter/inst/areset_reg/Q
                         net (fo=381, routed)         2.913     5.010    gqav7_z19p_system_i/data_smartconnect/inst/s00_entry_pipeline/s00_si_converter/inst/converter.low_area_converter.low_area_wrap_inst/areset
    SLICE_X21Y300        FDRE                                         r  gqav7_z19p_system_i/data_smartconnect/inst/s00_entry_pipeline/s00_si_converter/inst/converter.low_area_converter.low_area_wrap_inst/orig_awaddr_reg[3]/R
  -------------------------------------------------------------------    -------------------

                         (clock clk_dma_300_unbuf rise edge)
                                                      3.333     3.333 r  
                         clock source latency        -1.007     2.326    
                         propagated clock network latency
                                                      2.852     5.178    
                         clock pessimism              0.013     5.192    
                         clock uncertainty           -0.055     5.136    
    SLICE_X21Y300        FDRE (Setup_EFF2_SLICEM_C_R)
                                                     -0.074     5.062    gqav7_z19p_system_i/data_smartconnect/inst/s00_entry_pipeline/s00_si_converter/inst/converter.low_area_converter.low_area_wrap_inst/orig_awaddr_reg[3]
  -------------------------------------------------------------------
                         required time                          5.062    
                         arrival time                          -5.010    
  -------------------------------------------------------------------
                         slack                                  0.052    

Slack (MET) :             0.054ns  (required time - arrival time)
  Source:                 gqav7_z19p_system_i/data_smartconnect/inst/s00_nodes/s00_aw_node/inst/inst_mi_handler/gen_normal_area.inst_fifo_node_payld/gen_xpm_memory_fifo.inst_fifo/gen_mem_rep[0].inst_rd_addrb/count_r_reg[1]/C
                            (rising edge-triggered cell FDRE clocked by clk_dma_300_unbuf  {rise@0.000ns fall@1.667ns period=3.333ns})
  Destination:            gqav7_z19p_system_i/data_smartconnect/inst/s00_nodes/s00_aw_node/inst/inst_mi_handler/gen_normal_area.inst_fifo_node_payld/gen_xpm_memory_fifo.inst_fifo/gen_mem_rep[0].inst_xpm_memory/xpm_memory_base_inst/gen_rd_b.gen_rd_b_synth_template.gen_rf_narrow_reg.doutb_reg_reg[13]/D
                            (rising edge-triggered cell FDRE clocked by clk_dma_300_unbuf  {rise@0.000ns fall@1.667ns period=3.333ns})
  Path Group:             clk_dma_300_unbuf
  Path Type:              Setup (Max at Slow Process Corner)
  Requirement:            3.333ns  (clk_dma_300_unbuf rise@3.333ns - clk_dma_300_unbuf rise@0.000ns)
  Data Path Delay:        3.031ns  (logic 0.202ns (6.665%)  route 2.829ns (93.335%))
  Logic Levels:           1  (RAMD32=1)
  Clock Path Skew:        -0.218ns (DCD - SCD + CPR)
    Destination Clock Delay (DCD):    1.799ns = ( 5.132 - 3.333 ) 
    Source Clock Delay      (SCD):    2.030ns
    Clock Pessimism Removal (CPR):    0.013ns
  Clock Uncertainty:      0.055ns  ((TSJ^2 + DJ^2)^1/2) / 2 + PE
    Total System Jitter     (TSJ):    0.071ns
    Discrete Jitter          (DJ):    0.085ns
    Phase Error              (PE):    0.000ns

    Location             Delay type                Incr(ns)  Path(ns)    Netlist Resource(s)
  -------------------------------------------------------------------    -------------------
                         (clock clk_dma_300_unbuf rise edge)
                                                      0.000     0.000 r  
                         clock source latency        -1.165    -1.165    
                         propagated clock network latency
                                                      3.195     2.030    
    SLICE_X27Y306        FDRE                         0.000     2.030 r  gqav7_z19p_system_i/data_smartconnect/inst/s00_nodes/s00_aw_node/inst/inst_mi_handler/gen_normal_area.inst_fifo_node_payld/gen_xpm_memory_fifo.inst_fifo/gen_mem_rep[0].inst_rd_addrb/count_r_reg[1]/C
    SLICE_X27Y306        FDRE (Prop_EFF2_SLICEM_C_Q)
                                                      0.079     2.109 r  gqav7_z19p_system_i/data_smartconnect/inst/s00_nodes/s00_aw_node/inst/inst_mi_handler/gen_normal_area.inst_fifo_node_payld/gen_xpm_memory_fifo.inst_fifo/gen_mem_rep[0].inst_rd_addrb/count_r_reg[1]/Q
                         net (fo=153, routed)         2.770     4.879    gqav7_z19p_system_i/data_smartconnect/inst/s00_nodes/s00_aw_node/inst/inst_mi_handler/gen_normal_area.inst_fifo_node_payld/gen_xpm_memory_fifo.inst_fifo/gen_mem_rep[0].inst_xpm_memory/xpm_memory_base_inst/gen_wr_a.gen_word_narrow.mem_reg_0_31_0_13/ADDRG1
    SLICE_X23Y252        RAMD32 (Prop_G6LUT_SLICEM_RADR1_O)
                                                      0.123     5.002 r  gqav7_z19p_system_i/data_smartconnect/inst/s00_nodes/s00_aw_node/inst/inst_mi_handler/gen_normal_area.inst_fifo_node_payld/gen_xpm_memory_fifo.inst_fifo/gen_mem_rep[0].inst_xpm_memory/xpm_memory_base_inst/gen_wr_a.gen_word_narrow.mem_reg_0_31_0_13/RAMG_D1/O
                         net (fo=1, routed)           0.059     5.061    gqav7_z19p_system_i/data_smartconnect/inst/s00_nodes/s00_aw_node/inst/inst_mi_handler/gen_normal_area.inst_fifo_node_payld/gen_xpm_memory_fifo.inst_fifo/gen_mem_rep[0].inst_xpm_memory/xpm_memory_base_inst/gen_rd_b.gen_rd_b_synth_template.gen_rf_narrow_reg.doutb_reg_reg0[13]
    SLICE_X23Y252        FDRE                                         r  gqav7_z19p_system_i/data_smartconnect/inst/s00_nodes/s00_aw_node/inst/inst_mi_handler/gen_normal_area.inst_fifo_node_payld/gen_xpm_memory_fifo.inst_fifo/gen_mem_rep[0].inst_xpm_memory/xpm_memory_base_inst/gen_rd_b.gen_rd_b_synth_template.gen_rf_narrow_reg.doutb_reg_reg[13]/D
  -------------------------------------------------------------------    -------------------

                         (clock clk_dma_300_unbuf rise edge)
                                                      3.333     3.333 r  
                         clock source latency        -1.007     2.326    
                         propagated clock network latency
                                                      2.806     5.132    
                         clock pessimism              0.013     5.146    
                         clock uncertainty           -0.055     5.090    
    SLICE_X23Y252        FDRE (Setup_GFF_SLICEM_C_D)
                                                      0.025     5.115    gqav7_z19p_system_i/data_smartconnect/inst/s00_nodes/s00_aw_node/inst/inst_mi_handler/gen_normal_area.inst_fifo_node_payld/gen_xpm_memory_fifo.inst_fifo/gen_mem_rep[0].inst_xpm_memory/xpm_memory_base_inst/gen_rd_b.gen_rd_b_synth_template.gen_rf_narrow_reg.doutb_reg_reg[13]
  -------------------------------------------------------------------
                         required time                          5.115    
                         arrival time                          -5.061    
  -------------------------------------------------------------------
                         slack                                  0.054    

Slack (MET) :             0.055ns  (required time - arrival time)
  Source:                 gqav7_z19p_system_i/gqav7_accelerator_0/inst/u_accelerator/i_core/i_group_scheduler/base_desc_q_reg[kv_wave_packed]_replica/C
                            (rising edge-triggered cell FDCE clocked by clk_core_235_unbuf  {rise@0.000ns fall@2.128ns period=4.255ns})
  Destination:            gqav7_z19p_system_i/gqav7_accelerator_0/inst/u_accelerator/i_core/i_group_scheduler/replay_reduction_tile_q_reg[0]/CE
                            (rising edge-triggered cell FDCE clocked by clk_core_235_unbuf  {rise@0.000ns fall@2.128ns period=4.255ns})
  Path Group:             clk_core_235_unbuf
  Path Type:              Setup (Max at Slow Process Corner)
  Requirement:            4.255ns  (clk_core_235_unbuf rise@4.255ns - clk_core_235_unbuf rise@0.000ns)
  Data Path Delay:        4.043ns  (logic 1.043ns (25.799%)  route 3.000ns (74.201%))
  Logic Levels:           12  (LUT2=1 LUT4=1 LUT5=2 LUT6=8)
  Clock Path Skew:        -0.036ns (DCD - SCD + CPR)
    Destination Clock Delay (DCD):    2.008ns = ( 6.263 - 4.255 ) 
    Source Clock Delay      (SCD):    2.150ns
    Clock Pessimism Removal (CPR):    0.106ns
  Clock Uncertainty:      0.061ns  ((TSJ^2 + DJ^2)^1/2) / 2 + PE
    Total System Jitter     (TSJ):    0.071ns
    Discrete Jitter          (DJ):    0.099ns
    Phase Error              (PE):    0.000ns

    Location             Delay type                Incr(ns)  Path(ns)    Netlist Resource(s)
  -------------------------------------------------------------------    -------------------
                         (clock clk_core_235_unbuf rise edge)
                                                      0.000     0.000 r  
                         clock source latency        -1.206    -1.206    
                         propagated clock network latency
                                                      3.356     2.150    
    SLICE_X90Y173        FDCE                         0.000     2.150 r  gqav7_z19p_system_i/gqav7_accelerator_0/inst/u_accelerator/i_core/i_group_scheduler/base_desc_q_reg[kv_wave_packed]_replica/C
    SLICE_X90Y173        FDCE (Prop_GFF_SLICEL_C_Q)
                                                      0.079     2.229 r  gqav7_z19p_system_i/gqav7_accelerator_0/inst/u_accelerator/i_core/i_group_scheduler/base_desc_q_reg[kv_wave_packed]_replica/Q
                         net (fo=2, routed)           0.110     2.339    gqav7_z19p_system_i/gqav7_accelerator_0/inst/u_accelerator/i_core/i_group_scheduler/base_desc_q_reg[kv_wave_packed]__0_repN
    SLICE_X90Y172        LUT6 (Prop_B6LUT_SLICEL_I0_O)
                                                      0.148     2.487 f  gqav7_z19p_system_i/gqav7_accelerator_0/inst/u_accelerator/i_core/i_group_scheduler/replay_slot_q[1]_i_2/O
                         net (fo=17, routed)          0.549     3.036    gqav7_z19p_system_i/gqav7_accelerator_0/inst/u_accelerator/i_core/i_group_scheduler/replay_request_desc[q_lane][1]
    SLICE_X94Y172        LUT5 (Prop_G6LUT_SLICEL_I3_O)
                                                      0.089     3.125 f  gqav7_z19p_system_i/gqav7_accelerator_0/inst/u_accelerator/i_core/i_group_scheduler/replay_issue_column_q[3]_i_83_replica/O
                         net (fo=5, routed)           0.157     3.282    gqav7_z19p_system_i/gqav7_accelerator_0/inst/u_accelerator/i_core/i_group_scheduler/pending_desc_q_reg[prefill_direct]_0_repN
    SLICE_X93Y173        LUT6 (Prop_G6LUT_SLICEL_I5_O)
                                                      0.123     3.405 r  gqav7_z19p_system_i/gqav7_accelerator_0/inst/u_accelerator/i_core/i_group_scheduler/local_error_q_i_25/O
                         net (fo=1, routed)           0.386     3.791    gqav7_z19p_system_i/gqav7_accelerator_0/inst/u_accelerator/i_core/i_group_scheduler/local_error_q_i_25_n_0
    SLICE_X91Y173        LUT6 (Prop_D6LUT_SLICEL_I4_O)
                                                      0.122     3.913 f  gqav7_z19p_system_i/gqav7_accelerator_0/inst/u_accelerator/i_core/i_group_scheduler/local_error_q_i_12/O
                         net (fo=2, routed)           0.129     4.042    gqav7_z19p_system_i/gqav7_accelerator_0/inst/u_accelerator/i_core/i_group_scheduler/local_error_q_i_12_n_0
    SLICE_X90Y173        LUT6 (Prop_F6LUT_SLICEL_I5_O)
                                                      0.035     4.077 f  gqav7_z19p_system_i/gqav7_accelerator_0/inst/u_accelerator/i_core/i_group_scheduler/replay_issue_column_q[3]_i_26/O
                         net (fo=1, routed)           0.234     4.311    gqav7_z19p_system_i/gqav7_accelerator_0/inst/u_accelerator/i_core/i_group_scheduler/replay_issue_column_q[3]_i_26_n_0
    SLICE_X91Y168        LUT6 (Prop_G6LUT_SLICEL_I1_O)
                                                      0.089     4.400 f  gqav7_z19p_system_i/gqav7_accelerator_0/inst/u_accelerator/i_core/i_group_scheduler/replay_issue_column_q[3]_i_8/O
                         net (fo=2, routed)           0.239     4.640    gqav7_z19p_system_i/gqav7_accelerator_0/inst/u_accelerator/i_core/i_group_scheduler/replay_issue_column_q[3]_i_8_n_0
    SLICE_X90Y171        LUT6 (Prop_B6LUT_SLICEL_I2_O)
                                                      0.098     4.738 r  gqav7_z19p_system_i/gqav7_accelerator_0/inst/u_accelerator/i_core/i_group_scheduler/replay_issue_column_q[3]_i_3__0/O
                         net (fo=10, routed)          0.219     4.957    gqav7_z19p_system_i/gqav7_accelerator_0/inst/u_accelerator/i_core/i_resident_operands/i_k_column_cache/q_direct_replay_start_ready
    SLICE_X88Y173        LUT6 (Prop_H6LUT_SLICEL_I2_O)
                                                      0.051     5.008 f  gqav7_z19p_system_i/gqav7_accelerator_0/inst/u_accelerator/i_core/i_resident_operands/i_k_column_cache/pack_wave_tile_q[2]_i_3/O
                         net (fo=14, routed)          0.055     5.063    gqav7_z19p_system_i/gqav7_accelerator_0/inst/u_accelerator/i_core/i_group_scheduler/pack_wave_tile_q_reg[2]
    SLICE_X88Y173        LUT4 (Prop_G6LUT_SLICEL_I0_O)
                                                      0.035     5.098 f  gqav7_z19p_system_i/gqav7_accelerator_0/inst/u_accelerator/i_core/i_group_scheduler/FSM_onehot_compute_state_q[8]_i_2/O
                         net (fo=9, routed)           0.150     5.248    gqav7_z19p_system_i/gqav7_accelerator_0/inst/u_accelerator/i_core/i_group_scheduler/FSM_onehot_compute_state_q[8]_i_2_n_0
    SLICE_X87Y174        LUT5 (Prop_C6LUT_SLICEL_I2_O)
                                                      0.035     5.283 f  gqav7_z19p_system_i/gqav7_accelerator_0/inst/u_accelerator/i_core/i_group_scheduler/pending_desc_valid_q_i_2/O
                         net (fo=71, routed)          0.083     5.366    gqav7_z19p_system_i/gqav7_accelerator_0/inst/u_accelerator/i_core/i_group_scheduler/pending_desc_valid_q_i_2_n_0
    SLICE_X87Y174        LUT2 (Prop_A6LUT_SLICEL_I0_O)
                                                      0.090     5.456 r  gqav7_z19p_system_i/gqav7_accelerator_0/inst/u_accelerator/i_core/i_group_scheduler/base_desc_q[decode_packed]_i_3/O
                         net (fo=72, routed)          0.173     5.629    gqav7_z19p_system_i/gqav7_accelerator_0/inst/u_accelerator/i_core/i_group_scheduler/base_desc_q[decode_packed]_i_1_n_0
    SLICE_X87Y174        LUT6 (Prop_F6LUT_SLICEL_I2_O)
                                                      0.049     5.678 r  gqav7_z19p_system_i/gqav7_accelerator_0/inst/u_accelerator/i_core/i_group_scheduler/replay_reduction_tile_q[2]_i_1/O
                         net (fo=3, routed)           0.515     6.193    gqav7_z19p_system_i/gqav7_accelerator_0/inst/u_accelerator/i_core/i_group_scheduler/replay_reduction_tile_q[2]_i_1_n_0
    SLICE_X93Y174        FDCE                                         r  gqav7_z19p_system_i/gqav7_accelerator_0/inst/u_accelerator/i_core/i_group_scheduler/replay_reduction_tile_q_reg[0]/CE
  -------------------------------------------------------------------    -------------------

                         (clock clk_core_235_unbuf rise edge)
                                                      4.255     4.255 r  
                         clock source latency        -1.044     3.211    
                         propagated clock network latency
                                                      3.052     6.263    
                         clock pessimism              0.106     6.369    
                         clock uncertainty           -0.061     6.309    
    SLICE_X93Y174        FDCE (Setup_GFF_SLICEL_C_CE)
                                                     -0.060     6.249    gqav7_z19p_system_i/gqav7_accelerator_0/inst/u_accelerator/i_core/i_group_scheduler/replay_reduction_tile_q_reg[0]
  -------------------------------------------------------------------
                         required time                          6.249    
                         arrival time                          -6.193    
  -------------------------------------------------------------------
                         slack                                  0.055    

Slack (MET) :             0.055ns  (required time - arrival time)
  Source:                 gqav7_z19p_system_i/gqav7_accelerator_0/inst/u_accelerator/i_core/i_group_scheduler/base_desc_q_reg[kv_wave_packed]_replica/C
                            (rising edge-triggered cell FDCE clocked by clk_core_235_unbuf  {rise@0.000ns fall@2.128ns period=4.255ns})
  Destination:            gqav7_z19p_system_i/gqav7_accelerator_0/inst/u_accelerator/i_core/i_group_scheduler/replay_reduction_tile_q_reg[2]/CE
                            (rising edge-triggered cell FDCE clocked by clk_core_235_unbuf  {rise@0.000ns fall@2.128ns period=4.255ns})
  Path Group:             clk_core_235_unbuf
  Path Type:              Setup (Max at Slow Process Corner)
  Requirement:            4.255ns  (clk_core_235_unbuf rise@4.255ns - clk_core_235_unbuf rise@0.000ns)
  Data Path Delay:        4.043ns  (logic 1.043ns (25.799%)  route 3.000ns (74.201%))
  Logic Levels:           12  (LUT2=1 LUT4=1 LUT5=2 LUT6=8)
  Clock Path Skew:        -0.036ns (DCD - SCD + CPR)
    Destination Clock Delay (DCD):    2.008ns = ( 6.263 - 4.255 ) 
    Source Clock Delay      (SCD):    2.150ns
    Clock Pessimism Removal (CPR):    0.106ns
  Clock Uncertainty:      0.061ns  ((TSJ^2 + DJ^2)^1/2) / 2 + PE
    Total System Jitter     (TSJ):    0.071ns
    Discrete Jitter          (DJ):    0.099ns
    Phase Error              (PE):    0.000ns

    Location             Delay type                Incr(ns)  Path(ns)    Netlist Resource(s)
  -------------------------------------------------------------------    -------------------
                         (clock clk_core_235_unbuf rise edge)
                                                      0.000     0.000 r  
                         clock source latency        -1.206    -1.206    
                         propagated clock network latency
                                                      3.356     2.150    
    SLICE_X90Y173        FDCE                         0.000     2.150 r  gqav7_z19p_system_i/gqav7_accelerator_0/inst/u_accelerator/i_core/i_group_scheduler/base_desc_q_reg[kv_wave_packed]_replica/C
    SLICE_X90Y173        FDCE (Prop_GFF_SLICEL_C_Q)
                                                      0.079     2.229 r  gqav7_z19p_system_i/gqav7_accelerator_0/inst/u_accelerator/i_core/i_group_scheduler/base_desc_q_reg[kv_wave_packed]_replica/Q
                         net (fo=2, routed)           0.110     2.339    gqav7_z19p_system_i/gqav7_accelerator_0/inst/u_accelerator/i_core/i_group_scheduler/base_desc_q_reg[kv_wave_packed]__0_repN
    SLICE_X90Y172        LUT6 (Prop_B6LUT_SLICEL_I0_O)
                                                      0.148     2.487 f  gqav7_z19p_system_i/gqav7_accelerator_0/inst/u_accelerator/i_core/i_group_scheduler/replay_slot_q[1]_i_2/O
                         net (fo=17, routed)          0.549     3.036    gqav7_z19p_system_i/gqav7_accelerator_0/inst/u_accelerator/i_core/i_group_scheduler/replay_request_desc[q_lane][1]
    SLICE_X94Y172        LUT5 (Prop_G6LUT_SLICEL_I3_O)
                                                      0.089     3.125 f  gqav7_z19p_system_i/gqav7_accelerator_0/inst/u_accelerator/i_core/i_group_scheduler/replay_issue_column_q[3]_i_83_replica/O
                         net (fo=5, routed)           0.157     3.282    gqav7_z19p_system_i/gqav7_accelerator_0/inst/u_accelerator/i_core/i_group_scheduler/pending_desc_q_reg[prefill_direct]_0_repN
    SLICE_X93Y173        LUT6 (Prop_G6LUT_SLICEL_I5_O)
                                                      0.123     3.405 r  gqav7_z19p_system_i/gqav7_accelerator_0/inst/u_accelerator/i_core/i_group_scheduler/local_error_q_i_25/O
                         net (fo=1, routed)           0.386     3.791    gqav7_z19p_system_i/gqav7_accelerator_0/inst/u_accelerator/i_core/i_group_scheduler/local_error_q_i_25_n_0
    SLICE_X91Y173        LUT6 (Prop_D6LUT_SLICEL_I4_O)
                                                      0.122     3.913 f  gqav7_z19p_system_i/gqav7_accelerator_0/inst/u_accelerator/i_core/i_group_scheduler/local_error_q_i_12/O
                         net (fo=2, routed)           0.129     4.042    gqav7_z19p_system_i/gqav7_accelerator_0/inst/u_accelerator/i_core/i_group_scheduler/local_error_q_i_12_n_0
    SLICE_X90Y173        LUT6 (Prop_F6LUT_SLICEL_I5_O)
                                                      0.035     4.077 f  gqav7_z19p_system_i/gqav7_accelerator_0/inst/u_accelerator/i_core/i_group_scheduler/replay_issue_column_q[3]_i_26/O
                         net (fo=1, routed)           0.234     4.311    gqav7_z19p_system_i/gqav7_accelerator_0/inst/u_accelerator/i_core/i_group_scheduler/replay_issue_column_q[3]_i_26_n_0
    SLICE_X91Y168        LUT6 (Prop_G6LUT_SLICEL_I1_O)
                                                      0.089     4.400 f  gqav7_z19p_system_i/gqav7_accelerator_0/inst/u_accelerator/i_core/i_group_scheduler/replay_issue_column_q[3]_i_8/O
                         net (fo=2, routed)           0.239     4.640    gqav7_z19p_system_i/gqav7_accelerator_0/inst/u_accelerator/i_core/i_group_scheduler/replay_issue_column_q[3]_i_8_n_0
    SLICE_X90Y171        LUT6 (Prop_B6LUT_SLICEL_I2_O)
                                                      0.098     4.738 r  gqav7_z19p_system_i/gqav7_accelerator_0/inst/u_accelerator/i_core/i_group_scheduler/replay_issue_column_q[3]_i_3__0/O
                         net (fo=10, routed)          0.219     4.957    gqav7_z19p_system_i/gqav7_accelerator_0/inst/u_accelerator/i_core/i_resident_operands/i_k_column_cache/q_direct_replay_start_ready
    SLICE_X88Y173        LUT6 (Prop_H6LUT_SLICEL_I2_O)
                                                      0.051     5.008 f  gqav7_z19p_system_i/gqav7_accelerator_0/inst/u_accelerator/i_core/i_resident_operands/i_k_column_cache/pack_wave_tile_q[2]_i_3/O
                         net (fo=14, routed)          0.055     5.063    gqav7_z19p_system_i/gqav7_accelerator_0/inst/u_accelerator/i_core/i_group_scheduler/pack_wave_tile_q_reg[2]
    SLICE_X88Y173        LUT4 (Prop_G6LUT_SLICEL_I0_O)
                                                      0.035     5.098 f  gqav7_z19p_system_i/gqav7_accelerator_0/inst/u_accelerator/i_core/i_group_scheduler/FSM_onehot_compute_state_q[8]_i_2/O
                         net (fo=9, routed)           0.150     5.248    gqav7_z19p_system_i/gqav7_accelerator_0/inst/u_accelerator/i_core/i_group_scheduler/FSM_onehot_compute_state_q[8]_i_2_n_0
    SLICE_X87Y174        LUT5 (Prop_C6LUT_SLICEL_I2_O)
                                                      0.035     5.283 f  gqav7_z19p_system_i/gqav7_accelerator_0/inst/u_accelerator/i_core/i_group_scheduler/pending_desc_valid_q_i_2/O
                         net (fo=71, routed)          0.083     5.366    gqav7_z19p_system_i/gqav7_accelerator_0/inst/u_accelerator/i_core/i_group_scheduler/pending_desc_valid_q_i_2_n_0
    SLICE_X87Y174        LUT2 (Prop_A6LUT_SLICEL_I0_O)
                                                      0.090     5.456 r  gqav7_z19p_system_i/gqav7_accelerator_0/inst/u_accelerator/i_core/i_group_scheduler/base_desc_q[decode_packed]_i_3/O
                         net (fo=72, routed)          0.173     5.629    gqav7_z19p_system_i/gqav7_accelerator_0/inst/u_accelerator/i_core/i_group_scheduler/base_desc_q[decode_packed]_i_1_n_0
    SLICE_X87Y174        LUT6 (Prop_F6LUT_SLICEL_I2_O)
                                                      0.049     5.678 r  gqav7_z19p_system_i/gqav7_accelerator_0/inst/u_accelerator/i_core/i_group_scheduler/replay_reduction_tile_q[2]_i_1/O
                         net (fo=3, routed)           0.515     6.193    gqav7_z19p_system_i/gqav7_accelerator_0/inst/u_accelerator/i_core/i_group_scheduler/replay_reduction_tile_q[2]_i_1_n_0
    SLICE_X93Y174        FDCE                                         r  gqav7_z19p_system_i/gqav7_accelerator_0/inst/u_accelerator/i_core/i_group_scheduler/replay_reduction_tile_q_reg[2]/CE
  -------------------------------------------------------------------    -------------------

                         (clock clk_core_235_unbuf rise edge)
                                                      4.255     4.255 r  
                         clock source latency        -1.044     3.211    
                         propagated clock network latency
                                                      3.052     6.263    
                         clock pessimism              0.106     6.369    
                         clock uncertainty           -0.061     6.309    
    SLICE_X93Y174        FDCE (Setup_FFF_SLICEL_C_CE)
                                                     -0.060     6.249    gqav7_z19p_system_i/gqav7_accelerator_0/inst/u_accelerator/i_core/i_group_scheduler/replay_reduction_tile_q_reg[2]
  -------------------------------------------------------------------
                         required time                          6.249    
                         arrival time                          -6.193    
  -------------------------------------------------------------------
                         slack                                  0.055    

Slack (MET) :             0.061ns  (required time - arrival time)
  Source:                 gqav7_z19p_system_i/data_smartconnect/inst/s00_entry_pipeline/s00_si_converter/inst/areset_reg/C
                            (rising edge-triggered cell FDRE clocked by clk_dma_300_unbuf  {rise@0.000ns fall@1.667ns period=3.333ns})
  Destination:            gqav7_z19p_system_i/data_smartconnect/inst/s00_entry_pipeline/s00_si_converter/inst/converter.low_area_converter.low_area_wrap_inst/conv_addr_i_reg[2]/R
                            (rising edge-triggered cell FDRE clocked by clk_dma_300_unbuf  {rise@0.000ns fall@1.667ns period=3.333ns})
  Path Group:             clk_dma_300_unbuf
  Path Type:              Setup (Max at Slow Process Corner)
  Requirement:            3.333ns  (clk_dma_300_unbuf rise@3.333ns - clk_dma_300_unbuf rise@0.000ns)
  Data Path Delay:        2.981ns  (logic 0.080ns (2.683%)  route 2.901ns (97.317%))
  Logic Levels:           0  
  Clock Path Skew:        -0.161ns (DCD - SCD + CPR)
    Destination Clock Delay (DCD):    1.842ns = ( 5.175 - 3.333 ) 
    Source Clock Delay      (SCD):    2.016ns
    Clock Pessimism Removal (CPR):    0.013ns
  Clock Uncertainty:      0.055ns  ((TSJ^2 + DJ^2)^1/2) / 2 + PE
    Total System Jitter     (TSJ):    0.071ns
    Discrete Jitter          (DJ):    0.085ns
    Phase Error              (PE):    0.000ns

    Location             Delay type                Incr(ns)  Path(ns)    Netlist Resource(s)
  -------------------------------------------------------------------    -------------------
                         (clock clk_dma_300_unbuf rise edge)
                                                      0.000     0.000 r  
                         clock source latency        -1.165    -1.165    
                         propagated clock network latency
                                                      3.181     2.016    
    SLICE_X33Y129        FDRE                         0.000     2.016 r  gqav7_z19p_system_i/data_smartconnect/inst/s00_entry_pipeline/s00_si_converter/inst/areset_reg/C
    SLICE_X33Y129        FDRE (Prop_HFF2_SLICEL_C_Q)
                                                      0.080     2.096 r  gqav7_z19p_system_i/data_smartconnect/inst/s00_entry_pipeline/s00_si_converter/inst/areset_reg/Q
                         net (fo=381, routed)         2.901     4.998    gqav7_z19p_system_i/data_smartconnect/inst/s00_entry_pipeline/s00_si_converter/inst/converter.low_area_converter.low_area_wrap_inst/areset
    SLICE_X22Y300        FDRE                                         r  gqav7_z19p_system_i/data_smartconnect/inst/s00_entry_pipeline/s00_si_converter/inst/converter.low_area_converter.low_area_wrap_inst/conv_addr_i_reg[2]/R
  -------------------------------------------------------------------    -------------------

                         (clock clk_dma_300_unbuf rise edge)
                                                      3.333     3.333 r  
                         clock source latency        -1.007     2.326    
                         propagated clock network latency
                                                      2.849     5.175    
                         clock pessimism              0.013     5.189    
                         clock uncertainty           -0.055     5.133    
    SLICE_X22Y300        FDRE (Setup_DFF_SLICEL_C_R)
                                                     -0.074     5.059    gqav7_z19p_system_i/data_smartconnect/inst/s00_entry_pipeline/s00_si_converter/inst/converter.low_area_converter.low_area_wrap_inst/conv_addr_i_reg[2]
  -------------------------------------------------------------------
                         required time                          5.059    
                         arrival time                          -4.998    
  -------------------------------------------------------------------
                         slack                                  0.061    

Slack (MET) :             0.061ns  (required time - arrival time)
  Source:                 gqav7_z19p_system_i/data_smartconnect/inst/s00_entry_pipeline/s00_si_converter/inst/areset_reg/C
                            (rising edge-triggered cell FDRE clocked by clk_dma_300_unbuf  {rise@0.000ns fall@1.667ns period=3.333ns})
  Destination:            gqav7_z19p_system_i/data_smartconnect/inst/s00_entry_pipeline/s00_si_converter/inst/converter.low_area_converter.low_area_wrap_inst/orig_awaddr_reg[2]/R
                            (rising edge-triggered cell FDRE clocked by clk_dma_300_unbuf  {rise@0.000ns fall@1.667ns period=3.333ns})
  Path Group:             clk_dma_300_unbuf
  Path Type:              Setup (Max at Slow Process Corner)
  Requirement:            3.333ns  (clk_dma_300_unbuf rise@3.333ns - clk_dma_300_unbuf rise@0.000ns)
  Data Path Delay:        2.981ns  (logic 0.080ns (2.683%)  route 2.901ns (97.317%))
  Logic Levels:           0  
  Clock Path Skew:        -0.161ns (DCD - SCD + CPR)
    Destination Clock Delay (DCD):    1.842ns = ( 5.175 - 3.333 ) 
    Source Clock Delay      (SCD):    2.016ns
    Clock Pessimism Removal (CPR):    0.013ns
  Clock Uncertainty:      0.055ns  ((TSJ^2 + DJ^2)^1/2) / 2 + PE
    Total System Jitter     (TSJ):    0.071ns
    Discrete Jitter          (DJ):    0.085ns
    Phase Error              (PE):    0.000ns

    Location             Delay type                Incr(ns)  Path(ns)    Netlist Resource(s)
  -------------------------------------------------------------------    -------------------
                         (clock clk_dma_300_unbuf rise edge)
                                                      0.000     0.000 r  
                         clock source latency        -1.165    -1.165    
                         propagated clock network latency
                                                      3.181     2.016    
    SLICE_X33Y129        FDRE                         0.000     2.016 r  gqav7_z19p_system_i/data_smartconnect/inst/s00_entry_pipeline/s00_si_converter/inst/areset_reg/C
    SLICE_X33Y129        FDRE (Prop_HFF2_SLICEL_C_Q)
                                                      0.080     2.096 r  gqav7_z19p_system_i/data_smartconnect/inst/s00_entry_pipeline/s00_si_converter/inst/areset_reg/Q
                         net (fo=381, routed)         2.901     4.998    gqav7_z19p_system_i/data_smartconnect/inst/s00_entry_pipeline/s00_si_converter/inst/converter.low_area_converter.low_area_wrap_inst/areset
    SLICE_X22Y300        FDRE                                         r  gqav7_z19p_system_i/data_smartconnect/inst/s00_entry_pipeline/s00_si_converter/inst/converter.low_area_converter.low_area_wrap_inst/orig_awaddr_reg[2]/R
  -------------------------------------------------------------------    -------------------

                         (clock clk_dma_300_unbuf rise edge)
                                                      3.333     3.333 r  
                         clock source latency        -1.007     2.326    
                         propagated clock network latency
                                                      2.849     5.175    
                         clock pessimism              0.013     5.189    
                         clock uncertainty           -0.055     5.133    
    SLICE_X22Y300        FDRE (Setup_DFF2_SLICEL_C_R)
                                                     -0.074     5.059    gqav7_z19p_system_i/data_smartconnect/inst/s00_entry_pipeline/s00_si_converter/inst/converter.low_area_converter.low_area_wrap_inst/orig_awaddr_reg[2]
  -------------------------------------------------------------------
                         required time                          5.059    
                         arrival time                          -4.998    
  -------------------------------------------------------------------
                         slack                                  0.061    

Slack (MET) :             0.063ns  (required time - arrival time)
  Source:                 gqav7_z19p_system_i/data_smartconnect/inst/s00_entry_pipeline/s00_si_converter/inst/areset_reg/C
                            (rising edge-triggered cell FDRE clocked by clk_dma_300_unbuf  {rise@0.000ns fall@1.667ns period=3.333ns})
  Destination:            gqav7_z19p_system_i/data_smartconnect/inst/s00_entry_pipeline/s00_si_converter/inst/converter.low_area_converter.low_area_wrap_inst/aw_user_reg[cascade][last_offset][5]/R
                            (rising edge-triggered cell FDRE clocked by clk_dma_300_unbuf  {rise@0.000ns fall@1.667ns period=3.333ns})
  Path Group:             clk_dma_300_unbuf
  Path Type:              Setup (Max at Slow Process Corner)
  Requirement:            3.333ns  (clk_dma_300_unbuf rise@3.333ns - clk_dma_300_unbuf rise@0.000ns)
  Data Path Delay:        3.033ns  (logic 0.080ns (2.638%)  route 2.953ns (97.362%))
  Logic Levels:           0  
  Clock Path Skew:        -0.108ns (DCD - SCD + CPR)
    Destination Clock Delay (DCD):    1.895ns = ( 5.228 - 3.333 ) 
    Source Clock Delay      (SCD):    2.016ns
    Clock Pessimism Removal (CPR):    0.013ns
  Clock Uncertainty:      0.055ns  ((TSJ^2 + DJ^2)^1/2) / 2 + PE
    Total System Jitter     (TSJ):    0.071ns
    Discrete Jitter          (DJ):    0.085ns
    Phase Error              (PE):    0.000ns

    Location             Delay type                Incr(ns)  Path(ns)    Netlist Resource(s)
  -------------------------------------------------------------------    -------------------
                         (clock clk_dma_300_unbuf rise edge)
                                                      0.000     0.000 r  
                         clock source latency        -1.165    -1.165    
                         propagated clock network latency
                                                      3.181     2.016    
    SLICE_X33Y129        FDRE                         0.000     2.016 r  gqav7_z19p_system_i/data_smartconnect/inst/s00_entry_pipeline/s00_si_converter/inst/areset_reg/C
    SLICE_X33Y129        FDRE (Prop_HFF2_SLICEL_C_Q)
                                                      0.080     2.096 r  gqav7_z19p_system_i/data_smartconnect/inst/s00_entry_pipeline/s00_si_converter/inst/areset_reg/Q
                         net (fo=381, routed)         2.953     5.049    gqav7_z19p_system_i/data_smartconnect/inst/s00_entry_pipeline/s00_si_converter/inst/converter.low_area_converter.low_area_wrap_inst/areset
    SLICE_X20Y302        FDRE                                         r  gqav7_z19p_system_i/data_smartconnect/inst/s00_entry_pipeline/s00_si_converter/inst/converter.low_area_converter.low_area_wrap_inst/aw_user_reg[cascade][last_offset][5]/R
  -------------------------------------------------------------------    -------------------

                         (clock clk_dma_300_unbuf rise edge)
                                                      3.333     3.333 r  
                         clock source latency        -1.007     2.326    
                         propagated clock network latency
                                                      2.902     5.228    
                         clock pessimism              0.013     5.241    
                         clock uncertainty           -0.055     5.186    
    SLICE_X20Y302        FDRE (Setup_BFF_SLICEM_C_R)
                                                     -0.074     5.112    gqav7_z19p_system_i/data_smartconnect/inst/s00_entry_pipeline/s00_si_converter/inst/converter.low_area_converter.low_area_wrap_inst/aw_user_reg[cascade][last_offset][5]
  -------------------------------------------------------------------
                         required time                          5.112    
                         arrival time                          -5.049    
  -------------------------------------------------------------------
                         slack                                  0.063    

Slack (MET) :             0.063ns  (required time - arrival time)
  Source:                 gqav7_z19p_system_i/data_smartconnect/inst/s00_entry_pipeline/s00_si_converter/inst/areset_reg/C
                            (rising edge-triggered cell FDRE clocked by clk_dma_300_unbuf  {rise@0.000ns fall@1.667ns period=3.333ns})
  Destination:            gqav7_z19p_system_i/data_smartconnect/inst/s00_entry_pipeline/s00_si_converter/inst/converter.low_area_converter.low_area_wrap_inst/aw_user_reg[cascade][last_offset][6]/R
                            (rising edge-triggered cell FDRE clocked by clk_dma_300_unbuf  {rise@0.000ns fall@1.667ns period=3.333ns})
  Path Group:             clk_dma_300_unbuf
  Path Type:              Setup (Max at Slow Process Corner)
  Requirement:            3.333ns  (clk_dma_300_unbuf rise@3.333ns - clk_dma_300_unbuf rise@0.000ns)
  Data Path Delay:        3.033ns  (logic 0.080ns (2.638%)  route 2.953ns (97.362%))
  Logic Levels:           0  
  Clock Path Skew:        -0.108ns (DCD - SCD + CPR)
    Destination Clock Delay (DCD):    1.895ns = ( 5.228 - 3.333 ) 
    Source Clock Delay      (SCD):    2.016ns
    Clock Pessimism Removal (CPR):    0.013ns
  Clock Uncertainty:      0.055ns  ((TSJ^2 + DJ^2)^1/2) / 2 + PE
    Total System Jitter     (TSJ):    0.071ns
    Discrete Jitter          (DJ):    0.085ns
    Phase Error              (PE):    0.000ns

    Location             Delay type                Incr(ns)  Path(ns)    Netlist Resource(s)
  -------------------------------------------------------------------    -------------------
                         (clock clk_dma_300_unbuf rise edge)
                                                      0.000     0.000 r  
                         clock source latency        -1.165    -1.165    
                         propagated clock network latency
                                                      3.181     2.016    
    SLICE_X33Y129        FDRE                         0.000     2.016 r  gqav7_z19p_system_i/data_smartconnect/inst/s00_entry_pipeline/s00_si_converter/inst/areset_reg/C
    SLICE_X33Y129        FDRE (Prop_HFF2_SLICEL_C_Q)
                                                      0.080     2.096 r  gqav7_z19p_system_i/data_smartconnect/inst/s00_entry_pipeline/s00_si_converter/inst/areset_reg/Q
                         net (fo=381, routed)         2.953     5.049    gqav7_z19p_system_i/data_smartconnect/inst/s00_entry_pipeline/s00_si_converter/inst/converter.low_area_converter.low_area_wrap_inst/areset
    SLICE_X20Y302        FDRE                                         r  gqav7_z19p_system_i/data_smartconnect/inst/s00_entry_pipeline/s00_si_converter/inst/converter.low_area_converter.low_area_wrap_inst/aw_user_reg[cascade][last_offset][6]/R
  -------------------------------------------------------------------    -------------------

                         (clock clk_dma_300_unbuf rise edge)
                                                      3.333     3.333 r  
                         clock source latency        -1.007     2.326    
                         propagated clock network latency
                                                      2.902     5.228    
                         clock pessimism              0.013     5.241    
                         clock uncertainty           -0.055     5.186    
    SLICE_X20Y302        FDRE (Setup_BFF2_SLICEM_C_R)
                                                     -0.074     5.112    gqav7_z19p_system_i/data_smartconnect/inst/s00_entry_pipeline/s00_si_converter/inst/converter.low_area_converter.low_area_wrap_inst/aw_user_reg[cascade][last_offset][6]
  -------------------------------------------------------------------
                         required time                          5.112    
                         arrival time                          -5.049    
  -------------------------------------------------------------------
                         slack                                  0.063    

Slack (MET) :             0.065ns  (required time - arrival time)
  Source:                 gqav7_z19p_system_i/gqav7_accelerator_0/inst/u_accelerator/i_core/i_group_scheduler/replay_reduction_tile_q_reg[1]/C
                            (rising edge-triggered cell FDCE clocked by clk_core_235_unbuf  {rise@0.000ns fall@2.128ns period=4.255ns})
  Destination:            gqav7_z19p_system_i/gqav7_accelerator_0/inst/u_accelerator/i_core/i_resident_operands/i_k_column_cache/tile_valid_q_reg[31]/D
                            (rising edge-triggered cell FDCE clocked by clk_core_235_unbuf  {rise@0.000ns fall@2.128ns period=4.255ns})
  Path Group:             clk_core_235_unbuf
  Path Type:              Setup (Max at Slow Process Corner)
  Requirement:            4.255ns  (clk_core_235_unbuf rise@4.255ns - clk_core_235_unbuf rise@0.000ns)
  Data Path Delay:        4.116ns  (logic 1.109ns (26.945%)  route 3.007ns (73.055%))
  Logic Levels:           13  (LUT2=4 LUT5=1 LUT6=8)
  Clock Path Skew:        -0.039ns (DCD - SCD + CPR)
    Destination Clock Delay (DCD):    2.012ns = ( 6.267 - 4.255 ) 
    Source Clock Delay      (SCD):    2.157ns
    Clock Pessimism Removal (CPR):    0.106ns
  Clock Uncertainty:      0.061ns  ((TSJ^2 + DJ^2)^1/2) / 2 + PE
    Total System Jitter     (TSJ):    0.071ns
    Discrete Jitter          (DJ):    0.099ns
    Phase Error              (PE):    0.000ns

    Location             Delay type                Incr(ns)  Path(ns)    Netlist Resource(s)
  -------------------------------------------------------------------    -------------------
                         (clock clk_core_235_unbuf rise edge)
                                                      0.000     0.000 r  
                         clock source latency        -1.206    -1.206    
                         propagated clock network latency
                                                      3.363     2.157    
    SLICE_X92Y174        FDCE                         0.000     2.157 r  gqav7_z19p_system_i/gqav7_accelerator_0/inst/u_accelerator/i_core/i_group_scheduler/replay_reduction_tile_q_reg[1]/C
    SLICE_X92Y174        FDCE (Prop_HFF_SLICEL_C_Q)
                                                      0.079     2.236 r  gqav7_z19p_system_i/gqav7_accelerator_0/inst/u_accelerator/i_core/i_group_scheduler/replay_reduction_tile_q_reg[1]/Q
                         net (fo=9, routed)           0.483     2.719    gqav7_z19p_system_i/gqav7_accelerator_0/inst/u_accelerator/i_core/i_group_scheduler/replay_reduction_tile_q_reg_n_0_[1]
    SLICE_X94Y174        LUT2 (Prop_F6LUT_SLICEL_I0_O)
                                                      0.035     2.754 r  gqav7_z19p_system_i/gqav7_accelerator_0/inst/u_accelerator/i_core/i_group_scheduler/replay_base_tile_q[1]_i_1_replica_1/O
                         net (fo=18, routed)          0.166     2.920    gqav7_z19p_system_i/gqav7_accelerator_0/inst/u_accelerator/i_core/i_group_scheduler/replay_reduction_tile_q_reg[2]_0[1]_repN_1
    SLICE_X93Y176        LUT2 (Prop_G6LUT_SLICEL_I1_O)
                                                      0.089     3.009 f  gqav7_z19p_system_i/gqav7_accelerator_0/inst/u_accelerator/i_core/i_group_scheduler/replay_issue_column_q[3]_i_45_replica/O
                         net (fo=5, routed)           0.491     3.500    gqav7_z19p_system_i/gqav7_accelerator_0/inst/u_accelerator/i_core/i_group_scheduler/replay_issue_column_q[3]_i_45_n_0_repN
    SLICE_X92Y177        LUT6 (Prop_E6LUT_SLICEL_I5_O)
                                                      0.123     3.623 r  gqav7_z19p_system_i/gqav7_accelerator_0/inst/u_accelerator/i_core/i_group_scheduler/replay_issue_column_q[3]_i_216/O
                         net (fo=1, routed)           0.167     3.790    gqav7_z19p_system_i/gqav7_accelerator_0/inst/u_accelerator/i_core/i_group_scheduler/replay_issue_column_q[3]_i_216_n_0
    SLICE_X91Y173        LUT6 (Prop_F6LUT_SLICEL_I0_O)
                                                      0.148     3.938 f  gqav7_z19p_system_i/gqav7_accelerator_0/inst/u_accelerator/i_core/i_group_scheduler/replay_issue_column_q[3]_i_77/O
                         net (fo=1, routed)           0.193     4.131    gqav7_z19p_system_i/gqav7_accelerator_0/inst/u_accelerator/i_core/i_group_scheduler/replay_issue_column_q[3]_i_77_n_0
    SLICE_X90Y174        LUT6 (Prop_C6LUT_SLICEL_I0_O)
                                                      0.146     4.277 f  gqav7_z19p_system_i/gqav7_accelerator_0/inst/u_accelerator/i_core/i_group_scheduler/replay_issue_column_q[3]_i_20/O
                         net (fo=1, routed)           0.139     4.416    gqav7_z19p_system_i/gqav7_accelerator_0/inst/u_accelerator/i_core/i_group_scheduler/replay_issue_column_q[3]_i_20_n_0
    SLICE_X90Y171        LUT6 (Prop_A6LUT_SLICEL_I1_O)
                                                      0.124     4.540 f  gqav7_z19p_system_i/gqav7_accelerator_0/inst/u_accelerator/i_core/i_group_scheduler/replay_issue_column_q[3]_i_7/O
                         net (fo=3, routed)           0.237     4.777    gqav7_z19p_system_i/gqav7_accelerator_0/inst/u_accelerator/i_core/i_group_scheduler/replay_issue_column_q[3]_i_7_n_0
    SLICE_X91Y168        LUT6 (Prop_D6LUT_SLICEL_I1_O)
                                                      0.036     4.813 r  gqav7_z19p_system_i/gqav7_accelerator_0/inst/u_accelerator/i_core/i_group_scheduler/replay_issue_column_q[3]_i_3__0_replica/O
                         net (fo=1, routed)           0.038     4.851    gqav7_z19p_system_i/gqav7_accelerator_0/inst/u_accelerator/i_core/i_resident_operands/i_k_column_cache/q_direct_replay_start_ready_repN_alias
    SLICE_X91Y168        LUT5 (Prop_F6LUT_SLICEL_I0_O)
                                                      0.035     4.886 r  gqav7_z19p_system_i/gqav7_accelerator_0/inst/u_accelerator/i_core/i_resident_operands/i_k_column_cache/replay_wave_tiles_q[3]_i_1_rewire_replica/O
                         net (fo=1, routed)           0.137     5.023    gqav7_z19p_system_i/gqav7_accelerator_0/inst/u_accelerator/i_core/i_row_mover/E[0]_repN_alias
    SLICE_X91Y164        LUT6 (Prop_E6LUT_SLICEL_I0_O)
                                                      0.035     5.058 r  gqav7_z19p_system_i/gqav7_accelerator_0/inst/u_accelerator/i_core/i_row_mover/fill_expected_row_q[3]_i_3/O
                         net (fo=7, routed)           0.104     5.162    gqav7_z19p_system_i/gqav7_accelerator_0/inst/u_accelerator/i_core/i_row_mover/replay_out_valid_q_reg
    SLICE_X91Y166        LUT2 (Prop_A6LUT_SLICEL_I1_O)
                                                      0.035     5.197 f  gqav7_z19p_system_i/gqav7_accelerator_0/inst/u_accelerator/i_core/i_row_mover/tile_valid_q[124]_i_3/O
                         net (fo=47, routed)          0.128     5.325    gqav7_z19p_system_i/gqav7_accelerator_0/inst/u_accelerator/i_core/i_row_mover/fill_offer_can_evict
    SLICE_X91Y167        LUT2 (Prop_A6LUT_SLICEL_I0_O)
                                                      0.090     5.415 r  gqav7_z19p_system_i/gqav7_accelerator_0/inst/u_accelerator/i_core/i_row_mover/tile_valid_q[127]_i_7/O
                         net (fo=6, routed)           0.099     5.514    gqav7_z19p_system_i/gqav7_accelerator_0/inst/u_accelerator/i_core/i_row_mover/tile_valid_q[127]_i_7_n_0
    SLICE_X91Y167        LUT6 (Prop_G6LUT_SLICEL_I0_O)
                                                      0.035     5.549 r  gqav7_z19p_system_i/gqav7_accelerator_0/inst/u_accelerator/i_core/i_row_mover/tile_valid_q[127]_i_2/O
                         net (fo=4, routed)           0.579     6.128    gqav7_z19p_system_i/gqav7_accelerator_0/inst/u_accelerator/i_core/i_resident_operands/i_k_column_cache/tile_valid_q_reg[31]_0
    SLICE_X96Y166        LUT6 (Prop_E6LUT_SLICEL_I0_O)
                                                      0.099     6.227 r  gqav7_z19p_system_i/gqav7_accelerator_0/inst/u_accelerator/i_core/i_resident_operands/i_k_column_cache/tile_valid_q[31]_i_1/O
                         net (fo=1, routed)           0.046     6.273    gqav7_z19p_system_i/gqav7_accelerator_0/inst/u_accelerator/i_core/i_resident_operands/i_k_column_cache/tile_valid_q[31]_i_1_n_0
    SLICE_X96Y166        FDCE                                         r  gqav7_z19p_system_i/gqav7_accelerator_0/inst/u_accelerator/i_core/i_resident_operands/i_k_column_cache/tile_valid_q_reg[31]/D
  -------------------------------------------------------------------    -------------------

                         (clock clk_core_235_unbuf rise edge)
                                                      4.255     4.255 r  
                         clock source latency        -1.044     3.211    
                         propagated clock network latency
                                                      3.056     6.267    
                         clock pessimism              0.106     6.373    
                         clock uncertainty           -0.061     6.313    
    SLICE_X96Y166        FDCE (Setup_EFF_SLICEL_C_D)
                                                      0.025     6.338    gqav7_z19p_system_i/gqav7_accelerator_0/inst/u_accelerator/i_core/i_resident_operands/i_k_column_cache/tile_valid_q_reg[31]
  -------------------------------------------------------------------
                         required time                          6.338    
                         arrival time                          -6.273    
  -------------------------------------------------------------------
                         slack                                  0.065    

Slack (MET) :             0.065ns  (required time - arrival time)
  Source:                 gqav7_z19p_system_i/data_smartconnect/inst/s00_entry_pipeline/s00_si_converter/inst/areset_reg/C
                            (rising edge-triggered cell FDRE clocked by clk_dma_300_unbuf  {rise@0.000ns fall@1.667ns period=3.333ns})
  Destination:            gqav7_z19p_system_i/data_smartconnect/inst/s00_entry_pipeline/s00_si_converter/inst/converter.low_area_converter.low_area_wrap_inst/w_size_mask_reg[1]/S
                            (rising edge-triggered cell FDSE clocked by clk_dma_300_unbuf  {rise@0.000ns fall@1.667ns period=3.333ns})
  Path Group:             clk_dma_300_unbuf
  Path Type:              Setup (Max at Slow Process Corner)
  Requirement:            3.333ns  (clk_dma_300_unbuf rise@3.333ns - clk_dma_300_unbuf rise@0.000ns)
  Data Path Delay:        3.030ns  (logic 0.080ns (2.640%)  route 2.950ns (97.360%))
  Logic Levels:           0  
  Clock Path Skew:        -0.109ns (DCD - SCD + CPR)
    Destination Clock Delay (DCD):    1.894ns = ( 5.227 - 3.333 ) 
    Source Clock Delay      (SCD):    2.016ns
    Clock Pessimism Removal (CPR):    0.013ns
  Clock Uncertainty:      0.055ns  ((TSJ^2 + DJ^2)^1/2) / 2 + PE
    Total System Jitter     (TSJ):    0.071ns
    Discrete Jitter          (DJ):    0.085ns
    Phase Error              (PE):    0.000ns

    Location             Delay type                Incr(ns)  Path(ns)    Netlist Resource(s)
  -------------------------------------------------------------------    -------------------
                         (clock clk_dma_300_unbuf rise edge)
                                                      0.000     0.000 r  
                         clock source latency        -1.165    -1.165    
                         propagated clock network latency
                                                      3.181     2.016    
    SLICE_X33Y129        FDRE                         0.000     2.016 r  gqav7_z19p_system_i/data_smartconnect/inst/s00_entry_pipeline/s00_si_converter/inst/areset_reg/C
    SLICE_X33Y129        FDRE (Prop_HFF2_SLICEL_C_Q)
                                                      0.080     2.096 r  gqav7_z19p_system_i/data_smartconnect/inst/s00_entry_pipeline/s00_si_converter/inst/areset_reg/Q
                         net (fo=381, routed)         2.950     5.046    gqav7_z19p_system_i/data_smartconnect/inst/s00_entry_pipeline/s00_si_converter/inst/converter.low_area_converter.low_area_wrap_inst/areset
    SLICE_X20Y302        FDSE                                         r  gqav7_z19p_system_i/data_smartconnect/inst/s00_entry_pipeline/s00_si_converter/inst/converter.low_area_converter.low_area_wrap_inst/w_size_mask_reg[1]/S
  -------------------------------------------------------------------    -------------------

                         (clock clk_dma_300_unbuf rise edge)
                                                      3.333     3.333 r  
                         clock source latency        -1.007     2.326    
                         propagated clock network latency
                                                      2.901     5.227    
                         clock pessimism              0.013     5.240    
                         clock uncertainty           -0.055     5.185    
    SLICE_X20Y302        FDSE (Setup_HFF_SLICEM_C_S)
                                                     -0.074     5.111    gqav7_z19p_system_i/data_smartconnect/inst/s00_entry_pipeline/s00_si_converter/inst/converter.low_area_converter.low_area_wrap_inst/w_size_mask_reg[1]
  -------------------------------------------------------------------
                         required time                          5.111    
                         arrival time                          -5.046    
  -------------------------------------------------------------------
                         slack                                  0.065    

Slack (MET) :             0.065ns  (required time - arrival time)
  Source:                 gqav7_z19p_system_i/data_smartconnect/inst/s00_entry_pipeline/s00_si_converter/inst/areset_reg/C
                            (rising edge-triggered cell FDRE clocked by clk_dma_300_unbuf  {rise@0.000ns fall@1.667ns period=3.333ns})
  Destination:            gqav7_z19p_system_i/data_smartconnect/inst/s00_entry_pipeline/s00_si_converter/inst/converter.low_area_converter.low_area_wrap_inst/w_size_mask_reg[3]/S
                            (rising edge-triggered cell FDSE clocked by clk_dma_300_unbuf  {rise@0.000ns fall@1.667ns period=3.333ns})
  Path Group:             clk_dma_300_unbuf
  Path Type:              Setup (Max at Slow Process Corner)
  Requirement:            3.333ns  (clk_dma_300_unbuf rise@3.333ns - clk_dma_300_unbuf rise@0.000ns)
  Data Path Delay:        3.030ns  (logic 0.080ns (2.640%)  route 2.950ns (97.360%))
  Logic Levels:           0  
  Clock Path Skew:        -0.109ns (DCD - SCD + CPR)
    Destination Clock Delay (DCD):    1.894ns = ( 5.227 - 3.333 ) 
    Source Clock Delay      (SCD):    2.016ns
    Clock Pessimism Removal (CPR):    0.013ns
  Clock Uncertainty:      0.055ns  ((TSJ^2 + DJ^2)^1/2) / 2 + PE
    Total System Jitter     (TSJ):    0.071ns
    Discrete Jitter          (DJ):    0.085ns
    Phase Error              (PE):    0.000ns

    Location             Delay type                Incr(ns)  Path(ns)    Netlist Resource(s)
  -------------------------------------------------------------------    -------------------
                         (clock clk_dma_300_unbuf rise edge)
                                                      0.000     0.000 r  
                         clock source latency        -1.165    -1.165    
                         propagated clock network latency
                                                      3.181     2.016    
    SLICE_X33Y129        FDRE                         0.000     2.016 r  gqav7_z19p_system_i/data_smartconnect/inst/s00_entry_pipeline/s00_si_converter/inst/areset_reg/C
    SLICE_X33Y129        FDRE (Prop_HFF2_SLICEL_C_Q)
                                                      0.080     2.096 r  gqav7_z19p_system_i/data_smartconnect/inst/s00_entry_pipeline/s00_si_converter/inst/areset_reg/Q
                         net (fo=381, routed)         2.950     5.046    gqav7_z19p_system_i/data_smartconnect/inst/s00_entry_pipeline/s00_si_converter/inst/converter.low_area_converter.low_area_wrap_inst/areset
    SLICE_X20Y302        FDSE                                         r  gqav7_z19p_system_i/data_smartconnect/inst/s00_entry_pipeline/s00_si_converter/inst/converter.low_area_converter.low_area_wrap_inst/w_size_mask_reg[3]/S
  -------------------------------------------------------------------    -------------------

                         (clock clk_dma_300_unbuf rise edge)
                                                      3.333     3.333 r  
                         clock source latency        -1.007     2.326    
                         propagated clock network latency
                                                      2.901     5.227    
                         clock pessimism              0.013     5.240    
                         clock uncertainty           -0.055     5.185    
    SLICE_X20Y302        FDSE (Setup_HFF2_SLICEM_C_S)
                                                     -0.074     5.111    gqav7_z19p_system_i/data_smartconnect/inst/s00_entry_pipeline/s00_si_converter/inst/converter.low_area_converter.low_area_wrap_inst/w_size_mask_reg[3]
  -------------------------------------------------------------------
                         required time                          5.111    
                         arrival time                          -5.046    
  -------------------------------------------------------------------
                         slack                                  0.065    

Slack (MET) :             0.066ns  (required time - arrival time)
  Source:                 gqav7_z19p_system_i/gqav7_accelerator_0/inst/u_accelerator/i_core/i_pipeline/i_downstream/i_pair_rescale/half0_valid_q_reg[1][1]/C
                            (rising edge-triggered cell FDCE clocked by clk_core_235_unbuf  {rise@0.000ns fall@2.128ns period=4.255ns})
  Destination:            gqav7_z19p_system_i/gqav7_accelerator_0/inst/u_accelerator/i_core/i_resident_operands/i_k_column_cache/gen_partition_ram[3].gen_resident_slice[1].column_mem_q_reg/ENARDEN
                            (rising edge-triggered cell RAMB36E2 clocked by clk_core_235_unbuf  {rise@0.000ns fall@2.128ns period=4.255ns})
  Path Group:             clk_core_235_unbuf
  Path Type:              Setup (Max at Slow Process Corner)
  Requirement:            4.255ns  (clk_core_235_unbuf rise@4.255ns - clk_core_235_unbuf rise@0.000ns)
  Data Path Delay:        3.781ns  (logic 1.001ns (26.476%)  route 2.780ns (73.524%))
  Logic Levels:           14  (LUT1=2 LUT2=1 LUT3=1 LUT4=3 LUT5=2 LUT6=4 MUXF7=1)
  Clock Path Skew:        -0.006ns (DCD - SCD + CPR)
    Destination Clock Delay (DCD):    2.017ns = ( 6.273 - 4.255 ) 
    Source Clock Delay      (SCD):    2.034ns
    Clock Pessimism Removal (CPR):    0.011ns
  Clock Uncertainty:      0.061ns  ((TSJ^2 + DJ^2)^1/2) / 2 + PE
    Total System Jitter     (TSJ):    0.071ns
    Discrete Jitter          (DJ):    0.099ns
    Phase Error              (PE):    0.000ns

    Location             Delay type                Incr(ns)  Path(ns)    Netlist Resource(s)
  -------------------------------------------------------------------    -------------------
                         (clock clk_core_235_unbuf rise edge)
                                                      0.000     0.000 r  
                         clock source latency        -1.206    -1.206    
                         propagated clock network latency
                                                      3.240     2.034    
    SLICE_X55Y213        FDCE                         0.000     2.034 r  gqav7_z19p_system_i/gqav7_accelerator_0/inst/u_accelerator/i_core/i_pipeline/i_downstream/i_pair_rescale/half0_valid_q_reg[1][1]/C
    SLICE_X55Y213        FDCE (Prop_AFF_SLICEL_C_Q)
                                                      0.079     2.113 r  gqav7_z19p_system_i/gqav7_accelerator_0/inst/u_accelerator/i_core/i_pipeline/i_downstream/i_pair_rescale/half0_valid_q_reg[1][1]/Q
                         net (fo=2, routed)           0.192     2.305    gqav7_z19p_system_i/gqav7_accelerator_0/inst/u_accelerator/i_core/i_pipeline/i_downstream/i_pair_rescale/gen_rescale_lane[4].i_rescale/s0_valid_q_reg_i_7_0
    SLICE_X56Y213        LUT6 (Prop_D6LUT_SLICEL_I0_O)
                                                      0.099     2.404 r  gqav7_z19p_system_i/gqav7_accelerator_0/inst/u_accelerator/i_core/i_pipeline/i_downstream/i_pair_rescale/gen_rescale_lane[4].i_rescale/s0_valid_q_i_14/O
                         net (fo=1, routed)           0.009     2.413    gqav7_z19p_system_i/gqav7_accelerator_0/inst/u_accelerator/i_core/i_pipeline/i_downstream/i_pair_rescale/gen_rescale_lane[4].i_rescale/s0_valid_q_i_14_n_0
    SLICE_X56Y213        MUXF7 (Prop_F7MUX_CD_SLICEL_I0_O)
                                                      0.063     2.476 r  gqav7_z19p_system_i/gqav7_accelerator_0/inst/u_accelerator/i_core/i_pipeline/i_downstream/i_pair_rescale/gen_rescale_lane[4].i_rescale/s0_valid_q_reg_i_7/O
                         net (fo=1, routed)           0.182     2.658    gqav7_z19p_system_i/gqav7_accelerator_0/inst/u_accelerator/i_core/i_pipeline/i_downstream/i_pair_rescale/gen_rescale_lane[4].i_rescale/s0_valid_q_reg_i_7_n_0
    SLICE_X58Y211        LUT6 (Prop_A6LUT_SLICEL_I5_O)
                                                      0.098     2.756 r  gqav7_z19p_system_i/gqav7_accelerator_0/inst/u_accelerator/i_core/i_pipeline/i_downstream/i_pair_rescale/gen_rescale_lane[4].i_rescale/s0_valid_q_i_3/O
                         net (fo=4, routed)           0.102     2.858    gqav7_z19p_system_i/gqav7_accelerator_0/inst/u_accelerator/i_core/i_pipeline/i_downstream/i_pair_rescale/gen_rescale_lane[4].i_rescale_n_51
    SLICE_X60Y211        LUT4 (Prop_C6LUT_SLICEL_I1_O)
                                                      0.035     2.893 r  gqav7_z19p_system_i/gqav7_accelerator_0/inst/u_accelerator/i_core/i_pipeline/i_downstream/i_pair_rescale/gen_difference_advance[0].i_difference_advance_i_2/O
                         net (fo=14, routed)          0.590     3.483    gqav7_z19p_system_i/gqav7_accelerator_0/inst/u_accelerator/i_core/i_pipeline/i_downstream/i_softmax/softmax_out_ready
    SLICE_X82Y185        LUT4 (Prop_F6LUT_SLICEL_I1_O)
                                                      0.123     3.606 r  gqav7_z19p_system_i/gqav7_accelerator_0/inst/u_accelerator/i_core/i_pipeline/i_downstream/i_softmax/gen_scale[0].i_scale_advance_i_1_replica/O
                         net (fo=1, routed)           0.040     3.646    gqav7_z19p_system_i/gqav7_accelerator_0/inst/u_accelerator/i_core/i_pipeline/i_downstream/i_softmax/E[0]_repN
    SLICE_X82Y185        LUT3 (Prop_E6LUT_SLICEL_I0_O)
                                                      0.090     3.736 r  gqav7_z19p_system_i/gqav7_accelerator_0/inst/u_accelerator/i_core/i_pipeline/i_downstream/i_softmax/result_row_q[3]_i_3_rewire/O
                         net (fo=2, routed)           0.083     3.819    gqav7_z19p_system_i/gqav7_accelerator_0/inst/u_accelerator/i_core/i_pipeline/i_qk/i_qk/i_qk/i_scheduler/score_row_ready
    SLICE_X82Y186        LUT6 (Prop_C6LUT_SLICEL_I0_O)
                                                      0.035     3.854 r  gqav7_z19p_system_i/gqav7_accelerator_0/inst/u_accelerator/i_core/i_pipeline/i_qk/i_qk/i_qk/i_scheduler/result_bank_ready_q[1]_i_2/O
                         net (fo=10, routed)          0.061     3.915    gqav7_z19p_system_i/gqav7_accelerator_0/inst/u_accelerator/i_core/i_pipeline/i_qk/i_qk/i_qk/i_scheduler/result_bank_q
    SLICE_X82Y186        LUT6 (Prop_B6LUT_SLICEL_I3_O)
                                                      0.090     4.005 r  gqav7_z19p_system_i/gqav7_accelerator_0/inst/u_accelerator/i_core/i_pipeline/i_qk/i_qk/i_qk/i_scheduler/state_slot_q[1][1]_i_3_replica/O
                         net (fo=2, routed)           0.242     4.247    gqav7_z19p_system_i/gqav7_accelerator_0/inst/u_accelerator/i_core/i_pipeline/i_qk/i_direct_column_adapter/result_bank_ready_q_reg[1]_repN_alias
    SLICE_X81Y171        LUT2 (Prop_E6LUT_SLICEL_I1_O)
                                                      0.035     4.282 r  gqav7_z19p_system_i/gqav7_accelerator_0/inst/u_accelerator/i_core/i_pipeline/i_qk/i_direct_column_adapter/i___0_i_4_rewire_rewire_replica/O
                         net (fo=1, routed)           0.089     4.371    gqav7_z19p_system_i/gqav7_accelerator_0/inst/u_accelerator/i_core/i_pipeline/i_qk/i_qk/i_qk/i_scheduler/qk_step_index_q_reg[5]_repN_1_alias
    SLICE_X81Y171        LUT4 (Prop_A6LUT_SLICEL_I2_O)
                                                      0.035     4.406 r  gqav7_z19p_system_i/gqav7_accelerator_0/inst/u_accelerator/i_core/i_pipeline/i_qk/i_qk/i_qk/i_scheduler/qk_step_index_q[0]_i_2_rewire/O
                         net (fo=5, routed)           0.104     4.510    gqav7_z19p_system_i/gqav7_accelerator_0/inst/u_accelerator/i_core/i_pipeline/i_qk/i_direct_column_adapter/qk_step_ready
    SLICE_X81Y169        LUT5 (Prop_C6LUT_SLICEL_I1_O)
                                                      0.035     4.545 f  gqav7_z19p_system_i/gqav7_accelerator_0/inst/u_accelerator/i_core/i_pipeline/i_qk/i_direct_column_adapter/gen_head_bank[0].i_replay_read_issue_buffer_i_2/O
                         net (fo=9, routed)           0.100     4.645    gqav7_z19p_system_i/gqav7_accelerator_0/inst/u_accelerator/i_core/i_resident_operands/i_k_column_cache/local_error_q_i_2__4_0
    SLICE_X80Y168        LUT5 (Prop_G6LUT_SLICEL_I0_O)
                                                      0.035     4.680 r  gqav7_z19p_system_i/gqav7_accelerator_0/inst/u_accelerator/i_core/i_resident_operands/i_k_column_cache/gen_partition_ram[0].i_replay_read_issue_partition_buffer_i_1_rewire/O
                         net (fo=16, routed)          0.113     4.793    gqav7_z19p_system_i/gqav7_accelerator_0/inst/u_accelerator/i_core/i_resident_operands/i_k_column_cache/gen_partition_ram[3].i_replay_read_issue_partition_buffer/in_i
    SLICE_X80Y167        LUT1 (Prop_E6LUT_SLICEL_I0_O)
                                                      0.099     4.892 r  gqav7_z19p_system_i/gqav7_accelerator_0/inst/u_accelerator/i_core/i_resident_operands/i_k_column_cache/gen_partition_ram[3].i_replay_read_issue_partition_buffer/i_local_lut/O
                         net (fo=3, routed)           0.159     5.051    gqav7_z19p_system_i/gqav7_accelerator_0/inst/u_accelerator/i_core/i_resident_operands/i_k_column_cache/gen_partition_ram[3].gen_resident_slice[1].i_replay_read_issue_slice_buffer/in_i
    SLICE_X80Y162        LUT1 (Prop_C6LUT_SLICEL_I0_O)
                                                      0.050     5.101 r  gqav7_z19p_system_i/gqav7_accelerator_0/inst/u_accelerator/i_core/i_resident_operands/i_k_column_cache/gen_partition_ram[3].gen_resident_slice[1].i_replay_read_issue_slice_buffer/i_local_lut/O
                         net (fo=1, routed)           0.714     5.815    gqav7_z19p_system_i/gqav7_accelerator_0/inst/u_accelerator/i_core/i_resident_operands/i_k_column_cache/replay_read_issue_slice_local[3][1]_517
    RAMB36_X6Y24         RAMB36E2                                     r  gqav7_z19p_system_i/gqav7_accelerator_0/inst/u_accelerator/i_core/i_resident_operands/i_k_column_cache/gen_partition_ram[3].gen_resident_slice[1].column_mem_q_reg/ENARDEN
  -------------------------------------------------------------------    -------------------

                         (clock clk_core_235_unbuf rise edge)
                                                      4.255     4.255 r  
                         clock source latency        -1.044     3.211    
                         propagated clock network latency
                                                      3.061     6.273    
                         clock pessimism              0.011     6.284    
                         clock uncertainty           -0.061     6.223    
    RAMB36_X6Y24         RAMB36E2 (Setup_RAMB36E2_RAMB36_CLKARDCLK_ENARDEN)
                                                     -0.342     5.881    gqav7_z19p_system_i/gqav7_accelerator_0/inst/u_accelerator/i_core/i_resident_operands/i_k_column_cache/gen_partition_ram[3].gen_resident_slice[1].column_mem_q_reg
  -------------------------------------------------------------------
                         required time                          5.881    
                         arrival time                          -5.815    
  -------------------------------------------------------------------
                         slack                                  0.066    

Slack (MET) :             0.067ns  (required time - arrival time)
  Source:                 gqav7_z19p_system_i/gqav7_accelerator_0/inst/u_accelerator/i_core/i_pipeline/i_downstream/i_pair_rescale/half0_valid_q_reg[1][1]/C
                            (rising edge-triggered cell FDCE clocked by clk_core_235_unbuf  {rise@0.000ns fall@2.128ns period=4.255ns})
  Destination:            gqav7_z19p_system_i/gqav7_accelerator_0/inst/u_accelerator/i_core/i_resident_operands/i_k_column_cache/gen_partition_ram[3].gen_resident_slice[0].column_mem_q_reg/ENARDEN
                            (rising edge-triggered cell RAMB36E2 clocked by clk_core_235_unbuf  {rise@0.000ns fall@2.128ns period=4.255ns})
  Path Group:             clk_core_235_unbuf
  Path Type:              Setup (Max at Slow Process Corner)
  Requirement:            4.255ns  (clk_core_235_unbuf rise@4.255ns - clk_core_235_unbuf rise@0.000ns)
  Data Path Delay:        3.779ns  (logic 1.021ns (27.015%)  route 2.758ns (72.985%))
  Logic Levels:           14  (LUT1=2 LUT2=1 LUT3=1 LUT4=3 LUT5=2 LUT6=4 MUXF7=1)
  Clock Path Skew:        -0.007ns (DCD - SCD + CPR)
    Destination Clock Delay (DCD):    2.016ns = ( 6.272 - 4.255 ) 
    Source Clock Delay      (SCD):    2.034ns
    Clock Pessimism Removal (CPR):    0.011ns
  Clock Uncertainty:      0.061ns  ((TSJ^2 + DJ^2)^1/2) / 2 + PE
    Total System Jitter     (TSJ):    0.071ns
    Discrete Jitter          (DJ):    0.099ns
    Phase Error              (PE):    0.000ns

    Location             Delay type                Incr(ns)  Path(ns)    Netlist Resource(s)
  -------------------------------------------------------------------    -------------------
                         (clock clk_core_235_unbuf rise edge)
                                                      0.000     0.000 r  
                         clock source latency        -1.206    -1.206    
                         propagated clock network latency
                                                      3.240     2.034    
    SLICE_X55Y213        FDCE                         0.000     2.034 r  gqav7_z19p_system_i/gqav7_accelerator_0/inst/u_accelerator/i_core/i_pipeline/i_downstream/i_pair_rescale/half0_valid_q_reg[1][1]/C
    SLICE_X55Y213        FDCE (Prop_AFF_SLICEL_C_Q)
                                                      0.079     2.113 r  gqav7_z19p_system_i/gqav7_accelerator_0/inst/u_accelerator/i_core/i_pipeline/i_downstream/i_pair_rescale/half0_valid_q_reg[1][1]/Q
                         net (fo=2, routed)           0.192     2.305    gqav7_z19p_system_i/gqav7_accelerator_0/inst/u_accelerator/i_core/i_pipeline/i_downstream/i_pair_rescale/gen_rescale_lane[4].i_rescale/s0_valid_q_reg_i_7_0
    SLICE_X56Y213        LUT6 (Prop_D6LUT_SLICEL_I0_O)
                                                      0.099     2.404 r  gqav7_z19p_system_i/gqav7_accelerator_0/inst/u_accelerator/i_core/i_pipeline/i_downstream/i_pair_rescale/gen_rescale_lane[4].i_rescale/s0_valid_q_i_14/O
                         net (fo=1, routed)           0.009     2.413    gqav7_z19p_system_i/gqav7_accelerator_0/inst/u_accelerator/i_core/i_pipeline/i_downstream/i_pair_rescale/gen_rescale_lane[4].i_rescale/s0_valid_q_i_14_n_0
    SLICE_X56Y213        MUXF7 (Prop_F7MUX_CD_SLICEL_I0_O)
                                                      0.063     2.476 r  gqav7_z19p_system_i/gqav7_accelerator_0/inst/u_accelerator/i_core/i_pipeline/i_downstream/i_pair_rescale/gen_rescale_lane[4].i_rescale/s0_valid_q_reg_i_7/O
                         net (fo=1, routed)           0.182     2.658    gqav7_z19p_system_i/gqav7_accelerator_0/inst/u_accelerator/i_core/i_pipeline/i_downstream/i_pair_rescale/gen_rescale_lane[4].i_rescale/s0_valid_q_reg_i_7_n_0
    SLICE_X58Y211        LUT6 (Prop_A6LUT_SLICEL_I5_O)
                                                      0.098     2.756 r  gqav7_z19p_system_i/gqav7_accelerator_0/inst/u_accelerator/i_core/i_pipeline/i_downstream/i_pair_rescale/gen_rescale_lane[4].i_rescale/s0_valid_q_i_3/O
                         net (fo=4, routed)           0.102     2.858    gqav7_z19p_system_i/gqav7_accelerator_0/inst/u_accelerator/i_core/i_pipeline/i_downstream/i_pair_rescale/gen_rescale_lane[4].i_rescale_n_51
    SLICE_X60Y211        LUT4 (Prop_C6LUT_SLICEL_I1_O)
                                                      0.035     2.893 r  gqav7_z19p_system_i/gqav7_accelerator_0/inst/u_accelerator/i_core/i_pipeline/i_downstream/i_pair_rescale/gen_difference_advance[0].i_difference_advance_i_2/O
                         net (fo=14, routed)          0.590     3.483    gqav7_z19p_system_i/gqav7_accelerator_0/inst/u_accelerator/i_core/i_pipeline/i_downstream/i_softmax/softmax_out_ready
    SLICE_X82Y185        LUT4 (Prop_F6LUT_SLICEL_I1_O)
                                                      0.123     3.606 r  gqav7_z19p_system_i/gqav7_accelerator_0/inst/u_accelerator/i_core/i_pipeline/i_downstream/i_softmax/gen_scale[0].i_scale_advance_i_1_replica/O
                         net (fo=1, routed)           0.040     3.646    gqav7_z19p_system_i/gqav7_accelerator_0/inst/u_accelerator/i_core/i_pipeline/i_downstream/i_softmax/E[0]_repN
    SLICE_X82Y185        LUT3 (Prop_E6LUT_SLICEL_I0_O)
                                                      0.090     3.736 r  gqav7_z19p_system_i/gqav7_accelerator_0/inst/u_accelerator/i_core/i_pipeline/i_downstream/i_softmax/result_row_q[3]_i_3_rewire/O
                         net (fo=2, routed)           0.083     3.819    gqav7_z19p_system_i/gqav7_accelerator_0/inst/u_accelerator/i_core/i_pipeline/i_qk/i_qk/i_qk/i_scheduler/score_row_ready
    SLICE_X82Y186        LUT6 (Prop_C6LUT_SLICEL_I0_O)
                                                      0.035     3.854 r  gqav7_z19p_system_i/gqav7_accelerator_0/inst/u_accelerator/i_core/i_pipeline/i_qk/i_qk/i_qk/i_scheduler/result_bank_ready_q[1]_i_2/O
                         net (fo=10, routed)          0.061     3.915    gqav7_z19p_system_i/gqav7_accelerator_0/inst/u_accelerator/i_core/i_pipeline/i_qk/i_qk/i_qk/i_scheduler/result_bank_q
    SLICE_X82Y186        LUT6 (Prop_B6LUT_SLICEL_I3_O)
                                                      0.090     4.005 r  gqav7_z19p_system_i/gqav7_accelerator_0/inst/u_accelerator/i_core/i_pipeline/i_qk/i_qk/i_qk/i_scheduler/state_slot_q[1][1]_i_3_replica/O
                         net (fo=2, routed)           0.242     4.247    gqav7_z19p_system_i/gqav7_accelerator_0/inst/u_accelerator/i_core/i_pipeline/i_qk/i_direct_column_adapter/result_bank_ready_q_reg[1]_repN_alias
    SLICE_X81Y171        LUT2 (Prop_E6LUT_SLICEL_I1_O)
                                                      0.035     4.282 r  gqav7_z19p_system_i/gqav7_accelerator_0/inst/u_accelerator/i_core/i_pipeline/i_qk/i_direct_column_adapter/i___0_i_4_rewire_rewire_replica/O
                         net (fo=1, routed)           0.089     4.371    gqav7_z19p_system_i/gqav7_accelerator_0/inst/u_accelerator/i_core/i_pipeline/i_qk/i_qk/i_qk/i_scheduler/qk_step_index_q_reg[5]_repN_1_alias
    SLICE_X81Y171        LUT4 (Prop_A6LUT_SLICEL_I2_O)
                                                      0.035     4.406 r  gqav7_z19p_system_i/gqav7_accelerator_0/inst/u_accelerator/i_core/i_pipeline/i_qk/i_qk/i_qk/i_scheduler/qk_step_index_q[0]_i_2_rewire/O
                         net (fo=5, routed)           0.104     4.510    gqav7_z19p_system_i/gqav7_accelerator_0/inst/u_accelerator/i_core/i_pipeline/i_qk/i_direct_column_adapter/qk_step_ready
    SLICE_X81Y169        LUT5 (Prop_C6LUT_SLICEL_I1_O)
                                                      0.035     4.545 f  gqav7_z19p_system_i/gqav7_accelerator_0/inst/u_accelerator/i_core/i_pipeline/i_qk/i_direct_column_adapter/gen_head_bank[0].i_replay_read_issue_buffer_i_2/O
                         net (fo=9, routed)           0.100     4.645    gqav7_z19p_system_i/gqav7_accelerator_0/inst/u_accelerator/i_core/i_resident_operands/i_k_column_cache/local_error_q_i_2__4_0
    SLICE_X80Y168        LUT5 (Prop_G6LUT_SLICEL_I0_O)
                                                      0.035     4.680 r  gqav7_z19p_system_i/gqav7_accelerator_0/inst/u_accelerator/i_core/i_resident_operands/i_k_column_cache/gen_partition_ram[0].i_replay_read_issue_partition_buffer_i_1_rewire/O
                         net (fo=16, routed)          0.113     4.793    gqav7_z19p_system_i/gqav7_accelerator_0/inst/u_accelerator/i_core/i_resident_operands/i_k_column_cache/gen_partition_ram[3].i_replay_read_issue_partition_buffer/in_i
    SLICE_X80Y167        LUT1 (Prop_E6LUT_SLICEL_I0_O)
                                                      0.099     4.892 r  gqav7_z19p_system_i/gqav7_accelerator_0/inst/u_accelerator/i_core/i_resident_operands/i_k_column_cache/gen_partition_ram[3].i_replay_read_issue_partition_buffer/i_local_lut/O
                         net (fo=3, routed)           0.094     4.986    gqav7_z19p_system_i/gqav7_accelerator_0/inst/u_accelerator/i_core/i_resident_operands/i_k_column_cache/gen_partition_ram[3].gen_resident_slice[0].i_replay_read_issue_slice_buffer/in_i
    SLICE_X79Y167        LUT1 (Prop_A5LUT_SLICEM_I0_O)
                                                      0.070     5.056 r  gqav7_z19p_system_i/gqav7_accelerator_0/inst/u_accelerator/i_core/i_resident_operands/i_k_column_cache/gen_partition_ram[3].gen_resident_slice[0].i_replay_read_issue_slice_buffer/i_local_lut/O
                         net (fo=1, routed)           0.758     5.814    gqav7_z19p_system_i/gqav7_accelerator_0/inst/u_accelerator/i_core/i_resident_operands/i_k_column_cache/replay_read_issue_slice_local[3][0]_515
    RAMB36_X6Y25         RAMB36E2                                     r  gqav7_z19p_system_i/gqav7_accelerator_0/inst/u_accelerator/i_core/i_resident_operands/i_k_column_cache/gen_partition_ram[3].gen_resident_slice[0].column_mem_q_reg/ENARDEN
  -------------------------------------------------------------------    -------------------

                         (clock clk_core_235_unbuf rise edge)
                                                      4.255     4.255 r  
                         clock source latency        -1.044     3.211    
                         propagated clock network latency
                                                      3.060     6.272    
                         clock pessimism              0.011     6.283    
                         clock uncertainty           -0.061     6.222    
    RAMB36_X6Y25         RAMB36E2 (Setup_RAMB36E2_RAMB36_CLKARDCLK_ENARDEN)
                                                     -0.342     5.880    gqav7_z19p_system_i/gqav7_accelerator_0/inst/u_accelerator/i_core/i_resident_operands/i_k_column_cache/gen_partition_ram[3].gen_resident_slice[0].column_mem_q_reg
  -------------------------------------------------------------------
                         required time                          5.880    
                         arrival time                          -5.814    
  -------------------------------------------------------------------
                         slack                                  0.067    

Slack (MET) :             0.067ns  (required time - arrival time)
  Source:                 gqav7_z19p_system_i/data_smartconnect/inst/s00_entry_pipeline/s00_si_converter/inst/areset_reg/C
                            (rising edge-triggered cell FDRE clocked by clk_dma_300_unbuf  {rise@0.000ns fall@1.667ns period=3.333ns})
  Destination:            gqav7_z19p_system_i/data_smartconnect/inst/s00_entry_pipeline/s00_si_converter/inst/converter.low_area_converter.low_area_wrap_inst/w_incr_reg[1]/R
                            (rising edge-triggered cell FDRE clocked by clk_dma_300_unbuf  {rise@0.000ns fall@1.667ns period=3.333ns})
  Path Group:             clk_dma_300_unbuf
  Path Type:              Setup (Max at Slow Process Corner)
  Requirement:            3.333ns  (clk_dma_300_unbuf rise@3.333ns - clk_dma_300_unbuf rise@0.000ns)
  Data Path Delay:        2.971ns  (logic 0.080ns (2.693%)  route 2.891ns (97.307%))
  Logic Levels:           0  
  Clock Path Skew:        -0.166ns (DCD - SCD + CPR)
    Destination Clock Delay (DCD):    1.837ns = ( 5.170 - 3.333 ) 
    Source Clock Delay      (SCD):    2.016ns
    Clock Pessimism Removal (CPR):    0.013ns
  Clock Uncertainty:      0.055ns  ((TSJ^2 + DJ^2)^1/2) / 2 + PE
    Total System Jitter     (TSJ):    0.071ns
    Discrete Jitter          (DJ):    0.085ns
    Phase Error              (PE):    0.000ns

    Location             Delay type                Incr(ns)  Path(ns)    Netlist Resource(s)
  -------------------------------------------------------------------    -------------------
                         (clock clk_dma_300_unbuf rise edge)
                                                      0.000     0.000 r  
                         clock source latency        -1.165    -1.165    
                         propagated clock network latency
                                                      3.181     2.016    
    SLICE_X33Y129        FDRE                         0.000     2.016 r  gqav7_z19p_system_i/data_smartconnect/inst/s00_entry_pipeline/s00_si_converter/inst/areset_reg/C
    SLICE_X33Y129        FDRE (Prop_HFF2_SLICEL_C_Q)
                                                      0.080     2.096 r  gqav7_z19p_system_i/data_smartconnect/inst/s00_entry_pipeline/s00_si_converter/inst/areset_reg/Q
                         net (fo=381, routed)         2.891     4.987    gqav7_z19p_system_i/data_smartconnect/inst/s00_entry_pipeline/s00_si_converter/inst/converter.low_area_converter.low_area_wrap_inst/areset
    SLICE_X23Y300        FDRE                                         r  gqav7_z19p_system_i/data_smartconnect/inst/s00_entry_pipeline/s00_si_converter/inst/converter.low_area_converter.low_area_wrap_inst/w_incr_reg[1]/R
  -------------------------------------------------------------------    -------------------

                         (clock clk_dma_300_unbuf rise edge)
                                                      3.333     3.333 r  
                         clock source latency        -1.007     2.326    
                         propagated clock network latency
                                                      2.844     5.170    
                         clock pessimism              0.013     5.183    
                         clock uncertainty           -0.055     5.128    
    SLICE_X23Y300        FDRE (Setup_CFF2_SLICEM_C_R)
                                                     -0.074     5.054    gqav7_z19p_system_i/data_smartconnect/inst/s00_entry_pipeline/s00_si_converter/inst/converter.low_area_converter.low_area_wrap_inst/w_incr_reg[1]
  -------------------------------------------------------------------
                         required time                          5.054    
                         arrival time                          -4.987    
  -------------------------------------------------------------------
                         slack                                  0.067    

Slack (MET) :             0.067ns  (required time - arrival time)
  Source:                 gqav7_z19p_system_i/data_smartconnect/inst/s00_entry_pipeline/s00_si_converter/inst/areset_reg/C
                            (rising edge-triggered cell FDRE clocked by clk_dma_300_unbuf  {rise@0.000ns fall@1.667ns period=3.333ns})
  Destination:            gqav7_z19p_system_i/data_smartconnect/inst/s00_entry_pipeline/s00_si_converter/inst/converter.low_area_converter.low_area_wrap_inst/w_incr_reg[4]/R
                            (rising edge-triggered cell FDRE clocked by clk_dma_300_unbuf  {rise@0.000ns fall@1.667ns period=3.333ns})
  Path Group:             clk_dma_300_unbuf
  Path Type:              Setup (Max at Slow Process Corner)
  Requirement:            3.333ns  (clk_dma_300_unbuf rise@3.333ns - clk_dma_300_unbuf rise@0.000ns)
  Data Path Delay:        2.971ns  (logic 0.080ns (2.693%)  route 2.891ns (97.307%))
  Logic Levels:           0  
  Clock Path Skew:        -0.166ns (DCD - SCD + CPR)
    Destination Clock Delay (DCD):    1.837ns = ( 5.170 - 3.333 ) 
    Source Clock Delay      (SCD):    2.016ns
    Clock Pessimism Removal (CPR):    0.013ns
  Clock Uncertainty:      0.055ns  ((TSJ^2 + DJ^2)^1/2) / 2 + PE
    Total System Jitter     (TSJ):    0.071ns
    Discrete Jitter          (DJ):    0.085ns
    Phase Error              (PE):    0.000ns

    Location             Delay type                Incr(ns)  Path(ns)    Netlist Resource(s)
  -------------------------------------------------------------------    -------------------
                         (clock clk_dma_300_unbuf rise edge)
                                                      0.000     0.000 r  
                         clock source latency        -1.165    -1.165    
                         propagated clock network latency
                                                      3.181     2.016    
    SLICE_X33Y129        FDRE                         0.000     2.016 r  gqav7_z19p_system_i/data_smartconnect/inst/s00_entry_pipeline/s00_si_converter/inst/areset_reg/C
    SLICE_X33Y129        FDRE (Prop_HFF2_SLICEL_C_Q)
                                                      0.080     2.096 r  gqav7_z19p_system_i/data_smartconnect/inst/s00_entry_pipeline/s00_si_converter/inst/areset_reg/Q
                         net (fo=381, routed)         2.891     4.987    gqav7_z19p_system_i/data_smartconnect/inst/s00_entry_pipeline/s00_si_converter/inst/converter.low_area_converter.low_area_wrap_inst/areset
    SLICE_X23Y300        FDRE                                         r  gqav7_z19p_system_i/data_smartconnect/inst/s00_entry_pipeline/s00_si_converter/inst/converter.low_area_converter.low_area_wrap_inst/w_incr_reg[4]/R
  -------------------------------------------------------------------    -------------------

                         (clock clk_dma_300_unbuf rise edge)
                                                      3.333     3.333 r  
                         clock source latency        -1.007     2.326    
                         propagated clock network latency
                                                      2.844     5.170    
                         clock pessimism              0.013     5.183    
                         clock uncertainty           -0.055     5.128    
    SLICE_X23Y300        FDRE (Setup_CFF_SLICEM_C_R)
                                                     -0.074     5.054    gqav7_z19p_system_i/data_smartconnect/inst/s00_entry_pipeline/s00_si_converter/inst/converter.low_area_converter.low_area_wrap_inst/w_incr_reg[4]
  -------------------------------------------------------------------
                         required time                          5.054    
                         arrival time                          -4.987    
  -------------------------------------------------------------------
                         slack                                  0.067    

Slack (MET) :             0.067ns  (required time - arrival time)
  Source:                 gqav7_z19p_system_i/data_smartconnect/inst/s00_entry_pipeline/s00_si_converter/inst/areset_reg/C
                            (rising edge-triggered cell FDRE clocked by clk_dma_300_unbuf  {rise@0.000ns fall@1.667ns period=3.333ns})
  Destination:            gqav7_z19p_system_i/data_smartconnect/inst/s00_entry_pipeline/s00_si_converter/inst/converter.low_area_converter.low_area_wrap_inst/w_incr_reg[5]/R
                            (rising edge-triggered cell FDRE clocked by clk_dma_300_unbuf  {rise@0.000ns fall@1.667ns period=3.333ns})
  Path Group:             clk_dma_300_unbuf
  Path Type:              Setup (Max at Slow Process Corner)
  Requirement:            3.333ns  (clk_dma_300_unbuf rise@3.333ns - clk_dma_300_unbuf rise@0.000ns)
  Data Path Delay:        2.971ns  (logic 0.080ns (2.693%)  route 2.891ns (97.307%))
  Logic Levels:           0  
  Clock Path Skew:        -0.166ns (DCD - SCD + CPR)
    Destination Clock Delay (DCD):    1.837ns = ( 5.170 - 3.333 ) 
    Source Clock Delay      (SCD):    2.016ns
    Clock Pessimism Removal (CPR):    0.013ns
  Clock Uncertainty:      0.055ns  ((TSJ^2 + DJ^2)^1/2) / 2 + PE
    Total System Jitter     (TSJ):    0.071ns
    Discrete Jitter          (DJ):    0.085ns
    Phase Error              (PE):    0.000ns

    Location             Delay type                Incr(ns)  Path(ns)    Netlist Resource(s)
  -------------------------------------------------------------------    -------------------
                         (clock clk_dma_300_unbuf rise edge)
                                                      0.000     0.000 r  
                         clock source latency        -1.165    -1.165    
                         propagated clock network latency
                                                      3.181     2.016    
    SLICE_X33Y129        FDRE                         0.000     2.016 r  gqav7_z19p_system_i/data_smartconnect/inst/s00_entry_pipeline/s00_si_converter/inst/areset_reg/C
    SLICE_X33Y129        FDRE (Prop_HFF2_SLICEL_C_Q)
                                                      0.080     2.096 r  gqav7_z19p_system_i/data_smartconnect/inst/s00_entry_pipeline/s00_si_converter/inst/areset_reg/Q
                         net (fo=381, routed)         2.891     4.987    gqav7_z19p_system_i/data_smartconnect/inst/s00_entry_pipeline/s00_si_converter/inst/converter.low_area_converter.low_area_wrap_inst/areset
    SLICE_X23Y300        FDRE                                         r  gqav7_z19p_system_i/data_smartconnect/inst/s00_entry_pipeline/s00_si_converter/inst/converter.low_area_converter.low_area_wrap_inst/w_incr_reg[5]/R
  -------------------------------------------------------------------    -------------------

                         (clock clk_dma_300_unbuf rise edge)
                                                      3.333     3.333 r  
                         clock source latency        -1.007     2.326    
                         propagated clock network latency
                                                      2.844     5.170    
                         clock pessimism              0.013     5.183    
                         clock uncertainty           -0.055     5.128    
    SLICE_X23Y300        FDRE (Setup_BFF_SLICEM_C_R)
                                                     -0.074     5.054    gqav7_z19p_system_i/data_smartconnect/inst/s00_entry_pipeline/s00_si_converter/inst/converter.low_area_converter.low_area_wrap_inst/w_incr_reg[5]
  -------------------------------------------------------------------
                         required time                          5.054    
                         arrival time                          -4.987    
  -------------------------------------------------------------------
                         slack                                  0.067    

Slack (MET) :             0.067ns  (required time - arrival time)
  Source:                 gqav7_z19p_system_i/gqav7_accelerator_0/inst/u_accelerator/i_core/i_pipeline/i_downstream/i_pair_rescale/half0_valid_q_reg[1][1]/C
                            (rising edge-triggered cell FDCE clocked by clk_core_235_unbuf  {rise@0.000ns fall@2.128ns period=4.255ns})
  Destination:            gqav7_z19p_system_i/gqav7_accelerator_0/inst/u_accelerator/i_core/i_resident_operands/i_k_column_cache/gen_partition_ram[2].gen_resident_slice[3].column_mem_q_reg/ENARDEN
                            (rising edge-triggered cell RAMB36E2 clocked by clk_core_235_unbuf  {rise@0.000ns fall@2.128ns period=4.255ns})
  Path Group:             clk_core_235_unbuf
  Path Type:              Setup (Max at Slow Process Corner)
  Requirement:            4.255ns  (clk_core_235_unbuf rise@4.255ns - clk_core_235_unbuf rise@0.000ns)
  Data Path Delay:        3.699ns  (logic 0.922ns (24.924%)  route 2.777ns (75.076%))
  Logic Levels:           14  (LUT1=2 LUT2=1 LUT3=1 LUT4=3 LUT5=2 LUT6=4 MUXF7=1)
  Clock Path Skew:        -0.086ns (DCD - SCD + CPR)
    Destination Clock Delay (DCD):    1.937ns = ( 6.192 - 4.255 ) 
    Source Clock Delay      (SCD):    2.034ns
    Clock Pessimism Removal (CPR):    0.011ns
  Clock Uncertainty:      0.061ns  ((TSJ^2 + DJ^2)^1/2) / 2 + PE
    Total System Jitter     (TSJ):    0.071ns
    Discrete Jitter          (DJ):    0.099ns
    Phase Error              (PE):    0.000ns

    Location             Delay type                Incr(ns)  Path(ns)    Netlist Resource(s)
  -------------------------------------------------------------------    -------------------
                         (clock clk_core_235_unbuf rise edge)
                                                      0.000     0.000 r  
                         clock source latency        -1.206    -1.206    
                         propagated clock network latency
                                                      3.240     2.034    
    SLICE_X55Y213        FDCE                         0.000     2.034 r  gqav7_z19p_system_i/gqav7_accelerator_0/inst/u_accelerator/i_core/i_pipeline/i_downstream/i_pair_rescale/half0_valid_q_reg[1][1]/C
    SLICE_X55Y213        FDCE (Prop_AFF_SLICEL_C_Q)
                                                      0.079     2.113 r  gqav7_z19p_system_i/gqav7_accelerator_0/inst/u_accelerator/i_core/i_pipeline/i_downstream/i_pair_rescale/half0_valid_q_reg[1][1]/Q
                         net (fo=2, routed)           0.192     2.305    gqav7_z19p_system_i/gqav7_accelerator_0/inst/u_accelerator/i_core/i_pipeline/i_downstream/i_pair_rescale/gen_rescale_lane[4].i_rescale/s0_valid_q_reg_i_7_0
    SLICE_X56Y213        LUT6 (Prop_D6LUT_SLICEL_I0_O)
                                                      0.099     2.404 r  gqav7_z19p_system_i/gqav7_accelerator_0/inst/u_accelerator/i_core/i_pipeline/i_downstream/i_pair_rescale/gen_rescale_lane[4].i_rescale/s0_valid_q_i_14/O
                         net (fo=1, routed)           0.009     2.413    gqav7_z19p_system_i/gqav7_accelerator_0/inst/u_accelerator/i_core/i_pipeline/i_downstream/i_pair_rescale/gen_rescale_lane[4].i_rescale/s0_valid_q_i_14_n_0
    SLICE_X56Y213        MUXF7 (Prop_F7MUX_CD_SLICEL_I0_O)
                                                      0.063     2.476 r  gqav7_z19p_system_i/gqav7_accelerator_0/inst/u_accelerator/i_core/i_pipeline/i_downstream/i_pair_rescale/gen_rescale_lane[4].i_rescale/s0_valid_q_reg_i_7/O
                         net (fo=1, routed)           0.182     2.658    gqav7_z19p_system_i/gqav7_accelerator_0/inst/u_accelerator/i_core/i_pipeline/i_downstream/i_pair_rescale/gen_rescale_lane[4].i_rescale/s0_valid_q_reg_i_7_n_0
    SLICE_X58Y211        LUT6 (Prop_A6LUT_SLICEL_I5_O)
                                                      0.098     2.756 r  gqav7_z19p_system_i/gqav7_accelerator_0/inst/u_accelerator/i_core/i_pipeline/i_downstream/i_pair_rescale/gen_rescale_lane[4].i_rescale/s0_valid_q_i_3/O
                         net (fo=4, routed)           0.102     2.858    gqav7_z19p_system_i/gqav7_accelerator_0/inst/u_accelerator/i_core/i_pipeline/i_downstream/i_pair_rescale/gen_rescale_lane[4].i_rescale_n_51
    SLICE_X60Y211        LUT4 (Prop_C6LUT_SLICEL_I1_O)
                                                      0.035     2.893 r  gqav7_z19p_system_i/gqav7_accelerator_0/inst/u_accelerator/i_core/i_pipeline/i_downstream/i_pair_rescale/gen_difference_advance[0].i_difference_advance_i_2/O
                         net (fo=14, routed)          0.590     3.483    gqav7_z19p_system_i/gqav7_accelerator_0/inst/u_accelerator/i_core/i_pipeline/i_downstream/i_softmax/softmax_out_ready
    SLICE_X82Y185        LUT4 (Prop_F6LUT_SLICEL_I1_O)
                                                      0.123     3.606 r  gqav7_z19p_system_i/gqav7_accelerator_0/inst/u_accelerator/i_core/i_pipeline/i_downstream/i_softmax/gen_scale[0].i_scale_advance_i_1_replica/O
                         net (fo=1, routed)           0.040     3.646    gqav7_z19p_system_i/gqav7_accelerator_0/inst/u_accelerator/i_core/i_pipeline/i_downstream/i_softmax/E[0]_repN
    SLICE_X82Y185        LUT3 (Prop_E6LUT_SLICEL_I0_O)
                                                      0.090     3.736 r  gqav7_z19p_system_i/gqav7_accelerator_0/inst/u_accelerator/i_core/i_pipeline/i_downstream/i_softmax/result_row_q[3]_i_3_rewire/O
                         net (fo=2, routed)           0.083     3.819    gqav7_z19p_system_i/gqav7_accelerator_0/inst/u_accelerator/i_core/i_pipeline/i_qk/i_qk/i_qk/i_scheduler/score_row_ready
    SLICE_X82Y186        LUT6 (Prop_C6LUT_SLICEL_I0_O)
                                                      0.035     3.854 r  gqav7_z19p_system_i/gqav7_accelerator_0/inst/u_accelerator/i_core/i_pipeline/i_qk/i_qk/i_qk/i_scheduler/result_bank_ready_q[1]_i_2/O
                         net (fo=10, routed)          0.061     3.915    gqav7_z19p_system_i/gqav7_accelerator_0/inst/u_accelerator/i_core/i_pipeline/i_qk/i_qk/i_qk/i_scheduler/result_bank_q
    SLICE_X82Y186        LUT6 (Prop_B6LUT_SLICEL_I3_O)
                                                      0.090     4.005 r  gqav7_z19p_system_i/gqav7_accelerator_0/inst/u_accelerator/i_core/i_pipeline/i_qk/i_qk/i_qk/i_scheduler/state_slot_q[1][1]_i_3_replica/O
                         net (fo=2, routed)           0.242     4.247    gqav7_z19p_system_i/gqav7_accelerator_0/inst/u_accelerator/i_core/i_pipeline/i_qk/i_direct_column_adapter/result_bank_ready_q_reg[1]_repN_alias
    SLICE_X81Y171        LUT2 (Prop_E6LUT_SLICEL_I1_O)
                                                      0.035     4.282 r  gqav7_z19p_system_i/gqav7_accelerator_0/inst/u_accelerator/i_core/i_pipeline/i_qk/i_direct_column_adapter/i___0_i_4_rewire_rewire_replica/O
                         net (fo=1, routed)           0.089     4.371    gqav7_z19p_system_i/gqav7_accelerator_0/inst/u_accelerator/i_core/i_pipeline/i_qk/i_qk/i_qk/i_scheduler/qk_step_index_q_reg[5]_repN_1_alias
    SLICE_X81Y171        LUT4 (Prop_A6LUT_SLICEL_I2_O)
                                                      0.035     4.406 r  gqav7_z19p_system_i/gqav7_accelerator_0/inst/u_accelerator/i_core/i_pipeline/i_qk/i_qk/i_qk/i_scheduler/qk_step_index_q[0]_i_2_rewire/O
                         net (fo=5, routed)           0.104     4.510    gqav7_z19p_system_i/gqav7_accelerator_0/inst/u_accelerator/i_core/i_pipeline/i_qk/i_direct_column_adapter/qk_step_ready
    SLICE_X81Y169        LUT5 (Prop_C6LUT_SLICEL_I1_O)
                                                      0.035     4.545 f  gqav7_z19p_system_i/gqav7_accelerator_0/inst/u_accelerator/i_core/i_pipeline/i_qk/i_direct_column_adapter/gen_head_bank[0].i_replay_read_issue_buffer_i_2/O
                         net (fo=9, routed)           0.100     4.645    gqav7_z19p_system_i/gqav7_accelerator_0/inst/u_accelerator/i_core/i_resident_operands/i_k_column_cache/local_error_q_i_2__4_0
    SLICE_X80Y168        LUT5 (Prop_G6LUT_SLICEL_I0_O)
                                                      0.035     4.680 r  gqav7_z19p_system_i/gqav7_accelerator_0/inst/u_accelerator/i_core/i_resident_operands/i_k_column_cache/gen_partition_ram[0].i_replay_read_issue_partition_buffer_i_1_rewire/O
                         net (fo=16, routed)          0.107     4.787    gqav7_z19p_system_i/gqav7_accelerator_0/inst/u_accelerator/i_core/i_resident_operands/i_k_column_cache/gen_partition_ram[2].i_replay_read_issue_partition_buffer/in_i
    SLICE_X80Y166        LUT1 (Prop_F6LUT_SLICEL_I0_O)
                                                      0.035     4.822 r  gqav7_z19p_system_i/gqav7_accelerator_0/inst/u_accelerator/i_core/i_resident_operands/i_k_column_cache/gen_partition_ram[2].i_replay_read_issue_partition_buffer/i_local_lut_replica/O
                         net (fo=3, routed)           0.147     4.969    gqav7_z19p_system_i/gqav7_accelerator_0/inst/u_accelerator/i_core/i_resident_operands/i_k_column_cache/gen_partition_ram[2].gen_resident_slice[3].i_replay_read_issue_slice_buffer/out_o_repN_alias
    SLICE_X78Y164        LUT1 (Prop_F6LUT_SLICEL_I0_O)
                                                      0.035     5.004 r  gqav7_z19p_system_i/gqav7_accelerator_0/inst/u_accelerator/i_core/i_resident_operands/i_k_column_cache/gen_partition_ram[2].gen_resident_slice[3].i_replay_read_issue_slice_buffer/i_local_lut/O
                         net (fo=1, routed)           0.729     5.734    gqav7_z19p_system_i/gqav7_accelerator_0/inst/u_accelerator/i_core/i_resident_operands/i_k_column_cache/replay_read_issue_slice_local[2][3]_512
    RAMB36_X5Y22         RAMB36E2                                     r  gqav7_z19p_system_i/gqav7_accelerator_0/inst/u_accelerator/i_core/i_resident_operands/i_k_column_cache/gen_partition_ram[2].gen_resident_slice[3].column_mem_q_reg/ENARDEN
  -------------------------------------------------------------------    -------------------

                         (clock clk_core_235_unbuf rise edge)
                                                      4.255     4.255 r  
                         clock source latency        -1.044     3.211    
                         propagated clock network latency
                                                      2.981     6.192    
                         clock pessimism              0.011     6.204    
                         clock uncertainty           -0.061     6.143    
    RAMB36_X5Y22         RAMB36E2 (Setup_RAMB36E2_RAMB36_CLKARDCLK_ENARDEN)
                                                     -0.342     5.801    gqav7_z19p_system_i/gqav7_accelerator_0/inst/u_accelerator/i_core/i_resident_operands/i_k_column_cache/gen_partition_ram[2].gen_resident_slice[3].column_mem_q_reg
  -------------------------------------------------------------------
                         required time                          5.801    
                         arrival time                          -5.734    
  -------------------------------------------------------------------
                         slack                                  0.067    

Slack (MET) :             0.069ns  (required time - arrival time)
  Source:                 gqav7_z19p_system_i/data_smartconnect/inst/s00_entry_pipeline/s00_si_converter/inst/areset_reg/C
                            (rising edge-triggered cell FDRE clocked by clk_dma_300_unbuf  {rise@0.000ns fall@1.667ns period=3.333ns})
  Destination:            gqav7_z19p_system_i/data_smartconnect/inst/s00_entry_pipeline/s00_si_converter/inst/converter.low_area_converter.low_area_wrap_inst/conv_addr_i_reg[0]/R
                            (rising edge-triggered cell FDRE clocked by clk_dma_300_unbuf  {rise@0.000ns fall@1.667ns period=3.333ns})
  Path Group:             clk_dma_300_unbuf
  Path Type:              Setup (Max at Slow Process Corner)
  Requirement:            3.333ns  (clk_dma_300_unbuf rise@3.333ns - clk_dma_300_unbuf rise@0.000ns)
  Data Path Delay:        2.968ns  (logic 0.080ns (2.696%)  route 2.888ns (97.304%))
  Logic Levels:           0  
  Clock Path Skew:        -0.167ns (DCD - SCD + CPR)
    Destination Clock Delay (DCD):    1.836ns = ( 5.169 - 3.333 ) 
    Source Clock Delay      (SCD):    2.016ns
    Clock Pessimism Removal (CPR):    0.013ns
  Clock Uncertainty:      0.055ns  ((TSJ^2 + DJ^2)^1/2) / 2 + PE
    Total System Jitter     (TSJ):    0.071ns
    Discrete Jitter          (DJ):    0.085ns
    Phase Error              (PE):    0.000ns

    Location             Delay type                Incr(ns)  Path(ns)    Netlist Resource(s)
  -------------------------------------------------------------------    -------------------
                         (clock clk_dma_300_unbuf rise edge)
                                                      0.000     0.000 r  
                         clock source latency        -1.165    -1.165    
                         propagated clock network latency
                                                      3.181     2.016    
    SLICE_X33Y129        FDRE                         0.000     2.016 r  gqav7_z19p_system_i/data_smartconnect/inst/s00_entry_pipeline/s00_si_converter/inst/areset_reg/C
    SLICE_X33Y129        FDRE (Prop_HFF2_SLICEL_C_Q)
                                                      0.080     2.096 r  gqav7_z19p_system_i/data_smartconnect/inst/s00_entry_pipeline/s00_si_converter/inst/areset_reg/Q
                         net (fo=381, routed)         2.888     4.984    gqav7_z19p_system_i/data_smartconnect/inst/s00_entry_pipeline/s00_si_converter/inst/converter.low_area_converter.low_area_wrap_inst/areset
    SLICE_X23Y300        FDRE                                         r  gqav7_z19p_system_i/data_smartconnect/inst/s00_entry_pipeline/s00_si_converter/inst/converter.low_area_converter.low_area_wrap_inst/conv_addr_i_reg[0]/R
  -------------------------------------------------------------------    -------------------

                         (clock clk_dma_300_unbuf rise edge)
                                                      3.333     3.333 r  
                         clock source latency        -1.007     2.326    
                         propagated clock network latency
                                                      2.843     5.169    
                         clock pessimism              0.013     5.182    
                         clock uncertainty           -0.055     5.127    
    SLICE_X23Y300        FDRE (Setup_HFF_SLICEM_C_R)
                                                     -0.074     5.053    gqav7_z19p_system_i/data_smartconnect/inst/s00_entry_pipeline/s00_si_converter/inst/converter.low_area_converter.low_area_wrap_inst/conv_addr_i_reg[0]
  -------------------------------------------------------------------
                         required time                          5.053    
                         arrival time                          -4.984    
  -------------------------------------------------------------------
                         slack                                  0.069    

Slack (MET) :             0.069ns  (required time - arrival time)
  Source:                 gqav7_z19p_system_i/data_smartconnect/inst/s00_entry_pipeline/s00_si_converter/inst/areset_reg/C
                            (rising edge-triggered cell FDRE clocked by clk_dma_300_unbuf  {rise@0.000ns fall@1.667ns period=3.333ns})
  Destination:            gqav7_z19p_system_i/data_smartconnect/inst/s00_entry_pipeline/s00_si_converter/inst/converter.low_area_converter.low_area_wrap_inst/w_incr_reg[0]/R
                            (rising edge-triggered cell FDRE clocked by clk_dma_300_unbuf  {rise@0.000ns fall@1.667ns period=3.333ns})
  Path Group:             clk_dma_300_unbuf
  Path Type:              Setup (Max at Slow Process Corner)
  Requirement:            3.333ns  (clk_dma_300_unbuf rise@3.333ns - clk_dma_300_unbuf rise@0.000ns)
  Data Path Delay:        2.968ns  (logic 0.080ns (2.696%)  route 2.888ns (97.304%))
  Logic Levels:           0  
  Clock Path Skew:        -0.167ns (DCD - SCD + CPR)
    Destination Clock Delay (DCD):    1.836ns = ( 5.169 - 3.333 ) 
    Source Clock Delay      (SCD):    2.016ns
    Clock Pessimism Removal (CPR):    0.013ns
  Clock Uncertainty:      0.055ns  ((TSJ^2 + DJ^2)^1/2) / 2 + PE
    Total System Jitter     (TSJ):    0.071ns
    Discrete Jitter          (DJ):    0.085ns
    Phase Error              (PE):    0.000ns

    Location             Delay type                Incr(ns)  Path(ns)    Netlist Resource(s)
  -------------------------------------------------------------------    -------------------
                         (clock clk_dma_300_unbuf rise edge)
                                                      0.000     0.000 r  
                         clock source latency        -1.165    -1.165    
                         propagated clock network latency
                                                      3.181     2.016    
    SLICE_X33Y129        FDRE                         0.000     2.016 r  gqav7_z19p_system_i/data_smartconnect/inst/s00_entry_pipeline/s00_si_converter/inst/areset_reg/C
    SLICE_X33Y129        FDRE (Prop_HFF2_SLICEL_C_Q)
                                                      0.080     2.096 r  gqav7_z19p_system_i/data_smartconnect/inst/s00_entry_pipeline/s00_si_converter/inst/areset_reg/Q
                         net (fo=381, routed)         2.888     4.984    gqav7_z19p_system_i/data_smartconnect/inst/s00_entry_pipeline/s00_si_converter/inst/converter.low_area_converter.low_area_wrap_inst/areset
    SLICE_X23Y300        FDRE                                         r  gqav7_z19p_system_i/data_smartconnect/inst/s00_entry_pipeline/s00_si_converter/inst/converter.low_area_converter.low_area_wrap_inst/w_incr_reg[0]/R
  -------------------------------------------------------------------    -------------------

                         (clock clk_dma_300_unbuf rise edge)
                                                      3.333     3.333 r  
                         clock source latency        -1.007     2.326    
                         propagated clock network latency
                                                      2.843     5.169    
                         clock pessimism              0.013     5.182    
                         clock uncertainty           -0.055     5.127    
    SLICE_X23Y300        FDRE (Setup_HFF2_SLICEM_C_R)
                                                     -0.074     5.053    gqav7_z19p_system_i/data_smartconnect/inst/s00_entry_pipeline/s00_si_converter/inst/converter.low_area_converter.low_area_wrap_inst/w_incr_reg[0]
  -------------------------------------------------------------------
                         required time                          5.053    
                         arrival time                          -4.984    
  -------------------------------------------------------------------
                         slack                                  0.069    

Slack (MET) :             0.069ns  (required time - arrival time)
  Source:                 gqav7_z19p_system_i/data_smartconnect/inst/s00_entry_pipeline/s00_si_converter/inst/areset_reg/C
                            (rising edge-triggered cell FDRE clocked by clk_dma_300_unbuf  {rise@0.000ns fall@1.667ns period=3.333ns})
  Destination:            gqav7_z19p_system_i/data_smartconnect/inst/s00_entry_pipeline/s00_si_converter/inst/converter.low_area_converter.low_area_wrap_inst/w_size_mask_reg[0]/S
                            (rising edge-triggered cell FDSE clocked by clk_dma_300_unbuf  {rise@0.000ns fall@1.667ns period=3.333ns})
  Path Group:             clk_dma_300_unbuf
  Path Type:              Setup (Max at Slow Process Corner)
  Requirement:            3.333ns  (clk_dma_300_unbuf rise@3.333ns - clk_dma_300_unbuf rise@0.000ns)
  Data Path Delay:        2.968ns  (logic 0.080ns (2.696%)  route 2.888ns (97.304%))
  Logic Levels:           0  
  Clock Path Skew:        -0.167ns (DCD - SCD + CPR)
    Destination Clock Delay (DCD):    1.836ns = ( 5.169 - 3.333 ) 
    Source Clock Delay      (SCD):    2.016ns
    Clock Pessimism Removal (CPR):    0.013ns
  Clock Uncertainty:      0.055ns  ((TSJ^2 + DJ^2)^1/2) / 2 + PE
    Total System Jitter     (TSJ):    0.071ns
    Discrete Jitter          (DJ):    0.085ns
    Phase Error              (PE):    0.000ns

    Location             Delay type                Incr(ns)  Path(ns)    Netlist Resource(s)
  -------------------------------------------------------------------    -------------------
                         (clock clk_dma_300_unbuf rise edge)
                                                      0.000     0.000 r  
                         clock source latency        -1.165    -1.165    
                         propagated clock network latency
                                                      3.181     2.016    
    SLICE_X33Y129        FDRE                         0.000     2.016 r  gqav7_z19p_system_i/data_smartconnect/inst/s00_entry_pipeline/s00_si_converter/inst/areset_reg/C
    SLICE_X33Y129        FDRE (Prop_HFF2_SLICEL_C_Q)
                                                      0.080     2.096 r  gqav7_z19p_system_i/data_smartconnect/inst/s00_entry_pipeline/s00_si_converter/inst/areset_reg/Q
                         net (fo=381, routed)         2.888     4.984    gqav7_z19p_system_i/data_smartconnect/inst/s00_entry_pipeline/s00_si_converter/inst/converter.low_area_converter.low_area_wrap_inst/areset
    SLICE_X23Y300        FDSE                                         r  gqav7_z19p_system_i/data_smartconnect/inst/s00_entry_pipeline/s00_si_converter/inst/converter.low_area_converter.low_area_wrap_inst/w_size_mask_reg[0]/S
  -------------------------------------------------------------------    -------------------

                         (clock clk_dma_300_unbuf rise edge)
                                                      3.333     3.333 r  
                         clock source latency        -1.007     2.326    
                         propagated clock network latency
                                                      2.843     5.169    
                         clock pessimism              0.013     5.182    
                         clock uncertainty           -0.055     5.127    
    SLICE_X23Y300        FDSE (Setup_GFF2_SLICEM_C_S)
                                                     -0.074     5.053    gqav7_z19p_system_i/data_smartconnect/inst/s00_entry_pipeline/s00_si_converter/inst/converter.low_area_converter.low_area_wrap_inst/w_size_mask_reg[0]
  -------------------------------------------------------------------
                         required time                          5.053    
                         arrival time                          -4.984    
  -------------------------------------------------------------------
                         slack                                  0.069    

Slack (MET) :             0.069ns  (required time - arrival time)
  Source:                 gqav7_z19p_system_i/gqav7_accelerator_0/inst/u_accelerator/i_core/i_group_scheduler/base_desc_q_reg[kv_wave_packed]_replica/C
                            (rising edge-triggered cell FDCE clocked by clk_core_235_unbuf  {rise@0.000ns fall@2.128ns period=4.255ns})
  Destination:            gqav7_z19p_system_i/gqav7_accelerator_0/inst/u_accelerator/i_core/i_group_scheduler/replay_kv_partition_q_reg[0]/CE
                            (rising edge-triggered cell FDCE clocked by clk_core_235_unbuf  {rise@0.000ns fall@2.128ns period=4.255ns})
  Path Group:             clk_core_235_unbuf
  Path Type:              Setup (Max at Slow Process Corner)
  Requirement:            4.255ns  (clk_core_235_unbuf rise@4.255ns - clk_core_235_unbuf rise@0.000ns)
  Data Path Delay:        3.885ns  (logic 1.025ns (26.382%)  route 2.860ns (73.618%))
  Logic Levels:           11  (LUT5=2 LUT6=9)
  Clock Path Skew:        -0.181ns (DCD - SCD + CPR)
    Destination Clock Delay (DCD):    1.958ns = ( 6.214 - 4.255 ) 
    Source Clock Delay      (SCD):    2.150ns
    Clock Pessimism Removal (CPR):    0.011ns
  Clock Uncertainty:      0.061ns  ((TSJ^2 + DJ^2)^1/2) / 2 + PE
    Total System Jitter     (TSJ):    0.071ns
    Discrete Jitter          (DJ):    0.099ns
    Phase Error              (PE):    0.000ns

    Location             Delay type                Incr(ns)  Path(ns)    Netlist Resource(s)
  -------------------------------------------------------------------    -------------------
                         (clock clk_core_235_unbuf rise edge)
                                                      0.000     0.000 r  
                         clock source latency        -1.206    -1.206    
                         propagated clock network latency
                                                      3.356     2.150    
    SLICE_X90Y173        FDCE                         0.000     2.150 r  gqav7_z19p_system_i/gqav7_accelerator_0/inst/u_accelerator/i_core/i_group_scheduler/base_desc_q_reg[kv_wave_packed]_replica/C
    SLICE_X90Y173        FDCE (Prop_GFF_SLICEL_C_Q)
                                                      0.079     2.229 r  gqav7_z19p_system_i/gqav7_accelerator_0/inst/u_accelerator/i_core/i_group_scheduler/base_desc_q_reg[kv_wave_packed]_replica/Q
                         net (fo=2, routed)           0.110     2.339    gqav7_z19p_system_i/gqav7_accelerator_0/inst/u_accelerator/i_core/i_group_scheduler/base_desc_q_reg[kv_wave_packed]__0_repN
    SLICE_X90Y172        LUT6 (Prop_B6LUT_SLICEL_I0_O)
                                                      0.148     2.487 f  gqav7_z19p_system_i/gqav7_accelerator_0/inst/u_accelerator/i_core/i_group_scheduler/replay_slot_q[1]_i_2/O
                         net (fo=17, routed)          0.549     3.036    gqav7_z19p_system_i/gqav7_accelerator_0/inst/u_accelerator/i_core/i_group_scheduler/replay_request_desc[q_lane][1]
    SLICE_X94Y172        LUT5 (Prop_G6LUT_SLICEL_I3_O)
                                                      0.089     3.125 f  gqav7_z19p_system_i/gqav7_accelerator_0/inst/u_accelerator/i_core/i_group_scheduler/replay_issue_column_q[3]_i_83_replica/O
                         net (fo=5, routed)           0.157     3.282    gqav7_z19p_system_i/gqav7_accelerator_0/inst/u_accelerator/i_core/i_group_scheduler/pending_desc_q_reg[prefill_direct]_0_repN
    SLICE_X93Y173        LUT6 (Prop_G6LUT_SLICEL_I5_O)
                                                      0.123     3.405 r  gqav7_z19p_system_i/gqav7_accelerator_0/inst/u_accelerator/i_core/i_group_scheduler/local_error_q_i_25/O
                         net (fo=1, routed)           0.386     3.791    gqav7_z19p_system_i/gqav7_accelerator_0/inst/u_accelerator/i_core/i_group_scheduler/local_error_q_i_25_n_0
    SLICE_X91Y173        LUT6 (Prop_D6LUT_SLICEL_I4_O)
                                                      0.122     3.913 f  gqav7_z19p_system_i/gqav7_accelerator_0/inst/u_accelerator/i_core/i_group_scheduler/local_error_q_i_12/O
                         net (fo=2, routed)           0.129     4.042    gqav7_z19p_system_i/gqav7_accelerator_0/inst/u_accelerator/i_core/i_group_scheduler/local_error_q_i_12_n_0
    SLICE_X90Y173        LUT6 (Prop_F6LUT_SLICEL_I5_O)
                                                      0.035     4.077 f  gqav7_z19p_system_i/gqav7_accelerator_0/inst/u_accelerator/i_core/i_group_scheduler/replay_issue_column_q[3]_i_26/O
                         net (fo=1, routed)           0.234     4.311    gqav7_z19p_system_i/gqav7_accelerator_0/inst/u_accelerator/i_core/i_group_scheduler/replay_issue_column_q[3]_i_26_n_0
    SLICE_X91Y168        LUT6 (Prop_G6LUT_SLICEL_I1_O)
                                                      0.089     4.400 f  gqav7_z19p_system_i/gqav7_accelerator_0/inst/u_accelerator/i_core/i_group_scheduler/replay_issue_column_q[3]_i_8/O
                         net (fo=2, routed)           0.239     4.640    gqav7_z19p_system_i/gqav7_accelerator_0/inst/u_accelerator/i_core/i_group_scheduler/replay_issue_column_q[3]_i_8_n_0
    SLICE_X90Y171        LUT6 (Prop_B6LUT_SLICEL_I2_O)
                                                      0.098     4.738 r  gqav7_z19p_system_i/gqav7_accelerator_0/inst/u_accelerator/i_core/i_group_scheduler/replay_issue_column_q[3]_i_3__0/O
                         net (fo=10, routed)          0.219     4.957    gqav7_z19p_system_i/gqav7_accelerator_0/inst/u_accelerator/i_core/i_resident_operands/i_k_column_cache/q_direct_replay_start_ready
    SLICE_X88Y173        LUT6 (Prop_H6LUT_SLICEL_I2_O)
                                                      0.051     5.008 f  gqav7_z19p_system_i/gqav7_accelerator_0/inst/u_accelerator/i_core/i_resident_operands/i_k_column_cache/pack_wave_tile_q[2]_i_3/O
                         net (fo=14, routed)          0.204     5.212    gqav7_z19p_system_i/gqav7_accelerator_0/inst/u_accelerator/i_core/i_group_scheduler/pack_wave_tile_q_reg[2]
    SLICE_X84Y174        LUT5 (Prop_G6LUT_SLICEL_I0_O)
                                                      0.050     5.262 r  gqav7_z19p_system_i/gqav7_accelerator_0/inst/u_accelerator/i_core/i_group_scheduler/replay_kv_partition_q[1]_i_5/O
                         net (fo=4, routed)           0.141     5.403    gqav7_z19p_system_i/gqav7_accelerator_0/inst/u_accelerator/i_core/i_group_scheduler/replay_kv_partition_q[1]_i_5_n_0
    SLICE_X85Y174        LUT6 (Prop_B6LUT_SLICEL_I2_O)
                                                      0.051     5.454 r  gqav7_z19p_system_i/gqav7_accelerator_0/inst/u_accelerator/i_core/i_group_scheduler/replay_kv_partition_q[1]_i_3/O
                         net (fo=2, routed)           0.164     5.618    gqav7_z19p_system_i/gqav7_accelerator_0/inst/u_accelerator/i_core/i_group_scheduler/replay_kv_partition_q[1]_i_3_n_0
    SLICE_X87Y178        LUT6 (Prop_A6LUT_SLICEL_I0_O)
                                                      0.090     5.708 r  gqav7_z19p_system_i/gqav7_accelerator_0/inst/u_accelerator/i_core/i_group_scheduler/replay_kv_partition_q[1]_i_1/O
                         net (fo=2, routed)           0.328     6.036    gqav7_z19p_system_i/gqav7_accelerator_0/inst/u_accelerator/i_core/i_group_scheduler/replay_kv_partition_q[1]_i_1_n_0
    SLICE_X88Y184        FDCE                                         r  gqav7_z19p_system_i/gqav7_accelerator_0/inst/u_accelerator/i_core/i_group_scheduler/replay_kv_partition_q_reg[0]/CE
  -------------------------------------------------------------------    -------------------

                         (clock clk_core_235_unbuf rise edge)
                                                      4.255     4.255 r  
                         clock source latency        -1.044     3.211    
                         propagated clock network latency
                                                      3.002     6.214    
                         clock pessimism              0.011     6.225    
                         clock uncertainty           -0.061     6.164    
    SLICE_X88Y184        FDCE (Setup_EFF_SLICEL_C_CE)
                                                     -0.060     6.104    gqav7_z19p_system_i/gqav7_accelerator_0/inst/u_accelerator/i_core/i_group_scheduler/replay_kv_partition_q_reg[0]
  -------------------------------------------------------------------
                         required time                          6.104    
                         arrival time                          -6.036    
  -------------------------------------------------------------------
                         slack                                  0.069    

Slack (MET) :             0.070ns  (required time - arrival time)
  Source:                 gqav7_z19p_system_i/data_smartconnect/inst/s00_entry_pipeline/s00_si_converter/inst/areset_reg/C
                            (rising edge-triggered cell FDRE clocked by clk_dma_300_unbuf  {rise@0.000ns fall@1.667ns period=3.333ns})
  Destination:            gqav7_z19p_system_i/data_smartconnect/inst/s00_entry_pipeline/s00_si_converter/inst/converter.low_area_converter.low_area_wrap_inst/conv_addr_i_reg[4]/R
                            (rising edge-triggered cell FDRE clocked by clk_dma_300_unbuf  {rise@0.000ns fall@1.667ns period=3.333ns})
  Path Group:             clk_dma_300_unbuf
  Path Type:              Setup (Max at Slow Process Corner)
  Requirement:            3.333ns  (clk_dma_300_unbuf rise@3.333ns - clk_dma_300_unbuf rise@0.000ns)
  Data Path Delay:        2.971ns  (logic 0.080ns (2.693%)  route 2.891ns (97.307%))
  Logic Levels:           0  
  Clock Path Skew:        -0.163ns (DCD - SCD + CPR)
    Destination Clock Delay (DCD):    1.840ns = ( 5.174 - 3.333 ) 
    Source Clock Delay      (SCD):    2.016ns
    Clock Pessimism Removal (CPR):    0.013ns
  Clock Uncertainty:      0.055ns  ((TSJ^2 + DJ^2)^1/2) / 2 + PE
    Total System Jitter     (TSJ):    0.071ns
    Discrete Jitter          (DJ):    0.085ns
    Phase Error              (PE):    0.000ns

    Location             Delay type                Incr(ns)  Path(ns)    Netlist Resource(s)
  -------------------------------------------------------------------    -------------------
                         (clock clk_dma_300_unbuf rise edge)
                                                      0.000     0.000 r  
                         clock source latency        -1.165    -1.165    
                         propagated clock network latency
                                                      3.181     2.016    
    SLICE_X33Y129        FDRE                         0.000     2.016 r  gqav7_z19p_system_i/data_smartconnect/inst/s00_entry_pipeline/s00_si_converter/inst/areset_reg/C
    SLICE_X33Y129        FDRE (Prop_HFF2_SLICEL_C_Q)
                                                      0.080     2.096 r  gqav7_z19p_system_i/data_smartconnect/inst/s00_entry_pipeline/s00_si_converter/inst/areset_reg/Q
                         net (fo=381, routed)         2.891     4.987    gqav7_z19p_system_i/data_smartconnect/inst/s00_entry_pipeline/s00_si_converter/inst/converter.low_area_converter.low_area_wrap_inst/areset
    SLICE_X21Y302        FDRE                                         r  gqav7_z19p_system_i/data_smartconnect/inst/s00_entry_pipeline/s00_si_converter/inst/converter.low_area_converter.low_area_wrap_inst/conv_addr_i_reg[4]/R
  -------------------------------------------------------------------    -------------------

                         (clock clk_dma_300_unbuf rise edge)
                                                      3.333     3.333 r  
                         clock source latency        -1.007     2.326    
                         propagated clock network latency
                                                      2.847     5.174    
                         clock pessimism              0.013     5.187    
                         clock uncertainty           -0.055     5.132    
    SLICE_X21Y302        FDRE (Setup_HFF_SLICEM_C_R)
                                                     -0.074     5.058    gqav7_z19p_system_i/data_smartconnect/inst/s00_entry_pipeline/s00_si_converter/inst/converter.low_area_converter.low_area_wrap_inst/conv_addr_i_reg[4]
  -------------------------------------------------------------------
                         required time                          5.058    
                         arrival time                          -4.987    
  -------------------------------------------------------------------
                         slack                                  0.070    

Slack (MET) :             0.070ns  (required time - arrival time)
  Source:                 gqav7_z19p_system_i/data_smartconnect/inst/s00_entry_pipeline/s00_si_converter/inst/areset_reg/C
                            (rising edge-triggered cell FDRE clocked by clk_dma_300_unbuf  {rise@0.000ns fall@1.667ns period=3.333ns})
  Destination:            gqav7_z19p_system_i/data_smartconnect/inst/s00_entry_pipeline/s00_si_converter/inst/converter.low_area_converter.low_area_wrap_inst/conv_addr_i_reg[6]/R
                            (rising edge-triggered cell FDRE clocked by clk_dma_300_unbuf  {rise@0.000ns fall@1.667ns period=3.333ns})
  Path Group:             clk_dma_300_unbuf
  Path Type:              Setup (Max at Slow Process Corner)
  Requirement:            3.333ns  (clk_dma_300_unbuf rise@3.333ns - clk_dma_300_unbuf rise@0.000ns)
  Data Path Delay:        2.971ns  (logic 0.080ns (2.693%)  route 2.891ns (97.307%))
  Logic Levels:           0  
  Clock Path Skew:        -0.163ns (DCD - SCD + CPR)
    Destination Clock Delay (DCD):    1.840ns = ( 5.174 - 3.333 ) 
    Source Clock Delay      (SCD):    2.016ns
    Clock Pessimism Removal (CPR):    0.013ns
  Clock Uncertainty:      0.055ns  ((TSJ^2 + DJ^2)^1/2) / 2 + PE
    Total System Jitter     (TSJ):    0.071ns
    Discrete Jitter          (DJ):    0.085ns
    Phase Error              (PE):    0.000ns

    Location             Delay type                Incr(ns)  Path(ns)    Netlist Resource(s)
  -------------------------------------------------------------------    -------------------
                         (clock clk_dma_300_unbuf rise edge)
                                                      0.000     0.000 r  
                         clock source latency        -1.165    -1.165    
                         propagated clock network latency
                                                      3.181     2.016    
    SLICE_X33Y129        FDRE                         0.000     2.016 r  gqav7_z19p_system_i/data_smartconnect/inst/s00_entry_pipeline/s00_si_converter/inst/areset_reg/C
    SLICE_X33Y129        FDRE (Prop_HFF2_SLICEL_C_Q)
                                                      0.080     2.096 r  gqav7_z19p_system_i/data_smartconnect/inst/s00_entry_pipeline/s00_si_converter/inst/areset_reg/Q
                         net (fo=381, routed)         2.891     4.987    gqav7_z19p_system_i/data_smartconnect/inst/s00_entry_pipeline/s00_si_converter/inst/converter.low_area_converter.low_area_wrap_inst/areset
    SLICE_X21Y302        FDRE                                         r  gqav7_z19p_system_i/data_smartconnect/inst/s00_entry_pipeline/s00_si_converter/inst/converter.low_area_converter.low_area_wrap_inst/conv_addr_i_reg[6]/R
  -------------------------------------------------------------------    -------------------

                         (clock clk_dma_300_unbuf rise edge)
                                                      3.333     3.333 r  
                         clock source latency        -1.007     2.326    
                         propagated clock network latency
                                                      2.847     5.174    
                         clock pessimism              0.013     5.187    
                         clock uncertainty           -0.055     5.132    
    SLICE_X21Y302        FDRE (Setup_GFF_SLICEM_C_R)
                                                     -0.074     5.058    gqav7_z19p_system_i/data_smartconnect/inst/s00_entry_pipeline/s00_si_converter/inst/converter.low_area_converter.low_area_wrap_inst/conv_addr_i_reg[6]
  -------------------------------------------------------------------
                         required time                          5.058    
                         arrival time                          -4.987    
  -------------------------------------------------------------------
                         slack                                  0.070    

Slack (MET) :             0.070ns  (required time - arrival time)
  Source:                 gqav7_z19p_system_i/data_smartconnect/inst/s00_entry_pipeline/s00_si_converter/inst/areset_reg/C
                            (rising edge-triggered cell FDRE clocked by clk_dma_300_unbuf  {rise@0.000ns fall@1.667ns period=3.333ns})
  Destination:            gqav7_z19p_system_i/data_smartconnect/inst/s00_entry_pipeline/s00_si_converter/inst/converter.low_area_converter.low_area_wrap_inst/orig_awaddr_reg[4]/R
                            (rising edge-triggered cell FDRE clocked by clk_dma_300_unbuf  {rise@0.000ns fall@1.667ns period=3.333ns})
  Path Group:             clk_dma_300_unbuf
  Path Type:              Setup (Max at Slow Process Corner)
  Requirement:            3.333ns  (clk_dma_300_unbuf rise@3.333ns - clk_dma_300_unbuf rise@0.000ns)
  Data Path Delay:        2.971ns  (logic 0.080ns (2.693%)  route 2.891ns (97.307%))
  Logic Levels:           0  
  Clock Path Skew:        -0.163ns (DCD - SCD + CPR)
    Destination Clock Delay (DCD):    1.840ns = ( 5.174 - 3.333 ) 
    Source Clock Delay      (SCD):    2.016ns
    Clock Pessimism Removal (CPR):    0.013ns
  Clock Uncertainty:      0.055ns  ((TSJ^2 + DJ^2)^1/2) / 2 + PE
    Total System Jitter     (TSJ):    0.071ns
    Discrete Jitter          (DJ):    0.085ns
    Phase Error              (PE):    0.000ns

    Location             Delay type                Incr(ns)  Path(ns)    Netlist Resource(s)
  -------------------------------------------------------------------    -------------------
                         (clock clk_dma_300_unbuf rise edge)
                                                      0.000     0.000 r  
                         clock source latency        -1.165    -1.165    
                         propagated clock network latency
                                                      3.181     2.016    
    SLICE_X33Y129        FDRE                         0.000     2.016 r  gqav7_z19p_system_i/data_smartconnect/inst/s00_entry_pipeline/s00_si_converter/inst/areset_reg/C
    SLICE_X33Y129        FDRE (Prop_HFF2_SLICEL_C_Q)
                                                      0.080     2.096 r  gqav7_z19p_system_i/data_smartconnect/inst/s00_entry_pipeline/s00_si_converter/inst/areset_reg/Q
                         net (fo=381, routed)         2.891     4.987    gqav7_z19p_system_i/data_smartconnect/inst/s00_entry_pipeline/s00_si_converter/inst/converter.low_area_converter.low_area_wrap_inst/areset
    SLICE_X21Y302        FDRE                                         r  gqav7_z19p_system_i/data_smartconnect/inst/s00_entry_pipeline/s00_si_converter/inst/converter.low_area_converter.low_area_wrap_inst/orig_awaddr_reg[4]/R
  -------------------------------------------------------------------    -------------------

                         (clock clk_dma_300_unbuf rise edge)
                                                      3.333     3.333 r  
                         clock source latency        -1.007     2.326    
                         propagated clock network latency
                                                      2.847     5.174    
                         clock pessimism              0.013     5.187    
                         clock uncertainty           -0.055     5.132    
    SLICE_X21Y302        FDRE (Setup_HFF2_SLICEM_C_R)
                                                     -0.074     5.058    gqav7_z19p_system_i/data_smartconnect/inst/s00_entry_pipeline/s00_si_converter/inst/converter.low_area_converter.low_area_wrap_inst/orig_awaddr_reg[4]
  -------------------------------------------------------------------
                         required time                          5.058    
                         arrival time                          -4.987    
  -------------------------------------------------------------------
                         slack                                  0.070    

Slack (MET) :             0.070ns  (required time - arrival time)
  Source:                 gqav7_z19p_system_i/data_smartconnect/inst/s00_entry_pipeline/s00_si_converter/inst/areset_reg/C
                            (rising edge-triggered cell FDRE clocked by clk_dma_300_unbuf  {rise@0.000ns fall@1.667ns period=3.333ns})
  Destination:            gqav7_z19p_system_i/data_smartconnect/inst/s00_entry_pipeline/s00_si_converter/inst/converter.low_area_converter.low_area_wrap_inst/orig_awaddr_reg[6]/R
                            (rising edge-triggered cell FDRE clocked by clk_dma_300_unbuf  {rise@0.000ns fall@1.667ns period=3.333ns})
  Path Group:             clk_dma_300_unbuf
  Path Type:              Setup (Max at Slow Process Corner)
  Requirement:            3.333ns  (clk_dma_300_unbuf rise@3.333ns - clk_dma_300_unbuf rise@0.000ns)
  Data Path Delay:        2.971ns  (logic 0.080ns (2.693%)  route 2.891ns (97.307%))
  Logic Levels:           0  
  Clock Path Skew:        -0.163ns (DCD - SCD + CPR)
    Destination Clock Delay (DCD):    1.840ns = ( 5.174 - 3.333 ) 
    Source Clock Delay      (SCD):    2.016ns
    Clock Pessimism Removal (CPR):    0.013ns
  Clock Uncertainty:      0.055ns  ((TSJ^2 + DJ^2)^1/2) / 2 + PE
    Total System Jitter     (TSJ):    0.071ns
    Discrete Jitter          (DJ):    0.085ns
    Phase Error              (PE):    0.000ns

    Location             Delay type                Incr(ns)  Path(ns)    Netlist Resource(s)
  -------------------------------------------------------------------    -------------------
                         (clock clk_dma_300_unbuf rise edge)
                                                      0.000     0.000 r  
                         clock source latency        -1.165    -1.165    
                         propagated clock network latency
                                                      3.181     2.016    
    SLICE_X33Y129        FDRE                         0.000     2.016 r  gqav7_z19p_system_i/data_smartconnect/inst/s00_entry_pipeline/s00_si_converter/inst/areset_reg/C
    SLICE_X33Y129        FDRE (Prop_HFF2_SLICEL_C_Q)
                                                      0.080     2.096 r  gqav7_z19p_system_i/data_smartconnect/inst/s00_entry_pipeline/s00_si_converter/inst/areset_reg/Q
                         net (fo=381, routed)         2.891     4.987    gqav7_z19p_system_i/data_smartconnect/inst/s00_entry_pipeline/s00_si_converter/inst/converter.low_area_converter.low_area_wrap_inst/areset
    SLICE_X21Y302        FDRE                                         r  gqav7_z19p_system_i/data_smartconnect/inst/s00_entry_pipeline/s00_si_converter/inst/converter.low_area_converter.low_area_wrap_inst/orig_awaddr_reg[6]/R
  -------------------------------------------------------------------    -------------------

                         (clock clk_dma_300_unbuf rise edge)
                                                      3.333     3.333 r  
                         clock source latency        -1.007     2.326    
                         propagated clock network latency
                                                      2.847     5.174    
                         clock pessimism              0.013     5.187    
                         clock uncertainty           -0.055     5.132    
    SLICE_X21Y302        FDRE (Setup_GFF2_SLICEM_C_R)
                                                     -0.074     5.058    gqav7_z19p_system_i/data_smartconnect/inst/s00_entry_pipeline/s00_si_converter/inst/converter.low_area_converter.low_area_wrap_inst/orig_awaddr_reg[6]
  -------------------------------------------------------------------
                         required time                          5.058    
                         arrival time                          -4.987    
  -------------------------------------------------------------------
                         slack                                  0.070    

Slack (MET) :             0.071ns  (required time - arrival time)
  Source:                 gqav7_z19p_system_i/gqav7_accelerator_0/inst/u_accelerator/i_core/i_group_scheduler/replay_reduction_tile_q_reg[1]/C
                            (rising edge-triggered cell FDCE clocked by clk_core_235_unbuf  {rise@0.000ns fall@2.128ns period=4.255ns})
  Destination:            gqav7_z19p_system_i/gqav7_accelerator_0/inst/u_accelerator/i_core/i_resident_operands/i_k_column_cache/tile_valid_q_reg[123]/D
                            (rising edge-triggered cell FDCE clocked by clk_core_235_unbuf  {rise@0.000ns fall@2.128ns period=4.255ns})
  Path Group:             clk_core_235_unbuf
  Path Type:              Setup (Max at Slow Process Corner)
  Requirement:            4.255ns  (clk_core_235_unbuf rise@4.255ns - clk_core_235_unbuf rise@0.000ns)
  Data Path Delay:        4.103ns  (logic 1.095ns (26.685%)  route 3.008ns (73.315%))
  Logic Levels:           13  (LUT2=3 LUT5=3 LUT6=7)
  Clock Path Skew:        -0.045ns (DCD - SCD + CPR)
    Destination Clock Delay (DCD):    2.006ns = ( 6.262 - 4.255 ) 
    Source Clock Delay      (SCD):    2.157ns
    Clock Pessimism Removal (CPR):    0.106ns
  Clock Uncertainty:      0.061ns  ((TSJ^2 + DJ^2)^1/2) / 2 + PE
    Total System Jitter     (TSJ):    0.071ns
    Discrete Jitter          (DJ):    0.099ns
    Phase Error              (PE):    0.000ns

    Location             Delay type                Incr(ns)  Path(ns)    Netlist Resource(s)
  -------------------------------------------------------------------    -------------------
                         (clock clk_core_235_unbuf rise edge)
                                                      0.000     0.000 r  
                         clock source latency        -1.206    -1.206    
                         propagated clock network latency
                                                      3.363     2.157    
    SLICE_X92Y174        FDCE                         0.000     2.157 r  gqav7_z19p_system_i/gqav7_accelerator_0/inst/u_accelerator/i_core/i_group_scheduler/replay_reduction_tile_q_reg[1]/C
    SLICE_X92Y174        FDCE (Prop_HFF_SLICEL_C_Q)
                                                      0.079     2.236 f  gqav7_z19p_system_i/gqav7_accelerator_0/inst/u_accelerator/i_core/i_group_scheduler/replay_reduction_tile_q_reg[1]/Q
                         net (fo=9, routed)           0.483     2.719    gqav7_z19p_system_i/gqav7_accelerator_0/inst/u_accelerator/i_core/i_group_scheduler/replay_reduction_tile_q_reg_n_0_[1]
    SLICE_X94Y174        LUT2 (Prop_F6LUT_SLICEL_I0_O)
                                                      0.035     2.754 f  gqav7_z19p_system_i/gqav7_accelerator_0/inst/u_accelerator/i_core/i_group_scheduler/replay_base_tile_q[1]_i_1_replica_1/O
                         net (fo=18, routed)          0.166     2.920    gqav7_z19p_system_i/gqav7_accelerator_0/inst/u_accelerator/i_core/i_group_scheduler/replay_reduction_tile_q_reg[2]_0[1]_repN_1
    SLICE_X93Y176        LUT2 (Prop_G6LUT_SLICEL_I1_O)
                                                      0.089     3.009 r  gqav7_z19p_system_i/gqav7_accelerator_0/inst/u_accelerator/i_core/i_group_scheduler/replay_issue_column_q[3]_i_45_replica/O
                         net (fo=5, routed)           0.491     3.500    gqav7_z19p_system_i/gqav7_accelerator_0/inst/u_accelerator/i_core/i_group_scheduler/replay_issue_column_q[3]_i_45_n_0_repN
    SLICE_X92Y177        LUT6 (Prop_E6LUT_SLICEL_I5_O)
                                                      0.123     3.623 f  gqav7_z19p_system_i/gqav7_accelerator_0/inst/u_accelerator/i_core/i_group_scheduler/replay_issue_column_q[3]_i_216/O
                         net (fo=1, routed)           0.167     3.790    gqav7_z19p_system_i/gqav7_accelerator_0/inst/u_accelerator/i_core/i_group_scheduler/replay_issue_column_q[3]_i_216_n_0
    SLICE_X91Y173        LUT6 (Prop_F6LUT_SLICEL_I0_O)
                                                      0.148     3.938 r  gqav7_z19p_system_i/gqav7_accelerator_0/inst/u_accelerator/i_core/i_group_scheduler/replay_issue_column_q[3]_i_77/O
                         net (fo=1, routed)           0.193     4.131    gqav7_z19p_system_i/gqav7_accelerator_0/inst/u_accelerator/i_core/i_group_scheduler/replay_issue_column_q[3]_i_77_n_0
    SLICE_X90Y174        LUT6 (Prop_C6LUT_SLICEL_I0_O)
                                                      0.146     4.277 r  gqav7_z19p_system_i/gqav7_accelerator_0/inst/u_accelerator/i_core/i_group_scheduler/replay_issue_column_q[3]_i_20/O
                         net (fo=1, routed)           0.139     4.416    gqav7_z19p_system_i/gqav7_accelerator_0/inst/u_accelerator/i_core/i_group_scheduler/replay_issue_column_q[3]_i_20_n_0
    SLICE_X90Y171        LUT6 (Prop_A6LUT_SLICEL_I1_O)
                                                      0.124     4.540 r  gqav7_z19p_system_i/gqav7_accelerator_0/inst/u_accelerator/i_core/i_group_scheduler/replay_issue_column_q[3]_i_7/O
                         net (fo=3, routed)           0.237     4.777    gqav7_z19p_system_i/gqav7_accelerator_0/inst/u_accelerator/i_core/i_group_scheduler/replay_issue_column_q[3]_i_7_n_0
    SLICE_X91Y168        LUT6 (Prop_D6LUT_SLICEL_I1_O)
                                                      0.036     4.813 f  gqav7_z19p_system_i/gqav7_accelerator_0/inst/u_accelerator/i_core/i_group_scheduler/replay_issue_column_q[3]_i_3__0_replica/O
                         net (fo=1, routed)           0.038     4.851    gqav7_z19p_system_i/gqav7_accelerator_0/inst/u_accelerator/i_core/i_resident_operands/i_k_column_cache/q_direct_replay_start_ready_repN_alias
    SLICE_X91Y168        LUT5 (Prop_F6LUT_SLICEL_I0_O)
                                                      0.035     4.886 f  gqav7_z19p_system_i/gqav7_accelerator_0/inst/u_accelerator/i_core/i_resident_operands/i_k_column_cache/replay_wave_tiles_q[3]_i_1_rewire_replica/O
                         net (fo=1, routed)           0.137     5.023    gqav7_z19p_system_i/gqav7_accelerator_0/inst/u_accelerator/i_core/i_row_mover/E[0]_repN_alias
    SLICE_X91Y164        LUT6 (Prop_E6LUT_SLICEL_I0_O)
                                                      0.035     5.058 f  gqav7_z19p_system_i/gqav7_accelerator_0/inst/u_accelerator/i_core/i_row_mover/fill_expected_row_q[3]_i_3/O
                         net (fo=7, routed)           0.104     5.162    gqav7_z19p_system_i/gqav7_accelerator_0/inst/u_accelerator/i_core/i_row_mover/replay_out_valid_q_reg
    SLICE_X91Y166        LUT2 (Prop_A6LUT_SLICEL_I1_O)
                                                      0.035     5.197 r  gqav7_z19p_system_i/gqav7_accelerator_0/inst/u_accelerator/i_core/i_row_mover/tile_valid_q[124]_i_3/O
                         net (fo=47, routed)          0.245     5.442    gqav7_z19p_system_i/gqav7_accelerator_0/inst/u_accelerator/i_core/i_row_mover/fill_offer_can_evict
    SLICE_X91Y163        LUT6 (Prop_A6LUT_SLICEL_I0_O)
                                                      0.124     5.566 r  gqav7_z19p_system_i/gqav7_accelerator_0/inst/u_accelerator/i_core/i_row_mover/tile_valid_q[123]_i_5/O
                         net (fo=4, routed)           0.476     6.042    gqav7_z19p_system_i/gqav7_accelerator_0/inst/u_accelerator/i_core/i_resident_operands/i_k_column_cache/tile_valid_q_reg[91]_1
    SLICE_X95Y163        LUT5 (Prop_H6LUT_SLICEL_I4_O)
                                                      0.036     6.078 r  gqav7_z19p_system_i/gqav7_accelerator_0/inst/u_accelerator/i_core/i_resident_operands/i_k_column_cache/tile_valid_q[123]_i_4/O
                         net (fo=1, routed)           0.085     6.163    gqav7_z19p_system_i/gqav7_accelerator_0/inst/u_accelerator/i_core/i_resident_operands/i_k_column_cache/tile_valid_q[123]_i_4_n_0
    SLICE_X95Y163        LUT5 (Prop_A6LUT_SLICEL_I3_O)
                                                      0.050     6.213 r  gqav7_z19p_system_i/gqav7_accelerator_0/inst/u_accelerator/i_core/i_resident_operands/i_k_column_cache/tile_valid_q[123]_i_1/O
                         net (fo=1, routed)           0.048     6.261    gqav7_z19p_system_i/gqav7_accelerator_0/inst/u_accelerator/i_core/i_resident_operands/i_k_column_cache/tile_valid_q[123]_i_1_n_0
    SLICE_X95Y163        FDCE                                         r  gqav7_z19p_system_i/gqav7_accelerator_0/inst/u_accelerator/i_core/i_resident_operands/i_k_column_cache/tile_valid_q_reg[123]/D
  -------------------------------------------------------------------    -------------------

                         (clock clk_core_235_unbuf rise edge)
                                                      4.255     4.255 r  
                         clock source latency        -1.044     3.211    
                         propagated clock network latency
                                                      3.050     6.262    
                         clock pessimism              0.106     6.368    
                         clock uncertainty           -0.061     6.307    
    SLICE_X95Y163        FDCE (Setup_AFF_SLICEL_C_D)
                                                      0.025     6.332    gqav7_z19p_system_i/gqav7_accelerator_0/inst/u_accelerator/i_core/i_resident_operands/i_k_column_cache/tile_valid_q_reg[123]
  -------------------------------------------------------------------
                         required time                          6.332    
                         arrival time                          -6.261    
  -------------------------------------------------------------------
                         slack                                  0.071    

Slack (MET) :             0.073ns  (required time - arrival time)
  Source:                 gqav7_z19p_system_i/gqav7_accelerator_0/inst/u_accelerator/i_core/i_pipeline/i_downstream/i_pv/i_compute_capture/i_qk/i_engine/result_context_row_q_reg[3][2]/C
                            (rising edge-triggered cell FDRE clocked by clk_core_235_unbuf  {rise@0.000ns fall@2.128ns period=4.255ns})
  Destination:            gqav7_z19p_system_i/gqav7_accelerator_0/inst/u_accelerator/i_core/i_pipeline/i_downstream/i_pv/i_compute_capture/gen_context[1].gen_partial_wave[1].gen_partial_lane_ram[6].partial_ram_q_reg_0_15_0_13/RAME_D1/I
                            (rising edge-triggered cell RAMD32 clocked by clk_core_235_unbuf  {rise@0.000ns fall@2.128ns period=4.255ns})
  Path Group:             clk_core_235_unbuf
  Path Type:              Setup (Max at Slow Process Corner)
  Requirement:            4.255ns  (clk_core_235_unbuf rise@4.255ns - clk_core_235_unbuf rise@0.000ns)
  Data Path Delay:        3.892ns  (logic 0.343ns (8.812%)  route 3.549ns (91.188%))
  Logic Levels:           3  (LUT6=1 MUXF7=1 RAMD32=1)
  Clock Path Skew:        -0.150ns (DCD - SCD + CPR)
    Destination Clock Delay (DCD):    1.938ns = ( 6.193 - 4.255 ) 
    Source Clock Delay      (SCD):    2.103ns
    Clock Pessimism Removal (CPR):    0.015ns
  Clock Uncertainty:      0.061ns  ((TSJ^2 + DJ^2)^1/2) / 2 + PE
    Total System Jitter     (TSJ):    0.071ns
    Discrete Jitter          (DJ):    0.099ns
    Phase Error              (PE):    0.000ns

    Location             Delay type                Incr(ns)  Path(ns)    Netlist Resource(s)
  -------------------------------------------------------------------    -------------------
                         (clock clk_core_235_unbuf rise edge)
                                                      0.000     0.000 r  
                         clock source latency        -1.206    -1.206    
                         propagated clock network latency
                                                      3.309     2.103    
    SLICE_X55Y299        FDRE                         0.000     2.103 r  gqav7_z19p_system_i/gqav7_accelerator_0/inst/u_accelerator/i_core/i_pipeline/i_downstream/i_pv/i_compute_capture/i_qk/i_engine/result_context_row_q_reg[3][2]/C
    SLICE_X55Y299        FDRE (Prop_FFF2_SLICEL_C_Q)
                                                      0.081     2.184 r  gqav7_z19p_system_i/gqav7_accelerator_0/inst/u_accelerator/i_core/i_pipeline/i_downstream/i_pv/i_compute_capture/i_qk/i_engine/result_context_row_q_reg[3][2]/Q
                         net (fo=56, routed)          1.717     3.902    gqav7_z19p_system_i/gqav7_accelerator_0/inst/u_accelerator/i_core/i_pipeline/i_downstream/i_pv/i_compute_capture/i_qk/i_engine/gen_row[3].gen_col[6].accumulator_result_ram_q_reg_0_31_0_13/ADDRE2
    SLICE_X18Y366        RAMD32 (Prop_E6LUT_SLICEM_RADR2_O)
                                                      0.100     4.002 r  gqav7_z19p_system_i/gqav7_accelerator_0/inst/u_accelerator/i_core/i_pipeline/i_downstream/i_pv/i_compute_capture/i_qk/i_engine/gen_row[3].gen_col[6].accumulator_result_ram_q_reg_0_31_0_13/RAME_D1/O
                         net (fo=1, routed)           0.382     4.384    gqav7_z19p_system_i/gqav7_accelerator_0/inst/u_accelerator/i_core/i_pipeline/i_downstream/i_pv/i_compute_capture/i_qk/i_engine/accumulator_result_read[3][6]_231[9]
    SLICE_X19Y370        LUT6 (Prop_D6LUT_SLICEL_I0_O)
                                                      0.099     4.483 r  gqav7_z19p_system_i/gqav7_accelerator_0/inst/u_accelerator/i_core/i_pipeline/i_downstream/i_pv/i_compute_capture/i_qk/i_engine/gen_context[3].gen_partial_wave[0].gen_partial_lane_ram[6].partial_ram_q_reg_0_15_0_13_i_35/O
                         net (fo=1, routed)           0.009     4.492    gqav7_z19p_system_i/gqav7_accelerator_0/inst/u_accelerator/i_core/i_pipeline/i_downstream/i_pv/i_compute_capture/i_qk/i_engine/gen_context[3].gen_partial_wave[0].gen_partial_lane_ram[6].partial_ram_q_reg_0_15_0_13_i_35_n_0
    SLICE_X19Y370        MUXF7 (Prop_F7MUX_CD_SLICEL_I0_O)
                                                      0.063     4.555 r  gqav7_z19p_system_i/gqav7_accelerator_0/inst/u_accelerator/i_core/i_pipeline/i_downstream/i_pv/i_compute_capture/i_qk/i_engine/gen_context[3].gen_partial_wave[0].gen_partial_lane_ram[6].partial_ram_q_reg_0_15_0_13_i_9/O
                         net (fo=16, routed)          1.441     5.996    gqav7_z19p_system_i/gqav7_accelerator_0/inst/u_accelerator/i_core/i_pipeline/i_downstream/i_pv/i_compute_capture/gen_context[1].gen_partial_wave[1].gen_partial_lane_ram[6].partial_ram_q_reg_0_15_0_13/DIE1
    SLICE_X59Y389        RAMD32                                       r  gqav7_z19p_system_i/gqav7_accelerator_0/inst/u_accelerator/i_core/i_pipeline/i_downstream/i_pv/i_compute_capture/gen_context[1].gen_partial_wave[1].gen_partial_lane_ram[6].partial_ram_q_reg_0_15_0_13/RAME_D1/I
  -------------------------------------------------------------------    -------------------

                         (clock clk_core_235_unbuf rise edge)
                                                      4.255     4.255 r  
                         clock source latency        -1.044     3.211    
                         propagated clock network latency
                                                      2.982     6.193    
                         clock pessimism              0.015     6.209    
                         clock uncertainty           -0.061     6.148    
    SLICE_X59Y389        RAMD32 (Setup_E6LUT_SLICEM_CLK_I)
                                                     -0.079     6.069    gqav7_z19p_system_i/gqav7_accelerator_0/inst/u_accelerator/i_core/i_pipeline/i_downstream/i_pv/i_compute_capture/gen_context[1].gen_partial_wave[1].gen_partial_lane_ram[6].partial_ram_q_reg_0_15_0_13/RAME_D1
  -------------------------------------------------------------------
                         required time                          6.069    
                         arrival time                          -5.996    
  -------------------------------------------------------------------
                         slack                                  0.073    

Slack (MET) :             0.074ns  (required time - arrival time)
  Source:                 gqav7_z19p_system_i/data_smartconnect/inst/s00_nodes/s00_aw_node/inst/inst_mi_handler/gen_normal_area.inst_fifo_node_payld/gen_xpm_memory_fifo.inst_fifo/gen_mem_rep[0].inst_rd_addrb/count_r_reg[1]/C
                            (rising edge-triggered cell FDRE clocked by clk_dma_300_unbuf  {rise@0.000ns fall@1.667ns period=3.333ns})
  Destination:            gqav7_z19p_system_i/data_smartconnect/inst/s00_nodes/s00_aw_node/inst/inst_mi_handler/gen_normal_area.inst_fifo_node_payld/gen_xpm_memory_fifo.inst_fifo/gen_mem_rep[0].inst_xpm_memory/xpm_memory_base_inst/gen_rd_b.gen_rd_b_synth_template.gen_rf_narrow_reg.doutb_reg_reg[6]/D
                            (rising edge-triggered cell FDRE clocked by clk_dma_300_unbuf  {rise@0.000ns fall@1.667ns period=3.333ns})
  Path Group:             clk_dma_300_unbuf
  Path Type:              Setup (Max at Slow Process Corner)
  Requirement:            3.333ns  (clk_dma_300_unbuf rise@3.333ns - clk_dma_300_unbuf rise@0.000ns)
  Data Path Delay:        3.012ns  (logic 0.214ns (7.105%)  route 2.798ns (92.895%))
  Logic Levels:           1  (RAMD32=1)
  Clock Path Skew:        -0.217ns (DCD - SCD + CPR)
    Destination Clock Delay (DCD):    1.800ns = ( 5.133 - 3.333 ) 
    Source Clock Delay      (SCD):    2.030ns
    Clock Pessimism Removal (CPR):    0.013ns
  Clock Uncertainty:      0.055ns  ((TSJ^2 + DJ^2)^1/2) / 2 + PE
    Total System Jitter     (TSJ):    0.071ns
    Discrete Jitter          (DJ):    0.085ns
    Phase Error              (PE):    0.000ns

    Location             Delay type                Incr(ns)  Path(ns)    Netlist Resource(s)
  -------------------------------------------------------------------    -------------------
                         (clock clk_dma_300_unbuf rise edge)
                                                      0.000     0.000 r  
                         clock source latency        -1.165    -1.165    
                         propagated clock network latency
                                                      3.195     2.030    
    SLICE_X27Y306        FDRE                         0.000     2.030 r  gqav7_z19p_system_i/data_smartconnect/inst/s00_nodes/s00_aw_node/inst/inst_mi_handler/gen_normal_area.inst_fifo_node_payld/gen_xpm_memory_fifo.inst_fifo/gen_mem_rep[0].inst_rd_addrb/count_r_reg[1]/C
    SLICE_X27Y306        FDRE (Prop_EFF2_SLICEM_C_Q)
                                                      0.079     2.109 r  gqav7_z19p_system_i/data_smartconnect/inst/s00_nodes/s00_aw_node/inst/inst_mi_handler/gen_normal_area.inst_fifo_node_payld/gen_xpm_memory_fifo.inst_fifo/gen_mem_rep[0].inst_rd_addrb/count_r_reg[1]/Q
                         net (fo=153, routed)         2.768     4.877    gqav7_z19p_system_i/data_smartconnect/inst/s00_nodes/s00_aw_node/inst/inst_mi_handler/gen_normal_area.inst_fifo_node_payld/gen_xpm_memory_fifo.inst_fifo/gen_mem_rep[0].inst_xpm_memory/xpm_memory_base_inst/gen_wr_a.gen_word_narrow.mem_reg_0_31_0_13/ADDRD1
    SLICE_X23Y252        RAMD32 (Prop_D5LUT_SLICEM_RADR1_O)
                                                      0.135     5.012 r  gqav7_z19p_system_i/data_smartconnect/inst/s00_nodes/s00_aw_node/inst/inst_mi_handler/gen_normal_area.inst_fifo_node_payld/gen_xpm_memory_fifo.inst_fifo/gen_mem_rep[0].inst_xpm_memory/xpm_memory_base_inst/gen_wr_a.gen_word_narrow.mem_reg_0_31_0_13/RAMD/O
                         net (fo=1, routed)           0.030     5.042    gqav7_z19p_system_i/data_smartconnect/inst/s00_nodes/s00_aw_node/inst/inst_mi_handler/gen_normal_area.inst_fifo_node_payld/gen_xpm_memory_fifo.inst_fifo/gen_mem_rep[0].inst_xpm_memory/xpm_memory_base_inst/gen_rd_b.gen_rd_b_synth_template.gen_rf_narrow_reg.doutb_reg_reg0[6]
    SLICE_X23Y252        FDRE                                         r  gqav7_z19p_system_i/data_smartconnect/inst/s00_nodes/s00_aw_node/inst/inst_mi_handler/gen_normal_area.inst_fifo_node_payld/gen_xpm_memory_fifo.inst_fifo/gen_mem_rep[0].inst_xpm_memory/xpm_memory_base_inst/gen_rd_b.gen_rd_b_synth_template.gen_rf_narrow_reg.doutb_reg_reg[6]/D
  -------------------------------------------------------------------    -------------------

                         (clock clk_dma_300_unbuf rise edge)
                                                      3.333     3.333 r  
                         clock source latency        -1.007     2.326    
                         propagated clock network latency
                                                      2.807     5.133    
                         clock pessimism              0.013     5.147    
                         clock uncertainty           -0.055     5.091    
    SLICE_X23Y252        FDRE (Setup_DFF2_SLICEM_C_D)
                                                      0.025     5.116    gqav7_z19p_system_i/data_smartconnect/inst/s00_nodes/s00_aw_node/inst/inst_mi_handler/gen_normal_area.inst_fifo_node_payld/gen_xpm_memory_fifo.inst_fifo/gen_mem_rep[0].inst_xpm_memory/xpm_memory_base_inst/gen_rd_b.gen_rd_b_synth_template.gen_rf_narrow_reg.doutb_reg_reg[6]
  -------------------------------------------------------------------
                         required time                          5.116    
                         arrival time                          -5.042    
  -------------------------------------------------------------------
                         slack                                  0.074    

Slack (MET) :             0.074ns  (required time - arrival time)
  Source:                 gqav7_z19p_system_i/gqav7_accelerator_0/inst/u_accelerator/i_core/i_group_scheduler/replay_reduction_tile_q_reg[1]/C
                            (rising edge-triggered cell FDCE clocked by clk_core_235_unbuf  {rise@0.000ns fall@2.128ns period=4.255ns})
  Destination:            gqav7_z19p_system_i/gqav7_accelerator_0/inst/u_accelerator/i_core/i_resident_operands/i_k_column_cache/tile_valid_q_reg[29]/D
                            (rising edge-triggered cell FDCE clocked by clk_core_235_unbuf  {rise@0.000ns fall@2.128ns period=4.255ns})
  Path Group:             clk_core_235_unbuf
  Path Type:              Setup (Max at Slow Process Corner)
  Requirement:            4.255ns  (clk_core_235_unbuf rise@4.255ns - clk_core_235_unbuf rise@0.000ns)
  Data Path Delay:        4.100ns  (logic 1.046ns (25.510%)  route 3.054ns (74.490%))
  Logic Levels:           13  (LUT2=4 LUT5=1 LUT6=8)
  Clock Path Skew:        -0.045ns (DCD - SCD + CPR)
    Destination Clock Delay (DCD):    2.006ns = ( 6.261 - 4.255 ) 
    Source Clock Delay      (SCD):    2.157ns
    Clock Pessimism Removal (CPR):    0.106ns
  Clock Uncertainty:      0.061ns  ((TSJ^2 + DJ^2)^1/2) / 2 + PE
    Total System Jitter     (TSJ):    0.071ns
    Discrete Jitter          (DJ):    0.099ns
    Phase Error              (PE):    0.000ns

    Location             Delay type                Incr(ns)  Path(ns)    Netlist Resource(s)
  -------------------------------------------------------------------    -------------------
                         (clock clk_core_235_unbuf rise edge)
                                                      0.000     0.000 r  
                         clock source latency        -1.206    -1.206    
                         propagated clock network latency
                                                      3.363     2.157    
    SLICE_X92Y174        FDCE                         0.000     2.157 r  gqav7_z19p_system_i/gqav7_accelerator_0/inst/u_accelerator/i_core/i_group_scheduler/replay_reduction_tile_q_reg[1]/C
    SLICE_X92Y174        FDCE (Prop_HFF_SLICEL_C_Q)
                                                      0.079     2.236 r  gqav7_z19p_system_i/gqav7_accelerator_0/inst/u_accelerator/i_core/i_group_scheduler/replay_reduction_tile_q_reg[1]/Q
                         net (fo=9, routed)           0.483     2.719    gqav7_z19p_system_i/gqav7_accelerator_0/inst/u_accelerator/i_core/i_group_scheduler/replay_reduction_tile_q_reg_n_0_[1]
    SLICE_X94Y174        LUT2 (Prop_F6LUT_SLICEL_I0_O)
                                                      0.035     2.754 r  gqav7_z19p_system_i/gqav7_accelerator_0/inst/u_accelerator/i_core/i_group_scheduler/replay_base_tile_q[1]_i_1_replica_1/O
                         net (fo=18, routed)          0.166     2.920    gqav7_z19p_system_i/gqav7_accelerator_0/inst/u_accelerator/i_core/i_group_scheduler/replay_reduction_tile_q_reg[2]_0[1]_repN_1
    SLICE_X93Y176        LUT2 (Prop_G6LUT_SLICEL_I1_O)
                                                      0.089     3.009 f  gqav7_z19p_system_i/gqav7_accelerator_0/inst/u_accelerator/i_core/i_group_scheduler/replay_issue_column_q[3]_i_45_replica/O
                         net (fo=5, routed)           0.491     3.500    gqav7_z19p_system_i/gqav7_accelerator_0/inst/u_accelerator/i_core/i_group_scheduler/replay_issue_column_q[3]_i_45_n_0_repN
    SLICE_X92Y177        LUT6 (Prop_E6LUT_SLICEL_I5_O)
                                                      0.123     3.623 r  gqav7_z19p_system_i/gqav7_accelerator_0/inst/u_accelerator/i_core/i_group_scheduler/replay_issue_column_q[3]_i_216/O
                         net (fo=1, routed)           0.167     3.790    gqav7_z19p_system_i/gqav7_accelerator_0/inst/u_accelerator/i_core/i_group_scheduler/replay_issue_column_q[3]_i_216_n_0
    SLICE_X91Y173        LUT6 (Prop_F6LUT_SLICEL_I0_O)
                                                      0.148     3.938 f  gqav7_z19p_system_i/gqav7_accelerator_0/inst/u_accelerator/i_core/i_group_scheduler/replay_issue_column_q[3]_i_77/O
                         net (fo=1, routed)           0.193     4.131    gqav7_z19p_system_i/gqav7_accelerator_0/inst/u_accelerator/i_core/i_group_scheduler/replay_issue_column_q[3]_i_77_n_0
    SLICE_X90Y174        LUT6 (Prop_C6LUT_SLICEL_I0_O)
                                                      0.146     4.277 f  gqav7_z19p_system_i/gqav7_accelerator_0/inst/u_accelerator/i_core/i_group_scheduler/replay_issue_column_q[3]_i_20/O
                         net (fo=1, routed)           0.139     4.416    gqav7_z19p_system_i/gqav7_accelerator_0/inst/u_accelerator/i_core/i_group_scheduler/replay_issue_column_q[3]_i_20_n_0
    SLICE_X90Y171        LUT6 (Prop_A6LUT_SLICEL_I1_O)
                                                      0.124     4.540 f  gqav7_z19p_system_i/gqav7_accelerator_0/inst/u_accelerator/i_core/i_group_scheduler/replay_issue_column_q[3]_i_7/O
                         net (fo=3, routed)           0.237     4.777    gqav7_z19p_system_i/gqav7_accelerator_0/inst/u_accelerator/i_core/i_group_scheduler/replay_issue_column_q[3]_i_7_n_0
    SLICE_X91Y168        LUT6 (Prop_D6LUT_SLICEL_I1_O)
                                                      0.036     4.813 r  gqav7_z19p_system_i/gqav7_accelerator_0/inst/u_accelerator/i_core/i_group_scheduler/replay_issue_column_q[3]_i_3__0_replica/O
                         net (fo=1, routed)           0.038     4.851    gqav7_z19p_system_i/gqav7_accelerator_0/inst/u_accelerator/i_core/i_resident_operands/i_k_column_cache/q_direct_replay_start_ready_repN_alias
    SLICE_X91Y168        LUT5 (Prop_F6LUT_SLICEL_I0_O)
                                                      0.035     4.886 r  gqav7_z19p_system_i/gqav7_accelerator_0/inst/u_accelerator/i_core/i_resident_operands/i_k_column_cache/replay_wave_tiles_q[3]_i_1_rewire_replica/O
                         net (fo=1, routed)           0.137     5.023    gqav7_z19p_system_i/gqav7_accelerator_0/inst/u_accelerator/i_core/i_row_mover/E[0]_repN_alias
    SLICE_X91Y164        LUT6 (Prop_E6LUT_SLICEL_I0_O)
                                                      0.035     5.058 r  gqav7_z19p_system_i/gqav7_accelerator_0/inst/u_accelerator/i_core/i_row_mover/fill_expected_row_q[3]_i_3/O
                         net (fo=7, routed)           0.104     5.162    gqav7_z19p_system_i/gqav7_accelerator_0/inst/u_accelerator/i_core/i_row_mover/replay_out_valid_q_reg
    SLICE_X91Y166        LUT2 (Prop_A6LUT_SLICEL_I1_O)
                                                      0.035     5.197 f  gqav7_z19p_system_i/gqav7_accelerator_0/inst/u_accelerator/i_core/i_row_mover/tile_valid_q[124]_i_3/O
                         net (fo=47, routed)          0.128     5.325    gqav7_z19p_system_i/gqav7_accelerator_0/inst/u_accelerator/i_core/i_row_mover/fill_offer_can_evict
    SLICE_X91Y167        LUT2 (Prop_A6LUT_SLICEL_I0_O)
                                                      0.090     5.415 r  gqav7_z19p_system_i/gqav7_accelerator_0/inst/u_accelerator/i_core/i_row_mover/tile_valid_q[127]_i_7/O
                         net (fo=6, routed)           0.163     5.578    gqav7_z19p_system_i/gqav7_accelerator_0/inst/u_accelerator/i_core/i_row_mover/tile_valid_q[127]_i_7_n_0
    SLICE_X91Y167        LUT6 (Prop_E6LUT_SLICEL_I4_O)
                                                      0.035     5.613 r  gqav7_z19p_system_i/gqav7_accelerator_0/inst/u_accelerator/i_core/i_row_mover/tile_valid_q[125]_i_2/O
                         net (fo=4, routed)           0.560     6.173    gqav7_z19p_system_i/gqav7_accelerator_0/inst/u_accelerator/i_core/i_resident_operands/i_k_column_cache/tile_valid_q_reg[29]_1
    SLICE_X96Y168        LUT6 (Prop_D6LUT_SLICEL_I0_O)
                                                      0.036     6.209 r  gqav7_z19p_system_i/gqav7_accelerator_0/inst/u_accelerator/i_core/i_resident_operands/i_k_column_cache/tile_valid_q[29]_i_1/O
                         net (fo=1, routed)           0.049     6.258    gqav7_z19p_system_i/gqav7_accelerator_0/inst/u_accelerator/i_core/i_resident_operands/i_k_column_cache/tile_valid_q[29]_i_1_n_0
    SLICE_X96Y168        FDCE                                         r  gqav7_z19p_system_i/gqav7_accelerator_0/inst/u_accelerator/i_core/i_resident_operands/i_k_column_cache/tile_valid_q_reg[29]/D
  -------------------------------------------------------------------    -------------------

                         (clock clk_core_235_unbuf rise edge)
                                                      4.255     4.255 r  
                         clock source latency        -1.044     3.211    
                         propagated clock network latency
                                                      3.050     6.261    
                         clock pessimism              0.106     6.368    
                         clock uncertainty           -0.061     6.307    
    SLICE_X96Y168        FDCE (Setup_DFF_SLICEL_C_D)
                                                      0.025     6.332    gqav7_z19p_system_i/gqav7_accelerator_0/inst/u_accelerator/i_core/i_resident_operands/i_k_column_cache/tile_valid_q_reg[29]
  -------------------------------------------------------------------
                         required time                          6.332    
                         arrival time                          -6.258    
  -------------------------------------------------------------------
                         slack                                  0.074    

Slack (MET) :             0.075ns  (required time - arrival time)
  Source:                 gqav7_z19p_system_i/gqav7_accelerator_0/inst/u_accelerator/i_core/i_pipeline/i_downstream/i_pv/i_compute_capture/i_qk/i_engine/result_context_row_q_reg[3][2]/C
                            (rising edge-triggered cell FDRE clocked by clk_core_235_unbuf  {rise@0.000ns fall@2.128ns period=4.255ns})
  Destination:            gqav7_z19p_system_i/gqav7_accelerator_0/inst/u_accelerator/i_core/i_pipeline/i_downstream/i_pv/i_compute_capture/gen_context[2].gen_partial_wave[0].gen_partial_lane_ram[12].partial_ram_q_reg_0_15_14_27/RAMG_D1/I
                            (rising edge-triggered cell RAMD32 clocked by clk_core_235_unbuf  {rise@0.000ns fall@2.128ns period=4.255ns})
  Path Group:             clk_core_235_unbuf
  Path Type:              Setup (Max at Slow Process Corner)
  Requirement:            4.255ns  (clk_core_235_unbuf rise@4.255ns - clk_core_235_unbuf rise@0.000ns)
  Data Path Delay:        3.886ns  (logic 0.294ns (7.566%)  route 3.592ns (92.434%))
  Logic Levels:           3  (LUT6=1 MUXF7=1 RAMD32=1)
  Clock Path Skew:        -0.155ns (DCD - SCD + CPR)
    Destination Clock Delay (DCD):    1.933ns = ( 6.188 - 4.255 ) 
    Source Clock Delay      (SCD):    2.103ns
    Clock Pessimism Removal (CPR):    0.015ns
  Clock Uncertainty:      0.061ns  ((TSJ^2 + DJ^2)^1/2) / 2 + PE
    Total System Jitter     (TSJ):    0.071ns
    Discrete Jitter          (DJ):    0.099ns
    Phase Error              (PE):    0.000ns

    Location             Delay type                Incr(ns)  Path(ns)    Netlist Resource(s)
  -------------------------------------------------------------------    -------------------
                         (clock clk_core_235_unbuf rise edge)
                                                      0.000     0.000 r  
                         clock source latency        -1.206    -1.206    
                         propagated clock network latency
                                                      3.309     2.103    
    SLICE_X55Y299        FDRE                         0.000     2.103 r  gqav7_z19p_system_i/gqav7_accelerator_0/inst/u_accelerator/i_core/i_pipeline/i_downstream/i_pv/i_compute_capture/i_qk/i_engine/result_context_row_q_reg[3][2]/C
    SLICE_X55Y299        FDRE (Prop_FFF2_SLICEL_C_Q)
                                                      0.081     2.184 r  gqav7_z19p_system_i/gqav7_accelerator_0/inst/u_accelerator/i_core/i_pipeline/i_downstream/i_pv/i_compute_capture/i_qk/i_engine/result_context_row_q_reg[3][2]/Q
                         net (fo=56, routed)          1.645     3.829    gqav7_z19p_system_i/gqav7_accelerator_0/inst/u_accelerator/i_core/i_pipeline/i_downstream/i_pv/i_compute_capture/i_qk/i_engine/gen_row[3].gen_col[4].accumulator_result_ram_q_reg_0_31_14_27/ADDRG2
    SLICE_X13Y358        RAMD32 (Prop_G6LUT_SLICEM_RADR2_O)
                                                      0.100     3.929 r  gqav7_z19p_system_i/gqav7_accelerator_0/inst/u_accelerator/i_core/i_pipeline/i_downstream/i_pv/i_compute_capture/i_qk/i_engine/gen_row[3].gen_col[4].accumulator_result_ram_q_reg_0_31_14_27/RAMG_D1/O
                         net (fo=1, routed)           0.318     4.247    gqav7_z19p_system_i/gqav7_accelerator_0/inst/u_accelerator/i_core/i_pipeline/i_downstream/i_pv/i_compute_capture/i_qk/i_engine/accumulator_result_read[3][4]_215[27]
    SLICE_X17Y354        LUT6 (Prop_D6LUT_SLICEL_I0_O)
                                                      0.050     4.297 r  gqav7_z19p_system_i/gqav7_accelerator_0/inst/u_accelerator/i_core/i_pipeline/i_downstream/i_pv/i_compute_capture/i_qk/i_engine/gen_context[3].gen_partial_wave[0].gen_partial_lane_ram[4].partial_ram_q_reg_0_15_14_27_i_39/O
                         net (fo=1, routed)           0.009     4.306    gqav7_z19p_system_i/gqav7_accelerator_0/inst/u_accelerator/i_core/i_pipeline/i_downstream/i_pv/i_compute_capture/i_qk/i_engine/gen_context[3].gen_partial_wave[0].gen_partial_lane_ram[4].partial_ram_q_reg_0_15_14_27_i_39_n_0
    SLICE_X17Y354        MUXF7 (Prop_F7MUX_CD_SLICEL_I0_O)
                                                      0.063     4.369 r  gqav7_z19p_system_i/gqav7_accelerator_0/inst/u_accelerator/i_core/i_pipeline/i_downstream/i_pv/i_compute_capture/i_qk/i_engine/gen_context[3].gen_partial_wave[0].gen_partial_lane_ram[4].partial_ram_q_reg_0_15_14_27_i_13/O
                         net (fo=16, routed)          1.620     5.989    gqav7_z19p_system_i/gqav7_accelerator_0/inst/u_accelerator/i_core/i_pipeline/i_downstream/i_pv/i_compute_capture/gen_context[2].gen_partial_wave[0].gen_partial_lane_ram[12].partial_ram_q_reg_0_15_14_27/DIG1
    SLICE_X47Y378        RAMD32                                       r  gqav7_z19p_system_i/gqav7_accelerator_0/inst/u_accelerator/i_core/i_pipeline/i_downstream/i_pv/i_compute_capture/gen_context[2].gen_partial_wave[0].gen_partial_lane_ram[12].partial_ram_q_reg_0_15_14_27/RAMG_D1/I
  -------------------------------------------------------------------    -------------------

                         (clock clk_core_235_unbuf rise edge)
                                                      4.255     4.255 r  
                         clock source latency        -1.044     3.211    
                         propagated clock network latency
                                                      2.977     6.188    
                         clock pessimism              0.015     6.204    
                         clock uncertainty           -0.061     6.143    
    SLICE_X47Y378        RAMD32 (Setup_G6LUT_SLICEM_CLK_I)
                                                     -0.079     6.064    gqav7_z19p_system_i/gqav7_accelerator_0/inst/u_accelerator/i_core/i_pipeline/i_downstream/i_pv/i_compute_capture/gen_context[2].gen_partial_wave[0].gen_partial_lane_ram[12].partial_ram_q_reg_0_15_14_27/RAMG_D1
  -------------------------------------------------------------------
                         required time                          6.064    
                         arrival time                          -5.989    
  -------------------------------------------------------------------
                         slack                                  0.075    

Slack (MET) :             0.075ns  (required time - arrival time)
  Source:                 gqav7_z19p_system_i/gqav7_accelerator_0/inst/u_accelerator/i_core/i_group_scheduler/base_desc_q_reg[kv_wave_packed]_replica/C
                            (rising edge-triggered cell FDCE clocked by clk_core_235_unbuf  {rise@0.000ns fall@2.128ns period=4.255ns})
  Destination:            gqav7_z19p_system_i/gqav7_accelerator_0/inst/u_accelerator/i_core/i_group_scheduler/load_state_q_reg[3]/D
                            (rising edge-triggered cell FDCE clocked by clk_core_235_unbuf  {rise@0.000ns fall@2.128ns period=4.255ns})
  Path Group:             clk_core_235_unbuf
  Path Type:              Setup (Max at Slow Process Corner)
  Requirement:            4.255ns  (clk_core_235_unbuf rise@4.255ns - clk_core_235_unbuf rise@0.000ns)
  Data Path Delay:        4.063ns  (logic 1.147ns (28.233%)  route 2.916ns (71.767%))
  Logic Levels:           14  (LUT3=2 LUT5=1 LUT6=11)
  Clock Path Skew:        -0.082ns (DCD - SCD + CPR)
    Destination Clock Delay (DCD):    1.962ns = ( 6.217 - 4.255 ) 
    Source Clock Delay      (SCD):    2.150ns
    Clock Pessimism Removal (CPR):    0.107ns
  Clock Uncertainty:      0.061ns  ((TSJ^2 + DJ^2)^1/2) / 2 + PE
    Total System Jitter     (TSJ):    0.071ns
    Discrete Jitter          (DJ):    0.099ns
    Phase Error              (PE):    0.000ns

    Location             Delay type                Incr(ns)  Path(ns)    Netlist Resource(s)
  -------------------------------------------------------------------    -------------------
                         (clock clk_core_235_unbuf rise edge)
                                                      0.000     0.000 r  
                         clock source latency        -1.206    -1.206    
                         propagated clock network latency
                                                      3.356     2.150    
    SLICE_X90Y173        FDCE                         0.000     2.150 r  gqav7_z19p_system_i/gqav7_accelerator_0/inst/u_accelerator/i_core/i_group_scheduler/base_desc_q_reg[kv_wave_packed]_replica/C
    SLICE_X90Y173        FDCE (Prop_GFF_SLICEL_C_Q)
                                                      0.079     2.229 f  gqav7_z19p_system_i/gqav7_accelerator_0/inst/u_accelerator/i_core/i_group_scheduler/base_desc_q_reg[kv_wave_packed]_replica/Q
                         net (fo=2, routed)           0.110     2.339    gqav7_z19p_system_i/gqav7_accelerator_0/inst/u_accelerator/i_core/i_group_scheduler/base_desc_q_reg[kv_wave_packed]__0_repN
    SLICE_X90Y172        LUT6 (Prop_B6LUT_SLICEL_I0_O)
                                                      0.148     2.487 r  gqav7_z19p_system_i/gqav7_accelerator_0/inst/u_accelerator/i_core/i_group_scheduler/replay_slot_q[1]_i_2/O
                         net (fo=17, routed)          0.549     3.036    gqav7_z19p_system_i/gqav7_accelerator_0/inst/u_accelerator/i_core/i_group_scheduler/replay_request_desc[q_lane][1]
    SLICE_X94Y172        LUT5 (Prop_G6LUT_SLICEL_I3_O)
                                                      0.089     3.125 r  gqav7_z19p_system_i/gqav7_accelerator_0/inst/u_accelerator/i_core/i_group_scheduler/replay_issue_column_q[3]_i_83_replica/O
                         net (fo=5, routed)           0.157     3.282    gqav7_z19p_system_i/gqav7_accelerator_0/inst/u_accelerator/i_core/i_group_scheduler/pending_desc_q_reg[prefill_direct]_0_repN
    SLICE_X93Y173        LUT6 (Prop_G6LUT_SLICEL_I5_O)
                                                      0.123     3.405 f  gqav7_z19p_system_i/gqav7_accelerator_0/inst/u_accelerator/i_core/i_group_scheduler/local_error_q_i_25/O
                         net (fo=1, routed)           0.386     3.791    gqav7_z19p_system_i/gqav7_accelerator_0/inst/u_accelerator/i_core/i_group_scheduler/local_error_q_i_25_n_0
    SLICE_X91Y173        LUT6 (Prop_D6LUT_SLICEL_I4_O)
                                                      0.122     3.913 r  gqav7_z19p_system_i/gqav7_accelerator_0/inst/u_accelerator/i_core/i_group_scheduler/local_error_q_i_12/O
                         net (fo=2, routed)           0.129     4.042    gqav7_z19p_system_i/gqav7_accelerator_0/inst/u_accelerator/i_core/i_group_scheduler/local_error_q_i_12_n_0
    SLICE_X90Y173        LUT6 (Prop_F6LUT_SLICEL_I5_O)
                                                      0.035     4.077 r  gqav7_z19p_system_i/gqav7_accelerator_0/inst/u_accelerator/i_core/i_group_scheduler/replay_issue_column_q[3]_i_26/O
                         net (fo=1, routed)           0.234     4.311    gqav7_z19p_system_i/gqav7_accelerator_0/inst/u_accelerator/i_core/i_group_scheduler/replay_issue_column_q[3]_i_26_n_0
    SLICE_X91Y168        LUT6 (Prop_G6LUT_SLICEL_I1_O)
                                                      0.089     4.400 r  gqav7_z19p_system_i/gqav7_accelerator_0/inst/u_accelerator/i_core/i_group_scheduler/replay_issue_column_q[3]_i_8/O
                         net (fo=2, routed)           0.239     4.640    gqav7_z19p_system_i/gqav7_accelerator_0/inst/u_accelerator/i_core/i_group_scheduler/replay_issue_column_q[3]_i_8_n_0
    SLICE_X90Y171        LUT6 (Prop_B6LUT_SLICEL_I2_O)
                                                      0.098     4.738 f  gqav7_z19p_system_i/gqav7_accelerator_0/inst/u_accelerator/i_core/i_group_scheduler/replay_issue_column_q[3]_i_3__0/O
                         net (fo=10, routed)          0.219     4.957    gqav7_z19p_system_i/gqav7_accelerator_0/inst/u_accelerator/i_core/i_resident_operands/i_k_column_cache/q_direct_replay_start_ready
    SLICE_X88Y173        LUT6 (Prop_H6LUT_SLICEL_I2_O)
                                                      0.051     5.008 r  gqav7_z19p_system_i/gqav7_accelerator_0/inst/u_accelerator/i_core/i_resident_operands/i_k_column_cache/pack_wave_tile_q[2]_i_3/O
                         net (fo=14, routed)          0.306     5.314    gqav7_z19p_system_i/gqav7_accelerator_0/inst/u_accelerator/i_core/i_group_scheduler/pack_wave_tile_q_reg[2]
    SLICE_X89Y170        LUT3 (Prop_A6LUT_SLICEM_I0_O)
                                                      0.038     5.352 r  gqav7_z19p_system_i/gqav7_accelerator_0/inst/u_accelerator/i_core/i_group_scheduler/load_state_q[2]_i_14/O
                         net (fo=1, routed)           0.100     5.452    gqav7_z19p_system_i/gqav7_accelerator_0/inst/u_accelerator/i_core/i_group_scheduler/load_state_q[2]_i_14_n_0
    SLICE_X89Y167        LUT6 (Prop_H6LUT_SLICEM_I2_O)
                                                      0.039     5.491 f  gqav7_z19p_system_i/gqav7_accelerator_0/inst/u_accelerator/i_core/i_group_scheduler/load_state_q[2]_i_10/O
                         net (fo=1, routed)           0.042     5.533    gqav7_z19p_system_i/gqav7_accelerator_0/inst/u_accelerator/i_core/i_group_scheduler/load_state_q[2]_i_10_n_0
    SLICE_X89Y167        LUT6 (Prop_G6LUT_SLICEM_I3_O)
                                                      0.037     5.570 r  gqav7_z19p_system_i/gqav7_accelerator_0/inst/u_accelerator/i_core/i_group_scheduler/load_state_q[2]_i_6/O
                         net (fo=2, routed)           0.098     5.668    gqav7_z19p_system_i/gqav7_accelerator_0/inst/u_accelerator/i_core/i_group_scheduler/load_state_q[2]_i_6_n_0
    SLICE_X89Y167        LUT3 (Prop_A6LUT_SLICEM_I2_O)
                                                      0.053     5.721 f  gqav7_z19p_system_i/gqav7_accelerator_0/inst/u_accelerator/i_core/i_group_scheduler/load_state_q[3]_i_12/O
                         net (fo=1, routed)           0.197     5.918    gqav7_z19p_system_i/gqav7_accelerator_0/inst/u_accelerator/i_core/i_group_scheduler/load_state_q[3]_i_12_n_0
    SLICE_X87Y171        LUT6 (Prop_A6LUT_SLICEL_I0_O)
                                                      0.050     5.968 f  gqav7_z19p_system_i/gqav7_accelerator_0/inst/u_accelerator/i_core/i_group_scheduler/load_state_q[3]_i_7/O
                         net (fo=1, routed)           0.099     6.067    gqav7_z19p_system_i/gqav7_accelerator_0/inst/u_accelerator/i_core/i_group_scheduler/load_state_q[3]_i_7_n_0
    SLICE_X87Y171        LUT6 (Prop_C6LUT_SLICEL_I5_O)
                                                      0.096     6.163 r  gqav7_z19p_system_i/gqav7_accelerator_0/inst/u_accelerator/i_core/i_group_scheduler/load_state_q[3]_i_2/O
                         net (fo=1, routed)           0.050     6.213    gqav7_z19p_system_i/gqav7_accelerator_0/inst/u_accelerator/i_core/i_group_scheduler/load_state_q[3]_i_2_n_0
    SLICE_X87Y171        FDCE                                         r  gqav7_z19p_system_i/gqav7_accelerator_0/inst/u_accelerator/i_core/i_group_scheduler/load_state_q_reg[3]/D
  -------------------------------------------------------------------    -------------------

                         (clock clk_core_235_unbuf rise edge)
                                                      4.255     4.255 r  
                         clock source latency        -1.044     3.211    
                         propagated clock network latency
                                                      3.006     6.217    
                         clock pessimism              0.107     6.324    
                         clock uncertainty           -0.061     6.263    
    SLICE_X87Y171        FDCE (Setup_CFF_SLICEL_C_D)
                                                      0.025     6.288    gqav7_z19p_system_i/gqav7_accelerator_0/inst/u_accelerator/i_core/i_group_scheduler/load_state_q_reg[3]
  -------------------------------------------------------------------
                         required time                          6.288    
                         arrival time                          -6.213    
  -------------------------------------------------------------------
                         slack                                  0.075    

Slack (MET) :             0.076ns  (required time - arrival time)
  Source:                 gqav7_z19p_system_i/gqav7_accelerator_0/inst/u_accelerator/i_core/i_pipeline/i_downstream/i_softmax/pipe_valid_q_reg[37]/C
                            (rising edge-triggered cell FDCE clocked by clk_core_235_unbuf  {rise@0.000ns fall@2.128ns period=4.255ns})
  Destination:            gqav7_z19p_system_i/gqav7_accelerator_0/inst/u_accelerator/i_core/i_pipeline/i_downstream/i_pair_rescale/half0_probability_q_reg[1][1][77]/CE
                            (rising edge-triggered cell FDRE clocked by clk_core_235_unbuf  {rise@0.000ns fall@2.128ns period=4.255ns})
  Path Group:             clk_core_235_unbuf
  Path Type:              Setup (Max at Slow Process Corner)
  Requirement:            4.255ns  (clk_core_235_unbuf rise@4.255ns - clk_core_235_unbuf rise@0.000ns)
  Data Path Delay:        3.782ns  (logic 0.217ns (5.738%)  route 3.565ns (94.262%))
  Logic Levels:           2  (LUT2=1 LUT6=1)
  Clock Path Skew:        -0.276ns (DCD - SCD + CPR)
    Destination Clock Delay (DCD):    1.739ns = ( 5.994 - 4.255 ) 
    Source Clock Delay      (SCD):    2.026ns
    Clock Pessimism Removal (CPR):    0.011ns
  Clock Uncertainty:      0.061ns  ((TSJ^2 + DJ^2)^1/2) / 2 + PE
    Total System Jitter     (TSJ):    0.071ns
    Discrete Jitter          (DJ):    0.099ns
    Phase Error              (PE):    0.000ns

    Location             Delay type                Incr(ns)  Path(ns)    Netlist Resource(s)
  -------------------------------------------------------------------    -------------------
                         (clock clk_core_235_unbuf rise edge)
                                                      0.000     0.000 r  
                         clock source latency        -1.206    -1.206    
                         propagated clock network latency
                                                      3.232     2.026    
    SLICE_X76Y210        FDCE                         0.000     2.026 r  gqav7_z19p_system_i/gqav7_accelerator_0/inst/u_accelerator/i_core/i_pipeline/i_downstream/i_softmax/pipe_valid_q_reg[37]/C
    SLICE_X76Y210        FDCE (Prop_DFF_SLICEM_C_Q)
                                                      0.078     2.104 r  gqav7_z19p_system_i/gqav7_accelerator_0/inst/u_accelerator/i_core/i_pipeline/i_downstream/i_softmax/pipe_valid_q_reg[37]/Q
                         net (fo=21, routed)          0.472     2.577    gqav7_z19p_system_i/gqav7_accelerator_0/inst/u_accelerator/i_core/i_pipeline/i_downstream/i_softmax/softmax_out_valid
    SLICE_X55Y215        LUT2 (Prop_D6LUT_SLICEL_I0_O)
                                                      0.089     2.666 r  gqav7_z19p_system_i/gqav7_accelerator_0/inst/u_accelerator/i_core/i_pipeline/i_downstream/i_softmax/half0_probability_q[1][0][127]_i_2/O
                         net (fo=76, routed)          1.561     4.227    gqav7_z19p_system_i/gqav7_accelerator_0/inst/u_accelerator/i_core/i_pipeline/i_downstream/i_softmax/i_pair_rescale/protocol_error_o168_out
    SLICE_X4Y198         LUT6 (Prop_G6LUT_SLICEL_I0_O)
                                                      0.050     4.277 r  gqav7_z19p_system_i/gqav7_accelerator_0/inst/u_accelerator/i_core/i_pipeline/i_downstream/i_softmax/half0_probability_q[1][1][127]_i_1/O
                         net (fo=128, routed)         1.532     5.808    gqav7_z19p_system_i/gqav7_accelerator_0/inst/u_accelerator/i_core/i_pipeline/i_downstream/i_pair_rescale/half0_probability_q_reg[1][1][63]_0[0]
    SLICE_X27Y151        FDRE                                         r  gqav7_z19p_system_i/gqav7_accelerator_0/inst/u_accelerator/i_core/i_pipeline/i_downstream/i_pair_rescale/half0_probability_q_reg[1][1][77]/CE
  -------------------------------------------------------------------    -------------------

                         (clock clk_core_235_unbuf rise edge)
                                                      4.255     4.255 r  
                         clock source latency        -1.044     3.211    
                         propagated clock network latency
                                                      2.783     5.994    
                         clock pessimism              0.011     6.006    
                         clock uncertainty           -0.061     5.945    
    SLICE_X27Y151        FDRE (Setup_DFF_SLICEM_C_CE)
                                                     -0.061     5.884    gqav7_z19p_system_i/gqav7_accelerator_0/inst/u_accelerator/i_core/i_pipeline/i_downstream/i_pair_rescale/half0_probability_q_reg[1][1][77]
  -------------------------------------------------------------------
                         required time                          5.884    
                         arrival time                          -5.808    
  -------------------------------------------------------------------
                         slack                                  0.076    

Slack (MET) :             0.076ns  (required time - arrival time)
  Source:                 gqav7_z19p_system_i/data_smartconnect/inst/s00_nodes/s00_aw_node/inst/inst_mi_handler/gen_normal_area.inst_fifo_node_payld/gen_xpm_memory_fifo.inst_fifo/gen_mem_rep[0].inst_rd_addrb/count_r_reg[1]/C
                            (rising edge-triggered cell FDRE clocked by clk_dma_300_unbuf  {rise@0.000ns fall@1.667ns period=3.333ns})
  Destination:            gqav7_z19p_system_i/data_smartconnect/inst/s00_nodes/s00_aw_node/inst/inst_mi_handler/gen_normal_area.inst_fifo_node_payld/gen_xpm_memory_fifo.inst_fifo/gen_mem_rep[0].inst_xpm_memory/xpm_memory_base_inst/gen_rd_b.gen_rd_b_synth_template.gen_rf_narrow_reg.doutb_reg_reg[12]/D
                            (rising edge-triggered cell FDRE clocked by clk_dma_300_unbuf  {rise@0.000ns fall@1.667ns period=3.333ns})
  Path Group:             clk_dma_300_unbuf
  Path Type:              Setup (Max at Slow Process Corner)
  Requirement:            3.333ns  (clk_dma_300_unbuf rise@3.333ns - clk_dma_300_unbuf rise@0.000ns)
  Data Path Delay:        3.009ns  (logic 0.216ns (7.179%)  route 2.793ns (92.821%))
  Logic Levels:           1  (RAMD32=1)
  Clock Path Skew:        -0.218ns (DCD - SCD + CPR)
    Destination Clock Delay (DCD):    1.799ns = ( 5.132 - 3.333 ) 
    Source Clock Delay      (SCD):    2.030ns
    Clock Pessimism Removal (CPR):    0.013ns
  Clock Uncertainty:      0.055ns  ((TSJ^2 + DJ^2)^1/2) / 2 + PE
    Total System Jitter     (TSJ):    0.071ns
    Discrete Jitter          (DJ):    0.085ns
    Phase Error              (PE):    0.000ns

    Location             Delay type                Incr(ns)  Path(ns)    Netlist Resource(s)
  -------------------------------------------------------------------    -------------------
                         (clock clk_dma_300_unbuf rise edge)
                                                      0.000     0.000 r  
                         clock source latency        -1.165    -1.165    
                         propagated clock network latency
                                                      3.195     2.030    
    SLICE_X27Y306        FDRE                         0.000     2.030 r  gqav7_z19p_system_i/data_smartconnect/inst/s00_nodes/s00_aw_node/inst/inst_mi_handler/gen_normal_area.inst_fifo_node_payld/gen_xpm_memory_fifo.inst_fifo/gen_mem_rep[0].inst_rd_addrb/count_r_reg[1]/C
    SLICE_X27Y306        FDRE (Prop_EFF2_SLICEM_C_Q)
                                                      0.079     2.109 r  gqav7_z19p_system_i/data_smartconnect/inst/s00_nodes/s00_aw_node/inst/inst_mi_handler/gen_normal_area.inst_fifo_node_payld/gen_xpm_memory_fifo.inst_fifo/gen_mem_rep[0].inst_rd_addrb/count_r_reg[1]/Q
                         net (fo=153, routed)         2.770     4.879    gqav7_z19p_system_i/data_smartconnect/inst/s00_nodes/s00_aw_node/inst/inst_mi_handler/gen_normal_area.inst_fifo_node_payld/gen_xpm_memory_fifo.inst_fifo/gen_mem_rep[0].inst_xpm_memory/xpm_memory_base_inst/gen_wr_a.gen_word_narrow.mem_reg_0_31_0_13/ADDRG1
    SLICE_X23Y252        RAMD32 (Prop_G5LUT_SLICEM_RADR1_O)
                                                      0.137     5.016 r  gqav7_z19p_system_i/data_smartconnect/inst/s00_nodes/s00_aw_node/inst/inst_mi_handler/gen_normal_area.inst_fifo_node_payld/gen_xpm_memory_fifo.inst_fifo/gen_mem_rep[0].inst_xpm_memory/xpm_memory_base_inst/gen_wr_a.gen_word_narrow.mem_reg_0_31_0_13/RAMG/O
                         net (fo=1, routed)           0.023     5.039    gqav7_z19p_system_i/data_smartconnect/inst/s00_nodes/s00_aw_node/inst/inst_mi_handler/gen_normal_area.inst_fifo_node_payld/gen_xpm_memory_fifo.inst_fifo/gen_mem_rep[0].inst_xpm_memory/xpm_memory_base_inst/gen_rd_b.gen_rd_b_synth_template.gen_rf_narrow_reg.doutb_reg_reg0[12]
    SLICE_X23Y252        FDRE                                         r  gqav7_z19p_system_i/data_smartconnect/inst/s00_nodes/s00_aw_node/inst/inst_mi_handler/gen_normal_area.inst_fifo_node_payld/gen_xpm_memory_fifo.inst_fifo/gen_mem_rep[0].inst_xpm_memory/xpm_memory_base_inst/gen_rd_b.gen_rd_b_synth_template.gen_rf_narrow_reg.doutb_reg_reg[12]/D
  -------------------------------------------------------------------    -------------------

                         (clock clk_dma_300_unbuf rise edge)
                                                      3.333     3.333 r  
                         clock source latency        -1.007     2.326    
                         propagated clock network latency
                                                      2.806     5.132    
                         clock pessimism              0.013     5.146    
                         clock uncertainty           -0.055     5.090    
    SLICE_X23Y252        FDRE (Setup_GFF2_SLICEM_C_D)
                                                      0.025     5.115    gqav7_z19p_system_i/data_smartconnect/inst/s00_nodes/s00_aw_node/inst/inst_mi_handler/gen_normal_area.inst_fifo_node_payld/gen_xpm_memory_fifo.inst_fifo/gen_mem_rep[0].inst_xpm_memory/xpm_memory_base_inst/gen_rd_b.gen_rd_b_synth_template.gen_rf_narrow_reg.doutb_reg_reg[12]
  -------------------------------------------------------------------
                         required time                          5.115    
                         arrival time                          -5.039    
  -------------------------------------------------------------------
                         slack                                  0.076    

Slack (MET) :             0.077ns  (required time - arrival time)
  Source:                 gqav7_z19p_system_i/gqav7_accelerator_0/inst/u_accelerator/i_core/i_pipeline/i_downstream/i_pv/i_compute_capture/i_qk/i_scheduler/micro_index_q_reg[1]_rep/C
                            (rising edge-triggered cell FDRE clocked by clk_core_235_unbuf  {rise@0.000ns fall@2.128ns period=4.255ns})
  Destination:            gqav7_z19p_system_i/gqav7_accelerator_0/inst/u_accelerator/i_core/i_pipeline/i_downstream/i_pv/i_compute_capture/i_qk/i_engine/gen_row[1].gen_col[2].i_multiply/s1_product_q_reg/DSP_A_B_DATA_INST/A[2]
                            (rising edge-triggered cell DSP_A_B_DATA clocked by clk_core_235_unbuf  {rise@0.000ns fall@2.128ns period=4.255ns})
  Path Group:             clk_core_235_unbuf
  Path Type:              Setup (Max at Slow Process Corner)
  Requirement:            4.255ns  (clk_core_235_unbuf rise@4.255ns - clk_core_235_unbuf rise@0.000ns)
  Data Path Delay:        3.907ns  (logic 0.147ns (3.762%)  route 3.760ns (96.238%))
  Logic Levels:           1  (LUT3=1)
  Clock Path Skew:        0.060ns (DCD - SCD + CPR)
    Destination Clock Delay (DCD):    2.097ns = ( 6.352 - 4.255 ) 
    Source Clock Delay      (SCD):    2.052ns
    Clock Pessimism Removal (CPR):    0.015ns
  Clock Uncertainty:      0.061ns  ((TSJ^2 + DJ^2)^1/2) / 2 + PE
    Total System Jitter     (TSJ):    0.071ns
    Discrete Jitter          (DJ):    0.099ns
    Phase Error              (PE):    0.000ns

    Location             Delay type                Incr(ns)  Path(ns)    Netlist Resource(s)
  -------------------------------------------------------------------    -------------------
                         (clock clk_core_235_unbuf rise edge)
                                                      0.000     0.000 r  
                         clock source latency        -1.206    -1.206    
                         propagated clock network latency
                                                      3.258     2.052    
    SLICE_X43Y257        FDRE                         0.000     2.052 r  gqav7_z19p_system_i/gqav7_accelerator_0/inst/u_accelerator/i_core/i_pipeline/i_downstream/i_pv/i_compute_capture/i_qk/i_scheduler/micro_index_q_reg[1]_rep/C
    SLICE_X43Y257        FDRE (Prop_DFF2_SLICEL_C_Q)
                                                      0.081     2.133 r  gqav7_z19p_system_i/gqav7_accelerator_0/inst/u_accelerator/i_core/i_pipeline/i_downstream/i_pv/i_compute_capture/i_qk/i_scheduler/micro_index_q_reg[1]_rep/Q
                         net (fo=92, routed)          1.287     3.420    gqav7_z19p_system_i/gqav7_accelerator_0/inst/u_accelerator/i_core/i_pipeline/i_downstream/i_pv/i_compute_capture/i_qk/i_scheduler/micro_index_q_reg[1]_rep_n_0
    SLICE_X19Y263        LUT3 (Prop_D5LUT_SLICEL_I2_O)
                                                      0.066     3.486 r  gqav7_z19p_system_i/gqav7_accelerator_0/inst/u_accelerator/i_core/i_pipeline/i_downstream/i_pv/i_compute_capture/i_qk/i_scheduler/s1_product_q_reg_i_5__22/O
                         net (fo=9, routed)           2.473     5.960    gqav7_z19p_system_i/gqav7_accelerator_0/inst/u_accelerator/i_core/i_pipeline/i_downstream/i_pv/i_compute_capture/i_qk/i_engine/gen_row[1].gen_col[2].i_multiply/s1_product_q_reg/A[2]
    DSP48E2_X7Y152       DSP_A_B_DATA                                 r  gqav7_z19p_system_i/gqav7_accelerator_0/inst/u_accelerator/i_core/i_pipeline/i_downstream/i_pv/i_compute_capture/i_qk/i_engine/gen_row[1].gen_col[2].i_multiply/s1_product_q_reg/DSP_A_B_DATA_INST/A[2]
  -------------------------------------------------------------------    -------------------

                         (clock clk_core_235_unbuf rise edge)
                                                      4.255     4.255 r  
                         clock source latency        -1.044     3.211    
                         propagated clock network latency
                                                      3.141     6.352    
                         clock pessimism              0.015     6.367    
                         clock uncertainty           -0.061     6.307    
    DSP48E2_X7Y152       DSP_A_B_DATA (Setup_DSP_A_B_DATA_DSP48E2_CLK_A[2])
                                                     -0.270     6.037    gqav7_z19p_system_i/gqav7_accelerator_0/inst/u_accelerator/i_core/i_pipeline/i_downstream/i_pv/i_compute_capture/i_qk/i_engine/gen_row[1].gen_col[2].i_multiply/s1_product_q_reg/DSP_A_B_DATA_INST
  -------------------------------------------------------------------
                         required time                          6.037    
                         arrival time                          -5.960    
  -------------------------------------------------------------------
                         slack                                  0.077    

Slack (MET) :             0.078ns  (required time - arrival time)
  Source:                 gqav7_z19p_system_i/gqav7_accelerator_0/inst/u_accelerator/i_core/i_group_scheduler/replay_reduction_tile_q_reg[1]/C
                            (rising edge-triggered cell FDCE clocked by clk_core_235_unbuf  {rise@0.000ns fall@2.128ns period=4.255ns})
  Destination:            gqav7_z19p_system_i/gqav7_accelerator_0/inst/u_accelerator/i_core/i_resident_operands/i_k_column_cache/tile_valid_q_reg[30]/D
                            (rising edge-triggered cell FDCE clocked by clk_core_235_unbuf  {rise@0.000ns fall@2.128ns period=4.255ns})
  Path Group:             clk_core_235_unbuf
  Path Type:              Setup (Max at Slow Process Corner)
  Requirement:            4.255ns  (clk_core_235_unbuf rise@4.255ns - clk_core_235_unbuf rise@0.000ns)
  Data Path Delay:        4.102ns  (logic 1.047ns (25.523%)  route 3.055ns (74.477%))
  Logic Levels:           13  (LUT2=3 LUT5=2 LUT6=8)
  Clock Path Skew:        -0.039ns (DCD - SCD + CPR)
    Destination Clock Delay (DCD):    2.012ns = ( 6.267 - 4.255 ) 
    Source Clock Delay      (SCD):    2.157ns
    Clock Pessimism Removal (CPR):    0.106ns
  Clock Uncertainty:      0.061ns  ((TSJ^2 + DJ^2)^1/2) / 2 + PE
    Total System Jitter     (TSJ):    0.071ns
    Discrete Jitter          (DJ):    0.099ns
    Phase Error              (PE):    0.000ns

    Location             Delay type                Incr(ns)  Path(ns)    Netlist Resource(s)
  -------------------------------------------------------------------    -------------------
                         (clock clk_core_235_unbuf rise edge)
                                                      0.000     0.000 r  
                         clock source latency        -1.206    -1.206    
                         propagated clock network latency
                                                      3.363     2.157    
    SLICE_X92Y174        FDCE                         0.000     2.157 r  gqav7_z19p_system_i/gqav7_accelerator_0/inst/u_accelerator/i_core/i_group_scheduler/replay_reduction_tile_q_reg[1]/C
    SLICE_X92Y174        FDCE (Prop_HFF_SLICEL_C_Q)
                                                      0.079     2.236 f  gqav7_z19p_system_i/gqav7_accelerator_0/inst/u_accelerator/i_core/i_group_scheduler/replay_reduction_tile_q_reg[1]/Q
                         net (fo=9, routed)           0.483     2.719    gqav7_z19p_system_i/gqav7_accelerator_0/inst/u_accelerator/i_core/i_group_scheduler/replay_reduction_tile_q_reg_n_0_[1]
    SLICE_X94Y174        LUT2 (Prop_F6LUT_SLICEL_I0_O)
                                                      0.035     2.754 f  gqav7_z19p_system_i/gqav7_accelerator_0/inst/u_accelerator/i_core/i_group_scheduler/replay_base_tile_q[1]_i_1_replica_1/O
                         net (fo=18, routed)          0.166     2.920    gqav7_z19p_system_i/gqav7_accelerator_0/inst/u_accelerator/i_core/i_group_scheduler/replay_reduction_tile_q_reg[2]_0[1]_repN_1
    SLICE_X93Y176        LUT2 (Prop_G6LUT_SLICEL_I1_O)
                                                      0.089     3.009 r  gqav7_z19p_system_i/gqav7_accelerator_0/inst/u_accelerator/i_core/i_group_scheduler/replay_issue_column_q[3]_i_45_replica/O
                         net (fo=5, routed)           0.491     3.500    gqav7_z19p_system_i/gqav7_accelerator_0/inst/u_accelerator/i_core/i_group_scheduler/replay_issue_column_q[3]_i_45_n_0_repN
    SLICE_X92Y177        LUT6 (Prop_E6LUT_SLICEL_I5_O)
                                                      0.123     3.623 f  gqav7_z19p_system_i/gqav7_accelerator_0/inst/u_accelerator/i_core/i_group_scheduler/replay_issue_column_q[3]_i_216/O
                         net (fo=1, routed)           0.167     3.790    gqav7_z19p_system_i/gqav7_accelerator_0/inst/u_accelerator/i_core/i_group_scheduler/replay_issue_column_q[3]_i_216_n_0
    SLICE_X91Y173        LUT6 (Prop_F6LUT_SLICEL_I0_O)
                                                      0.148     3.938 r  gqav7_z19p_system_i/gqav7_accelerator_0/inst/u_accelerator/i_core/i_group_scheduler/replay_issue_column_q[3]_i_77/O
                         net (fo=1, routed)           0.193     4.131    gqav7_z19p_system_i/gqav7_accelerator_0/inst/u_accelerator/i_core/i_group_scheduler/replay_issue_column_q[3]_i_77_n_0
    SLICE_X90Y174        LUT6 (Prop_C6LUT_SLICEL_I0_O)
                                                      0.146     4.277 r  gqav7_z19p_system_i/gqav7_accelerator_0/inst/u_accelerator/i_core/i_group_scheduler/replay_issue_column_q[3]_i_20/O
                         net (fo=1, routed)           0.139     4.416    gqav7_z19p_system_i/gqav7_accelerator_0/inst/u_accelerator/i_core/i_group_scheduler/replay_issue_column_q[3]_i_20_n_0
    SLICE_X90Y171        LUT6 (Prop_A6LUT_SLICEL_I1_O)
                                                      0.124     4.540 r  gqav7_z19p_system_i/gqav7_accelerator_0/inst/u_accelerator/i_core/i_group_scheduler/replay_issue_column_q[3]_i_7/O
                         net (fo=3, routed)           0.237     4.777    gqav7_z19p_system_i/gqav7_accelerator_0/inst/u_accelerator/i_core/i_group_scheduler/replay_issue_column_q[3]_i_7_n_0
    SLICE_X91Y168        LUT6 (Prop_D6LUT_SLICEL_I1_O)
                                                      0.036     4.813 f  gqav7_z19p_system_i/gqav7_accelerator_0/inst/u_accelerator/i_core/i_group_scheduler/replay_issue_column_q[3]_i_3__0_replica/O
                         net (fo=1, routed)           0.038     4.851    gqav7_z19p_system_i/gqav7_accelerator_0/inst/u_accelerator/i_core/i_resident_operands/i_k_column_cache/q_direct_replay_start_ready_repN_alias
    SLICE_X91Y168        LUT5 (Prop_F6LUT_SLICEL_I0_O)
                                                      0.035     4.886 f  gqav7_z19p_system_i/gqav7_accelerator_0/inst/u_accelerator/i_core/i_resident_operands/i_k_column_cache/replay_wave_tiles_q[3]_i_1_rewire_replica/O
                         net (fo=1, routed)           0.137     5.023    gqav7_z19p_system_i/gqav7_accelerator_0/inst/u_accelerator/i_core/i_row_mover/E[0]_repN_alias
    SLICE_X91Y164        LUT6 (Prop_E6LUT_SLICEL_I0_O)
                                                      0.035     5.058 f  gqav7_z19p_system_i/gqav7_accelerator_0/inst/u_accelerator/i_core/i_row_mover/fill_expected_row_q[3]_i_3/O
                         net (fo=7, routed)           0.104     5.162    gqav7_z19p_system_i/gqav7_accelerator_0/inst/u_accelerator/i_core/i_row_mover/replay_out_valid_q_reg
    SLICE_X91Y166        LUT2 (Prop_A6LUT_SLICEL_I1_O)
                                                      0.035     5.197 r  gqav7_z19p_system_i/gqav7_accelerator_0/inst/u_accelerator/i_core/i_row_mover/tile_valid_q[124]_i_3/O
                         net (fo=47, routed)          0.584     5.781    gqav7_z19p_system_i/gqav7_accelerator_0/inst/u_accelerator/i_core/i_row_mover/fill_offer_can_evict
    SLICE_X98Y165        LUT6 (Prop_A6LUT_SLICEM_I0_O)
                                                      0.038     5.819 r  gqav7_z19p_system_i/gqav7_accelerator_0/inst/u_accelerator/i_core/i_row_mover/tile_valid_q[126]_i_5/O
                         net (fo=4, routed)           0.061     5.880    gqav7_z19p_system_i/gqav7_accelerator_0/inst/u_accelerator/i_core/i_resident_operands/i_k_column_cache/tile_valid_q_reg[94]_1
    SLICE_X98Y165        LUT5 (Prop_B6LUT_SLICEM_I4_O)
                                                      0.089     5.969 r  gqav7_z19p_system_i/gqav7_accelerator_0/inst/u_accelerator/i_core/i_resident_operands/i_k_column_cache/tile_valid_q[30]_i_2/O
                         net (fo=1, routed)           0.205     6.174    gqav7_z19p_system_i/gqav7_accelerator_0/inst/u_accelerator/i_core/i_resident_operands/i_k_column_cache/tile_valid_q[30]_i_2_n_0
    SLICE_X96Y167        LUT6 (Prop_F6LUT_SLICEL_I4_O)
                                                      0.035     6.209 r  gqav7_z19p_system_i/gqav7_accelerator_0/inst/u_accelerator/i_core/i_resident_operands/i_k_column_cache/tile_valid_q[30]_i_1/O
                         net (fo=1, routed)           0.051     6.260    gqav7_z19p_system_i/gqav7_accelerator_0/inst/u_accelerator/i_core/i_resident_operands/i_k_column_cache/tile_valid_q[30]_i_1_n_0
    SLICE_X96Y167        FDCE                                         r  gqav7_z19p_system_i/gqav7_accelerator_0/inst/u_accelerator/i_core/i_resident_operands/i_k_column_cache/tile_valid_q_reg[30]/D
  -------------------------------------------------------------------    -------------------

                         (clock clk_core_235_unbuf rise edge)
                                                      4.255     4.255 r  
                         clock source latency        -1.044     3.211    
                         propagated clock network latency
                                                      3.056     6.267    
                         clock pessimism              0.106     6.373    
                         clock uncertainty           -0.061     6.313    
    SLICE_X96Y167        FDCE (Setup_FFF_SLICEL_C_D)
                                                      0.025     6.338    gqav7_z19p_system_i/gqav7_accelerator_0/inst/u_accelerator/i_core/i_resident_operands/i_k_column_cache/tile_valid_q_reg[30]
  -------------------------------------------------------------------
                         required time                          6.338    
                         arrival time                          -6.260    
  -------------------------------------------------------------------
                         slack                                  0.078    

Slack (MET) :             0.079ns  (required time - arrival time)
  Source:                 gqav7_z19p_system_i/gqav7_accelerator_0/inst/u_accelerator/i_core/i_pipeline/i_downstream/i_pair_rescale/half0_valid_q_reg[1][1]/C
                            (rising edge-triggered cell FDCE clocked by clk_core_235_unbuf  {rise@0.000ns fall@2.128ns period=4.255ns})
  Destination:            gqav7_z19p_system_i/gqav7_accelerator_0/inst/u_accelerator/i_core/i_resident_operands/i_k_column_cache/gen_partition_ram[0].gen_resident_slice[1].column_mem_q_reg/ENARDEN
                            (rising edge-triggered cell RAMB36E2 clocked by clk_core_235_unbuf  {rise@0.000ns fall@2.128ns period=4.255ns})
  Path Group:             clk_core_235_unbuf
  Path Type:              Setup (Max at Slow Process Corner)
  Requirement:            4.255ns  (clk_core_235_unbuf rise@4.255ns - clk_core_235_unbuf rise@0.000ns)
  Data Path Delay:        3.683ns  (logic 0.938ns (25.465%)  route 2.745ns (74.535%))
  Logic Levels:           14  (LUT1=2 LUT2=1 LUT3=1 LUT4=3 LUT5=2 LUT6=4 MUXF7=1)
  Clock Path Skew:        -0.091ns (DCD - SCD + CPR)
    Destination Clock Delay (DCD):    1.932ns = ( 6.188 - 4.255 ) 
    Source Clock Delay      (SCD):    2.034ns
    Clock Pessimism Removal (CPR):    0.011ns
  Clock Uncertainty:      0.061ns  ((TSJ^2 + DJ^2)^1/2) / 2 + PE
    Total System Jitter     (TSJ):    0.071ns
    Discrete Jitter          (DJ):    0.099ns
    Phase Error              (PE):    0.000ns

    Location             Delay type                Incr(ns)  Path(ns)    Netlist Resource(s)
  -------------------------------------------------------------------    -------------------
                         (clock clk_core_235_unbuf rise edge)
                                                      0.000     0.000 r  
                         clock source latency        -1.206    -1.206    
                         propagated clock network latency
                                                      3.240     2.034    
    SLICE_X55Y213        FDCE                         0.000     2.034 r  gqav7_z19p_system_i/gqav7_accelerator_0/inst/u_accelerator/i_core/i_pipeline/i_downstream/i_pair_rescale/half0_valid_q_reg[1][1]/C
    SLICE_X55Y213        FDCE (Prop_AFF_SLICEL_C_Q)
                                                      0.079     2.113 r  gqav7_z19p_system_i/gqav7_accelerator_0/inst/u_accelerator/i_core/i_pipeline/i_downstream/i_pair_rescale/half0_valid_q_reg[1][1]/Q
                         net (fo=2, routed)           0.192     2.305    gqav7_z19p_system_i/gqav7_accelerator_0/inst/u_accelerator/i_core/i_pipeline/i_downstream/i_pair_rescale/gen_rescale_lane[4].i_rescale/s0_valid_q_reg_i_7_0
    SLICE_X56Y213        LUT6 (Prop_D6LUT_SLICEL_I0_O)
                                                      0.099     2.404 r  gqav7_z19p_system_i/gqav7_accelerator_0/inst/u_accelerator/i_core/i_pipeline/i_downstream/i_pair_rescale/gen_rescale_lane[4].i_rescale/s0_valid_q_i_14/O
                         net (fo=1, routed)           0.009     2.413    gqav7_z19p_system_i/gqav7_accelerator_0/inst/u_accelerator/i_core/i_pipeline/i_downstream/i_pair_rescale/gen_rescale_lane[4].i_rescale/s0_valid_q_i_14_n_0
    SLICE_X56Y213        MUXF7 (Prop_F7MUX_CD_SLICEL_I0_O)
                                                      0.063     2.476 r  gqav7_z19p_system_i/gqav7_accelerator_0/inst/u_accelerator/i_core/i_pipeline/i_downstream/i_pair_rescale/gen_rescale_lane[4].i_rescale/s0_valid_q_reg_i_7/O
                         net (fo=1, routed)           0.182     2.658    gqav7_z19p_system_i/gqav7_accelerator_0/inst/u_accelerator/i_core/i_pipeline/i_downstream/i_pair_rescale/gen_rescale_lane[4].i_rescale/s0_valid_q_reg_i_7_n_0
    SLICE_X58Y211        LUT6 (Prop_A6LUT_SLICEL_I5_O)
                                                      0.098     2.756 r  gqav7_z19p_system_i/gqav7_accelerator_0/inst/u_accelerator/i_core/i_pipeline/i_downstream/i_pair_rescale/gen_rescale_lane[4].i_rescale/s0_valid_q_i_3/O
                         net (fo=4, routed)           0.102     2.858    gqav7_z19p_system_i/gqav7_accelerator_0/inst/u_accelerator/i_core/i_pipeline/i_downstream/i_pair_rescale/gen_rescale_lane[4].i_rescale_n_51
    SLICE_X60Y211        LUT4 (Prop_C6LUT_SLICEL_I1_O)
                                                      0.035     2.893 r  gqav7_z19p_system_i/gqav7_accelerator_0/inst/u_accelerator/i_core/i_pipeline/i_downstream/i_pair_rescale/gen_difference_advance[0].i_difference_advance_i_2/O
                         net (fo=14, routed)          0.590     3.483    gqav7_z19p_system_i/gqav7_accelerator_0/inst/u_accelerator/i_core/i_pipeline/i_downstream/i_softmax/softmax_out_ready
    SLICE_X82Y185        LUT4 (Prop_F6LUT_SLICEL_I1_O)
                                                      0.123     3.606 r  gqav7_z19p_system_i/gqav7_accelerator_0/inst/u_accelerator/i_core/i_pipeline/i_downstream/i_softmax/gen_scale[0].i_scale_advance_i_1_replica/O
                         net (fo=1, routed)           0.040     3.646    gqav7_z19p_system_i/gqav7_accelerator_0/inst/u_accelerator/i_core/i_pipeline/i_downstream/i_softmax/E[0]_repN
    SLICE_X82Y185        LUT3 (Prop_E6LUT_SLICEL_I0_O)
                                                      0.090     3.736 r  gqav7_z19p_system_i/gqav7_accelerator_0/inst/u_accelerator/i_core/i_pipeline/i_downstream/i_softmax/result_row_q[3]_i_3_rewire/O
                         net (fo=2, routed)           0.083     3.819    gqav7_z19p_system_i/gqav7_accelerator_0/inst/u_accelerator/i_core/i_pipeline/i_qk/i_qk/i_qk/i_scheduler/score_row_ready
    SLICE_X82Y186        LUT6 (Prop_C6LUT_SLICEL_I0_O)
                                                      0.035     3.854 r  gqav7_z19p_system_i/gqav7_accelerator_0/inst/u_accelerator/i_core/i_pipeline/i_qk/i_qk/i_qk/i_scheduler/result_bank_ready_q[1]_i_2/O
                         net (fo=10, routed)          0.061     3.915    gqav7_z19p_system_i/gqav7_accelerator_0/inst/u_accelerator/i_core/i_pipeline/i_qk/i_qk/i_qk/i_scheduler/result_bank_q
    SLICE_X82Y186        LUT6 (Prop_B6LUT_SLICEL_I3_O)
                                                      0.090     4.005 r  gqav7_z19p_system_i/gqav7_accelerator_0/inst/u_accelerator/i_core/i_pipeline/i_qk/i_qk/i_qk/i_scheduler/state_slot_q[1][1]_i_3_replica/O
                         net (fo=2, routed)           0.242     4.247    gqav7_z19p_system_i/gqav7_accelerator_0/inst/u_accelerator/i_core/i_pipeline/i_qk/i_direct_column_adapter/result_bank_ready_q_reg[1]_repN_alias
    SLICE_X81Y171        LUT2 (Prop_E6LUT_SLICEL_I1_O)
                                                      0.035     4.282 r  gqav7_z19p_system_i/gqav7_accelerator_0/inst/u_accelerator/i_core/i_pipeline/i_qk/i_direct_column_adapter/i___0_i_4_rewire_rewire_replica/O
                         net (fo=1, routed)           0.089     4.371    gqav7_z19p_system_i/gqav7_accelerator_0/inst/u_accelerator/i_core/i_pipeline/i_qk/i_qk/i_qk/i_scheduler/qk_step_index_q_reg[5]_repN_1_alias
    SLICE_X81Y171        LUT4 (Prop_A6LUT_SLICEL_I2_O)
                                                      0.035     4.406 r  gqav7_z19p_system_i/gqav7_accelerator_0/inst/u_accelerator/i_core/i_pipeline/i_qk/i_qk/i_qk/i_scheduler/qk_step_index_q[0]_i_2_rewire/O
                         net (fo=5, routed)           0.104     4.510    gqav7_z19p_system_i/gqav7_accelerator_0/inst/u_accelerator/i_core/i_pipeline/i_qk/i_direct_column_adapter/qk_step_ready
    SLICE_X81Y169        LUT5 (Prop_C6LUT_SLICEL_I1_O)
                                                      0.035     4.545 f  gqav7_z19p_system_i/gqav7_accelerator_0/inst/u_accelerator/i_core/i_pipeline/i_qk/i_direct_column_adapter/gen_head_bank[0].i_replay_read_issue_buffer_i_2/O
                         net (fo=9, routed)           0.100     4.645    gqav7_z19p_system_i/gqav7_accelerator_0/inst/u_accelerator/i_core/i_resident_operands/i_k_column_cache/local_error_q_i_2__4_0
    SLICE_X80Y168        LUT5 (Prop_G6LUT_SLICEL_I0_O)
                                                      0.035     4.680 r  gqav7_z19p_system_i/gqav7_accelerator_0/inst/u_accelerator/i_core/i_resident_operands/i_k_column_cache/gen_partition_ram[0].i_replay_read_issue_partition_buffer_i_1_rewire/O
                         net (fo=16, routed)          0.225     4.906    gqav7_z19p_system_i/gqav7_accelerator_0/inst/u_accelerator/i_core/i_resident_operands/i_k_column_cache/gen_partition_ram[0].i_replay_read_issue_partition_buffer/in_i
    SLICE_X79Y162        LUT1 (Prop_F6LUT_SLICEM_I0_O)
                                                      0.037     4.943 r  gqav7_z19p_system_i/gqav7_accelerator_0/inst/u_accelerator/i_core/i_resident_operands/i_k_column_cache/gen_partition_ram[0].i_replay_read_issue_partition_buffer/i_local_lut/O
                         net (fo=4, routed)           0.097     5.040    gqav7_z19p_system_i/gqav7_accelerator_0/inst/u_accelerator/i_core/i_resident_operands/i_k_column_cache/gen_partition_ram[0].gen_resident_slice[1].i_replay_read_issue_slice_buffer/in_i
    SLICE_X78Y162        LUT1 (Prop_F6LUT_SLICEL_I0_O)
                                                      0.049     5.089 r  gqav7_z19p_system_i/gqav7_accelerator_0/inst/u_accelerator/i_core/i_resident_operands/i_k_column_cache/gen_partition_ram[0].gen_resident_slice[1].i_replay_read_issue_slice_buffer/i_local_lut/O
                         net (fo=1, routed)           0.629     5.718    gqav7_z19p_system_i/gqav7_accelerator_0/inst/u_accelerator/i_core/i_resident_operands/i_k_column_cache/replay_read_issue_slice_local[0][1]_490
    RAMB36_X5Y24         RAMB36E2                                     r  gqav7_z19p_system_i/gqav7_accelerator_0/inst/u_accelerator/i_core/i_resident_operands/i_k_column_cache/gen_partition_ram[0].gen_resident_slice[1].column_mem_q_reg/ENARDEN
  -------------------------------------------------------------------    -------------------

                         (clock clk_core_235_unbuf rise edge)
                                                      4.255     4.255 r  
                         clock source latency        -1.044     3.211    
                         propagated clock network latency
                                                      2.976     6.188    
                         clock pessimism              0.011     6.199    
                         clock uncertainty           -0.061     6.138    
    RAMB36_X5Y24         RAMB36E2 (Setup_RAMB36E2_RAMB36_CLKARDCLK_ENARDEN)
                                                     -0.342     5.796    gqav7_z19p_system_i/gqav7_accelerator_0/inst/u_accelerator/i_core/i_resident_operands/i_k_column_cache/gen_partition_ram[0].gen_resident_slice[1].column_mem_q_reg
  -------------------------------------------------------------------
                         required time                          5.796    
                         arrival time                          -5.718    
  -------------------------------------------------------------------
                         slack                                  0.079    

Slack (MET) :             0.079ns  (required time - arrival time)
  Source:                 gqav7_z19p_system_i/data_smartconnect/inst/s00_entry_pipeline/s00_si_converter/inst/areset_reg/C
                            (rising edge-triggered cell FDRE clocked by clk_dma_300_unbuf  {rise@0.000ns fall@1.667ns period=3.333ns})
  Destination:            gqav7_z19p_system_i/data_smartconnect/inst/s00_entry_pipeline/s00_si_converter/inst/converter.low_area_converter.low_area_wrap_inst/aw_user_reg[cascade][last_offset][0]/R
                            (rising edge-triggered cell FDRE clocked by clk_dma_300_unbuf  {rise@0.000ns fall@1.667ns period=3.333ns})
  Path Group:             clk_dma_300_unbuf
  Path Type:              Setup (Max at Slow Process Corner)
  Requirement:            3.333ns  (clk_dma_300_unbuf rise@3.333ns - clk_dma_300_unbuf rise@0.000ns)
  Data Path Delay:        2.959ns  (logic 0.080ns (2.704%)  route 2.879ns (97.296%))
  Logic Levels:           0  
  Clock Path Skew:        -0.166ns (DCD - SCD + CPR)
    Destination Clock Delay (DCD):    1.837ns = ( 5.171 - 3.333 ) 
    Source Clock Delay      (SCD):    2.016ns
    Clock Pessimism Removal (CPR):    0.013ns
  Clock Uncertainty:      0.055ns  ((TSJ^2 + DJ^2)^1/2) / 2 + PE
    Total System Jitter     (TSJ):    0.071ns
    Discrete Jitter          (DJ):    0.085ns
    Phase Error              (PE):    0.000ns

    Location             Delay type                Incr(ns)  Path(ns)    Netlist Resource(s)
  -------------------------------------------------------------------    -------------------
                         (clock clk_dma_300_unbuf rise edge)
                                                      0.000     0.000 r  
                         clock source latency        -1.165    -1.165    
                         propagated clock network latency
                                                      3.181     2.016    
    SLICE_X33Y129        FDRE                         0.000     2.016 r  gqav7_z19p_system_i/data_smartconnect/inst/s00_entry_pipeline/s00_si_converter/inst/areset_reg/C
    SLICE_X33Y129        FDRE (Prop_HFF2_SLICEL_C_Q)
                                                      0.080     2.096 r  gqav7_z19p_system_i/data_smartconnect/inst/s00_entry_pipeline/s00_si_converter/inst/areset_reg/Q
                         net (fo=381, routed)         2.879     4.975    gqav7_z19p_system_i/data_smartconnect/inst/s00_entry_pipeline/s00_si_converter/inst/converter.low_area_converter.low_area_wrap_inst/areset
    SLICE_X22Y302        FDRE                                         r  gqav7_z19p_system_i/data_smartconnect/inst/s00_entry_pipeline/s00_si_converter/inst/converter.low_area_converter.low_area_wrap_inst/aw_user_reg[cascade][last_offset][0]/R
  -------------------------------------------------------------------    -------------------

                         (clock clk_dma_300_unbuf rise edge)
                                                      3.333     3.333 r  
                         clock source latency        -1.007     2.326    
                         propagated clock network latency
                                                      2.844     5.171    
                         clock pessimism              0.013     5.184    
                         clock uncertainty           -0.055     5.129    
    SLICE_X22Y302        FDRE (Setup_DFF2_SLICEL_C_R)
                                                     -0.074     5.055    gqav7_z19p_system_i/data_smartconnect/inst/s00_entry_pipeline/s00_si_converter/inst/converter.low_area_converter.low_area_wrap_inst/aw_user_reg[cascade][last_offset][0]
  -------------------------------------------------------------------
                         required time                          5.055    
                         arrival time                          -4.975    
  -------------------------------------------------------------------
                         slack                                  0.079    

Slack (MET) :             0.079ns  (required time - arrival time)
  Source:                 gqav7_z19p_system_i/data_smartconnect/inst/s00_entry_pipeline/s00_si_converter/inst/areset_reg/C
                            (rising edge-triggered cell FDRE clocked by clk_dma_300_unbuf  {rise@0.000ns fall@1.667ns period=3.333ns})
  Destination:            gqav7_z19p_system_i/data_smartconnect/inst/s00_entry_pipeline/s00_si_converter/inst/converter.low_area_converter.low_area_wrap_inst/next_awaddr_i_reg[10]/R
                            (rising edge-triggered cell FDRE clocked by clk_dma_300_unbuf  {rise@0.000ns fall@1.667ns period=3.333ns})
  Path Group:             clk_dma_300_unbuf
  Path Type:              Setup (Max at Slow Process Corner)
  Requirement:            3.333ns  (clk_dma_300_unbuf rise@3.333ns - clk_dma_300_unbuf rise@0.000ns)
  Data Path Delay:        2.959ns  (logic 0.080ns (2.704%)  route 2.879ns (97.296%))
  Logic Levels:           0  
  Clock Path Skew:        -0.166ns (DCD - SCD + CPR)
    Destination Clock Delay (DCD):    1.837ns = ( 5.171 - 3.333 ) 
    Source Clock Delay      (SCD):    2.016ns
    Clock Pessimism Removal (CPR):    0.013ns
  Clock Uncertainty:      0.055ns  ((TSJ^2 + DJ^2)^1/2) / 2 + PE
    Total System Jitter     (TSJ):    0.071ns
    Discrete Jitter          (DJ):    0.085ns
    Phase Error              (PE):    0.000ns

    Location             Delay type                Incr(ns)  Path(ns)    Netlist Resource(s)
  -------------------------------------------------------------------    -------------------
                         (clock clk_dma_300_unbuf rise edge)
                                                      0.000     0.000 r  
                         clock source latency        -1.165    -1.165    
                         propagated clock network latency
                                                      3.181     2.016    
    SLICE_X33Y129        FDRE                         0.000     2.016 r  gqav7_z19p_system_i/data_smartconnect/inst/s00_entry_pipeline/s00_si_converter/inst/areset_reg/C
    SLICE_X33Y129        FDRE (Prop_HFF2_SLICEL_C_Q)
                                                      0.080     2.096 r  gqav7_z19p_system_i/data_smartconnect/inst/s00_entry_pipeline/s00_si_converter/inst/areset_reg/Q
                         net (fo=381, routed)         2.879     4.975    gqav7_z19p_system_i/data_smartconnect/inst/s00_entry_pipeline/s00_si_converter/inst/converter.low_area_converter.low_area_wrap_inst/areset
    SLICE_X22Y302        FDRE                                         r  gqav7_z19p_system_i/data_smartconnect/inst/s00_entry_pipeline/s00_si_converter/inst/converter.low_area_converter.low_area_wrap_inst/next_awaddr_i_reg[10]/R
  -------------------------------------------------------------------    -------------------

                         (clock clk_dma_300_unbuf rise edge)
                                                      3.333     3.333 r  
                         clock source latency        -1.007     2.326    
                         propagated clock network latency
                                                      2.844     5.171    
                         clock pessimism              0.013     5.184    
                         clock uncertainty           -0.055     5.129    
    SLICE_X22Y302        FDRE (Setup_CFF_SLICEL_C_R)
                                                     -0.074     5.055    gqav7_z19p_system_i/data_smartconnect/inst/s00_entry_pipeline/s00_si_converter/inst/converter.low_area_converter.low_area_wrap_inst/next_awaddr_i_reg[10]
  -------------------------------------------------------------------
                         required time                          5.055    
                         arrival time                          -4.975    
  -------------------------------------------------------------------
                         slack                                  0.079    




